  EnemyBullet.cpp
D:\k023g0121\TopDown-Shooting\Application\Application\src\Game\Bullet\EnemyBullet\EnemyBullet.cpp(1,1): warning C4819: ファイルは、現在のコード ページ (932) で表示できない文字を含んでいます。データの損失を防ぐために、ファイルを Unicode 形式で保存してください。
D:\k023g0121\TopDown-Shooting\Application\Application\src\Game\Bullet\EnemyBullet\EnemyBullet.h(1,1): warning C4819: ファイルは、現在のコード ページ (932) で表示できない文字を含んでいます。データの損失を防ぐために、ファイルを Unicode 形式で保存してください。
  (ソース ファイル 'src/Game/Bullet/EnemyBullet/EnemyBullet.cpp' をコンパイルしています)
  
D:\k023g0121\TopDown-Shooting\Engine-Develop\project\Engine\3D\Object3D.h(1,1): warning C4819: ファイルは、現在のコード ページ (932) で表示できない文字を含んでいます。データの損失を防ぐために、ファイルを Unicode 形式で保存してください。
  (ソース ファイル 'src/Game/Bullet/EnemyBullet/EnemyBullet.cpp' をコンパイルしています)
  
D:\k023g0121\TopDown-Shooting\Engine-Develop\project\Engine\Math\MyMath.h(1,1): warning C4819: ファイルは、現在のコード ページ (932) で表示できない文字を含んでいます。データの損失を防ぐために、ファイルを Unicode 形式で保存してください。
  (ソース ファイル 'src/Game/Bullet/EnemyBullet/EnemyBullet.cpp' をコンパイルしています)
  
D:\k023g0121\TopDown-Shooting\Engine-Develop\project\Engine\Math\Float3.h(1,1): warning C4819: ファイルは、現在のコード ページ (932) で表示できない文字を含んでいます。データの損失を防ぐために、ファイルを Unicode 形式で保存してください。
  (ソース ファイル 'src/Game/Bullet/EnemyBullet/EnemyBullet.cpp' をコンパイルしています)
  
D:\k023g0121\TopDown-Shooting\Engine-Develop\project\Engine\Math\Matrix.h(1,1): warning C4819: ファイルは、現在のコード ページ (932) で表示できない文字を含んでいます。データの損失を防ぐために、ファイルを Unicode 形式で保存してください。
  (ソース ファイル 'src/Game/Bullet/EnemyBullet/EnemyBullet.cpp' をコンパイルしています)
  
D:\k023g0121\TopDown-Shooting\Engine-Develop\project\Engine\Math\Quaternion.h(1,1): warning C4819: ファイルは、現在のコード ページ (932) で表示できない文字を含んでいます。データの損失を防ぐために、ファイルを Unicode 形式で保存してください。
  (ソース ファイル 'src/Game/Bullet/EnemyBullet/EnemyBullet.cpp' をコンパイルしています)
  
D:\k023g0121\TopDown-Shooting\Engine-Develop\project\Engine\Model\ModelManager.h(1,1): warning C4819: ファイルは、現在のコード ページ (932) で表示できない文字を含んでいます。データの損失を防ぐために、ファイルを Unicode 形式で保存してください。
  (ソース ファイル 'src/Game/Bullet/EnemyBullet/EnemyBullet.cpp' をコンパイルしています)
  
D:\k023g0121\TopDown-Shooting\Engine-Develop\project\Engine\Texture\TextureManager.h(1,1): warning C4819: ファイルは、現在のコード ページ (932) で表示できない文字を含んでいます。データの損失を防ぐために、ファイルを Unicode 形式で保存してください。
  (ソース ファイル 'src/Game/Bullet/EnemyBullet/EnemyBullet.cpp' をコンパイルしています)
  
D:\k023g0121\TopDown-Shooting\Engine-Develop\project\Engine\Debugger\Logger.h(1,1): warning C4819: ファイルは、現在のコード ページ (932) で表示できない文字を含んでいます。データの損失を防ぐために、ファイルを Unicode 形式で保存してください。
  (ソース ファイル 'src/Game/Bullet/EnemyBullet/EnemyBullet.cpp' をコンパイルしています)
  
D:\k023g0121\TopDown-Shooting\Engine-Develop\project\Engine\Texture\SRVManager.h(1,1): warning C4819: ファイルは、現在のコード ページ (932) で表示できない文字を含んでいます。データの損失を防ぐために、ファイルを Unicode 形式で保存してください。
  (ソース ファイル 'src/Game/Bullet/EnemyBullet/EnemyBullet.cpp' をコンパイルしています)
  
D:\k023g0121\TopDown-Shooting\Engine-Develop\project\Engine\DirectX\DirectXBase.h(1,1): warning C4819: ファイルは、現在のコード ページ (932) で表示できない文字を含んでいます。データの損失を防ぐために、ファイルを Unicode 形式で保存してください。
  (ソース ファイル 'src/Game/Bullet/EnemyBullet/EnemyBullet.cpp' をコンパイルしています)
  
D:\k023g0121\TopDown-Shooting\Engine-Develop\project\Engine\Window\MyWindow.h(1,1): warning C4819: ファイルは、現在のコード ページ (932) で表示できない文字を含んでいます。データの損失を防ぐために、ファイルを Unicode 形式で保存してください。
  (ソース ファイル 'src/Game/Bullet/EnemyBullet/EnemyBullet.cpp' をコンパイルしています)
  
D:\k023g0121\TopDown-Shooting\Engine-Develop\project\Engine\DirectX\ShaderManager.h(1,1): warning C4819: ファイルは、現在のコード ページ (932) で表示できない文字を含んでいます。データの損失を防ぐために、ファイルを Unicode 形式で保存してください。
  (ソース ファイル 'src/Game/Bullet/EnemyBullet/EnemyBullet.cpp' をコンパイルしています)
  
D:\k023g0121\TopDown-Shooting\Engine-Develop\project\Engine\Util\FPSController.h(1,1): warning C4819: ファイルは、現在のコード ページ (932) で表示できない文字を含んでいます。データの損失を防ぐために、ファイルを Unicode 形式で保存してください。
  (ソース ファイル 'src/Game/Bullet/EnemyBullet/EnemyBullet.cpp' をコンパイルしています)
  
D:\k023g0121\TopDown-Shooting\Engine-Develop\project\Engine\DirectX\ConstBuffer.h(1,1): warning C4819: ファイルは、現在のコード ページ (932) で表示できない文字を含んでいます。データの損失を防ぐために、ファイルを Unicode 形式で保存してください。
  (ソース ファイル 'src/Game/Bullet/EnemyBullet/EnemyBullet.cpp' をコンパイルしています)
  
D:\k023g0121\TopDown-Shooting\Engine-Develop\project\Engine\DirectX\DirectXUtil.h(1,1): warning C4819: ファイルは、現在のコード ページ (932) で表示できない文字を含んでいます。データの損失を防ぐために、ファイルを Unicode 形式で保存してください。
  (ソース ファイル 'src/Game/Bullet/EnemyBullet/EnemyBullet.cpp' をコンパイルしています)
  
D:\k023g0121\TopDown-Shooting\Engine-Develop\project\Engine\Util\StructuredBuffer.h(1,1): warning C4819: ファイルは、現在のコード ページ (932) で表示できない文字を含んでいます。データの損失を防ぐために、ファイルを Unicode 形式で保存してください。
  (ソース ファイル 'src/Game/Bullet/EnemyBullet/EnemyBullet.cpp' をコンパイルしています)
  
D:\k023g0121\TopDown-Shooting\Engine-Develop\project\Engine\Collider\Collider.h(1,1): warning C4819: ファイルは、現在のコード ページ (932) で表示できない文字を含んでいます。データの損失を防ぐために、ファイルを Unicode 形式で保存してください。
  (ソース ファイル 'src/Game/Bullet/EnemyBullet/EnemyBullet.cpp' をコンパイルしています)
  
D:\k023g0121\TopDown-Shooting\Engine-Develop\project\Engine\Collider\CollisionManager.h(1,1): warning C4819: ファイルは、現在のコード ページ (932) で表示できない文字を含んでいます。データの損失を防ぐために、ファイルを Unicode 形式で保存してください。
  (ソース ファイル 'src/Game/Bullet/EnemyBullet/EnemyBullet.cpp' をコンパイルしています)
  
D:\k023g0121\TopDown-Shooting\Engine-Develop\project\Engine\ParticleEffect\ParticleEffectManager.h(1,1): warning C4819: ファイルは、現在のコード ページ (932) で表示できない文字を含んでいます。データの損失を防ぐために、ファイルを Unicode 形式で保存してください。
  (ソース ファイル 'src/Game/Bullet/EnemyBullet/EnemyBullet.cpp' をコンパイルしています)
  
D:\k023g0121\TopDown-Shooting\Engine-Develop\project\Engine\ParticleEffect\IParticleEffect.h(1,1): warning C4819: ファイルは、現在のコード ページ (932) で表示できない文字を含んでいます。データの損失を防ぐために、ファイルを Unicode 形式で保存してください。
  (ソース ファイル 'src/Game/Bullet/EnemyBullet/EnemyBullet.cpp' をコンパイルしています)
  
  CircleParticle_Expand.cpp
D:\k023g0121\TopDown-Shooting\Application\Application\src\Game\Particles\Circle\CircleParticle_Expand.cpp(1,1): warning C4819: ファイルは、現在のコード ページ (932) で表示できない文字を含んでいます。データの損失を防ぐために、ファイルを Unicode 形式で保存してください。
D:\k023g0121\TopDown-Shooting\Application\Application\src\Game\Particles\Circle\CircleParticle_Expand.h(1,1): warning C4819: ファイルは、現在のコード ページ (932) で表示できない文字を含んでいます。データの損失を防ぐために、ファイルを Unicode 形式で保存してください。
  (ソース ファイル 'src/Game/Particles/Circle/CircleParticle_Expand.cpp' をコンパイルしています)
  
D:\k023g0121\TopDown-Shooting\Engine-Develop\project\Engine\Math\MyMath.h(1,1): warning C4819: ファイルは、現在のコード ページ (932) で表示できない文字を含んでいます。データの損失を防ぐために、ファイルを Unicode 形式で保存してください。
  (ソース ファイル 'src/Game/Particles/Circle/CircleParticle_Expand.cpp' をコンパイルしています)
  
D:\k023g0121\TopDown-Shooting\Engine-Develop\project\Engine\Math\Float3.h(1,1): warning C4819: ファイルは、現在のコード ページ (932) で表示できない文字を含んでいます。データの損失を防ぐために、ファイルを Unicode 形式で保存してください。
  (ソース ファイル 'src/Game/Particles/Circle/CircleParticle_Expand.cpp' をコンパイルしています)
  
D:\k023g0121\TopDown-Shooting\Engine-Develop\project\Engine\Math\Matrix.h(1,1): warning C4819: ファイルは、現在のコード ページ (932) で表示できない文字を含んでいます。データの損失を防ぐために、ファイルを Unicode 形式で保存してください。
  (ソース ファイル 'src/Game/Particles/Circle/CircleParticle_Expand.cpp' をコンパイルしています)
  
D:\k023g0121\TopDown-Shooting\Engine-Develop\project\Engine\Math\Quaternion.h(1,1): warning C4819: ファイルは、現在のコード ページ (932) で表示できない文字を含んでいます。データの損失を防ぐために、ファイルを Unicode 形式で保存してください。
  (ソース ファイル 'src/Game/Particles/Circle/CircleParticle_Expand.cpp' をコンパイルしています)
  
D:\k023g0121\TopDown-Shooting\Engine-Develop\project\Engine\ParticleEffect\BaseParticleEffect.h(1,1): warning C4819: ファイルは、現在のコード ページ (932) で表示できない文字を含んでいます。データの損失を防ぐために、ファイルを Unicode 形式で保存してください。
  (ソース ファイル 'src/Game/Particles/Circle/CircleParticle_Expand.cpp' をコンパイルしています)
  
D:\k023g0121\TopDown-Shooting\Engine-Develop\project\Engine\3D\Camera.h(1,1): warning C4819: ファイルは、現在のコード ページ (932) で表示できない文字を含んでいます。データの損失を防ぐために、ファイルを Unicode 形式で保存してください。
  (ソース ファイル 'src/Game/Particles/Circle/CircleParticle_Expand.cpp' をコンパイルしています)
  
D:\k023g0121\TopDown-Shooting\Engine-Develop\project\Engine\DirectX\ConstBuffer.h(1,1): warning C4819: ファイルは、現在のコード ページ (932) で表示できない文字を含んでいます。データの損失を防ぐために、ファイルを Unicode 形式で保存してください。
  (ソース ファイル 'src/Game/Particles/Circle/CircleParticle_Expand.cpp' をコンパイルしています)
  
D:\k023g0121\TopDown-Shooting\Engine-Develop\project\Engine\DirectX\DirectXUtil.h(1,1): warning C4819: ファイルは、現在のコード ページ (932) で表示できない文字を含んでいます。データの損失を防ぐために、ファイルを Unicode 形式で保存してください。
  (ソース ファイル 'src/Game/Particles/Circle/CircleParticle_Expand.cpp' をコンパイルしています)
  
D:\k023g0121\TopDown-Shooting\Engine-Develop\project\Engine\Debugger\Logger.h(1,1): warning C4819: ファイルは、現在のコード ページ (932) で表示できない文字を含んでいます。データの損失を防ぐために、ファイルを Unicode 形式で保存してください。
  (ソース ファイル 'src/Game/Particles/Circle/CircleParticle_Expand.cpp' をコンパイルしています)
  
D:\k023g0121\TopDown-Shooting\Engine-Develop\project\Engine\DirectX\DirectXBase.h(1,1): warning C4819: ファイルは、現在のコード ページ (932) で表示できない文字を含んでいます。データの損失を防ぐために、ファイルを Unicode 形式で保存してください。
  (ソース ファイル 'src/Game/Particles/Circle/CircleParticle_Expand.cpp' をコンパイルしています)
  
D:\k023g0121\TopDown-Shooting\Engine-Develop\project\Engine\Window\MyWindow.h(1,1): warning C4819: ファイルは、現在のコード ページ (932) で表示できない文字を含んでいます。データの損失を防ぐために、ファイルを Unicode 形式で保存してください。
  (ソース ファイル 'src/Game/Particles/Circle/CircleParticle_Expand.cpp' をコンパイルしています)
  
D:\k023g0121\TopDown-Shooting\Engine-Develop\project\Engine\DirectX\ShaderManager.h(1,1): warning C4819: ファイルは、現在のコード ページ (932) で表示できない文字を含んでいます。データの損失を防ぐために、ファイルを Unicode 形式で保存してください。
  (ソース ファイル 'src/Game/Particles/Circle/CircleParticle_Expand.cpp' をコンパイルしています)
  
D:\k023g0121\TopDown-Shooting\Engine-Develop\project\Engine\Util\FPSController.h(1,1): warning C4819: ファイルは、現在のコード ページ (932) で表示できない文字を含んでいます。データの損失を防ぐために、ファイルを Unicode 形式で保存してください。
  (ソース ファイル 'src/Game/Particles/Circle/CircleParticle_Expand.cpp' をコンパイルしています)
  
D:\k023g0121\TopDown-Shooting\Engine-Develop\project\Engine\3D\Object3D.h(1,1): warning C4819: ファイルは、現在のコード ページ (932) で表示できない文字を含んでいます。データの損失を防ぐために、ファイルを Unicode 形式で保存してください。
  (ソース ファイル 'src/Game/Particles/Circle/CircleParticle_Expand.cpp' をコンパイルしています)
  
D:\k023g0121\TopDown-Shooting\Engine-Develop\project\Engine\Model\ModelManager.h(1,1): warning C4819: ファイルは、現在のコード ページ (932) で表示できない文字を含んでいます。データの損失を防ぐために、ファイルを Unicode 形式で保存してください。
  (ソース ファイル 'src/Game/Particles/Circle/CircleParticle_Expand.cpp' をコンパイルしています)
  
D:\k023g0121\TopDown-Shooting\Engine-Develop\project\Engine\Texture\TextureManager.h(1,1): warning C4819: ファイルは、現在のコード ページ (932) で表示できない文字を含んでいます。データの損失を防ぐために、ファイルを Unicode 形式で保存してください。
  (ソース ファイル 'src/Game/Particles/Circle/CircleParticle_Expand.cpp' をコンパイルしています)
  
D:\k023g0121\TopDown-Shooting\Engine-Develop\project\Engine\Texture\SRVManager.h(1,1): warning C4819: ファイルは、現在のコード ページ (932) で表示できない文字を含んでいます。データの損失を防ぐために、ファイルを Unicode 形式で保存してください。
  (ソース ファイル 'src/Game/Particles/Circle/CircleParticle_Expand.cpp' をコンパイルしています)
  
D:\k023g0121\TopDown-Shooting\Engine-Develop\project\Engine\Util\StructuredBuffer.h(1,1): warning C4819: ファイルは、現在のコード ページ (932) で表示できない文字を含んでいます。データの損失を防ぐために、ファイルを Unicode 形式で保存してください。
  (ソース ファイル 'src/Game/Particles/Circle/CircleParticle_Expand.cpp' をコンパイルしています)
  
D:\k023g0121\TopDown-Shooting\Engine-Develop\project\Engine\ParticleEffect\IParticleEffect.h(1,1): warning C4819: ファイルは、現在のコード ページ (932) で表示できない文字を含んでいます。データの損失を防ぐために、ファイルを Unicode 形式で保存してください。
  (ソース ファイル 'src/Game/Particles/Circle/CircleParticle_Expand.cpp' をコンパイルしています)
  
D:\k023g0121\TopDown-Shooting\Engine-Develop\project\Engine\Math\Easing.h(1,1): warning C4819: ファイルは、現在のコード ページ (932) で表示できない文字を含んでいます。データの損失を防ぐために、ファイルを Unicode 形式で保存してください。
  (ソース ファイル 'src/Game/Particles/Circle/CircleParticle_Expand.cpp' をコンパイルしています)
  
D:\k023g0121\TopDown-Shooting\Engine-Develop\project\Engine\Util\RandomGenerator.h(1,1): warning C4819: ファイルは、現在のコード ページ (932) で表示できない文字を含んでいます。データの損失を防ぐために、ファイルを Unicode 形式で保存してください。
  (ソース ファイル 'src/Game/Particles/Circle/CircleParticle_Expand.cpp' をコンパイルしています)
  
  SparkParticle_Star.cpp
D:\k023g0121\TopDown-Shooting\Application\Application\src\Game\Particles\Spark\SparkParticle_Star.cpp(1,1): warning C4819: ファイルは、現在のコード ページ (932) で表示できない文字を含んでいます。データの損失を防ぐために、ファイルを Unicode 形式で保存してください。
D:\k023g0121\TopDown-Shooting\Engine-Develop\project\Engine\Math\MyMath.h(1,1): warning C4819: ファイルは、現在のコード ページ (932) で表示できない文字を含んでいます。データの損失を防ぐために、ファイルを Unicode 形式で保存してください。
  (ソース ファイル 'src/Game/Particles/Spark/SparkParticle_Star.cpp' をコンパイルしています)
  
D:\k023g0121\TopDown-Shooting\Engine-Develop\project\Engine\Math\Float3.h(1,1): warning C4819: ファイルは、現在のコード ページ (932) で表示できない文字を含んでいます。データの損失を防ぐために、ファイルを Unicode 形式で保存してください。
  (ソース ファイル 'src/Game/Particles/Spark/SparkParticle_Star.cpp' をコンパイルしています)
  
D:\k023g0121\TopDown-Shooting\Engine-Develop\project\Engine\Math\Matrix.h(1,1): warning C4819: ファイルは、現在のコード ページ (932) で表示できない文字を含んでいます。データの損失を防ぐために、ファイルを Unicode 形式で保存してください。
  (ソース ファイル 'src/Game/Particles/Spark/SparkParticle_Star.cpp' をコンパイルしています)
  
D:\k023g0121\TopDown-Shooting\Engine-Develop\project\Engine\Math\Quaternion.h(1,1): warning C4819: ファイルは、現在のコード ページ (932) で表示できない文字を含んでいます。データの損失を防ぐために、ファイルを Unicode 形式で保存してください。
  (ソース ファイル 'src/Game/Particles/Spark/SparkParticle_Star.cpp' をコンパイルしています)
  
D:\k023g0121\TopDown-Shooting\Engine-Develop\project\Engine\ParticleEffect\BaseParticleEffect.h(1,1): warning C4819: ファイルは、現在のコード ページ (932) で表示できない文字を含んでいます。データの損失を防ぐために、ファイルを Unicode 形式で保存してください。
  (ソース ファイル 'src/Game/Particles/Spark/SparkParticle_Star.cpp' をコンパイルしています)
  
D:\k023g0121\TopDown-Shooting\Engine-Develop\project\Engine\3D\Camera.h(1,1): warning C4819: ファイルは、現在のコード ページ (932) で表示できない文字を含んでいます。データの損失を防ぐために、ファイルを Unicode 形式で保存してください。
  (ソース ファイル 'src/Game/Particles/Spark/SparkParticle_Star.cpp' をコンパイルしています)
  
D:\k023g0121\TopDown-Shooting\Engine-Develop\project\Engine\DirectX\ConstBuffer.h(1,1): warning C4819: ファイルは、現在のコード ページ (932) で表示できない文字を含んでいます。データの損失を防ぐために、ファイルを Unicode 形式で保存してください。
  (ソース ファイル 'src/Game/Particles/Spark/SparkParticle_Star.cpp' をコンパイルしています)
  
D:\k023g0121\TopDown-Shooting\Engine-Develop\project\Engine\DirectX\DirectXUtil.h(1,1): warning C4819: ファイルは、現在のコード ページ (932) で表示できない文字を含んでいます。データの損失を防ぐために、ファイルを Unicode 形式で保存してください。
  (ソース ファイル 'src/Game/Particles/Spark/SparkParticle_Star.cpp' をコンパイルしています)
  
D:\k023g0121\TopDown-Shooting\Engine-Develop\project\Engine\Debugger\Logger.h(1,1): warning C4819: ファイルは、現在のコード ページ (932) で表示できない文字を含んでいます。データの損失を防ぐために、ファイルを Unicode 形式で保存してください。
  (ソース ファイル 'src/Game/Particles/Spark/SparkParticle_Star.cpp' をコンパイルしています)
  
D:\k023g0121\TopDown-Shooting\Engine-Develop\project\Engine\DirectX\DirectXBase.h(1,1): warning C4819: ファイルは、現在のコード ページ (932) で表示できない文字を含んでいます。データの損失を防ぐために、ファイルを Unicode 形式で保存してください。
  (ソース ファイル 'src/Game/Particles/Spark/SparkParticle_Star.cpp' をコンパイルしています)
  
D:\k023g0121\TopDown-Shooting\Engine-Develop\project\Engine\Window\MyWindow.h(1,1): warning C4819: ファイルは、現在のコード ページ (932) で表示できない文字を含んでいます。データの損失を防ぐために、ファイルを Unicode 形式で保存してください。
  (ソース ファイル 'src/Game/Particles/Spark/SparkParticle_Star.cpp' をコンパイルしています)
  
D:\k023g0121\TopDown-Shooting\Engine-Develop\project\Engine\DirectX\ShaderManager.h(1,1): warning C4819: ファイルは、現在のコード ページ (932) で表示できない文字を含んでいます。データの損失を防ぐために、ファイルを Unicode 形式で保存してください。
  (ソース ファイル 'src/Game/Particles/Spark/SparkParticle_Star.cpp' をコンパイルしています)
  
D:\k023g0121\TopDown-Shooting\Engine-Develop\project\Engine\Util\FPSController.h(1,1): warning C4819: ファイルは、現在のコード ページ (932) で表示できない文字を含んでいます。データの損失を防ぐために、ファイルを Unicode 形式で保存してください。
  (ソース ファイル 'src/Game/Particles/Spark/SparkParticle_Star.cpp' をコンパイルしています)
  
D:\k023g0121\TopDown-Shooting\Engine-Develop\project\Engine\3D\Object3D.h(1,1): warning C4819: ファイルは、現在のコード ページ (932) で表示できない文字を含んでいます。データの損失を防ぐために、ファイルを Unicode 形式で保存してください。
  (ソース ファイル 'src/Game/Particles/Spark/SparkParticle_Star.cpp' をコンパイルしています)
  
D:\k023g0121\TopDown-Shooting\Engine-Develop\project\Engine\Model\ModelManager.h(1,1): warning C4819: ファイルは、現在のコード ページ (932) で表示できない文字を含んでいます。データの損失を防ぐために、ファイルを Unicode 形式で保存してください。
  (ソース ファイル 'src/Game/Particles/Spark/SparkParticle_Star.cpp' をコンパイルしています)
  
D:\k023g0121\TopDown-Shooting\Engine-Develop\project\Engine\Texture\TextureManager.h(1,1): warning C4819: ファイルは、現在のコード ページ (932) で表示できない文字を含んでいます。データの損失を防ぐために、ファイルを Unicode 形式で保存してください。
  (ソース ファイル 'src/Game/Particles/Spark/SparkParticle_Star.cpp' をコンパイルしています)
  
D:\k023g0121\TopDown-Shooting\Engine-Develop\project\Engine\Texture\SRVManager.h(1,1): warning C4819: ファイルは、現在のコード ページ (932) で表示できない文字を含んでいます。データの損失を防ぐために、ファイルを Unicode 形式で保存してください。
  (ソース ファイル 'src/Game/Particles/Spark/SparkParticle_Star.cpp' をコンパイルしています)
  
D:\k023g0121\TopDown-Shooting\Engine-Develop\project\Engine\Util\StructuredBuffer.h(1,1): warning C4819: ファイルは、現在のコード ページ (932) で表示できない文字を含んでいます。データの損失を防ぐために、ファイルを Unicode 形式で保存してください。
  (ソース ファイル 'src/Game/Particles/Spark/SparkParticle_Star.cpp' をコンパイルしています)
  
D:\k023g0121\TopDown-Shooting\Engine-Develop\project\Engine\ParticleEffect\IParticleEffect.h(1,1): warning C4819: ファイルは、現在のコード ページ (932) で表示できない文字を含んでいます。データの損失を防ぐために、ファイルを Unicode 形式で保存してください。
  (ソース ファイル 'src/Game/Particles/Spark/SparkParticle_Star.cpp' をコンパイルしています)
  
D:\k023g0121\TopDown-Shooting\Engine-Develop\project\Engine\Math\Easing.h(1,1): warning C4819: ファイルは、現在のコード ページ (932) で表示できない文字を含んでいます。データの損失を防ぐために、ファイルを Unicode 形式で保存してください。
  (ソース ファイル 'src/Game/Particles/Spark/SparkParticle_Star.cpp' をコンパイルしています)
  
D:\k023g0121\TopDown-Shooting\Engine-Develop\project\Engine\Util\RandomGenerator.h(1,1): warning C4819: ファイルは、現在のコード ページ (932) で表示できない文字を含んでいます。データの損失を防ぐために、ファイルを Unicode 形式で保存してください。
  (ソース ファイル 'src/Game/Particles/Spark/SparkParticle_Star.cpp' をコンパイルしています)
  
  CameraShake.cpp
D:\k023g0121\TopDown-Shooting\Engine-Develop\project\Engine\Math\MyMath.h(1,1): warning C4819: ファイルは、現在のコード ページ (932) で表示できない文字を含んでいます。データの損失を防ぐために、ファイルを Unicode 形式で保存してください。
  (ソース ファイル 'src/Game/Camera/CameraShake.cpp' をコンパイルしています)
  
D:\k023g0121\TopDown-Shooting\Engine-Develop\project\Engine\Math\Float3.h(1,1): warning C4819: ファイルは、現在のコード ページ (932) で表示できない文字を含んでいます。データの損失を防ぐために、ファイルを Unicode 形式で保存してください。
  (ソース ファイル 'src/Game/Camera/CameraShake.cpp' をコンパイルしています)
  
D:\k023g0121\TopDown-Shooting\Engine-Develop\project\Engine\Math\Matrix.h(1,1): warning C4819: ファイルは、現在のコード ページ (932) で表示できない文字を含んでいます。データの損失を防ぐために、ファイルを Unicode 形式で保存してください。
  (ソース ファイル 'src/Game/Camera/CameraShake.cpp' をコンパイルしています)
  
D:\k023g0121\TopDown-Shooting\Engine-Develop\project\Engine\Math\Quaternion.h(1,1): warning C4819: ファイルは、現在のコード ページ (932) で表示できない文字を含んでいます。データの損失を防ぐために、ファイルを Unicode 形式で保存してください。
  (ソース ファイル 'src/Game/Camera/CameraShake.cpp' をコンパイルしています)
  
  SparkParticle_Shrink.cpp
D:\k023g0121\TopDown-Shooting\Engine-Develop\project\Engine\Math\MyMath.h(1,1): warning C4819: ファイルは、現在のコード ページ (932) で表示できない文字を含んでいます。データの損失を防ぐために、ファイルを Unicode 形式で保存してください。
  (ソース ファイル 'src/Game/Particles/Spark/SparkParticle_Shrink.cpp' をコンパイルしています)
  
D:\k023g0121\TopDown-Shooting\Engine-Develop\project\Engine\Math\Float3.h(1,1): warning C4819: ファイルは、現在のコード ページ (932) で表示できない文字を含んでいます。データの損失を防ぐために、ファイルを Unicode 形式で保存してください。
  (ソース ファイル 'src/Game/Particles/Spark/SparkParticle_Shrink.cpp' をコンパイルしています)
  
D:\k023g0121\TopDown-Shooting\Engine-Develop\project\Engine\Math\Matrix.h(1,1): warning C4819: ファイルは、現在のコード ページ (932) で表示できない文字を含んでいます。データの損失を防ぐために、ファイルを Unicode 形式で保存してください。
  (ソース ファイル 'src/Game/Particles/Spark/SparkParticle_Shrink.cpp' をコンパイルしています)
  
D:\k023g0121\TopDown-Shooting\Engine-Develop\project\Engine\Math\Quaternion.h(1,1): warning C4819: ファイルは、現在のコード ページ (932) で表示できない文字を含んでいます。データの損失を防ぐために、ファイルを Unicode 形式で保存してください。
  (ソース ファイル 'src/Game/Particles/Spark/SparkParticle_Shrink.cpp' をコンパイルしています)
  
D:\k023g0121\TopDown-Shooting\Engine-Develop\project\Engine\ParticleEffect\BaseParticleEffect.h(1,1): warning C4819: ファイルは、現在のコード ページ (932) で表示できない文字を含んでいます。データの損失を防ぐために、ファイルを Unicode 形式で保存してください。
  (ソース ファイル 'src/Game/Particles/Spark/SparkParticle_Shrink.cpp' をコンパイルしています)
  
D:\k023g0121\TopDown-Shooting\Engine-Develop\project\Engine\3D\Camera.h(1,1): warning C4819: ファイルは、現在のコード ページ (932) で表示できない文字を含んでいます。データの損失を防ぐために、ファイルを Unicode 形式で保存してください。
  (ソース ファイル 'src/Game/Particles/Spark/SparkParticle_Shrink.cpp' をコンパイルしています)
  
D:\k023g0121\TopDown-Shooting\Engine-Develop\project\Engine\DirectX\ConstBuffer.h(1,1): warning C4819: ファイルは、現在のコード ページ (932) で表示できない文字を含んでいます。データの損失を防ぐために、ファイルを Unicode 形式で保存してください。
  (ソース ファイル 'src/Game/Particles/Spark/SparkParticle_Shrink.cpp' をコンパイルしています)
  
D:\k023g0121\TopDown-Shooting\Engine-Develop\project\Engine\DirectX\DirectXUtil.h(1,1): warning C4819: ファイルは、現在のコード ページ (932) で表示できない文字を含んでいます。データの損失を防ぐために、ファイルを Unicode 形式で保存してください。
  (ソース ファイル 'src/Game/Particles/Spark/SparkParticle_Shrink.cpp' をコンパイルしています)
  
D:\k023g0121\TopDown-Shooting\Engine-Develop\project\Engine\Debugger\Logger.h(1,1): warning C4819: ファイルは、現在のコード ページ (932) で表示できない文字を含んでいます。データの損失を防ぐために、ファイルを Unicode 形式で保存してください。
  (ソース ファイル 'src/Game/Particles/Spark/SparkParticle_Shrink.cpp' をコンパイルしています)
  
D:\k023g0121\TopDown-Shooting\Engine-Develop\project\Engine\DirectX\DirectXBase.h(1,1): warning C4819: ファイルは、現在のコード ページ (932) で表示できない文字を含んでいます。データの損失を防ぐために、ファイルを Unicode 形式で保存してください。
  (ソース ファイル 'src/Game/Particles/Spark/SparkParticle_Shrink.cpp' をコンパイルしています)
  
D:\k023g0121\TopDown-Shooting\Engine-Develop\project\Engine\Window\MyWindow.h(1,1): warning C4819: ファイルは、現在のコード ページ (932) で表示できない文字を含んでいます。データの損失を防ぐために、ファイルを Unicode 形式で保存してください。
  (ソース ファイル 'src/Game/Particles/Spark/SparkParticle_Shrink.cpp' をコンパイルしています)
  
D:\k023g0121\TopDown-Shooting\Engine-Develop\project\Engine\DirectX\ShaderManager.h(1,1): warning C4819: ファイルは、現在のコード ページ (932) で表示できない文字を含んでいます。データの損失を防ぐために、ファイルを Unicode 形式で保存してください。
  (ソース ファイル 'src/Game/Particles/Spark/SparkParticle_Shrink.cpp' をコンパイルしています)
  
D:\k023g0121\TopDown-Shooting\Engine-Develop\project\Engine\Util\FPSController.h(1,1): warning C4819: ファイルは、現在のコード ページ (932) で表示できない文字を含んでいます。データの損失を防ぐために、ファイルを Unicode 形式で保存してください。
  (ソース ファイル 'src/Game/Particles/Spark/SparkParticle_Shrink.cpp' をコンパイルしています)
  
D:\k023g0121\TopDown-Shooting\Engine-Develop\project\Engine\3D\Object3D.h(1,1): warning C4819: ファイルは、現在のコード ページ (932) で表示できない文字を含んでいます。データの損失を防ぐために、ファイルを Unicode 形式で保存してください。
  (ソース ファイル 'src/Game/Particles/Spark/SparkParticle_Shrink.cpp' をコンパイルしています)
  
D:\k023g0121\TopDown-Shooting\Engine-Develop\project\Engine\Model\ModelManager.h(1,1): warning C4819: ファイルは、現在のコード ページ (932) で表示できない文字を含んでいます。データの損失を防ぐために、ファイルを Unicode 形式で保存してください。
  (ソース ファイル 'src/Game/Particles/Spark/SparkParticle_Shrink.cpp' をコンパイルしています)
  
D:\k023g0121\TopDown-Shooting\Engine-Develop\project\Engine\Texture\TextureManager.h(1,1): warning C4819: ファイルは、現在のコード ページ (932) で表示できない文字を含んでいます。データの損失を防ぐために、ファイルを Unicode 形式で保存してください。
  (ソース ファイル 'src/Game/Particles/Spark/SparkParticle_Shrink.cpp' をコンパイルしています)
  
D:\k023g0121\TopDown-Shooting\Engine-Develop\project\Engine\Texture\SRVManager.h(1,1): warning C4819: ファイルは、現在のコード ページ (932) で表示できない文字を含んでいます。データの損失を防ぐために、ファイルを Unicode 形式で保存してください。
  (ソース ファイル 'src/Game/Particles/Spark/SparkParticle_Shrink.cpp' をコンパイルしています)
  
D:\k023g0121\TopDown-Shooting\Engine-Develop\project\Engine\Util\StructuredBuffer.h(1,1): warning C4819: ファイルは、現在のコード ページ (932) で表示できない文字を含んでいます。データの損失を防ぐために、ファイルを Unicode 形式で保存してください。
  (ソース ファイル 'src/Game/Particles/Spark/SparkParticle_Shrink.cpp' をコンパイルしています)
  
D:\k023g0121\TopDown-Shooting\Engine-Develop\project\Engine\ParticleEffect\IParticleEffect.h(1,1): warning C4819: ファイルは、現在のコード ページ (932) で表示できない文字を含んでいます。データの損失を防ぐために、ファイルを Unicode 形式で保存してください。
  (ソース ファイル 'src/Game/Particles/Spark/SparkParticle_Shrink.cpp' をコンパイルしています)
  
D:\k023g0121\TopDown-Shooting\Engine-Develop\project\Engine\Math\Easing.h(1,1): warning C4819: ファイルは、現在のコード ページ (932) で表示できない文字を含んでいます。データの損失を防ぐために、ファイルを Unicode 形式で保存してください。
  (ソース ファイル 'src/Game/Particles/Spark/SparkParticle_Shrink.cpp' をコンパイルしています)
  
D:\k023g0121\TopDown-Shooting\Engine-Develop\project\Engine\Util\RandomGenerator.h(1,1): warning C4819: ファイルは、現在のコード ページ (932) で表示できない文字を含んでいます。データの損失を防ぐために、ファイルを Unicode 形式で保存してください。
  (ソース ファイル 'src/Game/Particles/Spark/SparkParticle_Shrink.cpp' をコンパイルしています)
  
  RemainingBullets.cpp
D:\k023g0121\TopDown-Shooting\Engine-Develop\project\engine\2D\SpriteCommon.h(1,1): warning C4819: ファイルは、現在のコード ページ (932) で表示できない文字を含んでいます。データの損失を防ぐために、ファイルを Unicode 形式で保存してください。
  (ソース ファイル 'src/Game/Player/UI/RemainingBullets/RemainingBullets.cpp' をコンパイルしています)
  
D:\k023g0121\TopDown-Shooting\Engine-Develop\project\Engine\DirectX\DirectXBase.h(1,1): warning C4819: ファイルは、現在のコード ページ (932) で表示できない文字を含んでいます。データの損失を防ぐために、ファイルを Unicode 形式で保存してください。
  (ソース ファイル 'src/Game/Player/UI/RemainingBullets/RemainingBullets.cpp' をコンパイルしています)
  
D:\k023g0121\TopDown-Shooting\Engine-Develop\project\Engine\Window\MyWindow.h(1,1): warning C4819: ファイルは、現在のコード ページ (932) で表示できない文字を含んでいます。データの損失を防ぐために、ファイルを Unicode 形式で保存してください。
  (ソース ファイル 'src/Game/Player/UI/RemainingBullets/RemainingBullets.cpp' をコンパイルしています)
  
D:\k023g0121\TopDown-Shooting\Engine-Develop\project\Engine\DirectX\ShaderManager.h(1,1): warning C4819: ファイルは、現在のコード ページ (932) で表示できない文字を含んでいます。データの損失を防ぐために、ファイルを Unicode 形式で保存してください。
  (ソース ファイル 'src/Game/Player/UI/RemainingBullets/RemainingBullets.cpp' をコンパイルしています)
  
D:\k023g0121\TopDown-Shooting\Engine-Develop\project\Engine\Util\FPSController.h(1,1): warning C4819: ファイルは、現在のコード ページ (932) で表示できない文字を含んでいます。データの損失を防ぐために、ファイルを Unicode 形式で保存してください。
  (ソース ファイル 'src/Game/Player/UI/RemainingBullets/RemainingBullets.cpp' をコンパイルしています)
  
D:\k023g0121\TopDown-Shooting\Engine-Develop\project\engine\2D\Sprite.h(1,1): warning C4819: ファイルは、現在のコード ページ (932) で表示できない文字を含んでいます。データの損失を防ぐために、ファイルを Unicode 形式で保存してください。
  (ソース ファイル 'src/Game/Player/UI/RemainingBullets/RemainingBullets.cpp' をコンパイルしています)
  
D:\k023g0121\TopDown-Shooting\Engine-Develop\project\Engine\Math\MyMath.h(1,1): warning C4819: ファイルは、現在のコード ページ (932) で表示できない文字を含んでいます。データの損失を防ぐために、ファイルを Unicode 形式で保存してください。
  (ソース ファイル 'src/Game/Player/UI/RemainingBullets/RemainingBullets.cpp' をコンパイルしています)
  
D:\k023g0121\TopDown-Shooting\Engine-Develop\project\Engine\Math\Float3.h(1,1): warning C4819: ファイルは、現在のコード ページ (932) で表示できない文字を含んでいます。データの損失を防ぐために、ファイルを Unicode 形式で保存してください。
  (ソース ファイル 'src/Game/Player/UI/RemainingBullets/RemainingBullets.cpp' をコンパイルしています)
  
D:\k023g0121\TopDown-Shooting\Engine-Develop\project\Engine\Math\Matrix.h(1,1): warning C4819: ファイルは、現在のコード ページ (932) で表示できない文字を含んでいます。データの損失を防ぐために、ファイルを Unicode 形式で保存してください。
  (ソース ファイル 'src/Game/Player/UI/RemainingBullets/RemainingBullets.cpp' をコンパイルしています)
  
D:\k023g0121\TopDown-Shooting\Engine-Develop\project\Engine\Math\Quaternion.h(1,1): warning C4819: ファイルは、現在のコード ページ (932) で表示できない文字を含んでいます。データの損失を防ぐために、ファイルを Unicode 形式で保存してください。
  (ソース ファイル 'src/Game/Player/UI/RemainingBullets/RemainingBullets.cpp' をコンパイルしています)
  
D:\k023g0121\TopDown-Shooting\Engine-Develop\project\Engine\Texture\TextureManager.h(1,1): warning C4819: ファイルは、現在のコード ページ (932) で表示できない文字を含んでいます。データの損失を防ぐために、ファイルを Unicode 形式で保存してください。
  (ソース ファイル 'src/Game/Player/UI/RemainingBullets/RemainingBullets.cpp' をコンパイルしています)
  
D:\k023g0121\TopDown-Shooting\Engine-Develop\project\Engine\Debugger\Logger.h(1,1): warning C4819: ファイルは、現在のコード ページ (932) で表示できない文字を含んでいます。データの損失を防ぐために、ファイルを Unicode 形式で保存してください。
  (ソース ファイル 'src/Game/Player/UI/RemainingBullets/RemainingBullets.cpp' をコンパイルしています)
  
D:\k023g0121\TopDown-Shooting\Engine-Develop\project\Engine\Texture\SRVManager.h(1,1): warning C4819: ファイルは、現在のコード ページ (932) で表示できない文字を含んでいます。データの損失を防ぐために、ファイルを Unicode 形式で保存してください。
  (ソース ファイル 'src/Game/Player/UI/RemainingBullets/RemainingBullets.cpp' をコンパイルしています)
  
D:\k023g0121\TopDown-Shooting\Engine-Develop\project\engine\3D\Object3D.h(1,1): warning C4819: ファイルは、現在のコード ページ (932) で表示できない文字を含んでいます。データの損失を防ぐために、ファイルを Unicode 形式で保存してください。
  (ソース ファイル 'src/Game/Player/UI/RemainingBullets/RemainingBullets.cpp' をコンパイルしています)
  
D:\k023g0121\TopDown-Shooting\Engine-Develop\project\Engine\Model\ModelManager.h(1,1): warning C4819: ファイルは、現在のコード ページ (932) で表示できない文字を含んでいます。データの損失を防ぐために、ファイルを Unicode 形式で保存してください。
  (ソース ファイル 'src/Game/Player/UI/RemainingBullets/RemainingBullets.cpp' をコンパイルしています)
  
D:\k023g0121\TopDown-Shooting\Engine-Develop\project\Engine\DirectX\ConstBuffer.h(1,1): warning C4819: ファイルは、現在のコード ページ (932) で表示できない文字を含んでいます。データの損失を防ぐために、ファイルを Unicode 形式で保存してください。
  (ソース ファイル 'src/Game/Player/UI/RemainingBullets/RemainingBullets.cpp' をコンパイルしています)
  
D:\k023g0121\TopDown-Shooting\Engine-Develop\project\Engine\DirectX\DirectXUtil.h(1,1): warning C4819: ファイルは、現在のコード ページ (932) で表示できない文字を含んでいます。データの損失を防ぐために、ファイルを Unicode 形式で保存してください。
  (ソース ファイル 'src/Game/Player/UI/RemainingBullets/RemainingBullets.cpp' をコンパイルしています)
  
D:\k023g0121\TopDown-Shooting\Engine-Develop\project\Engine\Util\StructuredBuffer.h(1,1): warning C4819: ファイルは、現在のコード ページ (932) で表示できない文字を含んでいます。データの損失を防ぐために、ファイルを Unicode 形式で保存してください。
  (ソース ファイル 'src/Game/Player/UI/RemainingBullets/RemainingBullets.cpp' をコンパイルしています)
  
D:\k023g0121\TopDown-Shooting\Engine-Develop\project\Engine\Input\Input.h(1,1): warning C4819: ファイルは、現在のコード ページ (932) で表示できない文字を含んでいます。データの損失を防ぐために、ファイルを Unicode 形式で保存してください。
  (ソース ファイル 'src/Game/Player/UI/RemainingBullets/RemainingBullets.cpp' をコンパイルしています)
  
  C:\Program Files (x86)\Windows Kits\10\Include\10.0.22621.0\um\dinput.h: DIRECTINPUT_VERSION undefined. Defaulting to version 0x0800
D:\k023g0121\TopDown-Shooting\Engine-Develop\project\Engine\Collider\Collider.h(1,1): warning C4819: ファイルは、現在のコード ページ (932) で表示できない文字を含んでいます。データの損失を防ぐために、ファイルを Unicode 形式で保存してください。
  (ソース ファイル 'src/Game/Player/UI/RemainingBullets/RemainingBullets.cpp' をコンパイルしています)
  
D:\k023g0121\TopDown-Shooting\Engine-Develop\project\Engine\Collider\CollisionManager.h(1,1): warning C4819: ファイルは、現在のコード ページ (932) で表示できない文字を含んでいます。データの損失を防ぐために、ファイルを Unicode 形式で保存してください。
  (ソース ファイル 'src/Game/Player/UI/RemainingBullets/RemainingBullets.cpp' をコンパイルしています)
  
D:\k023g0121\TopDown-Shooting\Engine-Develop\project\Engine\Util\ParameterSystem.h(1,1): warning C4819: ファイルは、現在のコード ページ (932) で表示できない文字を含んでいます。データの損失を防ぐために、ファイルを Unicode 形式で保存してください。
  (ソース ファイル 'src/Game/Player/UI/RemainingBullets/RemainingBullets.cpp' をコンパイルしています)
  
D:\k023g0121\TopDown-Shooting\Application\Application\src\Game\Bullet\PlayerBullet\PlayerBullet.h(1,1): warning C4819: ファイルは、現在のコード ページ (932) で表示できない文字を含んでいます。データの損失を防ぐために、ファイルを Unicode 形式で保存してください。
  (ソース ファイル 'src/Game/Player/UI/RemainingBullets/RemainingBullets.cpp' をコンパイルしています)
  
D:\k023g0121\TopDown-Shooting\Application\Application\src\Game\Player\UI\RemainingBullets\RemainingBullets.cpp(94,24): warning C4018: '<': signed と unsigned の数値を比較しようとしました。
D:\k023g0121\TopDown-Shooting\Application\Application\src\Game\Player\UI\RemainingBullets\RemainingBullets.cpp(99,24): warning C4018: '<': signed と unsigned の数値を比較しようとしました。
  HPBar.cpp
D:\k023g0121\TopDown-Shooting\Engine-Develop\project\engine\2D\SpriteCommon.h(1,1): warning C4819: ファイルは、現在のコード ページ (932) で表示できない文字を含んでいます。データの損失を防ぐために、ファイルを Unicode 形式で保存してください。
  (ソース ファイル 'src/Game/Player/UI/HPBar/HPBar.cpp' をコンパイルしています)
  
D:\k023g0121\TopDown-Shooting\Engine-Develop\project\Engine\DirectX\DirectXBase.h(1,1): warning C4819: ファイルは、現在のコード ページ (932) で表示できない文字を含んでいます。データの損失を防ぐために、ファイルを Unicode 形式で保存してください。
  (ソース ファイル 'src/Game/Player/UI/HPBar/HPBar.cpp' をコンパイルしています)
  
D:\k023g0121\TopDown-Shooting\Engine-Develop\project\Engine\Window\MyWindow.h(1,1): warning C4819: ファイルは、現在のコード ページ (932) で表示できない文字を含んでいます。データの損失を防ぐために、ファイルを Unicode 形式で保存してください。
  (ソース ファイル 'src/Game/Player/UI/HPBar/HPBar.cpp' をコンパイルしています)
  
D:\k023g0121\TopDown-Shooting\Engine-Develop\project\Engine\DirectX\ShaderManager.h(1,1): warning C4819: ファイルは、現在のコード ページ (932) で表示できない文字を含んでいます。データの損失を防ぐために、ファイルを Unicode 形式で保存してください。
  (ソース ファイル 'src/Game/Player/UI/HPBar/HPBar.cpp' をコンパイルしています)
  
D:\k023g0121\TopDown-Shooting\Engine-Develop\project\Engine\Util\FPSController.h(1,1): warning C4819: ファイルは、現在のコード ページ (932) で表示できない文字を含んでいます。データの損失を防ぐために、ファイルを Unicode 形式で保存してください。
  (ソース ファイル 'src/Game/Player/UI/HPBar/HPBar.cpp' をコンパイルしています)
  
D:\k023g0121\TopDown-Shooting\Engine-Develop\project\engine\2D\Sprite.h(1,1): warning C4819: ファイルは、現在のコード ページ (932) で表示できない文字を含んでいます。データの損失を防ぐために、ファイルを Unicode 形式で保存してください。
  (ソース ファイル 'src/Game/Player/UI/HPBar/HPBar.cpp' をコンパイルしています)
  
D:\k023g0121\TopDown-Shooting\Engine-Develop\project\Engine\Math\MyMath.h(1,1): warning C4819: ファイルは、現在のコード ページ (932) で表示できない文字を含んでいます。データの損失を防ぐために、ファイルを Unicode 形式で保存してください。
  (ソース ファイル 'src/Game/Player/UI/HPBar/HPBar.cpp' をコンパイルしています)
  
D:\k023g0121\TopDown-Shooting\Engine-Develop\project\Engine\Math\Float3.h(1,1): warning C4819: ファイルは、現在のコード ページ (932) で表示できない文字を含んでいます。データの損失を防ぐために、ファイルを Unicode 形式で保存してください。
  (ソース ファイル 'src/Game/Player/UI/HPBar/HPBar.cpp' をコンパイルしています)
  
D:\k023g0121\TopDown-Shooting\Engine-Develop\project\Engine\Math\Matrix.h(1,1): warning C4819: ファイルは、現在のコード ページ (932) で表示できない文字を含んでいます。データの損失を防ぐために、ファイルを Unicode 形式で保存してください。
  (ソース ファイル 'src/Game/Player/UI/HPBar/HPBar.cpp' をコンパイルしています)
  
D:\k023g0121\TopDown-Shooting\Engine-Develop\project\Engine\Math\Quaternion.h(1,1): warning C4819: ファイルは、現在のコード ページ (932) で表示できない文字を含んでいます。データの損失を防ぐために、ファイルを Unicode 形式で保存してください。
  (ソース ファイル 'src/Game/Player/UI/HPBar/HPBar.cpp' をコンパイルしています)
  
D:\k023g0121\TopDown-Shooting\Engine-Develop\project\Engine\Texture\TextureManager.h(1,1): warning C4819: ファイルは、現在のコード ページ (932) で表示できない文字を含んでいます。データの損失を防ぐために、ファイルを Unicode 形式で保存してください。
  (ソース ファイル 'src/Game/Player/UI/HPBar/HPBar.cpp' をコンパイルしています)
  
D:\k023g0121\TopDown-Shooting\Engine-Develop\project\Engine\Debugger\Logger.h(1,1): warning C4819: ファイルは、現在のコード ページ (932) で表示できない文字を含んでいます。データの損失を防ぐために、ファイルを Unicode 形式で保存してください。
  (ソース ファイル 'src/Game/Player/UI/HPBar/HPBar.cpp' をコンパイルしています)
  
D:\k023g0121\TopDown-Shooting\Engine-Develop\project\Engine\Texture\SRVManager.h(1,1): warning C4819: ファイルは、現在のコード ページ (932) で表示できない文字を含んでいます。データの損失を防ぐために、ファイルを Unicode 形式で保存してください。
  (ソース ファイル 'src/Game/Player/UI/HPBar/HPBar.cpp' をコンパイルしています)
  
D:\k023g0121\TopDown-Shooting\Engine-Develop\project\engine\3D\Object3D.h(1,1): warning C4819: ファイルは、現在のコード ページ (932) で表示できない文字を含んでいます。データの損失を防ぐために、ファイルを Unicode 形式で保存してください。
  (ソース ファイル 'src/Game/Player/UI/HPBar/HPBar.cpp' をコンパイルしています)
  
D:\k023g0121\TopDown-Shooting\Engine-Develop\project\Engine\Model\ModelManager.h(1,1): warning C4819: ファイルは、現在のコード ページ (932) で表示できない文字を含んでいます。データの損失を防ぐために、ファイルを Unicode 形式で保存してください。
  (ソース ファイル 'src/Game/Player/UI/HPBar/HPBar.cpp' をコンパイルしています)
  
D:\k023g0121\TopDown-Shooting\Engine-Develop\project\Engine\DirectX\ConstBuffer.h(1,1): warning C4819: ファイルは、現在のコード ページ (932) で表示できない文字を含んでいます。データの損失を防ぐために、ファイルを Unicode 形式で保存してください。
  (ソース ファイル 'src/Game/Player/UI/HPBar/HPBar.cpp' をコンパイルしています)
  
D:\k023g0121\TopDown-Shooting\Engine-Develop\project\Engine\DirectX\DirectXUtil.h(1,1): warning C4819: ファイルは、現在のコード ページ (932) で表示できない文字を含んでいます。データの損失を防ぐために、ファイルを Unicode 形式で保存してください。
  (ソース ファイル 'src/Game/Player/UI/HPBar/HPBar.cpp' をコンパイルしています)
  
D:\k023g0121\TopDown-Shooting\Engine-Develop\project\Engine\Util\StructuredBuffer.h(1,1): warning C4819: ファイルは、現在のコード ページ (932) で表示できない文字を含んでいます。データの損失を防ぐために、ファイルを Unicode 形式で保存してください。
  (ソース ファイル 'src/Game/Player/UI/HPBar/HPBar.cpp' をコンパイルしています)
  
D:\k023g0121\TopDown-Shooting\Engine-Develop\project\Engine\Input\Input.h(1,1): warning C4819: ファイルは、現在のコード ページ (932) で表示できない文字を含んでいます。データの損失を防ぐために、ファイルを Unicode 形式で保存してください。
  (ソース ファイル 'src/Game/Player/UI/HPBar/HPBar.cpp' をコンパイルしています)
  
  C:\Program Files (x86)\Windows Kits\10\Include\10.0.22621.0\um\dinput.h: DIRECTINPUT_VERSION undefined. Defaulting to version 0x0800
D:\k023g0121\TopDown-Shooting\Engine-Develop\project\Engine\Collider\Collider.h(1,1): warning C4819: ファイルは、現在のコード ページ (932) で表示できない文字を含んでいます。データの損失を防ぐために、ファイルを Unicode 形式で保存してください。
  (ソース ファイル 'src/Game/Player/UI/HPBar/HPBar.cpp' をコンパイルしています)
  
D:\k023g0121\TopDown-Shooting\Engine-Develop\project\Engine\Collider\CollisionManager.h(1,1): warning C4819: ファイルは、現在のコード ページ (932) で表示できない文字を含んでいます。データの損失を防ぐために、ファイルを Unicode 形式で保存してください。
  (ソース ファイル 'src/Game/Player/UI/HPBar/HPBar.cpp' をコンパイルしています)
  
D:\k023g0121\TopDown-Shooting\Engine-Develop\project\Engine\Util\ParameterSystem.h(1,1): warning C4819: ファイルは、現在のコード ページ (932) で表示できない文字を含んでいます。データの損失を防ぐために、ファイルを Unicode 形式で保存してください。
  (ソース ファイル 'src/Game/Player/UI/HPBar/HPBar.cpp' をコンパイルしています)
  
D:\k023g0121\TopDown-Shooting\Application\Application\src\Game\Bullet\PlayerBullet\PlayerBullet.h(1,1): warning C4819: ファイルは、現在のコード ページ (932) で表示できない文字を含んでいます。データの損失を防ぐために、ファイルを Unicode 形式で保存してください。
  (ソース ファイル 'src/Game/Player/UI/HPBar/HPBar.cpp' をコンパイルしています)
  
  Reticle.cpp
D:\k023g0121\TopDown-Shooting\Engine-Develop\project\engine\2D\SpriteCommon.h(1,1): warning C4819: ファイルは、現在のコード ページ (932) で表示できない文字を含んでいます。データの損失を防ぐために、ファイルを Unicode 形式で保存してください。
  (ソース ファイル 'src/Game/Player/UI/Reticle/Reticle.cpp' をコンパイルしています)
  
D:\k023g0121\TopDown-Shooting\Engine-Develop\project\Engine\DirectX\DirectXBase.h(1,1): warning C4819: ファイルは、現在のコード ページ (932) で表示できない文字を含んでいます。データの損失を防ぐために、ファイルを Unicode 形式で保存してください。
  (ソース ファイル 'src/Game/Player/UI/Reticle/Reticle.cpp' をコンパイルしています)
  
D:\k023g0121\TopDown-Shooting\Engine-Develop\project\Engine\Window\MyWindow.h(1,1): warning C4819: ファイルは、現在のコード ページ (932) で表示できない文字を含んでいます。データの損失を防ぐために、ファイルを Unicode 形式で保存してください。
  (ソース ファイル 'src/Game/Player/UI/Reticle/Reticle.cpp' をコンパイルしています)
  
D:\k023g0121\TopDown-Shooting\Engine-Develop\project\Engine\DirectX\ShaderManager.h(1,1): warning C4819: ファイルは、現在のコード ページ (932) で表示できない文字を含んでいます。データの損失を防ぐために、ファイルを Unicode 形式で保存してください。
  (ソース ファイル 'src/Game/Player/UI/Reticle/Reticle.cpp' をコンパイルしています)
  
D:\k023g0121\TopDown-Shooting\Engine-Develop\project\Engine\Util\FPSController.h(1,1): warning C4819: ファイルは、現在のコード ページ (932) で表示できない文字を含んでいます。データの損失を防ぐために、ファイルを Unicode 形式で保存してください。
  (ソース ファイル 'src/Game/Player/UI/Reticle/Reticle.cpp' をコンパイルしています)
  
D:\k023g0121\TopDown-Shooting\Engine-Develop\project\engine\2D\Sprite.h(1,1): warning C4819: ファイルは、現在のコード ページ (932) で表示できない文字を含んでいます。データの損失を防ぐために、ファイルを Unicode 形式で保存してください。
  (ソース ファイル 'src/Game/Player/UI/Reticle/Reticle.cpp' をコンパイルしています)
  
D:\k023g0121\TopDown-Shooting\Engine-Develop\project\Engine\Math\MyMath.h(1,1): warning C4819: ファイルは、現在のコード ページ (932) で表示できない文字を含んでいます。データの損失を防ぐために、ファイルを Unicode 形式で保存してください。
  (ソース ファイル 'src/Game/Player/UI/Reticle/Reticle.cpp' をコンパイルしています)
  
D:\k023g0121\TopDown-Shooting\Engine-Develop\project\Engine\Math\Float3.h(1,1): warning C4819: ファイルは、現在のコード ページ (932) で表示できない文字を含んでいます。データの損失を防ぐために、ファイルを Unicode 形式で保存してください。
  (ソース ファイル 'src/Game/Player/UI/Reticle/Reticle.cpp' をコンパイルしています)
  
D:\k023g0121\TopDown-Shooting\Engine-Develop\project\Engine\Math\Matrix.h(1,1): warning C4819: ファイルは、現在のコード ページ (932) で表示できない文字を含んでいます。データの損失を防ぐために、ファイルを Unicode 形式で保存してください。
  (ソース ファイル 'src/Game/Player/UI/Reticle/Reticle.cpp' をコンパイルしています)
  
D:\k023g0121\TopDown-Shooting\Engine-Develop\project\Engine\Math\Quaternion.h(1,1): warning C4819: ファイルは、現在のコード ページ (932) で表示できない文字を含んでいます。データの損失を防ぐために、ファイルを Unicode 形式で保存してください。
  (ソース ファイル 'src/Game/Player/UI/Reticle/Reticle.cpp' をコンパイルしています)
  
D:\k023g0121\TopDown-Shooting\Engine-Develop\project\Engine\Texture\TextureManager.h(1,1): warning C4819: ファイルは、現在のコード ページ (932) で表示できない文字を含んでいます。データの損失を防ぐために、ファイルを Unicode 形式で保存してください。
  (ソース ファイル 'src/Game/Player/UI/Reticle/Reticle.cpp' をコンパイルしています)
  
D:\k023g0121\TopDown-Shooting\Engine-Develop\project\Engine\Debugger\Logger.h(1,1): warning C4819: ファイルは、現在のコード ページ (932) で表示できない文字を含んでいます。データの損失を防ぐために、ファイルを Unicode 形式で保存してください。
  (ソース ファイル 'src/Game/Player/UI/Reticle/Reticle.cpp' をコンパイルしています)
  
D:\k023g0121\TopDown-Shooting\Engine-Develop\project\Engine\Texture\SRVManager.h(1,1): warning C4819: ファイルは、現在のコード ページ (932) で表示できない文字を含んでいます。データの損失を防ぐために、ファイルを Unicode 形式で保存してください。
  (ソース ファイル 'src/Game/Player/UI/Reticle/Reticle.cpp' をコンパイルしています)
  
D:\k023g0121\TopDown-Shooting\Engine-Develop\project\Engine\3D\Camera.h(1,1): warning C4819: ファイルは、現在のコード ページ (932) で表示できない文字を含んでいます。データの損失を防ぐために、ファイルを Unicode 形式で保存してください。
  (ソース ファイル 'src/Game/Player/UI/Reticle/Reticle.cpp' をコンパイルしています)
  
D:\k023g0121\TopDown-Shooting\Engine-Develop\project\Engine\DirectX\ConstBuffer.h(1,1): warning C4819: ファイルは、現在のコード ページ (932) で表示できない文字を含んでいます。データの損失を防ぐために、ファイルを Unicode 形式で保存してください。
  (ソース ファイル 'src/Game/Player/UI/Reticle/Reticle.cpp' をコンパイルしています)
  
D:\k023g0121\TopDown-Shooting\Engine-Develop\project\Engine\DirectX\DirectXUtil.h(1,1): warning C4819: ファイルは、現在のコード ページ (932) で表示できない文字を含んでいます。データの損失を防ぐために、ファイルを Unicode 形式で保存してください。
  (ソース ファイル 'src/Game/Player/UI/Reticle/Reticle.cpp' をコンパイルしています)
  
  PlayerUIManager.cpp
D:\k023g0121\TopDown-Shooting\Engine-Develop\project\engine\2D\SpriteCommon.h(1,1): warning C4819: ファイルは、現在のコード ページ (932) で表示できない文字を含んでいます。データの損失を防ぐために、ファイルを Unicode 形式で保存してください。
  (ソース ファイル 'src/Game/Player/UI/PlayerUIManager.cpp' をコンパイルしています)
  
D:\k023g0121\TopDown-Shooting\Engine-Develop\project\Engine\DirectX\DirectXBase.h(1,1): warning C4819: ファイルは、現在のコード ページ (932) で表示できない文字を含んでいます。データの損失を防ぐために、ファイルを Unicode 形式で保存してください。
  (ソース ファイル 'src/Game/Player/UI/PlayerUIManager.cpp' をコンパイルしています)
  
D:\k023g0121\TopDown-Shooting\Engine-Develop\project\Engine\Window\MyWindow.h(1,1): warning C4819: ファイルは、現在のコード ページ (932) で表示できない文字を含んでいます。データの損失を防ぐために、ファイルを Unicode 形式で保存してください。
  (ソース ファイル 'src/Game/Player/UI/PlayerUIManager.cpp' をコンパイルしています)
  
D:\k023g0121\TopDown-Shooting\Engine-Develop\project\Engine\DirectX\ShaderManager.h(1,1): warning C4819: ファイルは、現在のコード ページ (932) で表示できない文字を含んでいます。データの損失を防ぐために、ファイルを Unicode 形式で保存してください。
  (ソース ファイル 'src/Game/Player/UI/PlayerUIManager.cpp' をコンパイルしています)
  
D:\k023g0121\TopDown-Shooting\Engine-Develop\project\Engine\Util\FPSController.h(1,1): warning C4819: ファイルは、現在のコード ページ (932) で表示できない文字を含んでいます。データの損失を防ぐために、ファイルを Unicode 形式で保存してください。
  (ソース ファイル 'src/Game/Player/UI/PlayerUIManager.cpp' をコンパイルしています)
  
D:\k023g0121\TopDown-Shooting\Engine-Develop\project\engine\2D\Sprite.h(1,1): warning C4819: ファイルは、現在のコード ページ (932) で表示できない文字を含んでいます。データの損失を防ぐために、ファイルを Unicode 形式で保存してください。
  (ソース ファイル 'src/Game/Player/UI/PlayerUIManager.cpp' をコンパイルしています)
  
D:\k023g0121\TopDown-Shooting\Engine-Develop\project\Engine\Math\MyMath.h(1,1): warning C4819: ファイルは、現在のコード ページ (932) で表示できない文字を含んでいます。データの損失を防ぐために、ファイルを Unicode 形式で保存してください。
  (ソース ファイル 'src/Game/Player/UI/PlayerUIManager.cpp' をコンパイルしています)
  
D:\k023g0121\TopDown-Shooting\Engine-Develop\project\Engine\Math\Float3.h(1,1): warning C4819: ファイルは、現在のコード ページ (932) で表示できない文字を含んでいます。データの損失を防ぐために、ファイルを Unicode 形式で保存してください。
  (ソース ファイル 'src/Game/Player/UI/PlayerUIManager.cpp' をコンパイルしています)
  
D:\k023g0121\TopDown-Shooting\Engine-Develop\project\Engine\Math\Matrix.h(1,1): warning C4819: ファイルは、現在のコード ページ (932) で表示できない文字を含んでいます。データの損失を防ぐために、ファイルを Unicode 形式で保存してください。
  (ソース ファイル 'src/Game/Player/UI/PlayerUIManager.cpp' をコンパイルしています)
  
D:\k023g0121\TopDown-Shooting\Engine-Develop\project\Engine\Math\Quaternion.h(1,1): warning C4819: ファイルは、現在のコード ページ (932) で表示できない文字を含んでいます。データの損失を防ぐために、ファイルを Unicode 形式で保存してください。
  (ソース ファイル 'src/Game/Player/UI/PlayerUIManager.cpp' をコンパイルしています)
  
D:\k023g0121\TopDown-Shooting\Engine-Develop\project\Engine\Texture\TextureManager.h(1,1): warning C4819: ファイルは、現在のコード ページ (932) で表示できない文字を含んでいます。データの損失を防ぐために、ファイルを Unicode 形式で保存してください。
  (ソース ファイル 'src/Game/Player/UI/PlayerUIManager.cpp' をコンパイルしています)
  
D:\k023g0121\TopDown-Shooting\Engine-Develop\project\Engine\Debugger\Logger.h(1,1): warning C4819: ファイルは、現在のコード ページ (932) で表示できない文字を含んでいます。データの損失を防ぐために、ファイルを Unicode 形式で保存してください。
  (ソース ファイル 'src/Game/Player/UI/PlayerUIManager.cpp' をコンパイルしています)
  
D:\k023g0121\TopDown-Shooting\Engine-Develop\project\Engine\Texture\SRVManager.h(1,1): warning C4819: ファイルは、現在のコード ページ (932) で表示できない文字を含んでいます。データの損失を防ぐために、ファイルを Unicode 形式で保存してください。
  (ソース ファイル 'src/Game/Player/UI/PlayerUIManager.cpp' をコンパイルしています)
  
D:\k023g0121\TopDown-Shooting\Engine-Develop\project\engine\3D\Object3D.h(1,1): warning C4819: ファイルは、現在のコード ページ (932) で表示できない文字を含んでいます。データの損失を防ぐために、ファイルを Unicode 形式で保存してください。
  (ソース ファイル 'src/Game/Player/UI/PlayerUIManager.cpp' をコンパイルしています)
  
D:\k023g0121\TopDown-Shooting\Engine-Develop\project\Engine\Model\ModelManager.h(1,1): warning C4819: ファイルは、現在のコード ページ (932) で表示できない文字を含んでいます。データの損失を防ぐために、ファイルを Unicode 形式で保存してください。
  (ソース ファイル 'src/Game/Player/UI/PlayerUIManager.cpp' をコンパイルしています)
  
D:\k023g0121\TopDown-Shooting\Engine-Develop\project\Engine\DirectX\ConstBuffer.h(1,1): warning C4819: ファイルは、現在のコード ページ (932) で表示できない文字を含んでいます。データの損失を防ぐために、ファイルを Unicode 形式で保存してください。
  (ソース ファイル 'src/Game/Player/UI/PlayerUIManager.cpp' をコンパイルしています)
  
D:\k023g0121\TopDown-Shooting\Engine-Develop\project\Engine\DirectX\DirectXUtil.h(1,1): warning C4819: ファイルは、現在のコード ページ (932) で表示できない文字を含んでいます。データの損失を防ぐために、ファイルを Unicode 形式で保存してください。
  (ソース ファイル 'src/Game/Player/UI/PlayerUIManager.cpp' をコンパイルしています)
  
D:\k023g0121\TopDown-Shooting\Engine-Develop\project\Engine\Util\StructuredBuffer.h(1,1): warning C4819: ファイルは、現在のコード ページ (932) で表示できない文字を含んでいます。データの損失を防ぐために、ファイルを Unicode 形式で保存してください。
  (ソース ファイル 'src/Game/Player/UI/PlayerUIManager.cpp' をコンパイルしています)
  
D:\k023g0121\TopDown-Shooting\Engine-Develop\project\Engine\Input\Input.h(1,1): warning C4819: ファイルは、現在のコード ページ (932) で表示できない文字を含んでいます。データの損失を防ぐために、ファイルを Unicode 形式で保存してください。
  (ソース ファイル 'src/Game/Player/UI/PlayerUIManager.cpp' をコンパイルしています)
  
  C:\Program Files (x86)\Windows Kits\10\Include\10.0.22621.0\um\dinput.h: DIRECTINPUT_VERSION undefined. Defaulting to version 0x0800
D:\k023g0121\TopDown-Shooting\Engine-Develop\project\Engine\Collider\Collider.h(1,1): warning C4819: ファイルは、現在のコード ページ (932) で表示できない文字を含んでいます。データの損失を防ぐために、ファイルを Unicode 形式で保存してください。
  (ソース ファイル 'src/Game/Player/UI/PlayerUIManager.cpp' をコンパイルしています)
  
D:\k023g0121\TopDown-Shooting\Engine-Develop\project\Engine\Collider\CollisionManager.h(1,1): warning C4819: ファイルは、現在のコード ページ (932) で表示できない文字を含んでいます。データの損失を防ぐために、ファイルを Unicode 形式で保存してください。
  (ソース ファイル 'src/Game/Player/UI/PlayerUIManager.cpp' をコンパイルしています)
  
D:\k023g0121\TopDown-Shooting\Engine-Develop\project\Engine\Util\ParameterSystem.h(1,1): warning C4819: ファイルは、現在のコード ページ (932) で表示できない文字を含んでいます。データの損失を防ぐために、ファイルを Unicode 形式で保存してください。
  (ソース ファイル 'src/Game/Player/UI/PlayerUIManager.cpp' をコンパイルしています)
  
D:\k023g0121\TopDown-Shooting\Application\Application\src\Game\Bullet\PlayerBullet\PlayerBullet.h(1,1): warning C4819: ファイルは、現在のコード ページ (932) で表示できない文字を含んでいます。データの損失を防ぐために、ファイルを Unicode 形式で保存してください。
  (ソース ファイル 'src/Game/Player/UI/PlayerUIManager.cpp' をコンパイルしています)
  
  Loader.cpp
D:\k023g0121\TopDown-Shooting\Engine-Develop\project\Engine\Math\MyMath.h(1,1): warning C4819: ファイルは、現在のコード ページ (932) で表示できない文字を含んでいます。データの損失を防ぐために、ファイルを Unicode 形式で保存してください。
  (ソース ファイル 'src/Game/Loader/Loader.cpp' をコンパイルしています)
  
D:\k023g0121\TopDown-Shooting\Engine-Develop\project\Engine\Math\Float3.h(1,1): warning C4819: ファイルは、現在のコード ページ (932) で表示できない文字を含んでいます。データの損失を防ぐために、ファイルを Unicode 形式で保存してください。
  (ソース ファイル 'src/Game/Loader/Loader.cpp' をコンパイルしています)
  
D:\k023g0121\TopDown-Shooting\Engine-Develop\project\Engine\Math\Matrix.h(1,1): warning C4819: ファイルは、現在のコード ページ (932) で表示できない文字を含んでいます。データの損失を防ぐために、ファイルを Unicode 形式で保存してください。
  (ソース ファイル 'src/Game/Loader/Loader.cpp' をコンパイルしています)
  
D:\k023g0121\TopDown-Shooting\Engine-Develop\project\Engine\Math\Quaternion.h(1,1): warning C4819: ファイルは、現在のコード ページ (932) で表示できない文字を含んでいます。データの損失を防ぐために、ファイルを Unicode 形式で保存してください。
  (ソース ファイル 'src/Game/Loader/Loader.cpp' をコンパイルしています)
  
  NormalObstacle.cpp
D:\k023g0121\TopDown-Shooting\Engine-Develop\project\Engine\3D\Object3D.h(1,1): warning C4819: ファイルは、現在のコード ページ (932) で表示できない文字を含んでいます。データの損失を防ぐために、ファイルを Unicode 形式で保存してください。
  (ソース ファイル 'src/Game/Obstacle/NormalObstacle/NormalObstacle.cpp' をコンパイルしています)
  
D:\k023g0121\TopDown-Shooting\Engine-Develop\project\Engine\Math\MyMath.h(1,1): warning C4819: ファイルは、現在のコード ページ (932) で表示できない文字を含んでいます。データの損失を防ぐために、ファイルを Unicode 形式で保存してください。
  (ソース ファイル 'src/Game/Obstacle/NormalObstacle/NormalObstacle.cpp' をコンパイルしています)
  
D:\k023g0121\TopDown-Shooting\Engine-Develop\project\Engine\Math\Float3.h(1,1): warning C4819: ファイルは、現在のコード ページ (932) で表示できない文字を含んでいます。データの損失を防ぐために、ファイルを Unicode 形式で保存してください。
  (ソース ファイル 'src/Game/Obstacle/NormalObstacle/NormalObstacle.cpp' をコンパイルしています)
  
D:\k023g0121\TopDown-Shooting\Engine-Develop\project\Engine\Math\Matrix.h(1,1): warning C4819: ファイルは、現在のコード ページ (932) で表示できない文字を含んでいます。データの損失を防ぐために、ファイルを Unicode 形式で保存してください。
  (ソース ファイル 'src/Game/Obstacle/NormalObstacle/NormalObstacle.cpp' をコンパイルしています)
  
D:\k023g0121\TopDown-Shooting\Engine-Develop\project\Engine\Math\Quaternion.h(1,1): warning C4819: ファイルは、現在のコード ページ (932) で表示できない文字を含んでいます。データの損失を防ぐために、ファイルを Unicode 形式で保存してください。
  (ソース ファイル 'src/Game/Obstacle/NormalObstacle/NormalObstacle.cpp' をコンパイルしています)
  
D:\k023g0121\TopDown-Shooting\Engine-Develop\project\Engine\Model\ModelManager.h(1,1): warning C4819: ファイルは、現在のコード ページ (932) で表示できない文字を含んでいます。データの損失を防ぐために、ファイルを Unicode 形式で保存してください。
  (ソース ファイル 'src/Game/Obstacle/NormalObstacle/NormalObstacle.cpp' をコンパイルしています)
  
D:\k023g0121\TopDown-Shooting\Engine-Develop\project\Engine\Texture\TextureManager.h(1,1): warning C4819: ファイルは、現在のコード ページ (932) で表示できない文字を含んでいます。データの損失を防ぐために、ファイルを Unicode 形式で保存してください。
  (ソース ファイル 'src/Game/Obstacle/NormalObstacle/NormalObstacle.cpp' をコンパイルしています)
  
D:\k023g0121\TopDown-Shooting\Engine-Develop\project\Engine\Debugger\Logger.h(1,1): warning C4819: ファイルは、現在のコード ページ (932) で表示できない文字を含んでいます。データの損失を防ぐために、ファイルを Unicode 形式で保存してください。
  (ソース ファイル 'src/Game/Obstacle/NormalObstacle/NormalObstacle.cpp' をコンパイルしています)
  
D:\k023g0121\TopDown-Shooting\Engine-Develop\project\Engine\Texture\SRVManager.h(1,1): warning C4819: ファイルは、現在のコード ページ (932) で表示できない文字を含んでいます。データの損失を防ぐために、ファイルを Unicode 形式で保存してください。
  (ソース ファイル 'src/Game/Obstacle/NormalObstacle/NormalObstacle.cpp' をコンパイルしています)
  
D:\k023g0121\TopDown-Shooting\Engine-Develop\project\Engine\DirectX\DirectXBase.h(1,1): warning C4819: ファイルは、現在のコード ページ (932) で表示できない文字を含んでいます。データの損失を防ぐために、ファイルを Unicode 形式で保存してください。
  (ソース ファイル 'src/Game/Obstacle/NormalObstacle/NormalObstacle.cpp' をコンパイルしています)
  
D:\k023g0121\TopDown-Shooting\Engine-Develop\project\Engine\Window\MyWindow.h(1,1): warning C4819: ファイルは、現在のコード ページ (932) で表示できない文字を含んでいます。データの損失を防ぐために、ファイルを Unicode 形式で保存してください。
  (ソース ファイル 'src/Game/Obstacle/NormalObstacle/NormalObstacle.cpp' をコンパイルしています)
  
D:\k023g0121\TopDown-Shooting\Engine-Develop\project\Engine\DirectX\ShaderManager.h(1,1): warning C4819: ファイルは、現在のコード ページ (932) で表示できない文字を含んでいます。データの損失を防ぐために、ファイルを Unicode 形式で保存してください。
  (ソース ファイル 'src/Game/Obstacle/NormalObstacle/NormalObstacle.cpp' をコンパイルしています)
  
D:\k023g0121\TopDown-Shooting\Engine-Develop\project\Engine\Util\FPSController.h(1,1): warning C4819: ファイルは、現在のコード ページ (932) で表示できない文字を含んでいます。データの損失を防ぐために、ファイルを Unicode 形式で保存してください。
  (ソース ファイル 'src/Game/Obstacle/NormalObstacle/NormalObstacle.cpp' をコンパイルしています)
  
D:\k023g0121\TopDown-Shooting\Engine-Develop\project\Engine\DirectX\ConstBuffer.h(1,1): warning C4819: ファイルは、現在のコード ページ (932) で表示できない文字を含んでいます。データの損失を防ぐために、ファイルを Unicode 形式で保存してください。
  (ソース ファイル 'src/Game/Obstacle/NormalObstacle/NormalObstacle.cpp' をコンパイルしています)
  
D:\k023g0121\TopDown-Shooting\Engine-Develop\project\Engine\DirectX\DirectXUtil.h(1,1): warning C4819: ファイルは、現在のコード ページ (932) で表示できない文字を含んでいます。データの損失を防ぐために、ファイルを Unicode 形式で保存してください。
  (ソース ファイル 'src/Game/Obstacle/NormalObstacle/NormalObstacle.cpp' をコンパイルしています)
  
D:\k023g0121\TopDown-Shooting\Engine-Develop\project\Engine\Util\StructuredBuffer.h(1,1): warning C4819: ファイルは、現在のコード ページ (932) で表示できない文字を含んでいます。データの損失を防ぐために、ファイルを Unicode 形式で保存してください。
  (ソース ファイル 'src/Game/Obstacle/NormalObstacle/NormalObstacle.cpp' をコンパイルしています)
  
D:\k023g0121\TopDown-Shooting\Engine-Develop\project\Engine\Collider\Collider.h(1,1): warning C4819: ファイルは、現在のコード ページ (932) で表示できない文字を含んでいます。データの損失を防ぐために、ファイルを Unicode 形式で保存してください。
  (ソース ファイル 'src/Game/Obstacle/NormalObstacle/NormalObstacle.cpp' をコンパイルしています)
  
D:\k023g0121\TopDown-Shooting\Engine-Develop\project\Engine\Collider\CollisionManager.h(1,1): warning C4819: ファイルは、現在のコード ページ (932) で表示できない文字を含んでいます。データの損失を防ぐために、ファイルを Unicode 形式で保存してください。
  (ソース ファイル 'src/Game/Obstacle/NormalObstacle/NormalObstacle.cpp' をコンパイルしています)
  
  ObstacleManager.cpp
D:\k023g0121\TopDown-Shooting\Engine-Develop\project\Engine\Model\ModelManager.h(1,1): warning C4819: ファイルは、現在のコード ページ (932) で表示できない文字を含んでいます。データの損失を防ぐために、ファイルを Unicode 形式で保存してください。
  (ソース ファイル 'src/Game/Obstacle/Manager/ObstacleManager.cpp' をコンパイルしています)
  
D:\k023g0121\TopDown-Shooting\Engine-Develop\project\Engine\Math\MyMath.h(1,1): warning C4819: ファイルは、現在のコード ページ (932) で表示できない文字を含んでいます。データの損失を防ぐために、ファイルを Unicode 形式で保存してください。
  (ソース ファイル 'src/Game/Obstacle/Manager/ObstacleManager.cpp' をコンパイルしています)
  
D:\k023g0121\TopDown-Shooting\Engine-Develop\project\Engine\Math\Float3.h(1,1): warning C4819: ファイルは、現在のコード ページ (932) で表示できない文字を含んでいます。データの損失を防ぐために、ファイルを Unicode 形式で保存してください。
  (ソース ファイル 'src/Game/Obstacle/Manager/ObstacleManager.cpp' をコンパイルしています)
  
D:\k023g0121\TopDown-Shooting\Engine-Develop\project\Engine\Math\Matrix.h(1,1): warning C4819: ファイルは、現在のコード ページ (932) で表示できない文字を含んでいます。データの損失を防ぐために、ファイルを Unicode 形式で保存してください。
  (ソース ファイル 'src/Game/Obstacle/Manager/ObstacleManager.cpp' をコンパイルしています)
  
D:\k023g0121\TopDown-Shooting\Engine-Develop\project\Engine\Math\Quaternion.h(1,1): warning C4819: ファイルは、現在のコード ページ (932) で表示できない文字を含んでいます。データの損失を防ぐために、ファイルを Unicode 形式で保存してください。
  (ソース ファイル 'src/Game/Obstacle/Manager/ObstacleManager.cpp' をコンパイルしています)
  
D:\k023g0121\TopDown-Shooting\Engine-Develop\project\Engine\Texture\TextureManager.h(1,1): warning C4819: ファイルは、現在のコード ページ (932) で表示できない文字を含んでいます。データの損失を防ぐために、ファイルを Unicode 形式で保存してください。
  (ソース ファイル 'src/Game/Obstacle/Manager/ObstacleManager.cpp' をコンパイルしています)
  
D:\k023g0121\TopDown-Shooting\Engine-Develop\project\Engine\Debugger\Logger.h(1,1): warning C4819: ファイルは、現在のコード ページ (932) で表示できない文字を含んでいます。データの損失を防ぐために、ファイルを Unicode 形式で保存してください。
  (ソース ファイル 'src/Game/Obstacle/Manager/ObstacleManager.cpp' をコンパイルしています)
  
D:\k023g0121\TopDown-Shooting\Engine-Develop\project\Engine\Texture\SRVManager.h(1,1): warning C4819: ファイルは、現在のコード ページ (932) で表示できない文字を含んでいます。データの損失を防ぐために、ファイルを Unicode 形式で保存してください。
  (ソース ファイル 'src/Game/Obstacle/Manager/ObstacleManager.cpp' をコンパイルしています)
  
D:\k023g0121\TopDown-Shooting\Engine-Develop\project\Engine\DirectX\DirectXBase.h(1,1): warning C4819: ファイルは、現在のコード ページ (932) で表示できない文字を含んでいます。データの損失を防ぐために、ファイルを Unicode 形式で保存してください。
  (ソース ファイル 'src/Game/Obstacle/Manager/ObstacleManager.cpp' をコンパイルしています)
  
D:\k023g0121\TopDown-Shooting\Engine-Develop\project\Engine\Window\MyWindow.h(1,1): warning C4819: ファイルは、現在のコード ページ (932) で表示できない文字を含んでいます。データの損失を防ぐために、ファイルを Unicode 形式で保存してください。
  (ソース ファイル 'src/Game/Obstacle/Manager/ObstacleManager.cpp' をコンパイルしています)
  
D:\k023g0121\TopDown-Shooting\Engine-Develop\project\Engine\DirectX\ShaderManager.h(1,1): warning C4819: ファイルは、現在のコード ページ (932) で表示できない文字を含んでいます。データの損失を防ぐために、ファイルを Unicode 形式で保存してください。
  (ソース ファイル 'src/Game/Obstacle/Manager/ObstacleManager.cpp' をコンパイルしています)
  
D:\k023g0121\TopDown-Shooting\Engine-Develop\project\Engine\Util\FPSController.h(1,1): warning C4819: ファイルは、現在のコード ページ (932) で表示できない文字を含んでいます。データの損失を防ぐために、ファイルを Unicode 形式で保存してください。
  (ソース ファイル 'src/Game/Obstacle/Manager/ObstacleManager.cpp' をコンパイルしています)
  
D:\k023g0121\TopDown-Shooting\Engine-Develop\project\Engine\3D\Object3D.h(1,1): warning C4819: ファイルは、現在のコード ページ (932) で表示できない文字を含んでいます。データの損失を防ぐために、ファイルを Unicode 形式で保存してください。
  (ソース ファイル 'src/Game/Obstacle/Manager/ObstacleManager.cpp' をコンパイルしています)
  
D:\k023g0121\TopDown-Shooting\Engine-Develop\project\Engine\DirectX\ConstBuffer.h(1,1): warning C4819: ファイルは、現在のコード ページ (932) で表示できない文字を含んでいます。データの損失を防ぐために、ファイルを Unicode 形式で保存してください。
  (ソース ファイル 'src/Game/Obstacle/Manager/ObstacleManager.cpp' をコンパイルしています)
  
D:\k023g0121\TopDown-Shooting\Engine-Develop\project\Engine\DirectX\DirectXUtil.h(1,1): warning C4819: ファイルは、現在のコード ページ (932) で表示できない文字を含んでいます。データの損失を防ぐために、ファイルを Unicode 形式で保存してください。
  (ソース ファイル 'src/Game/Obstacle/Manager/ObstacleManager.cpp' をコンパイルしています)
  
D:\k023g0121\TopDown-Shooting\Engine-Develop\project\Engine\Util\StructuredBuffer.h(1,1): warning C4819: ファイルは、現在のコード ページ (932) で表示できない文字を含んでいます。データの損失を防ぐために、ファイルを Unicode 形式で保存してください。
  (ソース ファイル 'src/Game/Obstacle/Manager/ObstacleManager.cpp' をコンパイルしています)
  
D:\k023g0121\TopDown-Shooting\Engine-Develop\project\Engine\Collider\Collider.h(1,1): warning C4819: ファイルは、現在のコード ページ (932) で表示できない文字を含んでいます。データの損失を防ぐために、ファイルを Unicode 形式で保存してください。
  (ソース ファイル 'src/Game/Obstacle/Manager/ObstacleManager.cpp' をコンパイルしています)
  
D:\k023g0121\TopDown-Shooting\Engine-Develop\project\Engine\Collider\CollisionManager.h(1,1): warning C4819: ファイルは、現在のコード ページ (932) で表示できない文字を含んでいます。データの損失を防ぐために、ファイルを Unicode 形式で保存してください。
  (ソース ファイル 'src/Game/Obstacle/Manager/ObstacleManager.cpp' をコンパイルしています)
  
  FollowCamera.cpp
D:\k023g0121\TopDown-Shooting\Engine-Develop\project\Engine\Math\MyMath.h(1,1): warning C4819: ファイルは、現在のコード ページ (932) で表示できない文字を含んでいます。データの損失を防ぐために、ファイルを Unicode 形式で保存してください。
  (ソース ファイル 'src/Game/Camera/FollowCamera.cpp' をコンパイルしています)
  
D:\k023g0121\TopDown-Shooting\Engine-Develop\project\Engine\Math\Float3.h(1,1): warning C4819: ファイルは、現在のコード ページ (932) で表示できない文字を含んでいます。データの損失を防ぐために、ファイルを Unicode 形式で保存してください。
  (ソース ファイル 'src/Game/Camera/FollowCamera.cpp' をコンパイルしています)
  
D:\k023g0121\TopDown-Shooting\Engine-Develop\project\Engine\Math\Matrix.h(1,1): warning C4819: ファイルは、現在のコード ページ (932) で表示できない文字を含んでいます。データの損失を防ぐために、ファイルを Unicode 形式で保存してください。
  (ソース ファイル 'src/Game/Camera/FollowCamera.cpp' をコンパイルしています)
  
D:\k023g0121\TopDown-Shooting\Engine-Develop\project\Engine\Math\Quaternion.h(1,1): warning C4819: ファイルは、現在のコード ページ (932) で表示できない文字を含んでいます。データの損失を防ぐために、ファイルを Unicode 形式で保存してください。
  (ソース ファイル 'src/Game/Camera/FollowCamera.cpp' をコンパイルしています)
  
  NormalEnemy.cpp
D:\k023g0121\TopDown-Shooting\Application\Application\src\Game\Enemy\NormalEnemy\NormalEnemy.cpp(1,1): warning C4819: ファイルは、現在のコード ページ (932) で表示できない文字を含んでいます。データの損失を防ぐために、ファイルを Unicode 形式で保存してください。
D:\k023g0121\TopDown-Shooting\Application\Application\src\Game\Enemy\NormalEnemy\NormalEnemy.h(1,1): warning C4819: ファイルは、現在のコード ページ (932) で表示できない文字を含んでいます。データの損失を防ぐために、ファイルを Unicode 形式で保存してください。
  (ソース ファイル 'src/Game/Enemy/NormalEnemy/NormalEnemy.cpp' をコンパイルしています)
  
D:\k023g0121\TopDown-Shooting\Application\Application\src\Game\Enemy\Base\Enemy.h(1,1): warning C4819: ファイルは、現在のコード ページ (932) で表示できない文字を含んでいます。データの損失を防ぐために、ファイルを Unicode 形式で保存してください。
  (ソース ファイル 'src/Game/Enemy/NormalEnemy/NormalEnemy.cpp' をコンパイルしています)
  
D:\k023g0121\TopDown-Shooting\Engine-Develop\project\Engine\3D\Object3D.h(1,1): warning C4819: ファイルは、現在のコード ページ (932) で表示できない文字を含んでいます。データの損失を防ぐために、ファイルを Unicode 形式で保存してください。
  (ソース ファイル 'src/Game/Enemy/NormalEnemy/NormalEnemy.cpp' をコンパイルしています)
  
D:\k023g0121\TopDown-Shooting\Engine-Develop\project\Engine\Math\MyMath.h(1,1): warning C4819: ファイルは、現在のコード ページ (932) で表示できない文字を含んでいます。データの損失を防ぐために、ファイルを Unicode 形式で保存してください。
  (ソース ファイル 'src/Game/Enemy/NormalEnemy/NormalEnemy.cpp' をコンパイルしています)
  
D:\k023g0121\TopDown-Shooting\Engine-Develop\project\Engine\Math\Float3.h(1,1): warning C4819: ファイルは、現在のコード ページ (932) で表示できない文字を含んでいます。データの損失を防ぐために、ファイルを Unicode 形式で保存してください。
  (ソース ファイル 'src/Game/Enemy/NormalEnemy/NormalEnemy.cpp' をコンパイルしています)
  
D:\k023g0121\TopDown-Shooting\Engine-Develop\project\Engine\Math\Matrix.h(1,1): warning C4819: ファイルは、現在のコード ページ (932) で表示できない文字を含んでいます。データの損失を防ぐために、ファイルを Unicode 形式で保存してください。
  (ソース ファイル 'src/Game/Enemy/NormalEnemy/NormalEnemy.cpp' をコンパイルしています)
  
D:\k023g0121\TopDown-Shooting\Engine-Develop\project\Engine\Math\Quaternion.h(1,1): warning C4819: ファイルは、現在のコード ページ (932) で表示できない文字を含んでいます。データの損失を防ぐために、ファイルを Unicode 形式で保存してください。
  (ソース ファイル 'src/Game/Enemy/NormalEnemy/NormalEnemy.cpp' をコンパイルしています)
  
D:\k023g0121\TopDown-Shooting\Engine-Develop\project\Engine\Model\ModelManager.h(1,1): warning C4819: ファイルは、現在のコード ページ (932) で表示できない文字を含んでいます。データの損失を防ぐために、ファイルを Unicode 形式で保存してください。
  (ソース ファイル 'src/Game/Enemy/NormalEnemy/NormalEnemy.cpp' をコンパイルしています)
  
D:\k023g0121\TopDown-Shooting\Engine-Develop\project\Engine\Texture\TextureManager.h(1,1): warning C4819: ファイルは、現在のコード ページ (932) で表示できない文字を含んでいます。データの損失を防ぐために、ファイルを Unicode 形式で保存してください。
  (ソース ファイル 'src/Game/Enemy/NormalEnemy/NormalEnemy.cpp' をコンパイルしています)
  
D:\k023g0121\TopDown-Shooting\Engine-Develop\project\Engine\Debugger\Logger.h(1,1): warning C4819: ファイルは、現在のコード ページ (932) で表示できない文字を含んでいます。データの損失を防ぐために、ファイルを Unicode 形式で保存してください。
  (ソース ファイル 'src/Game/Enemy/NormalEnemy/NormalEnemy.cpp' をコンパイルしています)
  
D:\k023g0121\TopDown-Shooting\Engine-Develop\project\Engine\Texture\SRVManager.h(1,1): warning C4819: ファイルは、現在のコード ページ (932) で表示できない文字を含んでいます。データの損失を防ぐために、ファイルを Unicode 形式で保存してください。
  (ソース ファイル 'src/Game/Enemy/NormalEnemy/NormalEnemy.cpp' をコンパイルしています)
  
D:\k023g0121\TopDown-Shooting\Engine-Develop\project\Engine\DirectX\DirectXBase.h(1,1): warning C4819: ファイルは、現在のコード ページ (932) で表示できない文字を含んでいます。データの損失を防ぐために、ファイルを Unicode 形式で保存してください。
  (ソース ファイル 'src/Game/Enemy/NormalEnemy/NormalEnemy.cpp' をコンパイルしています)
  
D:\k023g0121\TopDown-Shooting\Engine-Develop\project\Engine\Window\MyWindow.h(1,1): warning C4819: ファイルは、現在のコード ページ (932) で表示できない文字を含んでいます。データの損失を防ぐために、ファイルを Unicode 形式で保存してください。
  (ソース ファイル 'src/Game/Enemy/NormalEnemy/NormalEnemy.cpp' をコンパイルしています)
  
D:\k023g0121\TopDown-Shooting\Engine-Develop\project\Engine\DirectX\ShaderManager.h(1,1): warning C4819: ファイルは、現在のコード ページ (932) で表示できない文字を含んでいます。データの損失を防ぐために、ファイルを Unicode 形式で保存してください。
  (ソース ファイル 'src/Game/Enemy/NormalEnemy/NormalEnemy.cpp' をコンパイルしています)
  
D:\k023g0121\TopDown-Shooting\Engine-Develop\project\Engine\Util\FPSController.h(1,1): warning C4819: ファイルは、現在のコード ページ (932) で表示できない文字を含んでいます。データの損失を防ぐために、ファイルを Unicode 形式で保存してください。
  (ソース ファイル 'src/Game/Enemy/NormalEnemy/NormalEnemy.cpp' をコンパイルしています)
  
D:\k023g0121\TopDown-Shooting\Engine-Develop\project\Engine\DirectX\ConstBuffer.h(1,1): warning C4819: ファイルは、現在のコード ページ (932) で表示できない文字を含んでいます。データの損失を防ぐために、ファイルを Unicode 形式で保存してください。
  (ソース ファイル 'src/Game/Enemy/NormalEnemy/NormalEnemy.cpp' をコンパイルしています)
  
D:\k023g0121\TopDown-Shooting\Engine-Develop\project\Engine\DirectX\DirectXUtil.h(1,1): warning C4819: ファイルは、現在のコード ページ (932) で表示できない文字を含んでいます。データの損失を防ぐために、ファイルを Unicode 形式で保存してください。
  (ソース ファイル 'src/Game/Enemy/NormalEnemy/NormalEnemy.cpp' をコンパイルしています)
  
D:\k023g0121\TopDown-Shooting\Engine-Develop\project\Engine\Util\StructuredBuffer.h(1,1): warning C4819: ファイルは、現在のコード ページ (932) で表示できない文字を含んでいます。データの損失を防ぐために、ファイルを Unicode 形式で保存してください。
  (ソース ファイル 'src/Game/Enemy/NormalEnemy/NormalEnemy.cpp' をコンパイルしています)
  
D:\k023g0121\TopDown-Shooting\Engine-Develop\project\Engine\Collider\Collider.h(1,1): warning C4819: ファイルは、現在のコード ページ (932) で表示できない文字を含んでいます。データの損失を防ぐために、ファイルを Unicode 形式で保存してください。
  (ソース ファイル 'src/Game/Enemy/NormalEnemy/NormalEnemy.cpp' をコンパイルしています)
  
D:\k023g0121\TopDown-Shooting\Engine-Develop\project\Engine\Collider\CollisionManager.h(1,1): warning C4819: ファイルは、現在のコード ページ (932) で表示できない文字を含んでいます。データの損失を防ぐために、ファイルを Unicode 形式で保存してください。
  (ソース ファイル 'src/Game/Enemy/NormalEnemy/NormalEnemy.cpp' をコンパイルしています)
  
D:\k023g0121\TopDown-Shooting\Engine-Develop\project\engine\2D\Sprite.h(1,1): warning C4819: ファイルは、現在のコード ページ (932) で表示できない文字を含んでいます。データの損失を防ぐために、ファイルを Unicode 形式で保存してください。
  (ソース ファイル 'src/Game/Enemy/NormalEnemy/NormalEnemy.cpp' をコンパイルしています)
  
D:\k023g0121\TopDown-Shooting\Engine-Develop\project\engine\2D\SpriteCommon.h(1,1): warning C4819: ファイルは、現在のコード ページ (932) で表示できない文字を含んでいます。データの損失を防ぐために、ファイルを Unicode 形式で保存してください。
  (ソース ファイル 'src/Game/Enemy/NormalEnemy/NormalEnemy.cpp' をコンパイルしています)
  
D:\k023g0121\TopDown-Shooting\Engine-Develop\project\engine\3D\Camera.h(1,1): warning C4819: ファイルは、現在のコード ページ (932) で表示できない文字を含んでいます。データの損失を防ぐために、ファイルを Unicode 形式で保存してください。
  (ソース ファイル 'src/Game/Enemy/NormalEnemy/NormalEnemy.cpp' をコンパイルしています)
  
D:\k023g0121\TopDown-Shooting\Engine-Develop\project\Engine\Util\RandomGenerator.h(1,1): warning C4819: ファイルは、現在のコード ページ (932) で表示できない文字を含んでいます。データの損失を防ぐために、ファイルを Unicode 形式で保存してください。
  (ソース ファイル 'src/Game/Enemy/NormalEnemy/NormalEnemy.cpp' をコンパイルしています)
  
D:\k023g0121\TopDown-Shooting\Engine-Develop\project\Engine\Util\TimeManager.h(1,1): warning C4819: ファイルは、現在のコード ページ (932) で表示できない文字を含んでいます。データの損失を防ぐために、ファイルを Unicode 形式で保存してください。
  (ソース ファイル 'src/Game/Enemy/NormalEnemy/NormalEnemy.cpp' をコンパイルしています)
  
D:\k023g0121\TopDown-Shooting\Engine-Develop\project\Engine\Input\Input.h(1,1): warning C4819: ファイルは、現在のコード ページ (932) で表示できない文字を含んでいます。データの損失を防ぐために、ファイルを Unicode 形式で保存してください。
  (ソース ファイル 'src/Game/Enemy/NormalEnemy/NormalEnemy.cpp' をコンパイルしています)
  
  C:\Program Files (x86)\Windows Kits\10\Include\10.0.22621.0\um\dinput.h: DIRECTINPUT_VERSION undefined. Defaulting to version 0x0800
D:\k023g0121\TopDown-Shooting\Engine-Develop\project\Engine\Util\ParameterSystem.h(1,1): warning C4819: ファイルは、現在のコード ページ (932) で表示できない文字を含んでいます。データの損失を防ぐために、ファイルを Unicode 形式で保存してください。
  (ソース ファイル 'src/Game/Enemy/NormalEnemy/NormalEnemy.cpp' をコンパイルしています)
  
D:\k023g0121\TopDown-Shooting\Application\Application\src\Game\Bullet\PlayerBullet\PlayerBullet.h(1,1): warning C4819: ファイルは、現在のコード ページ (932) で表示できない文字を含んでいます。データの損失を防ぐために、ファイルを Unicode 形式で保存してください。
  (ソース ファイル 'src/Game/Enemy/NormalEnemy/NormalEnemy.cpp' をコンパイルしています)
  
D:\k023g0121\TopDown-Shooting\Application\Application\src\Game\Bullet\EnemyBullet\EnemyBullet.h(1,1): warning C4819: ファイルは、現在のコード ページ (932) で表示できない文字を含んでいます。データの損失を防ぐために、ファイルを Unicode 形式で保存してください。
  (ソース ファイル 'src/Game/Enemy/NormalEnemy/NormalEnemy.cpp' をコンパイルしています)
  
  EnemyManager.cpp
D:\k023g0121\TopDown-Shooting\Application\Application\src\Game\Enemy\Manager\EnemyManager.cpp(1,1): warning C4819: ファイルは、現在のコード ページ (932) で表示できない文字を含んでいます。データの損失を防ぐために、ファイルを Unicode 形式で保存してください。
D:\k023g0121\TopDown-Shooting\Application\Application\src\Game\Enemy\Manager\EnemyManager.h(1,1): warning C4819: ファイルは、現在のコード ページ (932) で表示できない文字を含んでいます。データの損失を防ぐために、ファイルを Unicode 形式で保存してください。
  (ソース ファイル 'src/Game/Enemy/Manager/EnemyManager.cpp' をコンパイルしています)
  
D:\k023g0121\TopDown-Shooting\Engine-Develop\project\Engine\Model\ModelManager.h(1,1): warning C4819: ファイルは、現在のコード ページ (932) で表示できない文字を含んでいます。データの損失を防ぐために、ファイルを Unicode 形式で保存してください。
  (ソース ファイル 'src/Game/Enemy/Manager/EnemyManager.cpp' をコンパイルしています)
  
D:\k023g0121\TopDown-Shooting\Engine-Develop\project\Engine\Math\MyMath.h(1,1): warning C4819: ファイルは、現在のコード ページ (932) で表示できない文字を含んでいます。データの損失を防ぐために、ファイルを Unicode 形式で保存してください。
  (ソース ファイル 'src/Game/Enemy/Manager/EnemyManager.cpp' をコンパイルしています)
  
D:\k023g0121\TopDown-Shooting\Engine-Develop\project\Engine\Math\Float3.h(1,1): warning C4819: ファイルは、現在のコード ページ (932) で表示できない文字を含んでいます。データの損失を防ぐために、ファイルを Unicode 形式で保存してください。
  (ソース ファイル 'src/Game/Enemy/Manager/EnemyManager.cpp' をコンパイルしています)
  
D:\k023g0121\TopDown-Shooting\Engine-Develop\project\Engine\Math\Matrix.h(1,1): warning C4819: ファイルは、現在のコード ページ (932) で表示できない文字を含んでいます。データの損失を防ぐために、ファイルを Unicode 形式で保存してください。
  (ソース ファイル 'src/Game/Enemy/Manager/EnemyManager.cpp' をコンパイルしています)
  
D:\k023g0121\TopDown-Shooting\Engine-Develop\project\Engine\Math\Quaternion.h(1,1): warning C4819: ファイルは、現在のコード ページ (932) で表示できない文字を含んでいます。データの損失を防ぐために、ファイルを Unicode 形式で保存してください。
  (ソース ファイル 'src/Game/Enemy/Manager/EnemyManager.cpp' をコンパイルしています)
  
D:\k023g0121\TopDown-Shooting\Engine-Develop\project\Engine\Texture\TextureManager.h(1,1): warning C4819: ファイルは、現在のコード ページ (932) で表示できない文字を含んでいます。データの損失を防ぐために、ファイルを Unicode 形式で保存してください。
  (ソース ファイル 'src/Game/Enemy/Manager/EnemyManager.cpp' をコンパイルしています)
  
D:\k023g0121\TopDown-Shooting\Engine-Develop\project\Engine\Debugger\Logger.h(1,1): warning C4819: ファイルは、現在のコード ページ (932) で表示できない文字を含んでいます。データの損失を防ぐために、ファイルを Unicode 形式で保存してください。
  (ソース ファイル 'src/Game/Enemy/Manager/EnemyManager.cpp' をコンパイルしています)
  
D:\k023g0121\TopDown-Shooting\Engine-Develop\project\Engine\Texture\SRVManager.h(1,1): warning C4819: ファイルは、現在のコード ページ (932) で表示できない文字を含んでいます。データの損失を防ぐために、ファイルを Unicode 形式で保存してください。
  (ソース ファイル 'src/Game/Enemy/Manager/EnemyManager.cpp' をコンパイルしています)
  
D:\k023g0121\TopDown-Shooting\Engine-Develop\project\Engine\DirectX\DirectXBase.h(1,1): warning C4819: ファイルは、現在のコード ページ (932) で表示できない文字を含んでいます。データの損失を防ぐために、ファイルを Unicode 形式で保存してください。
  (ソース ファイル 'src/Game/Enemy/Manager/EnemyManager.cpp' をコンパイルしています)
  
D:\k023g0121\TopDown-Shooting\Engine-Develop\project\Engine\Window\MyWindow.h(1,1): warning C4819: ファイルは、現在のコード ページ (932) で表示できない文字を含んでいます。データの損失を防ぐために、ファイルを Unicode 形式で保存してください。
  (ソース ファイル 'src/Game/Enemy/Manager/EnemyManager.cpp' をコンパイルしています)
  
D:\k023g0121\TopDown-Shooting\Engine-Develop\project\Engine\DirectX\ShaderManager.h(1,1): warning C4819: ファイルは、現在のコード ページ (932) で表示できない文字を含んでいます。データの損失を防ぐために、ファイルを Unicode 形式で保存してください。
  (ソース ファイル 'src/Game/Enemy/Manager/EnemyManager.cpp' をコンパイルしています)
  
D:\k023g0121\TopDown-Shooting\Engine-Develop\project\Engine\Util\FPSController.h(1,1): warning C4819: ファイルは、現在のコード ページ (932) で表示できない文字を含んでいます。データの損失を防ぐために、ファイルを Unicode 形式で保存してください。
  (ソース ファイル 'src/Game/Enemy/Manager/EnemyManager.cpp' をコンパイルしています)
  
D:\k023g0121\TopDown-Shooting\Application\Application\src\Game\Enemy\Base\Enemy.h(1,1): warning C4819: ファイルは、現在のコード ページ (932) で表示できない文字を含んでいます。データの損失を防ぐために、ファイルを Unicode 形式で保存してください。
  (ソース ファイル 'src/Game/Enemy/Manager/EnemyManager.cpp' をコンパイルしています)
  
D:\k023g0121\TopDown-Shooting\Engine-Develop\project\Engine\3D\Object3D.h(1,1): warning C4819: ファイルは、現在のコード ページ (932) で表示できない文字を含んでいます。データの損失を防ぐために、ファイルを Unicode 形式で保存してください。
  (ソース ファイル 'src/Game/Enemy/Manager/EnemyManager.cpp' をコンパイルしています)
  
D:\k023g0121\TopDown-Shooting\Engine-Develop\project\Engine\DirectX\ConstBuffer.h(1,1): warning C4819: ファイルは、現在のコード ページ (932) で表示できない文字を含んでいます。データの損失を防ぐために、ファイルを Unicode 形式で保存してください。
  (ソース ファイル 'src/Game/Enemy/Manager/EnemyManager.cpp' をコンパイルしています)
  
D:\k023g0121\TopDown-Shooting\Engine-Develop\project\Engine\DirectX\DirectXUtil.h(1,1): warning C4819: ファイルは、現在のコード ページ (932) で表示できない文字を含んでいます。データの損失を防ぐために、ファイルを Unicode 形式で保存してください。
  (ソース ファイル 'src/Game/Enemy/Manager/EnemyManager.cpp' をコンパイルしています)
  
D:\k023g0121\TopDown-Shooting\Engine-Develop\project\Engine\Util\StructuredBuffer.h(1,1): warning C4819: ファイルは、現在のコード ページ (932) で表示できない文字を含んでいます。データの損失を防ぐために、ファイルを Unicode 形式で保存してください。
  (ソース ファイル 'src/Game/Enemy/Manager/EnemyManager.cpp' をコンパイルしています)
  
D:\k023g0121\TopDown-Shooting\Engine-Develop\project\Engine\Collider\Collider.h(1,1): warning C4819: ファイルは、現在のコード ページ (932) で表示できない文字を含んでいます。データの損失を防ぐために、ファイルを Unicode 形式で保存してください。
  (ソース ファイル 'src/Game/Enemy/Manager/EnemyManager.cpp' をコンパイルしています)
  
D:\k023g0121\TopDown-Shooting\Engine-Develop\project\Engine\Collider\CollisionManager.h(1,1): warning C4819: ファイルは、現在のコード ページ (932) で表示できない文字を含んでいます。データの損失を防ぐために、ファイルを Unicode 形式で保存してください。
  (ソース ファイル 'src/Game/Enemy/Manager/EnemyManager.cpp' をコンパイルしています)
  
D:\k023g0121\TopDown-Shooting\Engine-Develop\project\engine\2D\Sprite.h(1,1): warning C4819: ファイルは、現在のコード ページ (932) で表示できない文字を含んでいます。データの損失を防ぐために、ファイルを Unicode 形式で保存してください。
  (ソース ファイル 'src/Game/Enemy/Manager/EnemyManager.cpp' をコンパイルしています)
  
D:\k023g0121\TopDown-Shooting\Engine-Develop\project\engine\2D\SpriteCommon.h(1,1): warning C4819: ファイルは、現在のコード ページ (932) で表示できない文字を含んでいます。データの損失を防ぐために、ファイルを Unicode 形式で保存してください。
  (ソース ファイル 'src/Game/Enemy/Manager/EnemyManager.cpp' をコンパイルしています)
  
D:\k023g0121\TopDown-Shooting\Application\Application\src\Game\Enemy\NormalEnemy\NormalEnemy.h(1,1): warning C4819: ファイルは、現在のコード ページ (932) で表示できない文字を含んでいます。データの損失を防ぐために、ファイルを Unicode 形式で保存してください。
  (ソース ファイル 'src/Game/Enemy/Manager/EnemyManager.cpp' をコンパイルしています)
  
  PlayerBullet.cpp
D:\k023g0121\TopDown-Shooting\Application\Application\src\Game\Bullet\PlayerBullet\PlayerBullet.cpp(1,1): warning C4819: ファイルは、現在のコード ページ (932) で表示できない文字を含んでいます。データの損失を防ぐために、ファイルを Unicode 形式で保存してください。
D:\k023g0121\TopDown-Shooting\Application\Application\src\Game\Bullet\PlayerBullet\PlayerBullet.h(1,1): warning C4819: ファイルは、現在のコード ページ (932) で表示できない文字を含んでいます。データの損失を防ぐために、ファイルを Unicode 形式で保存してください。
  (ソース ファイル 'src/Game/Bullet/PlayerBullet/PlayerBullet.cpp' をコンパイルしています)
  
D:\k023g0121\TopDown-Shooting\Engine-Develop\project\Engine\3D\Object3D.h(1,1): warning C4819: ファイルは、現在のコード ページ (932) で表示できない文字を含んでいます。データの損失を防ぐために、ファイルを Unicode 形式で保存してください。
  (ソース ファイル 'src/Game/Bullet/PlayerBullet/PlayerBullet.cpp' をコンパイルしています)
  
D:\k023g0121\TopDown-Shooting\Engine-Develop\project\Engine\Math\MyMath.h(1,1): warning C4819: ファイルは、現在のコード ページ (932) で表示できない文字を含んでいます。データの損失を防ぐために、ファイルを Unicode 形式で保存してください。
  (ソース ファイル 'src/Game/Bullet/PlayerBullet/PlayerBullet.cpp' をコンパイルしています)
  
D:\k023g0121\TopDown-Shooting\Engine-Develop\project\Engine\Math\Float3.h(1,1): warning C4819: ファイルは、現在のコード ページ (932) で表示できない文字を含んでいます。データの損失を防ぐために、ファイルを Unicode 形式で保存してください。
  (ソース ファイル 'src/Game/Bullet/PlayerBullet/PlayerBullet.cpp' をコンパイルしています)
  
D:\k023g0121\TopDown-Shooting\Engine-Develop\project\Engine\Math\Matrix.h(1,1): warning C4819: ファイルは、現在のコード ページ (932) で表示できない文字を含んでいます。データの損失を防ぐために、ファイルを Unicode 形式で保存してください。
  (ソース ファイル 'src/Game/Bullet/PlayerBullet/PlayerBullet.cpp' をコンパイルしています)
  
D:\k023g0121\TopDown-Shooting\Engine-Develop\project\Engine\Math\Quaternion.h(1,1): warning C4819: ファイルは、現在のコード ページ (932) で表示できない文字を含んでいます。データの損失を防ぐために、ファイルを Unicode 形式で保存してください。
  (ソース ファイル 'src/Game/Bullet/PlayerBullet/PlayerBullet.cpp' をコンパイルしています)
  
D:\k023g0121\TopDown-Shooting\Engine-Develop\project\Engine\Model\ModelManager.h(1,1): warning C4819: ファイルは、現在のコード ページ (932) で表示できない文字を含んでいます。データの損失を防ぐために、ファイルを Unicode 形式で保存してください。
  (ソース ファイル 'src/Game/Bullet/PlayerBullet/PlayerBullet.cpp' をコンパイルしています)
  
D:\k023g0121\TopDown-Shooting\Engine-Develop\project\Engine\Texture\TextureManager.h(1,1): warning C4819: ファイルは、現在のコード ページ (932) で表示できない文字を含んでいます。データの損失を防ぐために、ファイルを Unicode 形式で保存してください。
  (ソース ファイル 'src/Game/Bullet/PlayerBullet/PlayerBullet.cpp' をコンパイルしています)
  
D:\k023g0121\TopDown-Shooting\Engine-Develop\project\Engine\Debugger\Logger.h(1,1): warning C4819: ファイルは、現在のコード ページ (932) で表示できない文字を含んでいます。データの損失を防ぐために、ファイルを Unicode 形式で保存してください。
  (ソース ファイル 'src/Game/Bullet/PlayerBullet/PlayerBullet.cpp' をコンパイルしています)
  
D:\k023g0121\TopDown-Shooting\Engine-Develop\project\Engine\Texture\SRVManager.h(1,1): warning C4819: ファイルは、現在のコード ページ (932) で表示できない文字を含んでいます。データの損失を防ぐために、ファイルを Unicode 形式で保存してください。
  (ソース ファイル 'src/Game/Bullet/PlayerBullet/PlayerBullet.cpp' をコンパイルしています)
  
D:\k023g0121\TopDown-Shooting\Engine-Develop\project\Engine\DirectX\DirectXBase.h(1,1): warning C4819: ファイルは、現在のコード ページ (932) で表示できない文字を含んでいます。データの損失を防ぐために、ファイルを Unicode 形式で保存してください。
  (ソース ファイル 'src/Game/Bullet/PlayerBullet/PlayerBullet.cpp' をコンパイルしています)
  
D:\k023g0121\TopDown-Shooting\Engine-Develop\project\Engine\Window\MyWindow.h(1,1): warning C4819: ファイルは、現在のコード ページ (932) で表示できない文字を含んでいます。データの損失を防ぐために、ファイルを Unicode 形式で保存してください。
  (ソース ファイル 'src/Game/Bullet/PlayerBullet/PlayerBullet.cpp' をコンパイルしています)
  
D:\k023g0121\TopDown-Shooting\Engine-Develop\project\Engine\DirectX\ShaderManager.h(1,1): warning C4819: ファイルは、現在のコード ページ (932) で表示できない文字を含んでいます。データの損失を防ぐために、ファイルを Unicode 形式で保存してください。
  (ソース ファイル 'src/Game/Bullet/PlayerBullet/PlayerBullet.cpp' をコンパイルしています)
  
D:\k023g0121\TopDown-Shooting\Engine-Develop\project\Engine\Util\FPSController.h(1,1): warning C4819: ファイルは、現在のコード ページ (932) で表示できない文字を含んでいます。データの損失を防ぐために、ファイルを Unicode 形式で保存してください。
  (ソース ファイル 'src/Game/Bullet/PlayerBullet/PlayerBullet.cpp' をコンパイルしています)
  
D:\k023g0121\TopDown-Shooting\Engine-Develop\project\Engine\DirectX\ConstBuffer.h(1,1): warning C4819: ファイルは、現在のコード ページ (932) で表示できない文字を含んでいます。データの損失を防ぐために、ファイルを Unicode 形式で保存してください。
  (ソース ファイル 'src/Game/Bullet/PlayerBullet/PlayerBullet.cpp' をコンパイルしています)
  
D:\k023g0121\TopDown-Shooting\Engine-Develop\project\Engine\DirectX\DirectXUtil.h(1,1): warning C4819: ファイルは、現在のコード ページ (932) で表示できない文字を含んでいます。データの損失を防ぐために、ファイルを Unicode 形式で保存してください。
  (ソース ファイル 'src/Game/Bullet/PlayerBullet/PlayerBullet.cpp' をコンパイルしています)
  
D:\k023g0121\TopDown-Shooting\Engine-Develop\project\Engine\Util\StructuredBuffer.h(1,1): warning C4819: ファイルは、現在のコード ページ (932) で表示できない文字を含んでいます。データの損失を防ぐために、ファイルを Unicode 形式で保存してください。
  (ソース ファイル 'src/Game/Bullet/PlayerBullet/PlayerBullet.cpp' をコンパイルしています)
  
D:\k023g0121\TopDown-Shooting\Engine-Develop\project\Engine\Collider\Collider.h(1,1): warning C4819: ファイルは、現在のコード ページ (932) で表示できない文字を含んでいます。データの損失を防ぐために、ファイルを Unicode 形式で保存してください。
  (ソース ファイル 'src/Game/Bullet/PlayerBullet/PlayerBullet.cpp' をコンパイルしています)
  
D:\k023g0121\TopDown-Shooting\Engine-Develop\project\Engine\Collider\CollisionManager.h(1,1): warning C4819: ファイルは、現在のコード ページ (932) で表示できない文字を含んでいます。データの損失を防ぐために、ファイルを Unicode 形式で保存してください。
  (ソース ファイル 'src/Game/Bullet/PlayerBullet/PlayerBullet.cpp' をコンパイルしています)
  
D:\k023g0121\TopDown-Shooting\Engine-Develop\project\Engine\ParticleEffect\ParticleEffectManager.h(1,1): warning C4819: ファイルは、現在のコード ページ (932) で表示できない文字を含んでいます。データの損失を防ぐために、ファイルを Unicode 形式で保存してください。
  (ソース ファイル 'src/Game/Bullet/PlayerBullet/PlayerBullet.cpp' をコンパイルしています)
  
D:\k023g0121\TopDown-Shooting\Engine-Develop\project\Engine\ParticleEffect\IParticleEffect.h(1,1): warning C4819: ファイルは、現在のコード ページ (932) で表示できない文字を含んでいます。データの損失を防ぐために、ファイルを Unicode 形式で保存してください。
  (ソース ファイル 'src/Game/Bullet/PlayerBullet/PlayerBullet.cpp' をコンパイルしています)
  
  Field.cpp
D:\k023g0121\TopDown-Shooting\Engine-Develop\project\engine\3D\Object3D.h(1,1): warning C4819: ファイルは、現在のコード ページ (932) で表示できない文字を含んでいます。データの損失を防ぐために、ファイルを Unicode 形式で保存してください。
  (ソース ファイル 'src/Game/Field/Field.cpp' をコンパイルしています)
  
D:\k023g0121\TopDown-Shooting\Engine-Develop\project\Engine\Math\MyMath.h(1,1): warning C4819: ファイルは、現在のコード ページ (932) で表示できない文字を含んでいます。データの損失を防ぐために、ファイルを Unicode 形式で保存してください。
  (ソース ファイル 'src/Game/Field/Field.cpp' をコンパイルしています)
  
D:\k023g0121\TopDown-Shooting\Engine-Develop\project\Engine\Math\Float3.h(1,1): warning C4819: ファイルは、現在のコード ページ (932) で表示できない文字を含んでいます。データの損失を防ぐために、ファイルを Unicode 形式で保存してください。
  (ソース ファイル 'src/Game/Field/Field.cpp' をコンパイルしています)
  
D:\k023g0121\TopDown-Shooting\Engine-Develop\project\Engine\Math\Matrix.h(1,1): warning C4819: ファイルは、現在のコード ページ (932) で表示できない文字を含んでいます。データの損失を防ぐために、ファイルを Unicode 形式で保存してください。
  (ソース ファイル 'src/Game/Field/Field.cpp' をコンパイルしています)
  
D:\k023g0121\TopDown-Shooting\Engine-Develop\project\Engine\Math\Quaternion.h(1,1): warning C4819: ファイルは、現在のコード ページ (932) で表示できない文字を含んでいます。データの損失を防ぐために、ファイルを Unicode 形式で保存してください。
  (ソース ファイル 'src/Game/Field/Field.cpp' をコンパイルしています)
  
D:\k023g0121\TopDown-Shooting\Engine-Develop\project\Engine\Model\ModelManager.h(1,1): warning C4819: ファイルは、現在のコード ページ (932) で表示できない文字を含んでいます。データの損失を防ぐために、ファイルを Unicode 形式で保存してください。
  (ソース ファイル 'src/Game/Field/Field.cpp' をコンパイルしています)
  
D:\k023g0121\TopDown-Shooting\Engine-Develop\project\Engine\Texture\TextureManager.h(1,1): warning C4819: ファイルは、現在のコード ページ (932) で表示できない文字を含んでいます。データの損失を防ぐために、ファイルを Unicode 形式で保存してください。
  (ソース ファイル 'src/Game/Field/Field.cpp' をコンパイルしています)
  
D:\k023g0121\TopDown-Shooting\Engine-Develop\project\Engine\Debugger\Logger.h(1,1): warning C4819: ファイルは、現在のコード ページ (932) で表示できない文字を含んでいます。データの損失を防ぐために、ファイルを Unicode 形式で保存してください。
  (ソース ファイル 'src/Game/Field/Field.cpp' をコンパイルしています)
  
D:\k023g0121\TopDown-Shooting\Engine-Develop\project\Engine\Texture\SRVManager.h(1,1): warning C4819: ファイルは、現在のコード ページ (932) で表示できない文字を含んでいます。データの損失を防ぐために、ファイルを Unicode 形式で保存してください。
  (ソース ファイル 'src/Game/Field/Field.cpp' をコンパイルしています)
  
D:\k023g0121\TopDown-Shooting\Engine-Develop\project\Engine\DirectX\DirectXBase.h(1,1): warning C4819: ファイルは、現在のコード ページ (932) で表示できない文字を含んでいます。データの損失を防ぐために、ファイルを Unicode 形式で保存してください。
  (ソース ファイル 'src/Game/Field/Field.cpp' をコンパイルしています)
  
D:\k023g0121\TopDown-Shooting\Engine-Develop\project\Engine\Window\MyWindow.h(1,1): warning C4819: ファイルは、現在のコード ページ (932) で表示できない文字を含んでいます。データの損失を防ぐために、ファイルを Unicode 形式で保存してください。
  (ソース ファイル 'src/Game/Field/Field.cpp' をコンパイルしています)
  
D:\k023g0121\TopDown-Shooting\Engine-Develop\project\Engine\DirectX\ShaderManager.h(1,1): warning C4819: ファイルは、現在のコード ページ (932) で表示できない文字を含んでいます。データの損失を防ぐために、ファイルを Unicode 形式で保存してください。
  (ソース ファイル 'src/Game/Field/Field.cpp' をコンパイルしています)
  
D:\k023g0121\TopDown-Shooting\Engine-Develop\project\Engine\Util\FPSController.h(1,1): warning C4819: ファイルは、現在のコード ページ (932) で表示できない文字を含んでいます。データの損失を防ぐために、ファイルを Unicode 形式で保存してください。
  (ソース ファイル 'src/Game/Field/Field.cpp' をコンパイルしています)
  
D:\k023g0121\TopDown-Shooting\Engine-Develop\project\Engine\DirectX\ConstBuffer.h(1,1): warning C4819: ファイルは、現在のコード ページ (932) で表示できない文字を含んでいます。データの損失を防ぐために、ファイルを Unicode 形式で保存してください。
  (ソース ファイル 'src/Game/Field/Field.cpp' をコンパイルしています)
  
D:\k023g0121\TopDown-Shooting\Engine-Develop\project\Engine\DirectX\DirectXUtil.h(1,1): warning C4819: ファイルは、現在のコード ページ (932) で表示できない文字を含んでいます。データの損失を防ぐために、ファイルを Unicode 形式で保存してください。
  (ソース ファイル 'src/Game/Field/Field.cpp' をコンパイルしています)
  
D:\k023g0121\TopDown-Shooting\Engine-Develop\project\Engine\Util\StructuredBuffer.h(1,1): warning C4819: ファイルは、現在のコード ページ (932) で表示できない文字を含んでいます。データの損失を防ぐために、ファイルを Unicode 形式で保存してください。
  (ソース ファイル 'src/Game/Field/Field.cpp' をコンパイルしています)
  
  Player.cpp
D:\k023g0121\TopDown-Shooting\Application\Application\src\Game\Player\Player.cpp(1,1): warning C4819: ファイルは、現在のコード ページ (932) で表示できない文字を含んでいます。データの損失を防ぐために、ファイルを Unicode 形式で保存してください。
D:\k023g0121\TopDown-Shooting\Engine-Develop\project\engine\3D\Object3D.h(1,1): warning C4819: ファイルは、現在のコード ページ (932) で表示できない文字を含んでいます。データの損失を防ぐために、ファイルを Unicode 形式で保存してください。
  (ソース ファイル 'src/Game/Player/Player.cpp' をコンパイルしています)
  
D:\k023g0121\TopDown-Shooting\Engine-Develop\project\Engine\Math\MyMath.h(1,1): warning C4819: ファイルは、現在のコード ページ (932) で表示できない文字を含んでいます。データの損失を防ぐために、ファイルを Unicode 形式で保存してください。
  (ソース ファイル 'src/Game/Player/Player.cpp' をコンパイルしています)
  
D:\k023g0121\TopDown-Shooting\Engine-Develop\project\Engine\Math\Float3.h(1,1): warning C4819: ファイルは、現在のコード ページ (932) で表示できない文字を含んでいます。データの損失を防ぐために、ファイルを Unicode 形式で保存してください。
  (ソース ファイル 'src/Game/Player/Player.cpp' をコンパイルしています)
  
D:\k023g0121\TopDown-Shooting\Engine-Develop\project\Engine\Math\Matrix.h(1,1): warning C4819: ファイルは、現在のコード ページ (932) で表示できない文字を含んでいます。データの損失を防ぐために、ファイルを Unicode 形式で保存してください。
  (ソース ファイル 'src/Game/Player/Player.cpp' をコンパイルしています)
  
D:\k023g0121\TopDown-Shooting\Engine-Develop\project\Engine\Math\Quaternion.h(1,1): warning C4819: ファイルは、現在のコード ページ (932) で表示できない文字を含んでいます。データの損失を防ぐために、ファイルを Unicode 形式で保存してください。
  (ソース ファイル 'src/Game/Player/Player.cpp' をコンパイルしています)
  
D:\k023g0121\TopDown-Shooting\Engine-Develop\project\Engine\Model\ModelManager.h(1,1): warning C4819: ファイルは、現在のコード ページ (932) で表示できない文字を含んでいます。データの損失を防ぐために、ファイルを Unicode 形式で保存してください。
  (ソース ファイル 'src/Game/Player/Player.cpp' をコンパイルしています)
  
D:\k023g0121\TopDown-Shooting\Engine-Develop\project\Engine\Texture\TextureManager.h(1,1): warning C4819: ファイルは、現在のコード ページ (932) で表示できない文字を含んでいます。データの損失を防ぐために、ファイルを Unicode 形式で保存してください。
  (ソース ファイル 'src/Game/Player/Player.cpp' をコンパイルしています)
  
D:\k023g0121\TopDown-Shooting\Engine-Develop\project\Engine\Debugger\Logger.h(1,1): warning C4819: ファイルは、現在のコード ページ (932) で表示できない文字を含んでいます。データの損失を防ぐために、ファイルを Unicode 形式で保存してください。
  (ソース ファイル 'src/Game/Player/Player.cpp' をコンパイルしています)
  
D:\k023g0121\TopDown-Shooting\Engine-Develop\project\Engine\Texture\SRVManager.h(1,1): warning C4819: ファイルは、現在のコード ページ (932) で表示できない文字を含んでいます。データの損失を防ぐために、ファイルを Unicode 形式で保存してください。
  (ソース ファイル 'src/Game/Player/Player.cpp' をコンパイルしています)
  
D:\k023g0121\TopDown-Shooting\Engine-Develop\project\Engine\DirectX\DirectXBase.h(1,1): warning C4819: ファイルは、現在のコード ページ (932) で表示できない文字を含んでいます。データの損失を防ぐために、ファイルを Unicode 形式で保存してください。
  (ソース ファイル 'src/Game/Player/Player.cpp' をコンパイルしています)
  
D:\k023g0121\TopDown-Shooting\Engine-Develop\project\Engine\Window\MyWindow.h(1,1): warning C4819: ファイルは、現在のコード ページ (932) で表示できない文字を含んでいます。データの損失を防ぐために、ファイルを Unicode 形式で保存してください。
  (ソース ファイル 'src/Game/Player/Player.cpp' をコンパイルしています)
  
D:\k023g0121\TopDown-Shooting\Engine-Develop\project\Engine\DirectX\ShaderManager.h(1,1): warning C4819: ファイルは、現在のコード ページ (932) で表示できない文字を含んでいます。データの損失を防ぐために、ファイルを Unicode 形式で保存してください。
  (ソース ファイル 'src/Game/Player/Player.cpp' をコンパイルしています)
  
D:\k023g0121\TopDown-Shooting\Engine-Develop\project\Engine\Util\FPSController.h(1,1): warning C4819: ファイルは、現在のコード ページ (932) で表示できない文字を含んでいます。データの損失を防ぐために、ファイルを Unicode 形式で保存してください。
  (ソース ファイル 'src/Game/Player/Player.cpp' をコンパイルしています)
  
D:\k023g0121\TopDown-Shooting\Engine-Develop\project\Engine\DirectX\ConstBuffer.h(1,1): warning C4819: ファイルは、現在のコード ページ (932) で表示できない文字を含んでいます。データの損失を防ぐために、ファイルを Unicode 形式で保存してください。
  (ソース ファイル 'src/Game/Player/Player.cpp' をコンパイルしています)
  
D:\k023g0121\TopDown-Shooting\Engine-Develop\project\Engine\DirectX\DirectXUtil.h(1,1): warning C4819: ファイルは、現在のコード ページ (932) で表示できない文字を含んでいます。データの損失を防ぐために、ファイルを Unicode 形式で保存してください。
  (ソース ファイル 'src/Game/Player/Player.cpp' をコンパイルしています)
  
D:\k023g0121\TopDown-Shooting\Engine-Develop\project\Engine\Util\StructuredBuffer.h(1,1): warning C4819: ファイルは、現在のコード ページ (932) で表示できない文字を含んでいます。データの損失を防ぐために、ファイルを Unicode 形式で保存してください。
  (ソース ファイル 'src/Game/Player/Player.cpp' をコンパイルしています)
  
D:\k023g0121\TopDown-Shooting\Engine-Develop\project\Engine\Input\Input.h(1,1): warning C4819: ファイルは、現在のコード ページ (932) で表示できない文字を含んでいます。データの損失を防ぐために、ファイルを Unicode 形式で保存してください。
  (ソース ファイル 'src/Game/Player/Player.cpp' をコンパイルしています)
  
  C:\Program Files (x86)\Windows Kits\10\Include\10.0.22621.0\um\dinput.h: DIRECTINPUT_VERSION undefined. Defaulting to version 0x0800
D:\k023g0121\TopDown-Shooting\Engine-Develop\project\engine\2D\SpriteCommon.h(1,1): warning C4819: ファイルは、現在のコード ページ (932) で表示できない文字を含んでいます。データの損失を防ぐために、ファイルを Unicode 形式で保存してください。
  (ソース ファイル 'src/Game/Player/Player.cpp' をコンパイルしています)
  
D:\k023g0121\TopDown-Shooting\Engine-Develop\project\engine\2D\Sprite.h(1,1): warning C4819: ファイルは、現在のコード ページ (932) で表示できない文字を含んでいます。データの損失を防ぐために、ファイルを Unicode 形式で保存してください。
  (ソース ファイル 'src/Game/Player/Player.cpp' をコンパイルしています)
  
D:\k023g0121\TopDown-Shooting\Engine-Develop\project\Engine\Collider\Collider.h(1,1): warning C4819: ファイルは、現在のコード ページ (932) で表示できない文字を含んでいます。データの損失を防ぐために、ファイルを Unicode 形式で保存してください。
  (ソース ファイル 'src/Game/Player/Player.cpp' をコンパイルしています)
  
D:\k023g0121\TopDown-Shooting\Engine-Develop\project\Engine\Collider\CollisionManager.h(1,1): warning C4819: ファイルは、現在のコード ページ (932) で表示できない文字を含んでいます。データの損失を防ぐために、ファイルを Unicode 形式で保存してください。
  (ソース ファイル 'src/Game/Player/Player.cpp' をコンパイルしています)
  
D:\k023g0121\TopDown-Shooting\Engine-Develop\project\Engine\Util\ParameterSystem.h(1,1): warning C4819: ファイルは、現在のコード ページ (932) で表示できない文字を含んでいます。データの損失を防ぐために、ファイルを Unicode 形式で保存してください。
  (ソース ファイル 'src/Game/Player/Player.cpp' をコンパイルしています)
  
D:\k023g0121\TopDown-Shooting\Application\Application\src\Game\Bullet\PlayerBullet\PlayerBullet.h(1,1): warning C4819: ファイルは、現在のコード ページ (932) で表示できない文字を含んでいます。データの損失を防ぐために、ファイルを Unicode 形式で保存してください。
  (ソース ファイル 'src/Game/Player/Player.cpp' をコンパイルしています)
  
D:\k023g0121\TopDown-Shooting\Engine-Develop\project\engine\3D\Camera.h(1,1): warning C4819: ファイルは、現在のコード ページ (932) で表示できない文字を含んでいます。データの損失を防ぐために、ファイルを Unicode 形式で保存してください。
  (ソース ファイル 'src/Game/Player/Player.cpp' をコンパイルしています)
  
D:\k023g0121\TopDown-Shooting\Engine-Develop\project\Engine\Util\TimeManager.h(1,1): warning C4819: ファイルは、現在のコード ページ (932) で表示できない文字を含んでいます。データの損失を防ぐために、ファイルを Unicode 形式で保存してください。
  (ソース ファイル 'src/Game/Player/Player.cpp' をコンパイルしています)
  
  GamePlayScene.cpp
D:\k023g0121\TopDown-Shooting\Application\Application\src\Game\Scene\GamePlayScene.cpp(1,1): warning C4819: ファイルは、現在のコード ページ (932) で表示できない文字を含んでいます。データの損失を防ぐために、ファイルを Unicode 形式で保存してください。
D:\k023g0121\TopDown-Shooting\Application\Application\src\Game\Scene\GamePlayScene.h(1,1): warning C4819: ファイルは、現在のコード ページ (932) で表示できない文字を含んでいます。データの損失を防ぐために、ファイルを Unicode 形式で保存してください。
  (ソース ファイル 'src/Game/Scene/GamePlayScene.cpp' をコンパイルしています)
  
D:\k023g0121\TopDown-Shooting\Engine-Develop\project\engine\Scene\BaseScene.h(1,1): warning C4819: ファイルは、現在のコード ページ (932) で表示できない文字を含んでいます。データの損失を防ぐために、ファイルを Unicode 形式で保存してください。
  (ソース ファイル 'src/Game/Scene/GamePlayScene.cpp' をコンパイルしています)
  
D:\k023g0121\TopDown-Shooting\Engine-Develop\project\engine\3D\Camera.h(1,1): warning C4819: ファイルは、現在のコード ページ (932) で表示できない文字を含んでいます。データの損失を防ぐために、ファイルを Unicode 形式で保存してください。
  (ソース ファイル 'src/Game/Scene/GamePlayScene.cpp' をコンパイルしています)
  
D:\k023g0121\TopDown-Shooting\Engine-Develop\project\Engine\Math\MyMath.h(1,1): warning C4819: ファイルは、現在のコード ページ (932) で表示できない文字を含んでいます。データの損失を防ぐために、ファイルを Unicode 形式で保存してください。
  (ソース ファイル 'src/Game/Scene/GamePlayScene.cpp' をコンパイルしています)
  
D:\k023g0121\TopDown-Shooting\Engine-Develop\project\Engine\Math\Float3.h(1,1): warning C4819: ファイルは、現在のコード ページ (932) で表示できない文字を含んでいます。データの損失を防ぐために、ファイルを Unicode 形式で保存してください。
  (ソース ファイル 'src/Game/Scene/GamePlayScene.cpp' をコンパイルしています)
  
D:\k023g0121\TopDown-Shooting\Engine-Develop\project\Engine\Math\Matrix.h(1,1): warning C4819: ファイルは、現在のコード ページ (932) で表示できない文字を含んでいます。データの損失を防ぐために、ファイルを Unicode 形式で保存してください。
  (ソース ファイル 'src/Game/Scene/GamePlayScene.cpp' をコンパイルしています)
  
D:\k023g0121\TopDown-Shooting\Engine-Develop\project\Engine\Math\Quaternion.h(1,1): warning C4819: ファイルは、現在のコード ページ (932) で表示できない文字を含んでいます。データの損失を防ぐために、ファイルを Unicode 形式で保存してください。
  (ソース ファイル 'src/Game/Scene/GamePlayScene.cpp' をコンパイルしています)
  
D:\k023g0121\TopDown-Shooting\Engine-Develop\project\Engine\DirectX\ConstBuffer.h(1,1): warning C4819: ファイルは、現在のコード ページ (932) で表示できない文字を含んでいます。データの損失を防ぐために、ファイルを Unicode 形式で保存してください。
  (ソース ファイル 'src/Game/Scene/GamePlayScene.cpp' をコンパイルしています)
  
D:\k023g0121\TopDown-Shooting\Engine-Develop\project\Engine\DirectX\DirectXUtil.h(1,1): warning C4819: ファイルは、現在のコード ページ (932) で表示できない文字を含んでいます。データの損失を防ぐために、ファイルを Unicode 形式で保存してください。
  (ソース ファイル 'src/Game/Scene/GamePlayScene.cpp' をコンパイルしています)
  
D:\k023g0121\TopDown-Shooting\Engine-Develop\project\Engine\Debugger\Logger.h(1,1): warning C4819: ファイルは、現在のコード ページ (932) で表示できない文字を含んでいます。データの損失を防ぐために、ファイルを Unicode 形式で保存してください。
  (ソース ファイル 'src/Game/Scene/GamePlayScene.cpp' をコンパイルしています)
  
D:\k023g0121\TopDown-Shooting\Engine-Develop\project\Engine\DirectX\DirectXBase.h(1,1): warning C4819: ファイルは、現在のコード ページ (932) で表示できない文字を含んでいます。データの損失を防ぐために、ファイルを Unicode 形式で保存してください。
  (ソース ファイル 'src/Game/Scene/GamePlayScene.cpp' をコンパイルしています)
  
D:\k023g0121\TopDown-Shooting\Engine-Develop\project\Engine\Window\MyWindow.h(1,1): warning C4819: ファイルは、現在のコード ページ (932) で表示できない文字を含んでいます。データの損失を防ぐために、ファイルを Unicode 形式で保存してください。
  (ソース ファイル 'src/Game/Scene/GamePlayScene.cpp' をコンパイルしています)
  
D:\k023g0121\TopDown-Shooting\Engine-Develop\project\Engine\DirectX\ShaderManager.h(1,1): warning C4819: ファイルは、現在のコード ページ (932) で表示できない文字を含んでいます。データの損失を防ぐために、ファイルを Unicode 形式で保存してください。
  (ソース ファイル 'src/Game/Scene/GamePlayScene.cpp' をコンパイルしています)
  
D:\k023g0121\TopDown-Shooting\Engine-Develop\project\Engine\Util\FPSController.h(1,1): warning C4819: ファイルは、現在のコード ページ (932) で表示できない文字を含んでいます。データの損失を防ぐために、ファイルを Unicode 形式で保存してください。
  (ソース ファイル 'src/Game/Scene/GamePlayScene.cpp' をコンパイルしています)
  
D:\k023g0121\TopDown-Shooting\Engine-Develop\project\engine\3D\DebugCamera.h(1,1): warning C4819: ファイルは、現在のコード ページ (932) で表示できない文字を含んでいます。データの損失を防ぐために、ファイルを Unicode 形式で保存してください。
  (ソース ファイル 'src/Game/Scene/GamePlayScene.cpp' をコンパイルしています)
  
D:\k023g0121\TopDown-Shooting\Engine-Develop\project\engine\Input\Input.h(1,1): warning C4819: ファイルは、現在のコード ページ (932) で表示できない文字を含んでいます。データの損失を防ぐために、ファイルを Unicode 形式で保存してください。
  (ソース ファイル 'src/Game/Scene/GamePlayScene.cpp' をコンパイルしています)
  
  C:\Program Files (x86)\Windows Kits\10\Include\10.0.22621.0\um\dinput.h: DIRECTINPUT_VERSION undefined. Defaulting to version 0x0800
D:\k023g0121\TopDown-Shooting\Engine-Develop\project\engine\2D\SpriteCommon.h(1,1): warning C4819: ファイルは、現在のコード ページ (932) で表示できない文字を含んでいます。データの損失を防ぐために、ファイルを Unicode 形式で保存してください。
  (ソース ファイル 'src/Game/Scene/GamePlayScene.cpp' をコンパイルしています)
  
D:\k023g0121\TopDown-Shooting\Engine-Develop\project\Engine\Texture\TextureManager.h(1,1): warning C4819: ファイルは、現在のコード ページ (932) で表示できない文字を含んでいます。データの損失を防ぐために、ファイルを Unicode 形式で保存してください。
  (ソース ファイル 'src/Game/Scene/GamePlayScene.cpp' をコンパイルしています)
  
D:\k023g0121\TopDown-Shooting\Engine-Develop\project\Engine\Texture\SRVManager.h(1,1): warning C4819: ファイルは、現在のコード ページ (932) で表示できない文字を含んでいます。データの損失を防ぐために、ファイルを Unicode 形式で保存してください。
  (ソース ファイル 'src/Game/Scene/GamePlayScene.cpp' をコンパイルしています)
  
D:\k023g0121\TopDown-Shooting\Engine-Develop\project\engine\2D\Sprite.h(1,1): warning C4819: ファイルは、現在のコード ページ (932) で表示できない文字を含んでいます。データの損失を防ぐために、ファイルを Unicode 形式で保存してください。
  (ソース ファイル 'src/Game/Scene/GamePlayScene.cpp' をコンパイルしています)
  
D:\k023g0121\TopDown-Shooting\Engine-Develop\project\Engine\Model\ModelManager.h(1,1): warning C4819: ファイルは、現在のコード ページ (932) で表示できない文字を含んでいます。データの損失を防ぐために、ファイルを Unicode 形式で保存してください。
  (ソース ファイル 'src/Game/Scene/GamePlayScene.cpp' をコンパイルしています)
  
D:\k023g0121\TopDown-Shooting\Engine-Develop\project\engine\3D\Object3D.h(1,1): warning C4819: ファイルは、現在のコード ページ (932) で表示できない文字を含んでいます。データの損失を防ぐために、ファイルを Unicode 形式で保存してください。
  (ソース ファイル 'src/Game/Scene/GamePlayScene.cpp' をコンパイルしています)
  
D:\k023g0121\TopDown-Shooting\Engine-Develop\project\Engine\Util\StructuredBuffer.h(1,1): warning C4819: ファイルは、現在のコード ページ (932) で表示できない文字を含んでいます。データの損失を防ぐために、ファイルを Unicode 形式で保存してください。
  (ソース ファイル 'src/Game/Scene/GamePlayScene.cpp' をコンパイルしています)
  
D:\k023g0121\TopDown-Shooting\Engine-Develop\project\engine\Sound\SoundManager.h(1,1): warning C4819: ファイルは、現在のコード ページ (932) で表示できない文字を含んでいます。データの損失を防ぐために、ファイルを Unicode 形式で保存してください。
  (ソース ファイル 'src/Game/Scene/GamePlayScene.cpp' をコンパイルしています)
  
D:\k023g0121\TopDown-Shooting\Engine-Develop\project\engine\3D\LightManager.h(1,1): warning C4819: ファイルは、現在のコード ページ (932) で表示できない文字を含んでいます。データの損失を防ぐために、ファイルを Unicode 形式で保存してください。
  (ソース ファイル 'src/Game/Scene/GamePlayScene.cpp' をコンパイルしています)
  
D:\k023g0121\TopDown-Shooting\Engine-Develop\project\Engine\Collider\CollisionManager.h(1,1): warning C4819: ファイルは、現在のコード ページ (932) で表示できない文字を含んでいます。データの損失を防ぐために、ファイルを Unicode 形式で保存してください。
  (ソース ファイル 'src/Game/Scene/GamePlayScene.cpp' をコンパイルしています)
  
D:\k023g0121\TopDown-Shooting\Engine-Develop\project\Engine\Collider\Collider.h(1,1): warning C4819: ファイルは、現在のコード ページ (932) で表示できない文字を含んでいます。データの損失を防ぐために、ファイルを Unicode 形式で保存してください。
  (ソース ファイル 'src/Game/Scene/GamePlayScene.cpp' をコンパイルしています)
  
D:\k023g0121\TopDown-Shooting\Engine-Develop\project\Engine\Util\TimeManager.h(1,1): warning C4819: ファイルは、現在のコード ページ (932) で表示できない文字を含んでいます。データの損失を防ぐために、ファイルを Unicode 形式で保存してください。
  (ソース ファイル 'src/Game/Scene/GamePlayScene.cpp' をコンパイルしています)
  
D:\k023g0121\TopDown-Shooting\Engine-Develop\project\Engine\Util\ParameterSystem.h(1,1): warning C4819: ファイルは、現在のコード ページ (932) で表示できない文字を含んでいます。データの損失を防ぐために、ファイルを Unicode 形式で保存してください。
  (ソース ファイル 'src/Game/Scene/GamePlayScene.cpp' をコンパイルしています)
  
D:\k023g0121\TopDown-Shooting\Application\Application\src\Game\Bullet\PlayerBullet\PlayerBullet.h(1,1): warning C4819: ファイルは、現在のコード ページ (932) で表示できない文字を含んでいます。データの損失を防ぐために、ファイルを Unicode 形式で保存してください。
  (ソース ファイル 'src/Game/Scene/GamePlayScene.cpp' をコンパイルしています)
  
D:\k023g0121\TopDown-Shooting\Application\Application\src\Game\Enemy\Manager\EnemyManager.h(1,1): warning C4819: ファイルは、現在のコード ページ (932) で表示できない文字を含んでいます。データの損失を防ぐために、ファイルを Unicode 形式で保存してください。
  (ソース ファイル 'src/Game/Scene/GamePlayScene.cpp' をコンパイルしています)
  
D:\k023g0121\TopDown-Shooting\Application\Application\src\Game\Enemy\Base\Enemy.h(1,1): warning C4819: ファイルは、現在のコード ページ (932) で表示できない文字を含んでいます。データの損失を防ぐために、ファイルを Unicode 形式で保存してください。
  (ソース ファイル 'src/Game/Scene/GamePlayScene.cpp' をコンパイルしています)
  
D:\k023g0121\TopDown-Shooting\Engine-Develop\project\Engine\ParticleEffect\ParticleEffectManager.h(1,1): warning C4819: ファイルは、現在のコード ページ (932) で表示できない文字を含んでいます。データの損失を防ぐために、ファイルを Unicode 形式で保存してください。
  (ソース ファイル 'src/Game/Scene/GamePlayScene.cpp' をコンパイルしています)
  
D:\k023g0121\TopDown-Shooting\Engine-Develop\project\Engine\ParticleEffect\IParticleEffect.h(1,1): warning C4819: ファイルは、現在のコード ページ (932) で表示できない文字を含んでいます。データの損失を防ぐために、ファイルを Unicode 形式で保存してください。
  (ソース ファイル 'src/Game/Scene/GamePlayScene.cpp' をコンパイルしています)
  
D:\k023g0121\TopDown-Shooting\Engine-Develop\project\Engine\ParticleEffect\BaseParticleEffect.h(1,1): warning C4819: ファイルは、現在のコード ページ (932) で表示できない文字を含んでいます。データの損失を防ぐために、ファイルを Unicode 形式で保存してください。
  (ソース ファイル 'src/Game/Scene/GamePlayScene.cpp' をコンパイルしています)
  
D:\k023g0121\TopDown-Shooting\Application\Application\src\Game\Particles\Circle\CircleParticle_Expand.h(1,1): warning C4819: ファイルは、現在のコード ページ (932) で表示できない文字を含んでいます。データの損失を防ぐために、ファイルを Unicode 形式で保存してください。
  (ソース ファイル 'src/Game/Scene/GamePlayScene.cpp' をコンパイルしています)
  
  TitleScene.cpp
D:\k023g0121\TopDown-Shooting\Application\Application\src\Game\Scene\TitleScene.cpp(1,1): warning C4819: ファイルは、現在のコード ページ (932) で表示できない文字を含んでいます。データの損失を防ぐために、ファイルを Unicode 形式で保存してください。
D:\k023g0121\TopDown-Shooting\Application\Application\src\Game\Scene\TitleScene.h(1,1): warning C4819: ファイルは、現在のコード ページ (932) で表示できない文字を含んでいます。データの損失を防ぐために、ファイルを Unicode 形式で保存してください。
  (ソース ファイル 'src/Game/Scene/TitleScene.cpp' をコンパイルしています)
  
D:\k023g0121\TopDown-Shooting\Engine-Develop\project\engine\Scene\BaseScene.h(1,1): warning C4819: ファイルは、現在のコード ページ (932) で表示できない文字を含んでいます。データの損失を防ぐために、ファイルを Unicode 形式で保存してください。
  (ソース ファイル 'src/Game/Scene/TitleScene.cpp' をコンパイルしています)
  
D:\k023g0121\TopDown-Shooting\Engine-Develop\project\engine\3D\Camera.h(1,1): warning C4819: ファイルは、現在のコード ページ (932) で表示できない文字を含んでいます。データの損失を防ぐために、ファイルを Unicode 形式で保存してください。
  (ソース ファイル 'src/Game/Scene/TitleScene.cpp' をコンパイルしています)
  
D:\k023g0121\TopDown-Shooting\Engine-Develop\project\Engine\Math\MyMath.h(1,1): warning C4819: ファイルは、現在のコード ページ (932) で表示できない文字を含んでいます。データの損失を防ぐために、ファイルを Unicode 形式で保存してください。
  (ソース ファイル 'src/Game/Scene/TitleScene.cpp' をコンパイルしています)
  
D:\k023g0121\TopDown-Shooting\Engine-Develop\project\Engine\Math\Float3.h(1,1): warning C4819: ファイルは、現在のコード ページ (932) で表示できない文字を含んでいます。データの損失を防ぐために、ファイルを Unicode 形式で保存してください。
  (ソース ファイル 'src/Game/Scene/TitleScene.cpp' をコンパイルしています)
  
D:\k023g0121\TopDown-Shooting\Engine-Develop\project\Engine\Math\Matrix.h(1,1): warning C4819: ファイルは、現在のコード ページ (932) で表示できない文字を含んでいます。データの損失を防ぐために、ファイルを Unicode 形式で保存してください。
  (ソース ファイル 'src/Game/Scene/TitleScene.cpp' をコンパイルしています)
  
D:\k023g0121\TopDown-Shooting\Engine-Develop\project\Engine\Math\Quaternion.h(1,1): warning C4819: ファイルは、現在のコード ページ (932) で表示できない文字を含んでいます。データの損失を防ぐために、ファイルを Unicode 形式で保存してください。
  (ソース ファイル 'src/Game/Scene/TitleScene.cpp' をコンパイルしています)
  
D:\k023g0121\TopDown-Shooting\Engine-Develop\project\Engine\DirectX\ConstBuffer.h(1,1): warning C4819: ファイルは、現在のコード ページ (932) で表示できない文字を含んでいます。データの損失を防ぐために、ファイルを Unicode 形式で保存してください。
  (ソース ファイル 'src/Game/Scene/TitleScene.cpp' をコンパイルしています)
  
D:\k023g0121\TopDown-Shooting\Engine-Develop\project\Engine\DirectX\DirectXUtil.h(1,1): warning C4819: ファイルは、現在のコード ページ (932) で表示できない文字を含んでいます。データの損失を防ぐために、ファイルを Unicode 形式で保存してください。
  (ソース ファイル 'src/Game/Scene/TitleScene.cpp' をコンパイルしています)
  
D:\k023g0121\TopDown-Shooting\Engine-Develop\project\Engine\Debugger\Logger.h(1,1): warning C4819: ファイルは、現在のコード ページ (932) で表示できない文字を含んでいます。データの損失を防ぐために、ファイルを Unicode 形式で保存してください。
  (ソース ファイル 'src/Game/Scene/TitleScene.cpp' をコンパイルしています)
  
D:\k023g0121\TopDown-Shooting\Engine-Develop\project\Engine\DirectX\DirectXBase.h(1,1): warning C4819: ファイルは、現在のコード ページ (932) で表示できない文字を含んでいます。データの損失を防ぐために、ファイルを Unicode 形式で保存してください。
  (ソース ファイル 'src/Game/Scene/TitleScene.cpp' をコンパイルしています)
  
D:\k023g0121\TopDown-Shooting\Engine-Develop\project\Engine\Window\MyWindow.h(1,1): warning C4819: ファイルは、現在のコード ページ (932) で表示できない文字を含んでいます。データの損失を防ぐために、ファイルを Unicode 形式で保存してください。
  (ソース ファイル 'src/Game/Scene/TitleScene.cpp' をコンパイルしています)
  
D:\k023g0121\TopDown-Shooting\Engine-Develop\project\Engine\DirectX\ShaderManager.h(1,1): warning C4819: ファイルは、現在のコード ページ (932) で表示できない文字を含んでいます。データの損失を防ぐために、ファイルを Unicode 形式で保存してください。
  (ソース ファイル 'src/Game/Scene/TitleScene.cpp' をコンパイルしています)
  
D:\k023g0121\TopDown-Shooting\Engine-Develop\project\Engine\Util\FPSController.h(1,1): warning C4819: ファイルは、現在のコード ページ (932) で表示できない文字を含んでいます。データの損失を防ぐために、ファイルを Unicode 形式で保存してください。
  (ソース ファイル 'src/Game/Scene/TitleScene.cpp' をコンパイルしています)
  
D:\k023g0121\TopDown-Shooting\Engine-Develop\project\engine\2D\SpriteCommon.h(1,1): warning C4819: ファイルは、現在のコード ページ (932) で表示できない文字を含んでいます。データの損失を防ぐために、ファイルを Unicode 形式で保存してください。
  (ソース ファイル 'src/Game/Scene/TitleScene.cpp' をコンパイルしています)
  
D:\k023g0121\TopDown-Shooting\Engine-Develop\project\Engine\Texture\TextureManager.h(1,1): warning C4819: ファイルは、現在のコード ページ (932) で表示できない文字を含んでいます。データの損失を防ぐために、ファイルを Unicode 形式で保存してください。
  (ソース ファイル 'src/Game/Scene/TitleScene.cpp' をコンパイルしています)
  
D:\k023g0121\TopDown-Shooting\Engine-Develop\project\Engine\Texture\SRVManager.h(1,1): warning C4819: ファイルは、現在のコード ページ (932) で表示できない文字を含んでいます。データの損失を防ぐために、ファイルを Unicode 形式で保存してください。
  (ソース ファイル 'src/Game/Scene/TitleScene.cpp' をコンパイルしています)
  
D:\k023g0121\TopDown-Shooting\Engine-Develop\project\engine\2D\Sprite.h(1,1): warning C4819: ファイルは、現在のコード ページ (932) で表示できない文字を含んでいます。データの損失を防ぐために、ファイルを Unicode 形式で保存してください。
  (ソース ファイル 'src/Game/Scene/TitleScene.cpp' をコンパイルしています)
  
D:\k023g0121\TopDown-Shooting\Engine-Develop\project\Engine\Model\ModelManager.h(1,1): warning C4819: ファイルは、現在のコード ページ (932) で表示できない文字を含んでいます。データの損失を防ぐために、ファイルを Unicode 形式で保存してください。
  (ソース ファイル 'src/Game/Scene/TitleScene.cpp' をコンパイルしています)
  
D:\k023g0121\TopDown-Shooting\Engine-Develop\project\engine\3D\Object3D.h(1,1): warning C4819: ファイルは、現在のコード ページ (932) で表示できない文字を含んでいます。データの損失を防ぐために、ファイルを Unicode 形式で保存してください。
  (ソース ファイル 'src/Game/Scene/TitleScene.cpp' をコンパイルしています)
  
D:\k023g0121\TopDown-Shooting\Engine-Develop\project\Engine\Util\StructuredBuffer.h(1,1): warning C4819: ファイルは、現在のコード ページ (932) で表示できない文字を含んでいます。データの損失を防ぐために、ファイルを Unicode 形式で保存してください。
  (ソース ファイル 'src/Game/Scene/TitleScene.cpp' をコンパイルしています)
  
D:\k023g0121\TopDown-Shooting\Engine-Develop\project\engine\Sound\SoundManager.h(1,1): warning C4819: ファイルは、現在のコード ページ (932) で表示できない文字を含んでいます。データの損失を防ぐために、ファイルを Unicode 形式で保存してください。
  (ソース ファイル 'src/Game/Scene/TitleScene.cpp' をコンパイルしています)
  
D:\k023g0121\TopDown-Shooting\Engine-Develop\project\engine\Input\Input.h(1,1): warning C4819: ファイルは、現在のコード ページ (932) で表示できない文字を含んでいます。データの損失を防ぐために、ファイルを Unicode 形式で保存してください。
  (ソース ファイル 'src/Game/Scene/TitleScene.cpp' をコンパイルしています)
  
  C:\Program Files (x86)\Windows Kits\10\Include\10.0.22621.0\um\dinput.h: DIRECTINPUT_VERSION undefined. Defaulting to version 0x0800
D:\k023g0121\TopDown-Shooting\Engine-Develop\project\engine\Scene\SceneManager.h(1,1): warning C4819: ファイルは、現在のコード ページ (932) で表示できない文字を含んでいます。データの損失を防ぐために、ファイルを Unicode 形式で保存してください。
  (ソース ファイル 'src/Game/Scene/TitleScene.cpp' をコンパイルしています)
  
D:\k023g0121\TopDown-Shooting\Engine-Develop\project\engine\Scene\AbstractSceneFactory.h(1,1): warning C4819: ファイルは、現在のコード ページ (932) で表示できない文字を含んでいます。データの損失を防ぐために、ファイルを Unicode 形式で保存してください。
  (ソース ファイル 'src/Game/Scene/TitleScene.cpp' をコンパイルしています)
  
  コンパイル中...
  Utility.cpp
D:\k023g0121\TopDown-Shooting\Engine-Develop\project\Engine\Math\MyMath.h(1,1): warning C4819: ファイルは、現在のコード ページ (932) で表示できない文字を含んでいます。データの損失を防ぐために、ファイルを Unicode 形式で保存してください。
  (ソース ファイル 'src/Game/Utility/Utility.cpp' をコンパイルしています)
  
D:\k023g0121\TopDown-Shooting\Engine-Develop\project\Engine\Math\Float3.h(1,1): warning C4819: ファイルは、現在のコード ページ (932) で表示できない文字を含んでいます。データの損失を防ぐために、ファイルを Unicode 形式で保存してください。
  (ソース ファイル 'src/Game/Utility/Utility.cpp' をコンパイルしています)
  
D:\k023g0121\TopDown-Shooting\Engine-Develop\project\Engine\Math\Matrix.h(1,1): warning C4819: ファイルは、現在のコード ページ (932) で表示できない文字を含んでいます。データの損失を防ぐために、ファイルを Unicode 形式で保存してください。
  (ソース ファイル 'src/Game/Utility/Utility.cpp' をコンパイルしています)
  
D:\k023g0121\TopDown-Shooting\Engine-Develop\project\Engine\Math\Quaternion.h(1,1): warning C4819: ファイルは、現在のコード ページ (932) で表示できない文字を含んでいます。データの損失を防ぐために、ファイルを Unicode 形式で保存してください。
  (ソース ファイル 'src/Game/Utility/Utility.cpp' をコンパイルしています)
  
D:\k023g0121\TopDown-Shooting\Engine-Develop\project\engine\3D\Camera.h(1,1): warning C4819: ファイルは、現在のコード ページ (932) で表示できない文字を含んでいます。データの損失を防ぐために、ファイルを Unicode 形式で保存してください。
  (ソース ファイル 'src/Game/Utility/Utility.cpp' をコンパイルしています)
  
D:\k023g0121\TopDown-Shooting\Engine-Develop\project\Engine\DirectX\ConstBuffer.h(1,1): warning C4819: ファイルは、現在のコード ページ (932) で表示できない文字を含んでいます。データの損失を防ぐために、ファイルを Unicode 形式で保存してください。
  (ソース ファイル 'src/Game/Utility/Utility.cpp' をコンパイルしています)
  
D:\k023g0121\TopDown-Shooting\Engine-Develop\project\Engine\DirectX\DirectXUtil.h(1,1): warning C4819: ファイルは、現在のコード ページ (932) で表示できない文字を含んでいます。データの損失を防ぐために、ファイルを Unicode 形式で保存してください。
  (ソース ファイル 'src/Game/Utility/Utility.cpp' をコンパイルしています)
  
D:\k023g0121\TopDown-Shooting\Engine-Develop\project\Engine\Debugger\Logger.h(1,1): warning C4819: ファイルは、現在のコード ページ (932) で表示できない文字を含んでいます。データの損失を防ぐために、ファイルを Unicode 形式で保存してください。
  (ソース ファイル 'src/Game/Utility/Utility.cpp' をコンパイルしています)
  
D:\k023g0121\TopDown-Shooting\Engine-Develop\project\Engine\DirectX\DirectXBase.h(1,1): warning C4819: ファイルは、現在のコード ページ (932) で表示できない文字を含んでいます。データの損失を防ぐために、ファイルを Unicode 形式で保存してください。
  (ソース ファイル 'src/Game/Utility/Utility.cpp' をコンパイルしています)
  
D:\k023g0121\TopDown-Shooting\Engine-Develop\project\Engine\Window\MyWindow.h(1,1): warning C4819: ファイルは、現在のコード ページ (932) で表示できない文字を含んでいます。データの損失を防ぐために、ファイルを Unicode 形式で保存してください。
  (ソース ファイル 'src/Game/Utility/Utility.cpp' をコンパイルしています)
  
D:\k023g0121\TopDown-Shooting\Engine-Develop\project\Engine\DirectX\ShaderManager.h(1,1): warning C4819: ファイルは、現在のコード ページ (932) で表示できない文字を含んでいます。データの損失を防ぐために、ファイルを Unicode 形式で保存してください。
  (ソース ファイル 'src/Game/Utility/Utility.cpp' をコンパイルしています)
  
D:\k023g0121\TopDown-Shooting\Engine-Develop\project\Engine\Util\FPSController.h(1,1): warning C4819: ファイルは、現在のコード ページ (932) で表示できない文字を含んでいます。データの損失を防ぐために、ファイルを Unicode 形式で保存してください。
  (ソース ファイル 'src/Game/Utility/Utility.cpp' をコンパイルしています)
  
D:\k023g0121\TopDown-Shooting\Engine-Develop\project\Engine\Input\Input.h(1,1): warning C4819: ファイルは、現在のコード ページ (932) で表示できない文字を含んでいます。データの損失を防ぐために、ファイルを Unicode 形式で保存してください。
  (ソース ファイル 'src/Game/Utility/Utility.cpp' をコンパイルしています)
  
  C:\Program Files (x86)\Windows Kits\10\Include\10.0.22621.0\um\dinput.h: DIRECTINPUT_VERSION undefined. Defaulting to version 0x0800
D:\k023g0121\TopDown-Shooting\Application\Application\src\Game\Utility\Utility.cpp(27,67): warning C4244: '初期化中': 'const LONG' から 'float' への変換です。データが失われる可能性があります。
D:\k023g0121\TopDown-Shooting\Application\Application\src\Game\Utility\Utility.cpp(27,111): warning C4244: '初期化中': 'const LONG' から 'float' への変換です。データが失われる可能性があります。
  Application.vcxproj -> D:\k023g0121\TopDown-Shooting\Engine-Develop\project\x64\Release\Application.lib
