# Blender 4.4.0
# www.blender.org
mtllib wall.mtl
o 立方体.002
v -5.750000 -2.450000 0.250000
v -5.750000 2.450000 0.250000
v 4.700000 -1.450000 -0.100000
v -5.750000 -2.450000 -0.250000
v 4.748773 -1.454804 -0.100000
v -5.750000 2.450000 -0.250000
v 5.750000 -2.450000 0.250000
v 5.750000 2.450000 0.250000
v 4.795671 -1.469030 -0.100000
v 5.750000 -2.450000 -0.250000
v 5.750000 2.450000 -0.250000
v 4.838892 -1.492133 -0.100000
v 4.876777 -1.523223 -0.100000
v 4.907867 -1.561108 -0.100000
v 4.930970 -1.604329 -0.100000
v 4.945196 -1.651227 -0.100000
v 4.950000 -1.700000 -0.100000
v 4.945196 -1.748773 -0.100000
v 4.930970 -1.795671 -0.100000
v 4.907867 -1.838892 -0.100000
v 4.876777 -1.876777 -0.100000
v 4.838892 -1.907867 -0.100000
v 4.795671 -1.930970 -0.100000
v 4.748773 -1.945196 -0.100000
v 4.700000 -1.950000 -0.100000
v 4.651227 -1.945196 -0.100000
v 4.604329 -1.930970 -0.100000
v 4.561107 -1.907867 -0.100000
v 4.523223 -1.876777 -0.100000
v 4.492132 -1.838892 -0.100000
v 4.469030 -1.795671 -0.100000
v 4.454803 -1.748773 -0.100000
v 4.450000 -1.700000 -0.100000
v 4.454803 -1.651227 -0.100000
v 4.469030 -1.604329 -0.100000
v 4.492132 -1.561108 -0.100000
v 4.523223 -1.523223 -0.100000
v 4.561107 -1.492133 -0.100000
v 4.604329 -1.469030 -0.100000
v 4.651227 -1.454804 -0.100000
v -4.700000 -1.450000 -0.100000
v -4.651227 -1.454804 -0.100000
v -4.604329 -1.469030 -0.100000
v -4.561108 -1.492133 -0.100000
v -4.523223 -1.523223 -0.100000
v -4.492133 -1.561107 -0.100000
v -4.469031 -1.604329 -0.100000
v -4.454803 -1.651227 -0.100000
v -4.450000 -1.700000 -0.100000
v -4.454803 -1.748773 -0.100000
v -4.469031 -1.795671 -0.100000
v -4.492133 -1.838892 -0.100000
v -4.523223 -1.876777 -0.100000
v -4.561108 -1.907867 -0.100000
v -4.604329 -1.930970 -0.100000
v -4.651227 -1.945196 -0.100000
v -4.700000 -1.950000 -0.100000
v -4.748773 -1.945196 -0.100000
v -4.795671 -1.930970 -0.100000
v -4.838892 -1.907867 -0.100000
v -4.876777 -1.876777 -0.100000
v -4.907868 -1.838892 -0.100000
v -4.930970 -1.795671 -0.100000
v -4.945196 -1.748773 -0.100000
v -4.950000 -1.700000 -0.100000
v -4.945196 -1.651227 -0.100000
v -4.930970 -1.604329 -0.100000
v -4.907868 -1.561107 -0.100000
v -4.876777 -1.523223 -0.100000
v -4.838892 -1.492133 -0.100000
v -4.795671 -1.469030 -0.100000
v -4.748773 -1.454804 -0.100000
v -4.700000 1.950000 -0.100000
v -4.651227 1.945196 -0.100000
v -4.604329 1.930970 -0.100000
v -4.561108 1.907867 -0.100000
v -4.523223 1.876777 -0.100000
v -4.492133 1.838893 -0.100000
v -4.469031 1.795671 -0.100000
v -4.454803 1.748773 -0.100000
v -4.450000 1.700000 -0.100000
v -4.454803 1.651227 -0.100000
v -4.469031 1.604329 -0.100000
v -4.492133 1.561108 -0.100000
v -4.523223 1.523223 -0.100000
v -4.561108 1.492133 -0.100000
v -4.604329 1.469030 -0.100000
v -4.651227 1.454804 -0.100000
v -4.700000 1.450000 -0.100000
v -4.748773 1.454804 -0.100000
v -4.795671 1.469030 -0.100000
v -4.838892 1.492133 -0.100000
v -4.876777 1.523223 -0.100000
v -4.907868 1.561108 -0.100000
v -4.930970 1.604329 -0.100000
v -4.945196 1.651227 -0.100000
v -4.950000 1.700000 -0.100000
v -4.945196 1.748773 -0.100000
v -4.930970 1.795671 -0.100000
v -4.907868 1.838893 -0.100000
v -4.876777 1.876777 -0.100000
v -4.838892 1.907867 -0.100000
v -4.795671 1.930970 -0.100000
v -4.748773 1.945196 -0.100000
v 4.700000 1.950000 -0.100000
v 4.748773 1.945196 -0.100000
v 4.795671 1.930970 -0.100000
v 4.838892 1.907867 -0.100000
v 4.876777 1.876777 -0.100000
v 4.907867 1.838893 -0.100000
v 4.930970 1.795671 -0.100000
v 4.945196 1.748773 -0.100000
v 4.950000 1.700000 -0.100000
v 4.945196 1.651227 -0.100000
v 4.930970 1.604329 -0.100000
v 4.907867 1.561108 -0.100000
v 4.876777 1.523223 -0.100000
v 4.838892 1.492133 -0.100000
v 4.795671 1.469030 -0.100000
v 4.748773 1.454804 -0.100000
v 4.700000 1.450000 -0.100000
v 4.651227 1.454804 -0.100000
v 4.604329 1.469030 -0.100000
v 4.561107 1.492133 -0.100000
v 4.523223 1.523223 -0.100000
v 4.492132 1.561108 -0.100000
v 4.469030 1.604329 -0.100000
v 4.454803 1.651227 -0.100000
v 4.450000 1.700000 -0.100000
v 4.454803 1.748773 -0.100000
v 4.469030 1.795671 -0.100000
v 4.492132 1.838893 -0.100000
v 4.523223 1.876777 -0.100000
v 4.561107 1.907867 -0.100000
v 4.604329 1.930970 -0.100000
v 4.651227 1.945196 -0.100000
v 1.600000 1.950000 -0.100000
v 1.648772 1.945196 -0.100000
v 1.695671 1.930970 -0.100000
v 1.738893 1.907867 -0.100000
v 1.776776 1.876777 -0.100000
v 1.807867 1.838893 -0.100000
v 1.830970 1.795671 -0.100000
v 1.845196 1.748773 -0.100000
v 1.850000 1.700000 -0.100000
v 1.845196 1.651227 -0.100000
v 1.830970 1.604329 -0.100000
v 1.807867 1.561108 -0.100000
v 1.776776 1.523223 -0.100000
v 1.738893 1.492133 -0.100000
v 1.695671 1.469030 -0.100000
v 1.648772 1.454804 -0.100000
v 1.600000 1.450000 -0.100000
v 1.551227 1.454804 -0.100000
v 1.504329 1.469030 -0.100000
v 1.461107 1.492133 -0.100000
v 1.423223 1.523223 -0.100000
v 1.392133 1.561108 -0.100000
v 1.369030 1.604329 -0.100000
v 1.354803 1.651227 -0.100000
v 1.350000 1.700000 -0.100000
v 1.354803 1.748773 -0.100000
v 1.369030 1.795671 -0.100000
v 1.392133 1.838893 -0.100000
v 1.423223 1.876777 -0.100000
v 1.461107 1.907867 -0.100000
v 1.504329 1.930970 -0.100000
v 1.551227 1.945196 -0.100000
v -1.600000 1.950000 -0.100000
v -1.551227 1.945196 -0.100000
v -1.504329 1.930970 -0.100000
v -1.461107 1.907867 -0.100000
v -1.423223 1.876777 -0.100000
v -1.392133 1.838893 -0.100000
v -1.369030 1.795671 -0.100000
v -1.354803 1.748773 -0.100000
v -1.350000 1.700000 -0.100000
v -1.354803 1.651227 -0.100000
v -1.369030 1.604329 -0.100000
v -1.392133 1.561108 -0.100000
v -1.423223 1.523223 -0.100000
v -1.461107 1.492133 -0.100000
v -1.504329 1.469030 -0.100000
v -1.551227 1.454804 -0.100000
v -1.600000 1.450000 -0.100000
v -1.648772 1.454804 -0.100000
v -1.695671 1.469030 -0.100000
v -1.738893 1.492133 -0.100000
v -1.776777 1.523223 -0.100000
v -1.807868 1.561108 -0.100000
v -1.830970 1.604329 -0.100000
v -1.845196 1.651227 -0.100000
v -1.850000 1.700000 -0.100000
v -1.845196 1.748773 -0.100000
v -1.830970 1.795671 -0.100000
v -1.807868 1.838893 -0.100000
v -1.776777 1.876777 -0.100000
v -1.738893 1.907867 -0.100000
v -1.695671 1.930970 -0.100000
v -1.648772 1.945196 -0.100000
v 1.600000 -1.450000 -0.100000
v 1.648772 -1.454804 -0.100000
v 1.695671 -1.469030 -0.100000
v 1.738893 -1.492133 -0.100000
v 1.776776 -1.523223 -0.100000
v 1.807867 -1.561107 -0.100000
v 1.830970 -1.604329 -0.100000
v 1.845196 -1.651227 -0.100000
v 1.850000 -1.700000 -0.100000
v 1.845196 -1.748773 -0.100000
v 1.830970 -1.795671 -0.100000
v 1.807867 -1.838892 -0.100000
v 1.776776 -1.876777 -0.100000
v 1.738893 -1.907867 -0.100000
v 1.695671 -1.930970 -0.100000
v 1.648772 -1.945196 -0.100000
v 1.600000 -1.950000 -0.100000
v 1.551227 -1.945196 -0.100000
v 1.504329 -1.930970 -0.100000
v 1.461107 -1.907867 -0.100000
v 1.423223 -1.876777 -0.100000
v 1.392133 -1.838892 -0.100000
v 1.369030 -1.795671 -0.100000
v 1.354803 -1.748773 -0.100000
v 1.350000 -1.700000 -0.100000
v 1.354803 -1.651227 -0.100000
v 1.369030 -1.604329 -0.100000
v 1.392133 -1.561107 -0.100000
v 1.423223 -1.523223 -0.100000
v 1.461107 -1.492133 -0.100000
v 1.504329 -1.469030 -0.100000
v 1.551227 -1.454804 -0.100000
v -1.600000 -1.450000 -0.100000
v -1.551227 -1.454804 -0.100000
v -1.504329 -1.469030 -0.100000
v -1.461107 -1.492133 -0.100000
v -1.423223 -1.523223 -0.100000
v -1.392133 -1.561107 -0.100000
v -1.369030 -1.604329 -0.100000
v -1.354803 -1.651227 -0.100000
v -1.350000 -1.700000 -0.100000
v -1.354803 -1.748773 -0.100000
v -1.369030 -1.795671 -0.100000
v -1.392133 -1.838892 -0.100000
v -1.423223 -1.876777 -0.100000
v -1.461107 -1.907867 -0.100000
v -1.504329 -1.930970 -0.100000
v -1.551227 -1.945196 -0.100000
v -1.600000 -1.950000 -0.100000
v -1.648772 -1.945196 -0.100000
v -1.695671 -1.930970 -0.100000
v -1.738893 -1.907867 -0.100000
v -1.776777 -1.876777 -0.100000
v -1.807868 -1.838892 -0.100000
v -1.830970 -1.795671 -0.100000
v -1.845196 -1.748773 -0.100000
v -1.850000 -1.700000 -0.100000
v -1.845196 -1.651227 -0.100000
v -1.830970 -1.604329 -0.100000
v -1.807868 -1.561107 -0.100000
v -1.776777 -1.523223 -0.100000
v -1.738893 -1.492133 -0.100000
v -1.695671 -1.469030 -0.100000
v -1.648772 -1.454804 -0.100000
v 4.700000 -1.450000 0.100000
v 4.748773 -1.454804 0.100000
v 4.795671 -1.469030 0.100000
v 4.838892 -1.492133 0.100000
v 4.876777 -1.523223 0.100000
v 4.907867 -1.561107 0.100000
v 4.930970 -1.604329 0.100000
v 4.945196 -1.651227 0.100000
v 4.950000 -1.700000 0.100000
v 4.945196 -1.748773 0.100000
v 4.930970 -1.795671 0.100000
v 4.907867 -1.838892 0.100000
v 4.876777 -1.876777 0.100000
v 4.838892 -1.907867 0.100000
v 4.795671 -1.930970 0.100000
v 4.748773 -1.945196 0.100000
v 4.700000 -1.950000 0.100000
v 4.651227 -1.945196 0.100000
v 4.604329 -1.930970 0.100000
v 4.561107 -1.907867 0.100000
v 4.523223 -1.876777 0.100000
v 4.492132 -1.838892 0.100000
v 4.469030 -1.795671 0.100000
v 4.454803 -1.748773 0.100000
v 4.450000 -1.700000 0.100000
v 4.454803 -1.651227 0.100000
v 4.469030 -1.604329 0.100000
v 4.492132 -1.561107 0.100000
v 4.523223 -1.523223 0.100000
v 4.561107 -1.492133 0.100000
v 4.604329 -1.469030 0.100000
v 4.651227 -1.454804 0.100000
v -4.700000 -1.450000 0.100000
v -4.651227 -1.454804 0.100000
v -4.604329 -1.469030 0.100000
v -4.561108 -1.492133 0.100000
v -4.523223 -1.523223 0.100000
v -4.492133 -1.561107 0.100000
v -4.469031 -1.604329 0.100000
v -4.454803 -1.651227 0.100000
v -4.450000 -1.700000 0.100000
v -4.454803 -1.748773 0.100000
v -4.469031 -1.795671 0.100000
v -4.492133 -1.838892 0.100000
v -4.523223 -1.876777 0.100000
v -4.561108 -1.907867 0.100000
v -4.604329 -1.930970 0.100000
v -4.651227 -1.945196 0.100000
v -4.700000 -1.950000 0.100000
v -4.748773 -1.945196 0.100000
v -4.795671 -1.930970 0.100000
v -4.838892 -1.907867 0.100000
v -4.876777 -1.876777 0.100000
v -4.907868 -1.838892 0.100000
v -4.930970 -1.795671 0.100000
v -4.945196 -1.748773 0.100000
v -4.950000 -1.700000 0.100000
v -4.945196 -1.651227 0.100000
v -4.930970 -1.604329 0.100000
v -4.907868 -1.561107 0.100000
v -4.876777 -1.523223 0.100000
v -4.838892 -1.492133 0.100000
v -4.795671 -1.469030 0.100000
v -4.748773 -1.454804 0.100000
v -4.700000 1.950000 0.100000
v -4.651227 1.945196 0.100000
v -4.604329 1.930970 0.100000
v -4.561108 1.907867 0.100000
v -4.523223 1.876777 0.100000
v -4.492133 1.838893 0.100000
v -4.469031 1.795671 0.100000
v -4.454803 1.748773 0.100000
v -4.450000 1.700000 0.100000
v -4.454803 1.651227 0.100000
v -4.469031 1.604329 0.100000
v -4.492133 1.561108 0.100000
v -4.523223 1.523223 0.100000
v -4.561108 1.492133 0.100000
v -4.604329 1.469030 0.100000
v -4.651227 1.454804 0.100000
v -4.700000 1.450000 0.100000
v -4.748773 1.454804 0.100000
v -4.795671 1.469030 0.100000
v -4.838892 1.492133 0.100000
v -4.876777 1.523223 0.100000
v -4.907868 1.561108 0.100000
v -4.930970 1.604329 0.100000
v -4.945196 1.651227 0.100000
v -4.950000 1.700000 0.100000
v -4.945196 1.748773 0.100000
v -4.930970 1.795671 0.100000
v -4.907868 1.838893 0.100000
v -4.876777 1.876777 0.100000
v -4.838892 1.907867 0.100000
v -4.795671 1.930970 0.100000
v -4.748773 1.945196 0.100000
v 4.700000 1.950000 0.100000
v 4.748773 1.945196 0.100000
v 4.795671 1.930970 0.100000
v 4.838892 1.907867 0.100000
v 4.876777 1.876777 0.100000
v 4.907867 1.838893 0.100000
v 4.930970 1.795671 0.100000
v 4.945196 1.748773 0.100000
v 4.950000 1.700000 0.100000
v 4.945196 1.651227 0.100000
v 4.930970 1.604329 0.100000
v 4.907867 1.561108 0.100000
v 4.876777 1.523223 0.100000
v 4.838892 1.492133 0.100000
v 4.795671 1.469030 0.100000
v 4.748773 1.454804 0.100000
v 4.700000 1.450000 0.100000
v 4.651227 1.454804 0.100000
v 4.604329 1.469030 0.100000
v 4.561107 1.492133 0.100000
v 4.523223 1.523223 0.100000
v 4.492132 1.561108 0.100000
v 4.469030 1.604329 0.100000
v 4.454803 1.651227 0.100000
v 4.450000 1.700000 0.100000
v 4.454803 1.748773 0.100000
v 4.469030 1.795671 0.100000
v 4.492132 1.838893 0.100000
v 4.523223 1.876777 0.100000
v 4.561107 1.907867 0.100000
v 4.604329 1.930970 0.100000
v 4.651227 1.945196 0.100000
v 1.600000 1.950000 0.100000
v 1.648772 1.945196 0.100000
v 1.695671 1.930970 0.100000
v 1.738893 1.907867 0.100000
v 1.776776 1.876777 0.100000
v 1.807867 1.838893 0.100000
v 1.830970 1.795671 0.100000
v 1.845196 1.748773 0.100000
v 1.850000 1.700000 0.100000
v 1.845196 1.651227 0.100000
v 1.830970 1.604329 0.100000
v 1.807867 1.561108 0.100000
v 1.776776 1.523223 0.100000
v 1.738893 1.492133 0.100000
v 1.695671 1.469030 0.100000
v 1.648772 1.454804 0.100000
v 1.600000 1.450000 0.100000
v 1.551227 1.454804 0.100000
v 1.504329 1.469030 0.100000
v 1.461107 1.492133 0.100000
v 1.423223 1.523223 0.100000
v 1.392133 1.561108 0.100000
v 1.369030 1.604329 0.100000
v 1.354803 1.651227 0.100000
v 1.350000 1.700000 0.100000
v 1.354803 1.748773 0.100000
v 1.369030 1.795671 0.100000
v 1.392133 1.838893 0.100000
v 1.423223 1.876777 0.100000
v 1.461107 1.907867 0.100000
v 1.504329 1.930970 0.100000
v 1.551227 1.945196 0.100000
v -1.600000 1.950000 0.100000
v -1.551227 1.945196 0.100000
v -1.504329 1.930970 0.100000
v -1.461107 1.907867 0.100000
v -1.423223 1.876777 0.100000
v -1.392133 1.838893 0.100000
v -1.369030 1.795671 0.100000
v -1.354803 1.748773 0.100000
v -1.350000 1.700000 0.100000
v -1.354803 1.651227 0.100000
v -1.369030 1.604329 0.100000
v -1.392133 1.561108 0.100000
v -1.423223 1.523223 0.100000
v -1.461107 1.492133 0.100000
v -1.504329 1.469030 0.100000
v -1.551227 1.454804 0.100000
v -1.600000 1.450000 0.100000
v -1.648772 1.454804 0.100000
v -1.695671 1.469030 0.100000
v -1.738893 1.492133 0.100000
v -1.776777 1.523223 0.100000
v -1.807868 1.561108 0.100000
v -1.830970 1.604329 0.100000
v -1.845196 1.651227 0.100000
v -1.850000 1.700000 0.100000
v -1.845196 1.748773 0.100000
v -1.830970 1.795671 0.100000
v -1.807868 1.838893 0.100000
v -1.776777 1.876777 0.100000
v -1.738893 1.907867 0.100000
v -1.695671 1.930970 0.100000
v -1.648772 1.945196 0.100000
v 1.600000 -1.450000 0.100000
v 1.648772 -1.454804 0.100000
v 1.695671 -1.469030 0.100000
v 1.738893 -1.492133 0.100000
v 1.776776 -1.523223 0.100000
v 1.807867 -1.561107 0.100000
v 1.830970 -1.604329 0.100000
v 1.845196 -1.651227 0.100000
v 1.850000 -1.700000 0.100000
v 1.845196 -1.748773 0.100000
v 1.830970 -1.795671 0.100000
v 1.807867 -1.838892 0.100000
v 1.776776 -1.876777 0.100000
v 1.738893 -1.907867 0.100000
v 1.695671 -1.930970 0.100000
v 1.648772 -1.945196 0.100000
v 1.600000 -1.950000 0.100000
v 1.551227 -1.945196 0.100000
v 1.504329 -1.930970 0.100000
v 1.461107 -1.907867 0.100000
v 1.423223 -1.876777 0.100000
v 1.392133 -1.838892 0.100000
v 1.369030 -1.795671 0.100000
v 1.354803 -1.748773 0.100000
v 1.350000 -1.700000 0.100000
v 1.354803 -1.651227 0.100000
v 1.369030 -1.604329 0.100000
v 1.392133 -1.561107 0.100000
v 1.423223 -1.523223 0.100000
v 1.461107 -1.492133 0.100000
v 1.504329 -1.469030 0.100000
v 1.551227 -1.454804 0.100000
v -1.600000 -1.450000 0.100000
v -1.551227 -1.454804 0.100000
v -1.504329 -1.469030 0.100000
v -1.461107 -1.492133 0.100000
v -1.423223 -1.523223 0.100000
v -1.392133 -1.561107 0.100000
v -1.369030 -1.604329 0.100000
v -1.354803 -1.651227 0.100000
v -1.350000 -1.700000 0.100000
v -1.354803 -1.748773 0.100000
v -1.369030 -1.795671 0.100000
v -1.392133 -1.838892 0.100000
v -1.423223 -1.876777 0.100000
v -1.461107 -1.907867 0.100000
v -1.504329 -1.930970 0.100000
v -1.551227 -1.945196 0.100000
v -1.600000 -1.950000 0.100000
v -1.648772 -1.945196 0.100000
v -1.695671 -1.930970 0.100000
v -1.738893 -1.907867 0.100000
v -1.776777 -1.876777 0.100000
v -1.807868 -1.838892 0.100000
v -1.830970 -1.795671 0.100000
v -1.845196 -1.748773 0.100000
v -1.850000 -1.700000 0.100000
v -1.845196 -1.651227 0.100000
v -1.830970 -1.604329 0.100000
v -1.807868 -1.561107 0.100000
v -1.776777 -1.523223 0.100000
v -1.738893 -1.492133 0.100000
v -1.695671 -1.469030 0.100000
v -1.648772 -1.454804 0.100000
v -4.950000 -1.700000 -0.250000
v -4.950000 1.700000 -0.250000
v -4.945196 -1.748773 -0.250000
v -4.945196 -1.651227 -0.250000
v -4.945196 1.651227 -0.250000
v -4.945196 1.748773 -0.250000
v -4.907868 -1.561107 -0.250000
v -4.907868 1.561108 -0.250000
v -4.907868 -1.838892 -0.250000
v -4.930970 -1.795671 -0.250000
v -4.930970 -1.604329 -0.250000
v -4.930970 1.604329 -0.250000
v -4.930970 1.795671 -0.250000
v -4.907868 1.838893 -0.250000
v -4.876777 -1.523223 -0.250000
v -4.876777 1.523223 -0.250000
v -4.838892 -1.492133 -0.250000
v -4.838892 1.492133 -0.250000
v -4.795671 -1.469030 -0.250000
v -4.795671 1.469030 -0.250000
v -4.748773 -1.454804 -0.250000
v -4.748773 1.454804 -0.250000
v -4.748773 -1.945196 -0.250000
v -4.748773 1.945196 -0.250000
v -4.795671 -1.930970 -0.250000
v -4.795671 1.930970 -0.250000
v -4.838892 -1.907867 -0.250000
v -4.876777 -1.876777 -0.250000
v -4.876777 1.876777 -0.250000
v -4.838892 1.907867 -0.250000
v -4.700000 -1.450000 -0.250000
v -4.700000 1.450000 -0.250000
v -4.651227 -1.945196 -0.250000
v -4.651227 -1.454804 -0.250000
v -4.651227 1.454804 -0.250000
v -4.651227 1.945196 -0.250000
v -4.604329 -1.930970 -0.250000
v -4.604329 -1.469030 -0.250000
v -4.604329 1.469030 -0.250000
v -4.604329 1.930970 -0.250000
v -4.700000 -1.950000 -0.250000
v -4.561108 -1.907867 -0.250000
v -4.523223 -1.876777 -0.250000
v -4.492133 -1.838892 -0.250000
v -4.469031 -1.795671 -0.250000
v -4.454803 -1.748773 -0.250000
v -4.450000 -1.700000 -0.250000
v -4.454803 -1.651227 -0.250000
v -4.469031 -1.604329 -0.250000
v -4.492133 -1.561107 -0.250000
v -4.523223 -1.523223 -0.250000
v -4.561108 -1.492133 -0.250000
v -4.561108 1.492133 -0.250000
v -4.523223 1.523223 -0.250000
v -4.492133 1.561108 -0.250000
v -4.469031 1.604329 -0.250000
v -4.454803 1.651227 -0.250000
v -4.451441 1.714632 -0.250000
v -4.454803 1.748773 -0.250000
v -4.469031 1.795671 -0.250000
v -4.492133 1.838893 -0.250000
v -4.523223 1.876777 -0.250000
v -4.561108 1.907867 -0.250000
v -4.700000 1.950000 -0.250000
v -1.850000 1.700000 -0.250000
v -4.450000 1.700000 -0.250000
v -1.848559 1.685368 -0.250000
v -1.648772 1.454804 -0.250000
v -1.648772 1.945196 -0.250000
v -1.695671 1.469030 -0.250000
v -1.695671 1.930970 -0.250000
v -1.551227 1.454804 -0.250000
v -1.551227 1.945196 -0.250000
v -1.504329 1.469030 -0.250000
v -1.504329 1.930970 -0.250000
v -1.600000 1.450000 -0.250000
v -1.461107 1.492133 -0.250000
v -1.738893 1.492133 -0.250000
v -1.423223 1.523223 -0.250000
v -1.776777 1.523223 -0.250000
v -1.392133 1.561108 -0.250000
v -1.807868 1.561108 -0.250000
v -1.369030 1.604329 -0.250000
v -1.830970 1.604329 -0.250000
v -1.354803 1.651227 -0.250000
v -1.845196 1.651227 -0.250000
v -1.350000 1.700000 -0.250000
v -1.351441 1.714632 -0.250000
v -1.354803 1.748773 -0.250000
v -1.845196 1.748773 -0.250000
v -1.369030 1.795671 -0.250000
v -1.830970 1.795671 -0.250000
v -1.392133 1.838893 -0.250000
v -1.807868 1.838893 -0.250000
v -1.423223 1.876777 -0.250000
v -1.776777 1.876777 -0.250000
v -1.461107 1.907867 -0.250000
v -1.738893 1.907867 -0.250000
v -1.600000 1.950000 -0.250000
v 1.551227 1.454804 -0.250000
v 1.551227 1.945196 -0.250000
v 1.504329 1.469030 -0.250000
v 1.504329 1.930970 -0.250000
v 1.648772 1.454804 -0.250000
v 1.648772 1.945196 -0.250000
v 1.695671 1.469030 -0.250000
v 1.695671 1.930970 -0.250000
v 1.850000 1.700000 -0.250000
v 1.845196 1.748773 -0.250000
v 1.845196 1.651227 -0.250000
v 1.830970 1.795671 -0.250000
v 1.807867 1.561108 -0.250000
v 1.830970 1.604329 -0.250000
v 1.807867 1.838893 -0.250000
v 1.776776 1.876777 -0.250000
v 1.738893 1.492133 -0.250000
v 1.776776 1.523223 -0.250000
v 1.738893 1.907867 -0.250000
v 1.600000 1.950000 -0.250000
v 1.600000 1.450000 -0.250000
v 1.461107 1.492133 -0.250000
v 1.423223 1.523223 -0.250000
v 1.392133 1.561108 -0.250000
v 1.369030 1.604329 -0.250000
v 1.354803 1.651227 -0.250000
v 1.351441 1.685368 -0.250000
v 1.350000 1.700000 -0.250000
v 1.354803 1.748773 -0.250000
v 1.369030 1.795671 -0.250000
v 1.392133 1.838893 -0.250000
v 1.423223 1.876777 -0.250000
v 1.461107 1.907867 -0.250000
v -1.850000 -1.700000 -0.250000
v -1.845196 -1.748773 -0.250000
v -1.845196 -1.651227 -0.250000
v -1.807868 -1.838892 -0.250000
v -1.830970 -1.795671 -0.250000
v -1.830970 -1.604329 -0.250000
v -1.807868 -1.561107 -0.250000
v -1.648772 -1.945196 -0.250000
v -1.648772 -1.454804 -0.250000
v -1.695671 -1.930970 -0.250000
v -1.695671 -1.469030 -0.250000
v -1.738893 -1.907867 -0.250000
v -1.776777 -1.876777 -0.250000
v -1.776777 -1.523223 -0.250000
v -1.738893 -1.492133 -0.250000
v -1.551227 -1.945196 -0.250000
v -1.551227 -1.454804 -0.250000
v -1.504329 -1.930970 -0.250000
v -1.504329 -1.469030 -0.250000
v -1.600000 -1.950000 -0.250000
v -1.461107 -1.907867 -0.250000
v -1.423223 -1.876777 -0.250000
v -1.392133 -1.838892 -0.250000
v -1.369030 -1.795671 -0.250000
v -1.354803 -1.748773 -0.250000
v -1.351441 -1.685368 -0.250000
v -1.354803 -1.651227 -0.250000
v -1.369030 -1.604329 -0.250000
v -1.392133 -1.561107 -0.250000
v -1.423223 -1.523223 -0.250000
v -1.461107 -1.492133 -0.250000
v -1.600000 -1.450000 -0.250000
v 1.350000 -1.700000 -0.250000
v -1.350000 -1.700000 -0.250000
v 1.351441 -1.714632 -0.250000
v 1.551227 -1.945196 -0.250000
v 1.551227 -1.454804 -0.250000
v 1.504329 -1.930970 -0.250000
v 1.504329 -1.469030 -0.250000
v 1.648772 -1.945196 -0.250000
v 1.648772 -1.454804 -0.250000
v 1.695671 -1.930970 -0.250000
v 1.695671 -1.469030 -0.250000
v 1.600000 -1.950000 -0.250000
v 1.738893 -1.907867 -0.250000
v 1.461107 -1.907867 -0.250000
v 1.776776 -1.876777 -0.250000
v 1.423223 -1.876777 -0.250000
v 1.807867 -1.838892 -0.250000
v 1.392133 -1.838892 -0.250000
v 1.830970 -1.795671 -0.250000
v 1.369030 -1.795671 -0.250000
v 1.845196 -1.748773 -0.250000
v 1.354803 -1.748773 -0.250000
v 1.850000 -1.700000 -0.250000
v 1.848559 -1.685368 -0.250000
v 1.845196 -1.651227 -0.250000
v 1.354803 -1.651227 -0.250000
v 1.830970 -1.604329 -0.250000
v 1.369030 -1.604329 -0.250000
v 1.807867 -1.561107 -0.250000
v 1.392133 -1.561107 -0.250000
v 1.776776 -1.523223 -0.250000
v 1.423223 -1.523223 -0.250000
v 1.738893 -1.492133 -0.250000
v 1.461107 -1.492133 -0.250000
v 1.600000 -1.450000 -0.250000
v 4.700000 -1.450000 -0.250000
v 4.700000 1.450000 -0.250000
v 4.651227 -1.945196 -0.250000
v 4.651227 -1.454804 -0.250000
v 4.651227 1.454804 -0.250000
v 4.651227 1.945196 -0.250000
v 4.604329 -1.930970 -0.250000
v 4.604329 -1.469030 -0.250000
v 4.604329 1.469030 -0.250000
v 4.604329 1.930970 -0.250000
v 4.748773 -1.454804 -0.250000
v 4.748773 1.454804 -0.250000
v 4.795671 -1.469030 -0.250000
v 4.795671 1.469030 -0.250000
v 4.748773 -1.945196 -0.250000
v 4.748773 1.945196 -0.250000
v 4.838892 -1.492133 -0.250000
v 4.838892 1.492133 -0.250000
v 4.876777 -1.523223 -0.250000
v 4.876777 1.523223 -0.250000
v 4.795671 -1.930970 -0.250000
v 4.795671 1.930970 -0.250000
v 4.907867 -1.561108 -0.250000
v 4.907867 1.561108 -0.250000
v 4.950000 1.700000 -0.250000
v 4.950000 -1.700000 -0.250000
v 4.945196 1.748773 -0.250000
v 4.945196 -1.748773 -0.250000
v 4.945196 -1.651227 -0.250000
v 4.945196 1.651227 -0.250000
v 4.930970 1.795671 -0.250000
v 4.907867 -1.838892 -0.250000
v 4.930970 -1.795671 -0.250000
v 4.930970 -1.604329 -0.250000
v 4.930970 1.604329 -0.250000
v 4.907867 1.838893 -0.250000
v 4.876777 1.876777 -0.250000
v 4.838892 -1.907867 -0.250000
v 4.876777 -1.876777 -0.250000
v 4.838892 1.907867 -0.250000
v 4.700000 1.950000 -0.250000
v 4.700000 -1.950000 -0.250000
v 4.561107 -1.907867 -0.250000
v 4.523223 -1.876777 -0.250000
v 4.492132 -1.838892 -0.250000
v 4.469030 -1.795671 -0.250000
v 4.454803 -1.748773 -0.250000
v 4.451441 -1.714632 -0.250000
v 4.450000 -1.700000 -0.250000
v 4.454803 -1.651227 -0.250000
v 4.469030 -1.604329 -0.250000
v 4.492132 -1.561108 -0.250000
v 4.523223 -1.523223 -0.250000
v 4.561107 -1.492133 -0.250000
v 4.561107 1.492133 -0.250000
v 4.523223 1.523223 -0.250000
v 4.492132 1.561108 -0.250000
v 4.469030 1.604329 -0.250000
v 4.454803 1.651227 -0.250000
v 4.450000 1.700000 -0.250000
v 4.454803 1.748773 -0.250000
v 4.469030 1.795671 -0.250000
v 4.492132 1.838893 -0.250000
v 4.523223 1.876777 -0.250000
v 4.561107 1.907867 -0.250000
v -1.850000 1.700000 0.250000
v -1.845196 1.651227 0.250000
v -1.845196 1.748773 0.250000
v -1.807868 1.561108 0.250000
v -1.830970 1.604329 0.250000
v -1.830970 1.795671 0.250000
v -1.807868 1.838893 0.250000
v -1.648772 1.454804 0.250000
v -1.648772 1.945196 0.250000
v -1.695671 1.469030 0.250000
v -1.695671 1.930970 0.250000
v -1.738893 1.492133 0.250000
v -1.776777 1.523223 0.250000
v -1.776777 1.876777 0.250000
v -1.738893 1.907867 0.250000
v -1.551227 1.454804 0.250000
v -1.551227 1.945196 0.250000
v -1.504329 1.469030 0.250000
v -1.504329 1.930970 0.250000
v -1.600000 1.450000 0.250000
v -1.461107 1.492133 0.250000
v -1.423223 1.523223 0.250000
v -1.392133 1.561108 0.250000
v -1.369030 1.604329 0.250000
v -1.354803 1.651227 0.250000
v -1.351441 1.685368 0.250000
v -1.354803 1.748773 0.250000
v -1.369030 1.795671 0.250000
v -1.392133 1.838893 0.250000
v -1.423223 1.876777 0.250000
v -1.461107 1.907867 0.250000
v -1.600000 1.950000 0.250000
v -1.350000 1.700000 0.250000
v 1.350000 1.700000 0.250000
v 1.351441 1.714632 0.250000
v 1.551227 1.454804 0.250000
v 1.551227 1.945196 0.250000
v 1.504329 1.469030 0.250000
v 1.504329 1.930970 0.250000
v 1.648772 1.454804 0.250000
v 1.648772 1.945196 0.250000
v 1.695671 1.469030 0.250000
v 1.695671 1.930970 0.250000
v 1.600000 1.450000 0.250000
v 1.461107 1.492133 0.250000
v 1.738893 1.492133 0.250000
v 1.423223 1.523223 0.250000
v 1.776776 1.523223 0.250000
v 1.392133 1.561108 0.250000
v 1.807867 1.561108 0.250000
v 1.369030 1.604329 0.250000
v 1.830970 1.604329 0.250000
v 1.354803 1.651227 0.250000
v 1.845196 1.651227 0.250000
v 1.848559 1.685368 0.250000
v 1.850000 1.700000 0.250000
v 1.354803 1.748773 0.250000
v 1.845196 1.748773 0.250000
v 1.369030 1.795671 0.250000
v 1.830970 1.795671 0.250000
v 1.392133 1.838893 0.250000
v 1.807867 1.838893 0.250000
v 1.423223 1.876777 0.250000
v 1.776776 1.876777 0.250000
v 1.461107 1.907867 0.250000
v 1.738893 1.907867 0.250000
v 1.600000 1.950000 0.250000
v 4.700000 -1.450000 0.250000
v 4.700000 1.450000 0.250000
v 4.651227 1.454804 0.250000
v 4.651227 -1.945196 0.250000
v 4.651227 -1.454804 0.250000
v 4.651227 1.945196 0.250000
v 4.604329 -1.930970 0.250000
v 4.604329 -1.469030 0.250000
v 4.604329 1.469030 0.250000
v 4.604329 1.930970 0.250000
v 4.748773 -1.454804 0.250000
v 4.748773 1.454804 0.250000
v 4.795671 -1.469030 0.250000
v 4.795671 1.469030 0.250000
v 4.748773 -1.945196 0.250000
v 4.748773 1.945196 0.250000
v 4.838892 -1.492133 0.250000
v 4.838892 1.492133 0.250000
v 4.876777 -1.523223 0.250000
v 4.876777 1.523223 0.250000
v 4.795671 -1.930970 0.250000
v 4.795671 1.930970 0.250000
v 4.907867 -1.561107 0.250000
v 4.907867 1.561108 0.250000
v 4.950000 -1.700000 0.250000
v 4.950000 1.700000 0.250000
v 4.945196 1.748773 0.250000
v 4.945196 -1.748773 0.250000
v 4.945196 -1.651227 0.250000
v 4.945196 1.651227 0.250000
v 4.930970 1.795671 0.250000
v 4.907867 -1.838892 0.250000
v 4.930970 -1.795671 0.250000
v 4.930970 -1.604329 0.250000
v 4.930970 1.604329 0.250000
v 4.907867 1.838893 0.250000
v 4.876777 1.876777 0.250000
v 4.838892 -1.907867 0.250000
v 4.876777 -1.876777 0.250000
v 4.838892 1.907867 0.250000
v 4.700000 1.950000 0.250000
v 4.700000 -1.950000 0.250000
v 4.561107 -1.907867 0.250000
v 4.523223 -1.876777 0.250000
v 4.492132 -1.838892 0.250000
v 4.469030 -1.795671 0.250000
v 4.454803 -1.748773 0.250000
v 4.450000 -1.700000 0.250000
v 4.454803 -1.651227 0.250000
v 4.469030 -1.604329 0.250000
v 4.492132 -1.561107 0.250000
v 4.523223 -1.523223 0.250000
v 4.561107 -1.492133 0.250000
v 4.561107 1.492133 0.250000
v 4.523223 1.523223 0.250000
v 4.492132 1.561108 0.250000
v 4.469030 1.604329 0.250000
v 4.454803 1.651227 0.250000
v 4.450000 1.700000 0.250000
v 4.451441 1.714632 0.250000
v 4.454803 1.748773 0.250000
v 4.469030 1.795671 0.250000
v 4.492132 1.838893 0.250000
v 4.523223 1.876777 0.250000
v 4.561107 1.907867 0.250000
v -4.950000 -1.700000 0.250000
v -4.950000 1.700000 0.250000
v -4.945196 -1.748773 0.250000
v -4.945196 -1.651227 0.250000
v -4.945196 1.651227 0.250000
v -4.945196 1.748773 0.250000
v -4.907868 1.561108 0.250000
v -4.907868 -1.561107 0.250000
v -4.907868 -1.838892 0.250000
v -4.930970 -1.795671 0.250000
v -4.930970 -1.604329 0.250000
v -4.930970 1.604329 0.250000
v -4.930970 1.795671 0.250000
v -4.907868 1.838893 0.250000
v -4.876777 1.523223 0.250000
v -4.876777 -1.523223 0.250000
v -4.838892 1.492133 0.250000
v -4.838892 -1.492133 0.250000
v -4.795671 1.469030 0.250000
v -4.795671 -1.469030 0.250000
v -4.748773 1.454804 0.250000
v -4.748773 -1.454804 0.250000
v -4.748773 -1.945196 0.250000
v -4.748773 1.945196 0.250000
v -4.795671 -1.930970 0.250000
v -4.795671 1.930970 0.250000
v -4.838892 -1.907867 0.250000
v -4.876777 -1.876777 0.250000
v -4.876777 1.876777 0.250000
v -4.838892 1.907867 0.250000
v -4.700000 1.450000 0.250000
v -4.700000 -1.450000 0.250000
v -4.651227 -1.945196 0.250000
v -4.651227 -1.454804 0.250000
v -4.651227 1.454804 0.250000
v -4.651227 1.945196 0.250000
v -4.604329 -1.930970 0.250000
v -4.604329 -1.469030 0.250000
v -4.604329 1.469030 0.250000
v -4.604329 1.930970 0.250000
v -4.700000 -1.950000 0.250000
v -4.561108 -1.907867 0.250000
v -4.523223 -1.876777 0.250000
v -4.492133 -1.838892 0.250000
v -4.469031 -1.795671 0.250000
v -4.454803 -1.748773 0.250000
v -4.451441 -1.714632 0.250000
v -4.450000 -1.700000 0.250000
v -4.454803 -1.651227 0.250000
v -4.469031 -1.604329 0.250000
v -4.492133 -1.561107 0.250000
v -4.523223 -1.523223 0.250000
v -4.561108 -1.492133 0.250000
v -4.561108 1.492133 0.250000
v -4.523223 1.523223 0.250000
v -4.492133 1.561108 0.250000
v -4.469031 1.604329 0.250000
v -4.454803 1.651227 0.250000
v -4.454803 1.748773 0.250000
v -4.469031 1.795671 0.250000
v -4.492133 1.838893 0.250000
v -4.523223 1.876777 0.250000
v -4.561108 1.907867 0.250000
v -4.700000 1.950000 0.250000
v -1.648772 -1.945196 0.250000
v -1.648772 -1.454804 0.250000
v -1.695671 -1.930970 0.250000
v -1.695671 -1.469030 0.250000
v -1.551227 -1.945196 0.250000
v -1.551227 -1.454804 0.250000
v -1.504329 -1.930970 0.250000
v -1.504329 -1.469030 0.250000
v -1.600000 -1.950000 0.250000
v -1.738893 -1.907867 0.250000
v -1.461107 -1.907867 0.250000
v -1.776777 -1.876777 0.250000
v -1.423223 -1.876777 0.250000
v -1.807868 -1.838892 0.250000
v -1.392133 -1.838892 0.250000
v -1.830970 -1.795671 0.250000
v -1.369030 -1.795671 0.250000
v -1.845196 -1.748773 0.250000
v -1.354803 -1.748773 0.250000
v -1.351441 -1.714632 0.250000
v -1.850000 -1.700000 0.250000
v -1.350000 -1.700000 0.250000
v -1.848559 -1.685368 0.250000
v -1.845196 -1.651227 0.250000
v -1.354803 -1.651227 0.250000
v -1.830970 -1.604329 0.250000
v -1.369030 -1.604329 0.250000
v -1.807868 -1.561107 0.250000
v -1.392133 -1.561107 0.250000
v -1.776777 -1.523223 0.250000
v -1.423223 -1.523223 0.250000
v -1.738893 -1.492133 0.250000
v -1.461107 -1.492133 0.250000
v -1.600000 -1.450000 0.250000
v 1.551227 -1.945196 0.250000
v 1.551227 -1.454804 0.250000
v 1.504329 -1.930970 0.250000
v 1.504329 -1.469030 0.250000
v 1.648772 -1.945196 0.250000
v 1.648772 -1.454804 0.250000
v 1.695671 -1.930970 0.250000
v 1.695671 -1.469030 0.250000
v 1.850000 -1.700000 0.250000
v 1.845196 -1.651227 0.250000
v 1.845196 -1.748773 0.250000
v 1.830970 -1.604329 0.250000
v 1.807867 -1.838892 0.250000
v 1.830970 -1.795671 0.250000
v 1.807867 -1.561107 0.250000
v 1.776776 -1.523223 0.250000
v 1.738893 -1.907867 0.250000
v 1.776776 -1.876777 0.250000
v 1.738893 -1.492133 0.250000
v 1.600000 -1.950000 0.250000
v 1.461107 -1.907867 0.250000
v 1.423223 -1.876777 0.250000
v 1.392133 -1.838892 0.250000
v 1.369030 -1.795671 0.250000
v 1.354803 -1.748773 0.250000
v 1.350000 -1.700000 0.250000
v 1.351441 -1.685368 0.250000
v 1.354803 -1.651227 0.250000
v 1.369030 -1.604329 0.250000
v 1.392133 -1.561107 0.250000
v 1.423223 -1.523223 0.250000
v 1.461107 -1.492133 0.250000
v 1.600000 -1.450000 0.250000
v -4.450000 1.700000 0.250000
v 5.500000 -2.500000 0.500000
v 5.500000 2.500000 0.500000
v 5.500000 -2.500000 -0.500000
v 5.500000 2.500000 -0.500000
v 6.000000 -2.500000 0.500000
v 6.000000 2.500000 0.500000
v 6.000000 -2.500000 -0.500000
v 6.000000 2.500000 -0.500000
v -6.000000 -2.500000 0.500000
v -6.000000 2.500000 0.500000
v -6.000000 -2.500000 -0.500000
v -6.000000 2.500000 -0.500000
v -5.500000 -2.500000 0.500000
v -5.500000 2.500000 0.500000
v -5.500000 -2.500000 -0.500000
v -5.500000 2.500000 -0.500000
vn -1.0000 -0.0000 -0.0000
vn -0.0000 -0.0000 -1.0000
vn 1.0000 -0.0000 -0.0000
vn -0.0000 -0.0000 1.0000
vn -0.0000 -1.0000 -0.0000
vn -0.0000 1.0000 -0.0000
vn -0.0980 -0.9952 -0.0000
vn -0.2903 -0.9569 -0.0000
vn -0.4714 -0.8819 -0.0000
vn -0.6344 -0.7730 -0.0000
vn -0.7730 -0.6344 -0.0000
vn -0.8819 -0.4714 -0.0000
vn -0.9569 -0.2903 -0.0000
vn -0.9952 -0.0980 -0.0000
vn -0.9952 0.0980 -0.0000
vn -0.9569 0.2903 -0.0000
vn -0.8819 0.4714 -0.0000
vn -0.7730 0.6344 -0.0000
vn -0.6344 0.7730 -0.0000
vn -0.4714 0.8819 -0.0000
vn -0.2903 0.9569 -0.0000
vn -0.0980 0.9952 -0.0000
vn 0.0980 0.9952 -0.0000
vn 0.2903 0.9569 -0.0000
vn 0.4714 0.8819 -0.0000
vn 0.6344 0.7730 -0.0000
vn 0.7730 0.6344 -0.0000
vn 0.8819 0.4714 -0.0000
vn 0.9569 0.2903 -0.0000
vn 0.9952 0.0980 -0.0000
vn 0.9952 -0.0980 -0.0000
vn 0.9569 -0.2903 -0.0000
vn 0.8819 -0.4714 -0.0000
vn 0.7730 -0.6344 -0.0000
vn 0.6344 -0.7730 -0.0000
vn 0.4714 -0.8819 -0.0000
vn 0.2903 -0.9569 -0.0000
vn 0.0980 -0.9952 -0.0000
vt 0.098831 0.607548
vt 0.068900 0.637479
vt 0.068900 0.607548
vt 0.092839 0.639963
vt 0.092752 0.640085
vt 0.074979 0.640085
vt 0.071954 0.656609
vt 0.071983 0.656736
vt 0.068900 0.667411
vt 0.094250 0.648931
vt 0.094250 0.655959
vt 0.094160 0.655962
vt 0.094250 0.640863
vt 0.094250 0.647630
vt 0.094160 0.647634
vt 0.073481 0.648931
vt 0.073481 0.655959
vt 0.073391 0.655962
vt 0.074892 0.664927
vt 0.074979 0.664805
vt 0.092752 0.664805
vt 0.073481 0.657260
vt 0.073481 0.664027
vt 0.073391 0.664031
vt 0.098831 0.667411
vt 0.068900 0.697342
vt 0.094250 0.715822
vt 0.094250 0.708794
vt 0.094339 0.708790
vt 0.092839 0.699826
vt 0.092752 0.699948
vt 0.074979 0.699948
vt 0.071954 0.716472
vt 0.071983 0.716599
vt 0.068900 0.727274
vt 0.094250 0.700726
vt 0.094250 0.707493
vt 0.094160 0.707497
vt 0.074892 0.724790
vt 0.074979 0.724668
vt 0.092752 0.724668
vt 0.073481 0.708794
vt 0.073481 0.715822
vt 0.073391 0.715825
vt 0.073481 0.717123
vt 0.073481 0.723890
vt 0.073391 0.723894
vt 0.038968 0.697342
vt 0.038968 0.667411
vt 0.128763 0.667411
vt 0.098831 0.697342
vt 0.165785 0.847368
vt 0.183744 0.843627
vt 0.165785 0.843627
vt 0.183744 0.839885
vt 0.165785 0.839885
vt 0.183744 0.836144
vt 0.165785 0.836144
vt 0.183744 0.832402
vt 0.165785 0.832402
vt 0.183744 0.828661
vt 0.165785 0.828661
vt 0.183744 0.824919
vt 0.165785 0.824919
vt 0.183744 0.821178
vt 0.165785 0.821178
vt 0.183744 0.817436
vt 0.165785 0.817436
vt 0.183744 0.813695
vt 0.165785 0.813695
vt 0.183744 0.809954
vt 0.165785 0.809954
vt 0.183744 0.806212
vt 0.165785 0.806212
vt 0.183744 0.802471
vt 0.165785 0.802471
vt 0.183744 0.798729
vt 0.165785 0.798729
vt 0.183744 0.794988
vt 0.165785 0.794988
vt 0.165785 0.791246
vt 0.183744 0.791246
vt 0.165785 0.787505
vt 0.183744 0.787505
vt 0.165785 0.783764
vt 0.183744 0.783764
vt 0.165785 0.780022
vt 0.183744 0.780022
vt 0.183744 0.776281
vt 0.165785 0.776281
vt 0.183744 0.772539
vt 0.165785 0.772539
vt 0.183744 0.768798
vt 0.165785 0.768798
vt 0.183744 0.765056
vt 0.165785 0.765056
vt 0.183744 0.761315
vt 0.165785 0.761315
vt 0.183744 0.758696
vt 0.165785 0.757573
vt 0.183744 0.753832
vt 0.165785 0.753832
vt 0.183744 0.750091
vt 0.165785 0.750091
vt 0.183744 0.746349
vt 0.165785 0.746349
vt 0.183744 0.742608
vt 0.165785 0.742608
vt 0.183744 0.738866
vt 0.165785 0.738866
vt 0.183744 0.735125
vt 0.165785 0.735125
vt 0.339493 0.839416
vt 0.344176 0.836286
vt 0.312402 0.788733
vt 0.183744 0.731383
vt 0.165785 0.731383
vt 0.183744 0.727642
vt 0.165785 0.727642
vt 0.257053 0.727642
vt 0.239094 0.731383
vt 0.257053 0.731383
vt 0.239094 0.735125
vt 0.257053 0.735125
vt 0.239094 0.738866
vt 0.257053 0.738866
vt 0.239094 0.742608
vt 0.257053 0.742608
vt 0.239094 0.746349
vt 0.257053 0.746349
vt 0.239094 0.750091
vt 0.257053 0.750091
vt 0.239094 0.753832
vt 0.257053 0.753832
vt 0.239094 0.757573
vt 0.257053 0.757573
vt 0.239094 0.761315
vt 0.257053 0.761315
vt 0.239094 0.765056
vt 0.257053 0.765056
vt 0.239094 0.768798
vt 0.257053 0.768798
vt 0.239094 0.772539
vt 0.257053 0.772539
vt 0.239094 0.776281
vt 0.257053 0.776281
vt 0.239094 0.780022
vt 0.257053 0.780022
vt 0.257053 0.783764
vt 0.239094 0.783764
vt 0.257053 0.787505
vt 0.239094 0.787505
vt 0.257053 0.791246
vt 0.239094 0.791246
vt 0.257053 0.794988
vt 0.239094 0.794988
vt 0.239094 0.798729
vt 0.257053 0.798729
vt 0.239094 0.802471
vt 0.257053 0.802471
vt 0.239094 0.806212
vt 0.257053 0.806212
vt 0.239094 0.809954
vt 0.257053 0.809954
vt 0.239094 0.813695
vt 0.257053 0.813695
vt 0.239094 0.817436
vt 0.257053 0.817436
vt 0.239094 0.821178
vt 0.257053 0.821178
vt 0.239094 0.824919
vt 0.257053 0.824919
vt 0.239094 0.828661
vt 0.257053 0.828661
vt 0.239094 0.832402
vt 0.257053 0.832402
vt 0.239094 0.836144
vt 0.257053 0.836144
vt 0.239094 0.839885
vt 0.257053 0.839885
vt 0.356347 0.661485
vt 0.361031 0.658355
vt 0.329257 0.610802
vt 0.239094 0.843627
vt 0.257053 0.843627
vt 0.239094 0.847368
vt 0.257053 0.847368
vt 0.293707 0.727642
vt 0.275748 0.731383
vt 0.293707 0.731383
vt 0.275748 0.735125
vt 0.293707 0.735125
vt 0.275748 0.738866
vt 0.293707 0.738866
vt 0.275748 0.742608
vt 0.293707 0.742608
vt 0.275748 0.746349
vt 0.293707 0.746349
vt 0.275748 0.750091
vt 0.293707 0.750091
vt 0.275748 0.753832
vt 0.293707 0.753832
vt 0.275748 0.756451
vt 0.293707 0.757573
vt 0.275748 0.761315
vt 0.293707 0.761315
vt 0.275748 0.765056
vt 0.293707 0.765056
vt 0.275748 0.768798
vt 0.293707 0.768798
vt 0.275748 0.772539
vt 0.293707 0.772539
vt 0.275748 0.776281
vt 0.293707 0.776281
vt 0.275748 0.780022
vt 0.293707 0.780022
vt 0.293707 0.783764
vt 0.275748 0.783764
vt 0.293707 0.787505
vt 0.275748 0.787505
vt 0.293707 0.791246
vt 0.275748 0.791246
vt 0.293707 0.794988
vt 0.275748 0.794988
vt 0.275748 0.798729
vt 0.293707 0.798729
vt 0.275748 0.802471
vt 0.293707 0.802471
vt 0.275748 0.806212
vt 0.293707 0.806212
vt 0.275748 0.809954
vt 0.293707 0.809954
vt 0.275748 0.813695
vt 0.293707 0.813695
vt 0.275748 0.817436
vt 0.293707 0.817436
vt 0.275748 0.821178
vt 0.293707 0.821178
vt 0.275748 0.824919
vt 0.293707 0.824919
vt 0.275748 0.828661
vt 0.293707 0.828661
vt 0.275748 0.832402
vt 0.293707 0.832402
vt 0.275748 0.836144
vt 0.293707 0.836144
vt 0.275748 0.839885
vt 0.293707 0.839885
vt 0.356347 0.719045
vt 0.361031 0.715915
vt 0.329257 0.668362
vt 0.275748 0.843627
vt 0.293707 0.843627
vt 0.275748 0.847368
vt 0.293707 0.847368
vt 0.310561 0.607548
vt 0.292602 0.611289
vt 0.310561 0.611289
vt 0.292602 0.615030
vt 0.310561 0.615030
vt 0.292602 0.618772
vt 0.310561 0.618772
vt 0.292602 0.622513
vt 0.310561 0.622513
vt 0.292602 0.626255
vt 0.310561 0.626255
vt 0.292602 0.629996
vt 0.310561 0.629996
vt 0.292602 0.633738
vt 0.310561 0.633738
vt 0.292602 0.637479
vt 0.310561 0.637479
vt 0.292602 0.641221
vt 0.310561 0.641221
vt 0.292602 0.644962
vt 0.310561 0.644962
vt 0.292602 0.648703
vt 0.310561 0.648703
vt 0.292602 0.652445
vt 0.310561 0.652445
vt 0.292602 0.656186
vt 0.310561 0.656186
vt 0.292602 0.659928
vt 0.310561 0.659928
vt 0.310561 0.663669
vt 0.292602 0.663669
vt 0.310561 0.667411
vt 0.292602 0.667411
vt 0.310561 0.671152
vt 0.292602 0.671152
vt 0.310561 0.674893
vt 0.292602 0.674893
vt 0.292602 0.678635
vt 0.310561 0.678635
vt 0.292602 0.682376
vt 0.310561 0.682376
vt 0.292602 0.686118
vt 0.310561 0.686118
vt 0.292602 0.689859
vt 0.310561 0.689859
vt 0.292602 0.693601
vt 0.310561 0.693601
vt 0.292602 0.697342
vt 0.310561 0.697342
vt 0.292602 0.701084
vt 0.310561 0.701084
vt 0.292602 0.704825
vt 0.310561 0.704825
vt 0.292602 0.708566
vt 0.310561 0.708566
vt 0.292602 0.712308
vt 0.310561 0.712308
vt 0.292602 0.716049
vt 0.310561 0.716049
vt 0.292602 0.719791
vt 0.310561 0.719791
vt 0.370270 0.901674
vt 0.374953 0.898544
vt 0.343179 0.850991
vt 0.292602 0.723532
vt 0.310561 0.723532
vt 0.292602 0.727274
vt 0.310561 0.727274
vt 0.328888 0.607548
vt 0.310929 0.611289
vt 0.328888 0.611289
vt 0.310929 0.615030
vt 0.328888 0.615030
vt 0.310929 0.618772
vt 0.328888 0.618772
vt 0.310929 0.622513
vt 0.328888 0.622513
vt 0.310929 0.626255
vt 0.328888 0.626255
vt 0.310929 0.629996
vt 0.328888 0.629996
vt 0.310929 0.633738
vt 0.328888 0.633738
vt 0.310929 0.637479
vt 0.328888 0.637479
vt 0.310929 0.641221
vt 0.328888 0.641221
vt 0.310929 0.644962
vt 0.328888 0.644962
vt 0.310929 0.648703
vt 0.328888 0.648703
vt 0.310929 0.652445
vt 0.328888 0.652445
vt 0.310929 0.656186
vt 0.328888 0.656186
vt 0.310929 0.659928
vt 0.328888 0.659928
vt 0.328888 0.663669
vt 0.310929 0.663669
vt 0.328888 0.667411
vt 0.310929 0.667411
vt 0.328888 0.671152
vt 0.310929 0.671152
vt 0.328888 0.674893
vt 0.310929 0.674893
vt 0.310929 0.678635
vt 0.328888 0.678635
vt 0.310929 0.682376
vt 0.328888 0.682376
vt 0.310929 0.686118
vt 0.328888 0.686118
vt 0.310929 0.689859
vt 0.328888 0.689859
vt 0.310929 0.693601
vt 0.328888 0.693601
vt 0.310929 0.696220
vt 0.328888 0.697342
vt 0.310929 0.701084
vt 0.328888 0.701084
vt 0.310929 0.704825
vt 0.328888 0.704825
vt 0.310929 0.708566
vt 0.328888 0.708566
vt 0.310929 0.712308
vt 0.328888 0.712308
vt 0.310929 0.716049
vt 0.328888 0.716049
vt 0.310929 0.719791
vt 0.328888 0.719791
vt 0.370270 0.959234
vt 0.374953 0.956104
vt 0.343179 0.908551
vt 0.310929 0.723532
vt 0.328888 0.723532
vt 0.310929 0.727274
vt 0.328888 0.727274
vt 0.312034 0.727642
vt 0.294075 0.731383
vt 0.312034 0.731383
vt 0.294075 0.735125
vt 0.312034 0.735125
vt 0.294075 0.738866
vt 0.312034 0.738866
vt 0.294075 0.742608
vt 0.312034 0.742608
vt 0.294075 0.746349
vt 0.312034 0.746349
vt 0.294075 0.750091
vt 0.312034 0.750091
vt 0.294075 0.753832
vt 0.312034 0.753832
vt 0.294075 0.756451
vt 0.312034 0.757573
vt 0.294075 0.761315
vt 0.312034 0.761315
vt 0.294075 0.765056
vt 0.312034 0.765056
vt 0.294075 0.768798
vt 0.312034 0.768798
vt 0.294075 0.772539
vt 0.312034 0.772539
vt 0.294075 0.776281
vt 0.312034 0.776281
vt 0.294075 0.780022
vt 0.312034 0.780022
vt 0.312034 0.783764
vt 0.294075 0.783764
vt 0.312034 0.787505
vt 0.294075 0.787505
vt 0.312034 0.791246
vt 0.294075 0.791246
vt 0.312034 0.794988
vt 0.294075 0.794988
vt 0.294075 0.798729
vt 0.312034 0.798729
vt 0.294075 0.802471
vt 0.312034 0.802471
vt 0.294075 0.806212
vt 0.312034 0.806212
vt 0.294075 0.809954
vt 0.312034 0.809954
vt 0.294075 0.813695
vt 0.312034 0.813695
vt 0.294075 0.816314
vt 0.312034 0.817436
vt 0.294075 0.821178
vt 0.312034 0.821178
vt 0.294075 0.824919
vt 0.312034 0.824919
vt 0.294075 0.828661
vt 0.312034 0.828661
vt 0.294075 0.832402
vt 0.312034 0.832402
vt 0.294075 0.836144
vt 0.312034 0.836144
vt 0.294075 0.839885
vt 0.312034 0.839885
vt 0.066058 0.959510
vt 0.070742 0.956381
vt 0.038968 0.908828
vt 0.294075 0.843627
vt 0.312034 0.843627
vt 0.294075 0.847368
vt 0.312034 0.847368
vt 0.275380 0.727642
vt 0.257421 0.731383
vt 0.275380 0.731383
vt 0.257421 0.735125
vt 0.275380 0.735125
vt 0.257421 0.738866
vt 0.275380 0.738866
vt 0.257421 0.742608
vt 0.275380 0.742608
vt 0.257421 0.746349
vt 0.275380 0.746349
vt 0.257421 0.750091
vt 0.275380 0.750091
vt 0.257421 0.753832
vt 0.275380 0.753832
vt 0.257421 0.756451
vt 0.275380 0.757573
vt 0.257421 0.761315
vt 0.275380 0.761315
vt 0.257421 0.765056
vt 0.275380 0.765056
vt 0.257421 0.768798
vt 0.275380 0.768798
vt 0.257421 0.772539
vt 0.275380 0.772539
vt 0.257421 0.776281
vt 0.275380 0.776281
vt 0.257421 0.780022
vt 0.275380 0.780022
vt 0.275380 0.783764
vt 0.257421 0.783764
vt 0.275380 0.787505
vt 0.257421 0.787505
vt 0.275380 0.791246
vt 0.257421 0.791246
vt 0.275380 0.794988
vt 0.257421 0.794988
vt 0.257421 0.798729
vt 0.275380 0.798729
vt 0.257421 0.802471
vt 0.275380 0.802471
vt 0.257421 0.806212
vt 0.275380 0.806212
vt 0.257421 0.809954
vt 0.275380 0.809954
vt 0.257421 0.813695
vt 0.275380 0.813695
vt 0.257421 0.816314
vt 0.275380 0.817436
vt 0.257421 0.821178
vt 0.275380 0.821178
vt 0.257421 0.824919
vt 0.275380 0.824919
vt 0.257421 0.828661
vt 0.275380 0.828661
vt 0.257421 0.832402
vt 0.275380 0.832402
vt 0.257421 0.836144
vt 0.275380 0.836144
vt 0.257421 0.839885
vt 0.275380 0.839885
vt 0.108938 0.959510
vt 0.113621 0.956381
vt 0.081847 0.908828
vt 0.257421 0.843627
vt 0.275380 0.843627
vt 0.257421 0.847368
vt 0.275380 0.847368
vt 0.292234 0.607548
vt 0.274275 0.611289
vt 0.292234 0.611289
vt 0.274275 0.615030
vt 0.292234 0.615030
vt 0.274275 0.618772
vt 0.292234 0.618772
vt 0.274275 0.622513
vt 0.292234 0.622513
vt 0.274275 0.626255
vt 0.292234 0.626255
vt 0.274275 0.629996
vt 0.292234 0.629996
vt 0.274275 0.633738
vt 0.292234 0.633738
vt 0.274275 0.636357
vt 0.292234 0.637479
vt 0.274275 0.641221
vt 0.292234 0.641221
vt 0.274275 0.644962
vt 0.292234 0.644962
vt 0.274275 0.648703
vt 0.292234 0.648703
vt 0.274275 0.652445
vt 0.292234 0.652445
vt 0.274275 0.656186
vt 0.292234 0.656186
vt 0.274275 0.659928
vt 0.292234 0.659928
vt 0.292234 0.663669
vt 0.274275 0.663669
vt 0.292234 0.667411
vt 0.274275 0.667411
vt 0.292234 0.671152
vt 0.274275 0.671152
vt 0.292234 0.674893
vt 0.274275 0.674893
vt 0.274275 0.678635
vt 0.292234 0.678635
vt 0.274275 0.682376
vt 0.292234 0.682376
vt 0.274275 0.686118
vt 0.292234 0.686118
vt 0.274275 0.689859
vt 0.292234 0.689859
vt 0.274275 0.693601
vt 0.292234 0.693601
vt 0.274275 0.697342
vt 0.292234 0.697342
vt 0.274275 0.701084
vt 0.292234 0.701084
vt 0.274275 0.704825
vt 0.292234 0.704825
vt 0.274275 0.708566
vt 0.292234 0.708566
vt 0.274275 0.712308
vt 0.292234 0.712308
vt 0.274275 0.716049
vt 0.292234 0.716049
vt 0.274275 0.719791
vt 0.292234 0.719791
vt 0.151817 0.959510
vt 0.156500 0.956381
vt 0.124726 0.908828
vt 0.274275 0.723532
vt 0.292234 0.723532
vt 0.274275 0.727274
vt 0.292234 0.727274
vt 0.202439 0.727642
vt 0.220398 0.731383
vt 0.220398 0.727642
vt 0.202439 0.731383
vt 0.220398 0.735125
vt 0.202439 0.735125
vt 0.220398 0.738866
vt 0.202439 0.738866
vt 0.220398 0.742608
vt 0.202439 0.742608
vt 0.220398 0.746349
vt 0.202439 0.746349
vt 0.220398 0.750091
vt 0.202439 0.750091
vt 0.220398 0.753832
vt 0.202439 0.753832
vt 0.220398 0.757573
vt 0.202439 0.757573
vt 0.220398 0.761315
vt 0.202439 0.761315
vt 0.220398 0.765056
vt 0.202439 0.765056
vt 0.220398 0.768798
vt 0.202439 0.768798
vt 0.220398 0.772539
vt 0.202439 0.772539
vt 0.220398 0.776281
vt 0.202439 0.776281
vt 0.220398 0.780022
vt 0.202439 0.780022
vt 0.220398 0.783764
vt 0.202439 0.783764
vt 0.220398 0.787505
vt 0.202439 0.787505
vt 0.220398 0.791246
vt 0.202439 0.791246
vt 0.220398 0.794988
vt 0.202439 0.794988
vt 0.220398 0.798729
vt 0.202439 0.798729
vt 0.220398 0.802471
vt 0.202439 0.802471
vt 0.220398 0.806212
vt 0.202439 0.806212
vt 0.220398 0.809954
vt 0.202439 0.809954
vt 0.220398 0.813695
vt 0.202439 0.813695
vt 0.220398 0.817436
vt 0.202439 0.817436
vt 0.220398 0.821178
vt 0.202439 0.821178
vt 0.220398 0.824919
vt 0.202439 0.824919
vt 0.220398 0.828661
vt 0.202439 0.828661
vt 0.220398 0.832402
vt 0.202439 0.832402
vt 0.220398 0.836144
vt 0.202439 0.836144
vt 0.220398 0.839885
vt 0.202439 0.839885
vt 0.220398 0.843627
vt 0.202439 0.843627
vt 0.220398 0.847368
vt 0.081479 0.852579
vt 0.038968 0.887467
vt 0.045197 0.896789
vt 0.147458 0.727642
vt 0.165417 0.731383
vt 0.165417 0.727642
vt 0.147458 0.731383
vt 0.165417 0.735125
vt 0.147458 0.735125
vt 0.165417 0.738866
vt 0.147458 0.738866
vt 0.165417 0.742608
vt 0.147458 0.742608
vt 0.165417 0.746349
vt 0.147458 0.746349
vt 0.165417 0.750091
vt 0.147458 0.750091
vt 0.165417 0.753832
vt 0.147458 0.753832
vt 0.165417 0.757573
vt 0.147458 0.761315
vt 0.165417 0.761315
vt 0.165417 0.758696
vt 0.165417 0.765056
vt 0.147458 0.765056
vt 0.165417 0.768798
vt 0.147458 0.768798
vt 0.165417 0.772539
vt 0.147458 0.772539
vt 0.165417 0.776281
vt 0.147458 0.776281
vt 0.165417 0.780022
vt 0.147458 0.780022
vt 0.165417 0.783764
vt 0.147458 0.783764
vt 0.165417 0.787505
vt 0.147458 0.787505
vt 0.165417 0.791246
vt 0.147458 0.791246
vt 0.165417 0.794988
vt 0.147458 0.794988
vt 0.165417 0.798729
vt 0.147458 0.798729
vt 0.165417 0.802471
vt 0.147458 0.802471
vt 0.165417 0.806212
vt 0.147458 0.806212
vt 0.165417 0.809954
vt 0.147458 0.809954
vt 0.165417 0.813695
vt 0.147458 0.813695
vt 0.165417 0.817437
vt 0.147458 0.817437
vt 0.165417 0.821178
vt 0.147458 0.821178
vt 0.165417 0.824919
vt 0.147458 0.824919
vt 0.165417 0.828661
vt 0.147458 0.828661
vt 0.165417 0.832402
vt 0.147458 0.832402
vt 0.165417 0.836144
vt 0.147458 0.836144
vt 0.165417 0.839885
vt 0.147458 0.839885
vt 0.165417 0.843627
vt 0.147458 0.843627
vt 0.165417 0.847368
vt 0.124358 0.852579
vt 0.081847 0.887467
vt 0.088076 0.896789
vt 0.219294 0.607548
vt 0.237253 0.611289
vt 0.237253 0.607548
vt 0.219294 0.611289
vt 0.237253 0.615030
vt 0.219294 0.615030
vt 0.237253 0.618772
vt 0.219294 0.618772
vt 0.237253 0.622513
vt 0.219294 0.622513
vt 0.237253 0.626255
vt 0.219294 0.626255
vt 0.237253 0.629996
vt 0.219294 0.629996
vt 0.237253 0.633738
vt 0.219294 0.633738
vt 0.237253 0.637479
vt 0.219294 0.637479
vt 0.237253 0.641221
vt 0.219294 0.641221
vt 0.237253 0.644962
vt 0.219294 0.644962
vt 0.237253 0.648703
vt 0.219294 0.648703
vt 0.237253 0.652445
vt 0.219294 0.652445
vt 0.237253 0.656186
vt 0.219294 0.656186
vt 0.237253 0.659928
vt 0.219294 0.659928
vt 0.237253 0.663669
vt 0.219294 0.663669
vt 0.237253 0.667411
vt 0.219294 0.667411
vt 0.237253 0.671152
vt 0.219294 0.671152
vt 0.237253 0.674893
vt 0.219294 0.674893
vt 0.237253 0.678635
vt 0.219294 0.678635
vt 0.237253 0.682376
vt 0.219294 0.682376
vt 0.237253 0.686118
vt 0.219294 0.686118
vt 0.237253 0.689859
vt 0.219294 0.689859
vt 0.237253 0.693601
vt 0.219294 0.693601
vt 0.237253 0.697342
vt 0.219294 0.697342
vt 0.237253 0.701084
vt 0.219294 0.701084
vt 0.237253 0.704825
vt 0.219294 0.704825
vt 0.237253 0.708566
vt 0.219294 0.708566
vt 0.237253 0.712308
vt 0.219294 0.712308
vt 0.237253 0.716049
vt 0.219294 0.716049
vt 0.237253 0.719791
vt 0.219294 0.719791
vt 0.237253 0.723532
vt 0.219294 0.723532
vt 0.237253 0.727274
vt 0.167237 0.852579
vt 0.124726 0.887467
vt 0.130955 0.896789
vt 0.237621 0.607548
vt 0.255580 0.611289
vt 0.255580 0.607548
vt 0.237621 0.611289
vt 0.255580 0.615030
vt 0.237621 0.615030
vt 0.255580 0.618772
vt 0.237621 0.618772
vt 0.255580 0.622513
vt 0.237621 0.622513
vt 0.255580 0.626255
vt 0.237621 0.626255
vt 0.255580 0.629996
vt 0.237621 0.629996
vt 0.255580 0.633738
vt 0.237621 0.633738
vt 0.255580 0.637479
vt 0.237621 0.637479
vt 0.255580 0.641221
vt 0.237621 0.641221
vt 0.255580 0.644962
vt 0.237621 0.644962
vt 0.255580 0.648703
vt 0.237621 0.648703
vt 0.255580 0.652445
vt 0.237621 0.652445
vt 0.255580 0.656186
vt 0.237621 0.656186
vt 0.255580 0.659928
vt 0.237621 0.659928
vt 0.255580 0.663669
vt 0.237621 0.663669
vt 0.255580 0.667411
vt 0.237621 0.667411
vt 0.255580 0.671152
vt 0.237621 0.671152
vt 0.255580 0.674893
vt 0.237621 0.674893
vt 0.255580 0.678635
vt 0.237621 0.678635
vt 0.255580 0.682376
vt 0.237621 0.682376
vt 0.255580 0.686118
vt 0.237621 0.686118
vt 0.255580 0.689859
vt 0.237621 0.689859
vt 0.255580 0.693601
vt 0.237621 0.693601
vt 0.255580 0.697342
vt 0.237621 0.701084
vt 0.255580 0.701084
vt 0.255580 0.698465
vt 0.255580 0.704825
vt 0.237621 0.704825
vt 0.255580 0.708566
vt 0.237621 0.708566
vt 0.255580 0.712308
vt 0.237621 0.712308
vt 0.255580 0.716049
vt 0.237621 0.716049
vt 0.255580 0.719791
vt 0.237621 0.719791
vt 0.255580 0.723532
vt 0.237621 0.723532
vt 0.255580 0.727274
vt 0.210116 0.852579
vt 0.167605 0.887467
vt 0.173834 0.896789
vt 0.255948 0.607548
vt 0.273907 0.611289
vt 0.273907 0.607548
vt 0.255948 0.611289
vt 0.273907 0.615030
vt 0.255948 0.615030
vt 0.273907 0.618772
vt 0.255948 0.618772
vt 0.273907 0.622513
vt 0.255948 0.622513
vt 0.273907 0.626255
vt 0.255948 0.626255
vt 0.273907 0.629996
vt 0.255948 0.629996
vt 0.273907 0.633738
vt 0.255948 0.633738
vt 0.273907 0.637479
vt 0.255948 0.641221
vt 0.273907 0.641221
vt 0.273907 0.638602
vt 0.273907 0.644962
vt 0.255948 0.644962
vt 0.273907 0.648703
vt 0.255948 0.648703
vt 0.273907 0.652445
vt 0.255948 0.652445
vt 0.273907 0.656186
vt 0.255948 0.656186
vt 0.273907 0.659928
vt 0.255948 0.659928
vt 0.273907 0.663669
vt 0.255948 0.663669
vt 0.273907 0.667411
vt 0.255948 0.667411
vt 0.273907 0.671152
vt 0.255948 0.671152
vt 0.273907 0.674893
vt 0.255948 0.674893
vt 0.273907 0.678635
vt 0.255948 0.678635
vt 0.273907 0.682376
vt 0.255948 0.682376
vt 0.273907 0.686118
vt 0.255948 0.686118
vt 0.273907 0.689859
vt 0.255948 0.689859
vt 0.273907 0.693601
vt 0.255948 0.693601
vt 0.273907 0.697342
vt 0.255948 0.701084
vt 0.273907 0.701084
vt 0.273907 0.698465
vt 0.273907 0.704825
vt 0.255948 0.704825
vt 0.273907 0.708566
vt 0.255948 0.708566
vt 0.273907 0.712308
vt 0.255948 0.712308
vt 0.273907 0.716049
vt 0.255948 0.716049
vt 0.273907 0.719791
vt 0.255948 0.719791
vt 0.273907 0.723532
vt 0.255948 0.723532
vt 0.273907 0.727274
vt 0.252995 0.852579
vt 0.210485 0.887467
vt 0.221068 0.900362
vt 0.129131 0.727642
vt 0.147090 0.731383
vt 0.147090 0.727642
vt 0.129131 0.731383
vt 0.147090 0.735125
vt 0.129131 0.735125
vt 0.147090 0.738866
vt 0.129131 0.738866
vt 0.147090 0.742608
vt 0.129131 0.742608
vt 0.147090 0.746349
vt 0.129131 0.746349
vt 0.147090 0.750091
vt 0.129131 0.750091
vt 0.147090 0.753832
vt 0.129131 0.753832
vt 0.147090 0.757573
vt 0.129131 0.761315
vt 0.147090 0.761315
vt 0.147090 0.758696
vt 0.147090 0.765056
vt 0.129131 0.765056
vt 0.147090 0.768798
vt 0.129131 0.768798
vt 0.147090 0.772539
vt 0.129131 0.772539
vt 0.147090 0.776281
vt 0.129131 0.776281
vt 0.147090 0.780022
vt 0.129131 0.780022
vt 0.147090 0.783764
vt 0.129131 0.783764
vt 0.147090 0.787505
vt 0.129131 0.787505
vt 0.147090 0.791246
vt 0.129131 0.791246
vt 0.147090 0.794988
vt 0.129131 0.794988
vt 0.147090 0.798729
vt 0.129131 0.798729
vt 0.147090 0.802471
vt 0.129131 0.802471
vt 0.147090 0.806212
vt 0.129131 0.806212
vt 0.147090 0.809954
vt 0.129131 0.809954
vt 0.147090 0.813695
vt 0.129131 0.813695
vt 0.147090 0.817437
vt 0.129131 0.817437
vt 0.147090 0.821178
vt 0.129131 0.821178
vt 0.147090 0.824919
vt 0.129131 0.824919
vt 0.147090 0.828661
vt 0.129131 0.828661
vt 0.147090 0.832402
vt 0.129131 0.832402
vt 0.147090 0.836144
vt 0.129131 0.836144
vt 0.147090 0.839885
vt 0.129131 0.839885
vt 0.147090 0.843627
vt 0.129131 0.843627
vt 0.147090 0.847368
vt 0.299932 0.852579
vt 0.257421 0.887467
vt 0.268004 0.900362
vt 0.220767 0.727642
vt 0.238726 0.731383
vt 0.238726 0.727642
vt 0.220767 0.731383
vt 0.238726 0.735125
vt 0.220767 0.735125
vt 0.238726 0.738866
vt 0.220767 0.738866
vt 0.238726 0.742608
vt 0.220767 0.742608
vt 0.238726 0.746349
vt 0.220767 0.746349
vt 0.238726 0.750091
vt 0.220767 0.750091
vt 0.238726 0.753832
vt 0.220767 0.753832
vt 0.238726 0.757573
vt 0.220767 0.757573
vt 0.238726 0.761315
vt 0.220767 0.761315
vt 0.238726 0.765056
vt 0.220767 0.765056
vt 0.238726 0.768798
vt 0.220767 0.768798
vt 0.238726 0.772539
vt 0.220767 0.772539
vt 0.238726 0.776281
vt 0.220767 0.776281
vt 0.238726 0.780022
vt 0.220767 0.780022
vt 0.238726 0.783764
vt 0.220767 0.783764
vt 0.238726 0.787505
vt 0.220767 0.787505
vt 0.238726 0.791246
vt 0.220767 0.791246
vt 0.238726 0.794988
vt 0.220767 0.794988
vt 0.238726 0.798729
vt 0.220767 0.798729
vt 0.238726 0.802471
vt 0.220767 0.802471
vt 0.238726 0.806212
vt 0.220767 0.806212
vt 0.238726 0.809954
vt 0.220767 0.809954
vt 0.238726 0.813695
vt 0.220767 0.813695
vt 0.238726 0.817436
vt 0.220767 0.821178
vt 0.238726 0.821178
vt 0.238726 0.818559
vt 0.238726 0.824919
vt 0.220767 0.824919
vt 0.238726 0.828661
vt 0.220767 0.828661
vt 0.238726 0.832402
vt 0.220767 0.832402
vt 0.238726 0.836144
vt 0.220767 0.836144
vt 0.238726 0.839885
vt 0.220767 0.839885
vt 0.238726 0.843627
vt 0.220767 0.843627
vt 0.238726 0.847368
vt 0.342811 0.852579
vt 0.300300 0.887467
vt 0.310883 0.900362
vt 0.184112 0.727642
vt 0.202071 0.731383
vt 0.202071 0.727642
vt 0.184112 0.731383
vt 0.202071 0.735125
vt 0.184112 0.735125
vt 0.202071 0.738866
vt 0.184112 0.738866
vt 0.202071 0.742608
vt 0.184112 0.742608
vt 0.202071 0.746349
vt 0.184112 0.746349
vt 0.202071 0.750091
vt 0.184112 0.750091
vt 0.202071 0.753832
vt 0.184112 0.753832
vt 0.202071 0.757573
vt 0.184112 0.761315
vt 0.202071 0.761315
vt 0.202071 0.758696
vt 0.202071 0.765056
vt 0.184112 0.765056
vt 0.202071 0.768798
vt 0.184112 0.768798
vt 0.202071 0.772539
vt 0.184112 0.772539
vt 0.202071 0.776281
vt 0.184112 0.776281
vt 0.202071 0.780022
vt 0.184112 0.780022
vt 0.202071 0.783764
vt 0.184112 0.783764
vt 0.202071 0.787505
vt 0.184112 0.787505
vt 0.202071 0.791246
vt 0.184112 0.791246
vt 0.202071 0.794988
vt 0.184112 0.794988
vt 0.202071 0.798729
vt 0.184112 0.798729
vt 0.202071 0.802471
vt 0.184112 0.802471
vt 0.202071 0.806212
vt 0.184112 0.806212
vt 0.202071 0.809954
vt 0.184112 0.809954
vt 0.202071 0.813695
vt 0.184112 0.813695
vt 0.202071 0.817436
vt 0.184112 0.821178
vt 0.202071 0.821178
vt 0.202071 0.818559
vt 0.202071 0.824919
vt 0.184112 0.824919
vt 0.202071 0.828661
vt 0.184112 0.828661
vt 0.202071 0.832402
vt 0.184112 0.832402
vt 0.202071 0.836144
vt 0.184112 0.836144
vt 0.202071 0.839885
vt 0.184112 0.839885
vt 0.202071 0.843627
vt 0.184112 0.843627
vt 0.202071 0.847368
vt 0.354913 0.732485
vt 0.312402 0.767372
vt 0.322985 0.780268
vt 0.730028 0.729962
vt 0.696595 0.763394
vt 0.696595 0.729962
vt 0.730028 0.763394
vt 0.696595 0.796827
vt 0.730028 0.796827
vt 0.696595 0.830260
vt 0.730028 0.830260
vt 0.696595 0.863692
vt 0.663162 0.830260
vt 0.663162 0.796827
vt 0.763460 0.796827
vt 0.839889 0.729264
vt 0.806457 0.762697
vt 0.806457 0.729264
vt 0.839889 0.762697
vt 0.806457 0.796129
vt 0.839889 0.796129
vt 0.806457 0.829562
vt 0.839889 0.829562
vt 0.806457 0.862995
vt 0.773024 0.829562
vt 0.773024 0.796129
vt 0.873322 0.796129
vt 0.098831 0.637479
vt 0.072211 0.639850
vt 0.072070 0.639963
vt 0.095661 0.639963
vt 0.095519 0.639850
vt 0.095330 0.639752
vt 0.072401 0.639752
vt 0.072632 0.639671
vt 0.095098 0.639671
vt 0.094834 0.639611
vt 0.072896 0.639611
vt 0.073183 0.639574
vt 0.094548 0.639574
vt 0.094250 0.639561
vt 0.073481 0.639561
vt 0.074329 0.639671
vt 0.073779 0.639574
vt 0.074065 0.639611
vt 0.093952 0.639574
vt 0.093665 0.639611
vt 0.093401 0.639671
vt 0.093170 0.639752
vt 0.074561 0.639752
vt 0.074751 0.639850
vt 0.092980 0.639850
vt 0.074892 0.639963
vt 0.092723 0.640212
vt 0.075008 0.640212
vt 0.095747 0.640085
vt 0.095661 0.664927
vt 0.095747 0.664805
vt 0.095777 0.664678
vt 0.095777 0.640212
vt 0.095747 0.640339
vt 0.095777 0.656609
vt 0.095747 0.664551
vt 0.095747 0.656736
vt 0.095661 0.640461
vt 0.095661 0.648031
vt 0.095747 0.648154
vt 0.095661 0.664429
vt 0.095519 0.664316
vt 0.095661 0.656858
vt 0.095330 0.664218
vt 0.095519 0.656971
vt 0.095098 0.664137
vt 0.095330 0.657069
vt 0.094834 0.664077
vt 0.095098 0.657150
vt 0.094339 0.640859
vt 0.094548 0.647642
vt 0.094548 0.640850
vt 0.094834 0.647679
vt 0.094834 0.640813
vt 0.095098 0.640753
vt 0.095098 0.647739
vt 0.095330 0.640672
vt 0.095330 0.647820
vt 0.095519 0.640574
vt 0.095519 0.647919
vt 0.092752 0.664551
vt 0.092723 0.664678
vt 0.075008 0.664678
vt 0.074979 0.664551
vt 0.092839 0.664429
vt 0.092839 0.656858
vt 0.074979 0.656736
vt 0.074751 0.656971
vt 0.074892 0.664429
vt 0.074751 0.664316
vt 0.074892 0.656858
vt 0.074561 0.657069
vt 0.092980 0.664316
vt 0.092980 0.656971
vt 0.074561 0.664218
vt 0.093170 0.664218
vt 0.093170 0.657069
vt 0.074329 0.657150
vt 0.093401 0.664137
vt 0.093401 0.657150
vt 0.074329 0.664137
vt 0.093665 0.664077
vt 0.093665 0.657210
vt 0.092752 0.656736
vt 0.074065 0.664077
vt 0.093952 0.664040
vt 0.073779 0.664040
vt 0.073570 0.657256
vt 0.074065 0.657210
vt 0.094250 0.664027
vt 0.093952 0.657247
vt 0.073779 0.657247
vt 0.094548 0.664040
vt 0.094250 0.657260
vt 0.094548 0.657247
vt 0.095777 0.648281
vt 0.095747 0.648407
vt 0.095747 0.656482
vt 0.094339 0.648927
vt 0.094548 0.655971
vt 0.094548 0.648919
vt 0.094834 0.648882
vt 0.094834 0.656008
vt 0.095098 0.656068
vt 0.095098 0.648821
vt 0.095330 0.648741
vt 0.095330 0.656149
vt 0.095519 0.648642
vt 0.095519 0.656248
vt 0.095661 0.648529
vt 0.095661 0.656360
vt 0.075008 0.656609
vt 0.074979 0.656482
vt 0.092723 0.656609
vt 0.074892 0.656360
vt 0.074979 0.648407
vt 0.074751 0.656248
vt 0.074892 0.648529
vt 0.074561 0.656149
vt 0.074751 0.648642
vt 0.094834 0.657210
vt 0.074329 0.656068
vt 0.074561 0.648741
vt 0.074065 0.656008
vt 0.074329 0.648821
vt 0.092752 0.656482
vt 0.073779 0.655971
vt 0.073570 0.648927
vt 0.074065 0.648882
vt 0.073779 0.648919
vt 0.092839 0.656360
vt 0.092839 0.648529
vt 0.092980 0.656248
vt 0.092980 0.648642
vt 0.092752 0.648407
vt 0.075008 0.648281
vt 0.093170 0.656149
vt 0.093401 0.656068
vt 0.093170 0.648741
vt 0.093665 0.656008
vt 0.093401 0.648821
vt 0.074979 0.648154
vt 0.092723 0.648281
vt 0.093952 0.648919
vt 0.093952 0.655971
vt 0.093665 0.648882
vt 0.074892 0.648031
vt 0.074979 0.640339
vt 0.074751 0.647919
vt 0.074892 0.640461
vt 0.074561 0.647820
vt 0.074751 0.640574
vt 0.092752 0.648154
vt 0.074329 0.647739
vt 0.074561 0.640672
vt 0.074065 0.647679
vt 0.074329 0.640753
vt 0.073779 0.647642
vt 0.074065 0.640813
vt 0.073481 0.647630
vt 0.073779 0.640850
vt 0.092839 0.648031
vt 0.092839 0.640461
vt 0.093170 0.647820
vt 0.093170 0.640672
vt 0.093401 0.640753
vt 0.092980 0.647919
vt 0.092980 0.640574
vt 0.093401 0.647739
vt 0.093665 0.640813
vt 0.093665 0.647679
vt 0.093952 0.640850
vt 0.093952 0.647642
vt 0.073183 0.647642
vt 0.073481 0.640863
vt 0.072896 0.647679
vt 0.073183 0.640850
vt 0.092752 0.640339
vt 0.072632 0.647739
vt 0.072896 0.640813
vt 0.072401 0.647820
vt 0.072632 0.640753
vt 0.072211 0.647919
vt 0.072401 0.640672
vt 0.072070 0.648031
vt 0.072211 0.640574
vt 0.071983 0.648154
vt 0.072070 0.640461
vt 0.071954 0.648281
vt 0.071983 0.640339
vt 0.071954 0.640212
vt 0.071983 0.640085
vt 0.071983 0.664805
vt 0.072070 0.664927
vt 0.071954 0.664678
vt 0.071983 0.664551
vt 0.072070 0.664429
vt 0.072070 0.656858
vt 0.071983 0.648407
vt 0.072070 0.648529
vt 0.071983 0.656482
vt 0.072211 0.648642
vt 0.072070 0.656360
vt 0.072401 0.648741
vt 0.072211 0.656248
vt 0.072632 0.648821
vt 0.072401 0.656149
vt 0.072896 0.648882
vt 0.072632 0.656068
vt 0.073183 0.648919
vt 0.072896 0.656008
vt 0.073183 0.655971
vt 0.073183 0.657247
vt 0.073183 0.664040
vt 0.072896 0.664077
vt 0.072896 0.657210
vt 0.072632 0.664137
vt 0.072632 0.657150
vt 0.072401 0.664218
vt 0.072401 0.657069
vt 0.072211 0.664316
vt 0.072211 0.656971
vt 0.095519 0.665039
vt 0.072211 0.665039
vt 0.072401 0.665138
vt 0.095330 0.665138
vt 0.095098 0.665219
vt 0.072632 0.665219
vt 0.072896 0.665279
vt 0.094834 0.665279
vt 0.094548 0.665316
vt 0.073183 0.665316
vt 0.073481 0.665328
vt 0.094250 0.665328
vt 0.093401 0.665219
vt 0.093952 0.665316
vt 0.093665 0.665279
vt 0.073779 0.665316
vt 0.074065 0.665279
vt 0.074329 0.665219
vt 0.074561 0.665138
vt 0.093170 0.665138
vt 0.092980 0.665039
vt 0.074751 0.665039
vt 0.092839 0.664927
vt 0.094160 0.715825
vt 0.072211 0.699714
vt 0.072070 0.699826
vt 0.095661 0.699826
vt 0.095519 0.699714
vt 0.095330 0.699615
vt 0.072401 0.699615
vt 0.072632 0.699534
vt 0.095098 0.699534
vt 0.094834 0.699474
vt 0.072896 0.699474
vt 0.073183 0.699437
vt 0.094548 0.699437
vt 0.094250 0.699424
vt 0.073481 0.699424
vt 0.074329 0.699534
vt 0.073779 0.699437
vt 0.074065 0.699474
vt 0.093952 0.699437
vt 0.093665 0.699474
vt 0.093401 0.699534
vt 0.093170 0.699615
vt 0.074561 0.699615
vt 0.074751 0.699714
vt 0.092980 0.699714
vt 0.074892 0.699826
vt 0.092723 0.700075
vt 0.075008 0.700075
vt 0.095747 0.699948
vt 0.098831 0.727274
vt 0.095661 0.724790
vt 0.095747 0.724668
vt 0.095777 0.724541
vt 0.095777 0.700075
vt 0.095747 0.700202
vt 0.095777 0.716472
vt 0.095747 0.724414
vt 0.095747 0.716599
vt 0.095661 0.700324
vt 0.095661 0.707895
vt 0.095747 0.708017
vt 0.095661 0.724292
vt 0.095519 0.724179
vt 0.095661 0.716721
vt 0.095330 0.724081
vt 0.095519 0.716834
vt 0.095098 0.724000
vt 0.095330 0.716932
vt 0.094834 0.723940
vt 0.095098 0.717013
vt 0.094339 0.700722
vt 0.094548 0.707505
vt 0.094548 0.700713
vt 0.094834 0.700676
vt 0.094834 0.707542
vt 0.095098 0.700616
vt 0.095098 0.707603
vt 0.095330 0.700535
vt 0.095330 0.707683
vt 0.095519 0.700437
vt 0.095519 0.707782
vt 0.092752 0.724414
vt 0.092723 0.724541
vt 0.075008 0.724541
vt 0.074979 0.724414
vt 0.092839 0.724292
vt 0.092839 0.716721
vt 0.074979 0.716599
vt 0.074751 0.716834
vt 0.074892 0.724292
vt 0.074751 0.724179
vt 0.074892 0.716721
vt 0.074561 0.716932
vt 0.092980 0.724179
vt 0.092980 0.716834
vt 0.074561 0.724081
vt 0.093170 0.724081
vt 0.093170 0.716932
vt 0.074329 0.717013
vt 0.093401 0.724000
vt 0.093401 0.717013
vt 0.074329 0.724000
vt 0.093665 0.723940
vt 0.093665 0.717073
vt 0.092752 0.716599
vt 0.074065 0.723940
vt 0.093952 0.723903
vt 0.073779 0.723903
vt 0.073570 0.717119
vt 0.074065 0.717073
vt 0.094250 0.723890
vt 0.093952 0.717111
vt 0.073779 0.717111
vt 0.094548 0.723903
vt 0.094250 0.717123
vt 0.094548 0.717111
vt 0.095777 0.708144
vt 0.095747 0.708270
vt 0.095747 0.716345
vt 0.094548 0.715834
vt 0.094548 0.708782
vt 0.094834 0.708745
vt 0.094834 0.715871
vt 0.095098 0.715931
vt 0.095098 0.708685
vt 0.095330 0.708604
vt 0.095330 0.716012
vt 0.095519 0.716111
vt 0.095519 0.708505
vt 0.095661 0.708393
vt 0.095661 0.716223
vt 0.075008 0.716472
vt 0.074979 0.716345
vt 0.092723 0.716472
vt 0.074892 0.716223
vt 0.074979 0.708270
vt 0.074751 0.716111
vt 0.074892 0.708393
vt 0.074561 0.716012
vt 0.074751 0.708505
vt 0.094834 0.717073
vt 0.074329 0.715931
vt 0.074561 0.708604
vt 0.074065 0.715871
vt 0.074329 0.708685
vt 0.092752 0.716345
vt 0.073779 0.715834
vt 0.073570 0.708790
vt 0.074065 0.708745
vt 0.073779 0.708782
vt 0.092839 0.716223
vt 0.092839 0.708393
vt 0.092980 0.716111
vt 0.092980 0.708505
vt 0.092752 0.708270
vt 0.075008 0.708144
vt 0.093170 0.716012
vt 0.093401 0.715931
vt 0.093170 0.708604
vt 0.093665 0.715871
vt 0.093401 0.708685
vt 0.074979 0.708017
vt 0.092723 0.708144
vt 0.093952 0.708782
vt 0.093952 0.715834
vt 0.093665 0.708745
vt 0.074892 0.707895
vt 0.074979 0.700202
vt 0.074751 0.707782
vt 0.074892 0.700324
vt 0.074561 0.707683
vt 0.074751 0.700437
vt 0.092752 0.708017
vt 0.074329 0.707603
vt 0.074561 0.700535
vt 0.074065 0.707542
vt 0.074329 0.700616
vt 0.073779 0.707505
vt 0.074065 0.700676
vt 0.073481 0.707493
vt 0.073779 0.700713
vt 0.092839 0.707895
vt 0.092839 0.700324
vt 0.093170 0.707683
vt 0.093170 0.700535
vt 0.093401 0.700616
vt 0.092980 0.707782
vt 0.092980 0.700437
vt 0.093401 0.707603
vt 0.093665 0.700676
vt 0.093665 0.707542
vt 0.093952 0.700713
vt 0.093952 0.707505
vt 0.073183 0.707505
vt 0.073481 0.700726
vt 0.072896 0.707542
vt 0.073183 0.700713
vt 0.092752 0.700202
vt 0.072632 0.707603
vt 0.072896 0.700676
vt 0.072401 0.707683
vt 0.072632 0.700616
vt 0.072211 0.707782
vt 0.072401 0.700535
vt 0.072070 0.707895
vt 0.072211 0.700437
vt 0.071983 0.708017
vt 0.072070 0.700324
vt 0.071954 0.708144
vt 0.071983 0.700202
vt 0.071954 0.700075
vt 0.071983 0.699948
vt 0.071983 0.724668
vt 0.072070 0.724790
vt 0.071954 0.724541
vt 0.071983 0.724414
vt 0.072070 0.724292
vt 0.072070 0.716721
vt 0.071983 0.708270
vt 0.072070 0.708393
vt 0.071983 0.716345
vt 0.072211 0.708505
vt 0.072070 0.716223
vt 0.072401 0.708604
vt 0.072211 0.716111
vt 0.072632 0.708685
vt 0.072401 0.716012
vt 0.072896 0.708745
vt 0.072632 0.715931
vt 0.073183 0.708782
vt 0.072896 0.715871
vt 0.073183 0.715834
vt 0.073183 0.717111
vt 0.073183 0.723903
vt 0.072896 0.717073
vt 0.072896 0.723940
vt 0.072632 0.724000
vt 0.072632 0.717013
vt 0.072401 0.724081
vt 0.072401 0.716932
vt 0.072211 0.724179
vt 0.072211 0.716834
vt 0.095519 0.724902
vt 0.072211 0.724902
vt 0.072401 0.725001
vt 0.095330 0.725001
vt 0.095098 0.725082
vt 0.072632 0.725082
vt 0.072896 0.725142
vt 0.094834 0.725142
vt 0.094548 0.725179
vt 0.073183 0.725179
vt 0.073481 0.725191
vt 0.094250 0.725191
vt 0.093401 0.725082
vt 0.093952 0.725179
vt 0.093665 0.725142
vt 0.073779 0.725179
vt 0.074065 0.725142
vt 0.074329 0.725082
vt 0.074561 0.725001
vt 0.093170 0.725001
vt 0.092980 0.724902
vt 0.074751 0.724902
vt 0.092839 0.724790
vt 0.128763 0.697342
vt 0.183744 0.847368
vt 0.183744 0.757573
vt 0.348159 0.832303
vt 0.351289 0.827620
vt 0.353445 0.822416
vt 0.354543 0.816891
vt 0.317606 0.786578
vt 0.334289 0.841572
vt 0.323131 0.785479
vt 0.328764 0.842670
vt 0.328764 0.785479
vt 0.334289 0.786578
vt 0.323131 0.842670
vt 0.339493 0.788733
vt 0.312402 0.839416
vt 0.317606 0.841572
vt 0.239094 0.727642
vt 0.365014 0.654372
vt 0.368143 0.649689
vt 0.370299 0.644485
vt 0.371398 0.638960
vt 0.334461 0.608647
vt 0.351143 0.663640
vt 0.339985 0.607548
vt 0.345618 0.664739
vt 0.345618 0.607548
vt 0.351143 0.608647
vt 0.339985 0.664739
vt 0.356347 0.610802
vt 0.329257 0.661485
vt 0.334461 0.663640
vt 0.275748 0.727642
vt 0.275748 0.757573
vt 0.365014 0.711932
vt 0.368143 0.707249
vt 0.370299 0.702045
vt 0.371398 0.696520
vt 0.334461 0.666206
vt 0.351143 0.721200
vt 0.339985 0.665108
vt 0.345618 0.722299
vt 0.345618 0.665108
vt 0.351143 0.666206
vt 0.339985 0.722299
vt 0.356347 0.668362
vt 0.329257 0.719045
vt 0.334461 0.721200
vt 0.292602 0.607548
vt 0.378936 0.894561
vt 0.382066 0.889877
vt 0.384221 0.884673
vt 0.385320 0.879149
vt 0.348383 0.848835
vt 0.365066 0.903829
vt 0.353908 0.847736
vt 0.359541 0.904928
vt 0.359541 0.847736
vt 0.365066 0.848835
vt 0.353908 0.904928
vt 0.370270 0.850991
vt 0.343179 0.901674
vt 0.348383 0.903829
vt 0.310929 0.607548
vt 0.310929 0.697342
vt 0.378936 0.952121
vt 0.382066 0.947437
vt 0.384221 0.942233
vt 0.385320 0.936709
vt 0.348383 0.906395
vt 0.365066 0.961389
vt 0.353908 0.905296
vt 0.359541 0.962488
vt 0.359541 0.905296
vt 0.365066 0.906395
vt 0.353908 0.962488
vt 0.370270 0.908551
vt 0.343179 0.959234
vt 0.348383 0.961389
vt 0.294075 0.727642
vt 0.294075 0.757573
vt 0.294075 0.817436
vt 0.074725 0.952398
vt 0.077855 0.947714
vt 0.080010 0.942510
vt 0.081109 0.936985
vt 0.044172 0.906672
vt 0.060854 0.961666
vt 0.049697 0.905573
vt 0.055330 0.962765
vt 0.055330 0.905573
vt 0.060854 0.906672
vt 0.049697 0.962765
vt 0.066058 0.908828
vt 0.038968 0.959510
vt 0.044172 0.961666
vt 0.257421 0.727642
vt 0.257421 0.757573
vt 0.257421 0.817436
vt 0.117604 0.952398
vt 0.120734 0.947714
vt 0.122889 0.942510
vt 0.123988 0.936985
vt 0.087051 0.906672
vt 0.103733 0.961666
vt 0.092576 0.905573
vt 0.098209 0.962765
vt 0.098209 0.905573
vt 0.103733 0.906672
vt 0.092576 0.962765
vt 0.108938 0.908828
vt 0.081847 0.959510
vt 0.087051 0.961666
vt 0.274275 0.607548
vt 0.274275 0.637479
vt 0.160483 0.952398
vt 0.163613 0.947714
vt 0.165769 0.942510
vt 0.166867 0.936985
vt 0.129930 0.906672
vt 0.146613 0.961666
vt 0.135455 0.905573
vt 0.141088 0.962765
vt 0.141088 0.905573
vt 0.146613 0.906672
vt 0.135455 0.962765
vt 0.151817 0.908828
vt 0.124726 0.959510
vt 0.129930 0.961666
vt 0.202439 0.847368
vt 0.041623 0.892434
vt 0.049551 0.900362
vt 0.054519 0.903018
vt 0.059909 0.904653
vt 0.076511 0.849923
vt 0.065515 0.905205
vt 0.065515 0.847736
vt 0.071121 0.904653
vt 0.059909 0.848288
vt 0.076511 0.903018
vt 0.054519 0.849923
vt 0.081479 0.900362
vt 0.049551 0.852579
vt 0.071121 0.848288
vt 0.147458 0.757573
vt 0.147458 0.847368
vt 0.084502 0.892434
vt 0.092430 0.900362
vt 0.097398 0.903018
vt 0.119390 0.849923
vt 0.102788 0.904653
vt 0.114000 0.848288
vt 0.108394 0.905205
vt 0.108394 0.847736
vt 0.114000 0.904653
vt 0.102788 0.848288
vt 0.119390 0.903018
vt 0.097398 0.849923
vt 0.124358 0.900362
vt 0.092430 0.852579
vt 0.219294 0.727274
vt 0.127382 0.892434
vt 0.135309 0.900362
vt 0.140277 0.903018
vt 0.162269 0.849923
vt 0.145667 0.904653
vt 0.156879 0.848288
vt 0.151273 0.905205
vt 0.151273 0.847736
vt 0.156879 0.904653
vt 0.145667 0.848288
vt 0.162269 0.903018
vt 0.140277 0.849923
vt 0.167237 0.900362
vt 0.135309 0.852579
vt 0.237621 0.697342
vt 0.237621 0.727274
vt 0.170261 0.892434
vt 0.178189 0.900362
vt 0.183156 0.903018
vt 0.205149 0.849923
vt 0.188547 0.904653
vt 0.199758 0.848288
vt 0.194152 0.905205
vt 0.194152 0.847736
vt 0.199758 0.904653
vt 0.188547 0.848288
vt 0.205149 0.903018
vt 0.183156 0.849923
vt 0.210116 0.900362
vt 0.178189 0.852579
vt 0.255948 0.637479
vt 0.255948 0.697342
vt 0.255948 0.727274
vt 0.213140 0.892434
vt 0.216713 0.896789
vt 0.226035 0.903018
vt 0.231426 0.904653
vt 0.248028 0.849923
vt 0.237032 0.905205
vt 0.242637 0.848288
vt 0.242637 0.904653
vt 0.237032 0.847736
vt 0.248028 0.903018
vt 0.231426 0.848288
vt 0.252995 0.900362
vt 0.226035 0.849923
vt 0.221068 0.852579
vt 0.129131 0.757573
vt 0.129131 0.847368
vt 0.260076 0.892434
vt 0.263650 0.896789
vt 0.272972 0.903018
vt 0.278362 0.904653
vt 0.294964 0.849923
vt 0.283968 0.905205
vt 0.283968 0.847736
vt 0.289574 0.904653
vt 0.278362 0.848288
vt 0.294964 0.903018
vt 0.272972 0.849923
vt 0.299932 0.900362
vt 0.268004 0.852579
vt 0.289574 0.848288
vt 0.220767 0.817436
vt 0.220767 0.847368
vt 0.302955 0.892434
vt 0.306529 0.896789
vt 0.315851 0.903018
vt 0.321241 0.904653
vt 0.337843 0.849923
vt 0.326847 0.905205
vt 0.332453 0.848288
vt 0.332453 0.904653
vt 0.326847 0.847736
vt 0.337843 0.903018
vt 0.321241 0.848288
vt 0.342811 0.900362
vt 0.315851 0.849923
vt 0.310883 0.852579
vt 0.184112 0.757573
vt 0.184112 0.817437
vt 0.184112 0.847368
vt 0.315058 0.772340
vt 0.318631 0.776694
vt 0.327953 0.782923
vt 0.333344 0.784558
vt 0.349945 0.729829
vt 0.338949 0.785110
vt 0.338949 0.727642
vt 0.344555 0.784558
vt 0.333344 0.728194
vt 0.349945 0.782923
vt 0.327953 0.729829
vt 0.354913 0.780268
vt 0.322985 0.732484
vt 0.344555 0.728194
vt 0.730028 0.863692
vt 0.763460 0.830260
vt 0.839889 0.862995
vt 0.873322 0.829562
s 0
usemtl マテリアル
f 2/1/1 4/2/1 1/3/1
f 540/4/2 542/5/2 541/6/2
f 696/7/2 692/8/2 10/9/2
f 607/10/2 647/11/2 646/12/2
f 586/13/2 585/14/2 587/15/2
f 686/16/2 685/17/2 687/18/2
f 732/19/2 730/20/2 731/21/2
f 707/22/2 768/23/2 767/24/2
f 11/25/3 7/26/3 10/9/3
f 817/27/4 818/28/4 819/29/4
f 865/30/4 863/31/4 862/32/4
f 989/33/4 981/34/4 1/35/4
f 910/36/4 840/37/4 839/38/4
f 936/39/4 938/40/4 937/41/4
f 1040/42/4 1002/43/4 1000/44/4
f 1001/45/4 964/46/4 963/47/4
f 10/9/5 1/48/5 4/49/5
f 6/50/6 8/51/6 11/25/6
f 3/52/7 730/53/7 5/54/7
f 5/54/8 732/55/8 9/56/8
f 9/56/9 736/57/9 12/58/9
f 12/58/10 738/59/10 13/60/10
f 13/60/11 742/61/11 14/62/11
f 14/62/12 753/63/12 15/64/12
f 15/64/13 748/65/13 16/66/13
f 16/66/14 745/67/14 17/68/14
f 17/68/15 747/69/15 18/70/15
f 18/70/16 752/71/16 19/72/16
f 19/72/17 751/73/17 20/74/17
f 20/74/18 758/75/18 21/76/18
f 21/76/19 757/77/19 22/78/19
f 22/78/20 740/79/20 23/80/20
f 24/81/21 740/79/21 734/82/21
f 25/83/22 734/82/22 761/84/22
f 26/85/23 761/84/23 722/86/23
f 27/87/24 722/86/24 726/88/24
f 27/87/25 762/89/25 28/90/25
f 28/90/26 763/91/26 29/92/26
f 29/92/27 764/93/27 30/94/27
f 30/94/28 765/95/28 31/96/28
f 31/96/29 766/97/29 32/98/29
f 32/98/30 766/97/30 767/99/30
f 33/100/31 769/101/31 34/102/31
f 34/102/32 770/103/32 35/104/32
f 35/104/33 771/105/33 36/106/33
f 36/106/34 772/107/34 37/108/34
f 37/108/35 773/109/35 38/110/35
f 38/110/36 727/111/36 39/112/36
f 38/113/2 39/114/2 12/115/2
f 39/112/37 723/116/37 40/117/37
f 40/117/38 720/118/38 3/119/38
f 41/120/7 554/121/7 42/122/7
f 42/122/8 558/123/8 43/124/8
f 43/124/9 572/125/9 44/126/9
f 44/126/10 571/127/10 45/128/10
f 45/128/11 570/129/11 46/130/11
f 46/130/12 569/131/12 47/132/12
f 47/132/13 568/133/13 48/134/13
f 48/134/14 567/135/14 49/136/14
f 49/136/15 566/137/15 50/138/15
f 50/138/16 565/139/16 51/140/16
f 51/140/17 564/141/17 52/142/17
f 52/142/18 563/143/18 53/144/18
f 53/144/19 562/145/19 54/146/19
f 54/146/20 557/147/20 55/148/20
f 56/149/21 557/147/21 553/150/21
f 57/151/22 553/150/22 561/152/22
f 58/153/23 561/152/23 543/154/23
f 59/155/24 543/154/24 545/156/24
f 59/155/25 547/157/25 60/158/25
f 60/158/26 548/159/26 61/160/26
f 61/160/27 529/161/27 62/162/27
f 62/162/28 530/163/28 63/164/28
f 63/164/29 523/165/29 64/166/29
f 64/166/30 521/167/30 65/168/30
f 65/168/31 524/169/31 66/170/31
f 66/170/32 531/171/32 67/172/32
f 67/172/33 527/173/33 68/174/33
f 68/174/34 535/175/34 69/176/34
f 69/176/35 537/177/35 70/178/35
f 70/178/36 539/179/36 71/180/36
f 70/181/2 71/182/2 44/183/2
f 71/180/37 541/184/37 72/185/37
f 72/185/38 551/186/38 41/187/38
f 73/188/7 556/189/7 74/190/7
f 74/190/8 560/191/8 75/192/8
f 75/192/9 583/193/9 76/194/9
f 76/194/10 582/195/10 77/196/10
f 77/196/11 581/197/11 78/198/11
f 78/198/12 580/199/12 79/200/12
f 79/200/13 579/201/13 80/202/13
f 80/202/14 579/201/14 578/203/14
f 81/204/15 577/205/15 82/206/15
f 82/206/16 576/207/16 83/208/16
f 83/208/17 575/209/17 84/210/17
f 84/210/18 574/211/18 85/212/18
f 85/212/19 573/213/19 86/214/19
f 86/214/20 559/215/20 87/216/20
f 88/217/21 559/215/21 555/218/21
f 89/219/22 555/218/22 552/220/22
f 90/221/23 552/220/23 542/222/23
f 91/223/24 542/222/24 540/224/24
f 91/223/25 538/225/25 92/226/25
f 92/226/26 536/227/26 93/228/26
f 93/228/27 528/229/27 94/230/27
f 94/230/28 532/231/28 95/232/28
f 95/232/29 525/233/29 96/234/29
f 96/234/30 522/235/30 97/236/30
f 97/236/31 526/237/31 98/238/31
f 98/238/32 533/239/32 99/240/32
f 99/240/33 534/241/33 100/242/33
f 100/242/34 549/243/34 101/244/34
f 101/244/35 550/245/35 102/246/35
f 102/246/36 546/247/36 103/248/36
f 102/249/2 103/250/2 76/251/2
f 103/248/37 544/252/37 104/253/37
f 104/253/38 584/254/38 73/255/38
f 105/256/7 735/257/7 106/258/7
f 106/258/8 741/259/8 107/260/8
f 107/260/9 759/261/9 108/262/9
f 108/262/10 756/263/10 109/264/10
f 109/264/11 755/265/11 110/266/11
f 110/266/12 750/267/12 111/268/12
f 111/268/13 746/269/13 112/270/13
f 112/270/14 744/271/14 113/272/14
f 113/272/15 749/273/15 114/274/15
f 114/274/16 754/275/16 115/276/16
f 115/276/17 743/277/17 116/278/17
f 116/278/18 739/279/18 117/280/18
f 117/280/19 737/281/19 118/282/19
f 118/282/20 733/283/20 119/284/20
f 120/285/21 733/283/21 731/286/21
f 121/287/22 731/286/22 721/288/22
f 122/289/23 721/288/23 724/290/23
f 123/291/24 724/290/24 728/292/24
f 123/291/25 774/293/25 124/294/25
f 124/294/26 775/295/26 125/296/26
f 125/296/27 776/297/27 126/298/27
f 126/298/28 777/299/28 127/300/28
f 127/300/29 778/301/29 128/302/29
f 128/302/30 779/303/30 129/304/30
f 129/304/31 780/305/31 130/306/31
f 130/306/32 781/307/32 131/308/32
f 131/308/33 782/309/33 132/310/33
f 132/310/34 783/311/34 133/312/34
f 133/312/35 784/313/35 134/314/35
f 134/314/36 729/315/36 135/316/36
f 134/317/2 135/318/2 108/319/2
f 135/316/37 725/320/37 136/321/37
f 136/321/38 760/322/38 105/323/38
f 137/324/7 625/325/7 138/326/7
f 138/326/8 627/327/8 139/328/8
f 139/328/9 638/329/9 140/330/9
f 140/330/10 635/331/10 141/332/10
f 141/332/11 634/333/11 142/334/11
f 142/334/12 631/335/12 143/336/12
f 143/336/13 629/337/13 144/338/13
f 144/338/14 628/339/14 145/340/14
f 145/340/15 630/341/15 146/342/15
f 146/342/16 633/343/16 147/344/16
f 147/344/17 632/345/17 148/346/17
f 148/346/18 637/347/18 149/348/18
f 149/348/19 636/349/19 150/350/19
f 150/350/20 626/351/20 151/352/20
f 152/353/21 626/351/21 624/354/21
f 153/355/22 624/354/22 640/356/22
f 154/357/23 640/356/23 620/358/23
f 155/359/24 620/358/24 622/360/24
f 155/359/25 641/361/25 156/362/25
f 156/362/26 642/363/26 157/364/26
f 157/364/27 643/365/27 158/366/27
f 158/366/28 644/367/28 159/368/28
f 159/368/29 645/369/29 160/370/29
f 160/370/30 645/369/30 646/371/30
f 161/372/31 648/373/31 162/374/31
f 162/374/32 649/375/32 163/376/32
f 163/376/33 650/377/33 164/378/33
f 164/378/34 651/379/34 165/380/34
f 165/380/35 652/381/35 166/382/35
f 166/382/36 623/383/36 167/384/36
f 166/385/2 167/386/2 140/387/2
f 167/384/37 621/388/37 168/389/37
f 168/389/38 639/390/38 137/391/38
f 169/392/7 593/393/7 170/394/7
f 170/394/8 595/395/8 171/396/8
f 171/396/9 617/397/9 172/398/9
f 172/398/10 615/399/10 173/400/10
f 173/400/11 613/401/11 174/402/11
f 174/402/12 611/403/12 175/404/12
f 175/404/13 609/405/13 176/406/13
f 176/406/14 609/405/14 608/407/14
f 177/408/15 605/409/15 178/410/15
f 178/410/16 603/411/16 179/412/16
f 179/412/17 601/413/17 180/414/17
f 180/414/18 599/415/18 181/416/18
f 181/416/19 597/417/19 182/418/19
f 182/418/20 594/419/20 183/420/20
f 184/421/21 594/419/21 592/422/21
f 185/423/22 592/422/22 596/424/22
f 186/425/23 596/424/23 588/426/23
f 187/427/24 588/426/24 590/428/24
f 187/427/25 598/429/25 188/430/25
f 188/430/26 600/431/26 189/432/26
f 189/432/27 602/433/27 190/434/27
f 190/434/28 604/435/28 191/436/28
f 191/436/29 606/437/29 192/438/29
f 192/438/30 606/437/30 587/439/30
f 193/440/31 610/441/31 194/442/31
f 194/442/32 612/443/32 195/444/32
f 195/444/33 614/445/33 196/446/33
f 196/446/34 616/447/34 197/448/34
f 197/448/35 618/449/35 198/450/35
f 198/450/36 591/451/36 199/452/36
f 198/453/2 199/454/2 172/455/2
f 199/452/37 589/456/37 200/457/37
f 200/457/38 619/458/38 169/459/38
f 201/460/7 693/461/7 202/462/7
f 202/462/8 695/463/8 203/464/8
f 203/464/9 717/465/9 204/466/9
f 204/466/10 715/467/10 205/468/10
f 205/468/11 713/469/11 206/470/11
f 206/470/12 711/471/12 207/472/12
f 207/472/13 709/473/13 208/474/13
f 208/474/14 709/473/14 708/475/14
f 209/476/15 705/477/15 210/478/15
f 210/478/16 703/479/16 211/480/16
f 211/480/17 701/481/17 212/482/17
f 212/482/18 699/483/18 213/484/18
f 213/484/19 697/485/19 214/486/19
f 214/486/20 694/487/20 215/488/20
f 216/489/21 694/487/21 692/490/21
f 217/491/22 692/490/22 696/492/22
f 218/493/23 696/492/23 688/494/23
f 219/495/24 688/494/24 690/496/24
f 219/495/25 698/497/25 220/498/25
f 220/498/26 700/499/26 221/500/26
f 221/500/27 702/501/27 222/502/27
f 222/502/28 704/503/28 223/504/28
f 223/504/29 706/505/29 224/506/29
f 224/506/30 706/505/30 687/507/30
f 225/508/31 710/509/31 226/510/31
f 226/510/32 712/511/32 227/512/32
f 227/512/33 714/513/33 228/514/33
f 228/514/34 716/515/34 229/516/34
f 229/516/35 718/517/35 230/518/35
f 230/518/36 691/519/36 231/520/36
f 230/521/2 231/522/2 204/523/2
f 231/520/37 689/524/37 232/525/37
f 232/525/38 719/526/38 201/527/38
f 233/528/7 669/529/7 234/530/7
f 234/530/8 671/531/8 235/532/8
f 235/532/9 683/533/9 236/534/9
f 236/534/10 682/535/10 237/536/10
f 237/536/11 681/537/11 238/538/11
f 238/538/12 680/539/12 239/540/12
f 239/540/13 679/541/13 240/542/13
f 240/542/14 679/541/14 678/543/14
f 241/544/15 677/545/15 242/546/15
f 242/546/16 676/547/16 243/548/16
f 243/548/17 675/549/17 244/550/17
f 244/550/18 674/551/18 245/552/18
f 245/552/19 673/553/19 246/554/19
f 246/554/20 670/555/20 247/556/20
f 248/557/21 670/555/21 668/558/21
f 249/559/22 668/558/22 672/560/22
f 250/561/23 672/560/23 660/562/23
f 251/563/24 660/562/24 662/564/24
f 251/563/25 664/565/25 252/566/25
f 252/566/26 665/567/26 253/568/26
f 253/568/27 656/569/27 254/570/27
f 254/570/28 657/571/28 255/572/28
f 255/572/29 654/573/29 256/574/29
f 256/574/30 653/575/30 257/576/30
f 257/576/31 655/577/31 258/578/31
f 258/578/32 658/579/32 259/580/32
f 259/580/33 659/581/33 260/582/33
f 260/582/34 666/583/34 261/584/34
f 261/584/35 667/585/35 262/586/35
f 262/586/36 663/587/36 263/588/36
f 262/589/2 263/590/2 236/591/2
f 263/588/37 661/592/37 264/593/37
f 264/593/38 684/594/38 233/595/38
f 265/596/7 862/597/7 852/598/7
f 266/599/8 864/600/8 862/597/8
f 267/601/9 868/602/9 864/600/9
f 268/603/10 870/604/10 868/602/10
f 269/605/11 874/606/11 870/604/11
f 270/607/12 885/608/12 874/606/12
f 271/609/13 880/610/13 885/608/13
f 272/611/14 876/612/14 880/610/14
f 273/613/15 879/614/15 876/612/15
f 274/615/16 884/616/16 879/614/16
f 275/617/17 883/618/17 884/616/17
f 276/619/18 890/620/18 883/618/18
f 277/621/19 889/622/19 890/620/19
f 278/623/20 872/624/20 889/622/20
f 279/625/21 866/626/21 872/624/21
f 280/627/22 893/628/22 866/626/22
f 281/629/23 855/630/23 893/628/23
f 282/631/24 858/632/24 855/630/24
f 283/633/25 894/634/25 858/632/25
f 284/635/26 895/636/26 894/634/26
f 285/637/27 896/638/27 895/636/27
f 286/639/28 897/640/28 896/638/28
f 287/641/29 898/642/29 897/640/29
f 288/643/30 899/644/30 898/642/30
f 289/645/31 900/646/31 899/644/31
f 290/647/32 901/648/32 900/646/32
f 291/649/33 902/650/33 901/648/33
f 292/651/34 903/652/34 902/650/34
f 293/653/35 904/654/35 903/652/35
f 294/655/36 859/656/36 904/654/36
f 295/657/37 856/658/37 859/656/37
f 296/659/38 852/660/38 856/658/38
f 283/661/4 282/662/4 280/663/4
f 297/664/7 950/665/7 948/666/7
f 298/667/8 954/668/8 950/665/8
f 299/669/9 969/670/9 954/668/9
f 300/671/10 968/672/10 969/670/10
f 301/673/11 967/674/11 968/672/11
f 302/675/12 966/676/12 967/674/12
f 303/677/13 965/678/13 966/676/13
f 304/679/14 964/680/14 965/678/14
f 306/681/15 962/682/15 963/683/15
f 306/681/16 961/684/16 962/682/16
f 307/685/17 960/686/17 961/684/17
f 308/687/18 959/688/18 960/686/18
f 309/689/19 958/690/19 959/688/19
f 310/691/20 953/692/20 958/690/20
f 311/693/21 949/694/21 953/692/21
f 312/695/22 957/696/22 949/694/22
f 313/697/23 939/698/23 957/696/23
f 314/699/24 941/700/24 939/698/24
f 315/701/25 943/702/25 941/700/25
f 316/703/26 944/704/26 943/702/26
f 317/705/27 925/706/27 944/704/27
f 318/707/28 926/708/28 925/706/28
f 319/709/29 919/710/29 926/708/29
f 320/711/30 917/712/30 919/710/30
f 321/713/31 920/714/31 917/712/31
f 322/715/32 927/716/32 920/714/32
f 323/717/33 924/718/33 927/716/33
f 324/719/34 932/720/34 924/718/34
f 325/721/35 934/722/35 932/720/35
f 326/723/36 936/724/36 934/722/36
f 327/725/37 938/726/37 936/724/37
f 328/727/38 948/728/38 938/726/38
f 315/729/4 314/730/4 312/731/4
f 329/732/7 952/733/7 980/734/7
f 330/735/8 956/736/8 952/733/8
f 331/737/9 979/738/9 956/736/9
f 332/739/10 978/740/10 979/738/10
f 333/741/11 977/742/11 978/740/11
f 334/743/12 976/744/12 977/742/12
f 335/745/13 975/746/13 976/744/13
f 336/747/14 1048/748/14 975/746/14
f 337/749/15 974/750/15 1048/748/15
f 338/751/16 973/752/16 974/750/16
f 339/753/17 972/754/17 973/752/17
f 340/755/18 971/756/18 972/754/18
f 341/757/19 970/758/19 971/756/19
f 342/759/20 955/760/20 970/758/20
f 343/761/21 951/762/21 955/760/21
f 344/763/22 947/764/22 951/762/22
f 345/765/23 937/766/23 947/764/23
f 346/767/24 935/768/24 937/766/24
f 347/769/25 933/770/25 935/768/25
f 348/771/26 931/772/26 933/770/26
f 349/773/27 923/774/27 931/772/27
f 350/775/28 928/776/28 923/774/28
f 351/777/29 921/778/29 928/776/29
f 352/779/30 918/780/30 921/778/30
f 353/781/31 922/782/31 918/780/31
f 354/783/32 929/784/32 922/782/32
f 355/785/33 930/786/33 929/784/33
f 356/787/34 945/788/34 930/786/34
f 357/789/35 946/790/35 945/788/35
f 358/791/36 942/792/36 946/790/36
f 359/793/37 940/794/37 942/792/37
f 360/795/38 980/796/38 940/794/38
f 347/797/4 346/798/4 344/799/4
f 361/800/7 867/801/7 892/802/7
f 362/803/8 873/804/8 867/801/8
f 363/805/9 891/806/9 873/804/9
f 364/807/10 888/808/10 891/806/10
f 365/809/11 887/810/11 888/808/11
f 366/811/12 882/812/12 887/810/12
f 367/813/13 878/814/13 882/812/13
f 368/815/14 877/816/14 878/814/14
f 369/817/15 881/818/15 877/816/15
f 370/819/16 886/820/16 881/818/16
f 371/821/17 875/822/17 886/820/17
f 372/823/18 871/824/18 875/822/18
f 373/825/19 869/826/19 871/824/19
f 374/827/20 865/828/20 869/826/20
f 375/829/21 863/830/21 865/828/21
f 376/831/22 853/832/22 863/830/22
f 377/833/23 854/834/23 853/832/23
f 378/835/24 860/836/24 854/834/24
f 379/837/25 905/838/25 860/836/25
f 380/839/26 906/840/26 905/838/26
f 381/841/27 907/842/27 906/840/27
f 382/843/28 908/844/28 907/842/28
f 383/845/29 909/846/29 908/844/29
f 384/847/30 910/848/30 909/846/30
f 386/849/31 912/850/31 911/851/31
f 386/849/32 913/852/32 912/850/32
f 387/853/33 914/854/33 913/852/33
f 388/855/34 915/856/34 914/854/34
f 389/857/35 916/858/35 915/856/35
f 390/859/36 861/860/36 916/858/36
f 391/861/37 857/862/37 861/860/37
f 392/863/38 892/864/38 857/862/38
f 379/865/4 378/866/4 376/867/4
f 393/868/7 825/869/7 851/870/7
f 394/871/8 827/872/8 825/869/8
f 395/873/9 850/874/9 827/872/9
f 396/875/10 848/876/10 850/874/10
f 397/877/11 846/878/11 848/876/11
f 398/879/12 844/880/12 846/878/12
f 399/881/13 842/882/13 844/880/13
f 400/883/14 840/884/14 842/882/14
f 402/885/15 838/886/15 839/887/15
f 402/885/16 836/888/16 838/886/16
f 403/889/17 834/890/17 836/888/17
f 404/891/18 832/892/18 834/890/18
f 405/893/19 830/894/19 832/892/19
f 406/895/20 826/896/20 830/894/20
f 407/897/21 824/898/21 826/896/21
f 408/899/22 828/900/22 824/898/22
f 409/901/23 820/902/23 828/900/23
f 410/903/24 822/904/24 820/902/24
f 411/905/25 829/906/25 822/904/25
f 412/907/26 831/908/26 829/906/26
f 413/909/27 833/910/27 831/908/27
f 414/911/28 835/912/28 833/910/28
f 415/913/29 837/914/29 835/912/29
f 416/915/30 818/916/30 837/914/30
f 418/917/31 841/918/31 819/919/31
f 418/917/32 843/920/32 841/918/32
f 419/921/33 845/922/33 843/920/33
f 420/923/34 847/924/34 845/922/34
f 421/925/35 849/926/35 847/924/35
f 422/927/36 823/928/36 849/926/36
f 423/929/37 821/930/37 823/928/37
f 424/931/38 851/932/38 821/930/38
f 411/933/4 410/934/4 407/935/4
f 425/936/7 801/937/7 816/938/7
f 426/939/8 803/940/8 801/937/8
f 427/941/9 815/942/9 803/940/9
f 428/943/10 814/944/10 815/942/10
f 429/945/11 813/946/11 814/944/11
f 430/947/12 812/948/12 813/946/12
f 431/949/13 811/950/13 812/948/13
f 432/951/14 817/952/14 811/950/14
f 434/953/15 809/954/15 810/955/15
f 434/953/16 808/956/16 809/954/16
f 435/957/17 807/958/17 808/956/17
f 436/959/18 806/960/18 807/958/18
f 437/961/19 805/962/19 806/960/19
f 438/963/20 802/964/20 805/962/20
f 439/965/21 800/966/21 802/964/21
f 440/967/22 804/968/22 800/966/22
f 441/969/23 792/970/23 804/968/23
f 442/971/24 794/972/24 792/970/24
f 443/973/25 796/974/25 794/972/25
f 444/975/26 797/976/26 796/974/26
f 445/977/27 788/978/27 797/976/27
f 446/979/28 789/980/28 788/978/28
f 447/981/29 786/982/29 789/980/29
f 448/983/30 785/984/30 786/982/30
f 449/985/31 787/986/31 785/984/31
f 450/987/32 790/988/32 787/986/32
f 451/989/33 791/990/33 790/988/33
f 452/991/34 798/992/34 791/990/34
f 453/993/35 799/994/35 798/992/35
f 454/995/36 795/996/36 799/994/36
f 455/997/37 793/998/37 795/996/37
f 456/999/38 816/1000/38 793/998/38
f 443/1001/4 442/1002/4 439/1003/4
f 457/1004/7 1020/1005/7 1047/1006/7
f 458/1007/8 1022/1008/8 1020/1005/8
f 459/1009/9 1033/1010/9 1022/1008/9
f 460/1011/10 1030/1012/10 1033/1010/10
f 461/1013/11 1029/1014/11 1030/1012/11
f 462/1015/12 1026/1016/12 1029/1014/12
f 463/1017/13 1024/1018/13 1026/1016/13
f 464/1019/14 1023/1020/14 1024/1018/14
f 465/1021/15 1025/1022/15 1023/1020/15
f 466/1023/16 1028/1024/16 1025/1022/16
f 467/1025/17 1027/1026/17 1028/1024/17
f 468/1027/18 1032/1028/18 1027/1026/18
f 469/1029/19 1031/1030/19 1032/1028/19
f 470/1031/20 1021/1032/20 1031/1030/20
f 471/1033/21 1019/1034/21 1021/1032/21
f 472/1035/22 1034/1036/22 1019/1034/22
f 473/1037/23 1015/1038/23 1034/1036/23
f 474/1039/24 1017/1040/24 1015/1038/24
f 475/1041/25 1035/1042/25 1017/1040/25
f 476/1043/26 1036/1044/26 1035/1042/26
f 477/1045/27 1037/1046/27 1036/1044/27
f 478/1047/28 1038/1048/28 1037/1046/28
f 479/1049/29 1039/1050/29 1038/1048/29
f 480/1051/30 1040/1052/30 1039/1050/30
f 482/1053/31 1042/1054/31 1041/1055/31
f 482/1053/32 1043/1056/32 1042/1054/32
f 483/1057/33 1044/1058/33 1043/1056/33
f 484/1059/34 1045/1060/34 1044/1058/34
f 485/1061/35 1046/1062/35 1045/1060/35
f 486/1063/36 1018/1064/36 1046/1062/36
f 487/1065/37 1016/1066/37 1018/1064/37
f 488/1067/38 1047/1068/38 1016/1066/38
f 475/1069/4 474/1070/4 471/1071/4
f 489/1072/7 986/1073/7 1014/1074/7
f 490/1075/8 988/1076/8 986/1073/8
f 491/1077/9 1013/1078/9 988/1076/9
f 492/1079/10 1011/1080/10 1013/1078/10
f 493/1081/11 1009/1082/11 1011/1080/11
f 494/1083/12 1007/1084/12 1009/1082/12
f 495/1085/13 1005/1086/13 1007/1084/13
f 496/1087/14 1002/1088/14 1005/1086/14
f 498/1089/15 999/1090/15 1000/1091/15
f 498/1089/16 997/1092/16 999/1090/16
f 499/1093/17 995/1094/17 997/1092/17
f 500/1095/18 993/1096/18 995/1094/18
f 501/1097/19 991/1098/19 993/1096/19
f 502/1099/20 987/1100/20 991/1098/20
f 503/1101/21 985/1102/21 987/1100/21
f 504/1103/22 989/1104/22 985/1102/22
f 505/1105/23 981/1106/23 989/1104/23
f 506/1107/24 983/1108/24 981/1106/24
f 507/1109/25 990/1110/25 983/1108/25
f 508/1111/26 992/1112/26 990/1110/26
f 509/1113/27 994/1114/27 992/1112/27
f 510/1115/28 996/1116/28 994/1114/28
f 511/1117/29 998/1118/29 996/1116/29
f 512/1119/30 1001/1120/30 998/1118/30
f 514/1121/31 1004/1122/31 1003/1123/31
f 514/1121/32 1006/1124/32 1004/1122/32
f 515/1125/33 1008/1126/33 1006/1124/33
f 516/1127/34 1010/1128/34 1008/1126/34
f 517/1129/35 1012/1130/35 1010/1128/35
f 518/1131/36 984/1132/36 1012/1130/36
f 519/1133/37 982/1134/37 984/1132/37
f 520/1135/38 1014/1136/38 982/1134/38
f 507/1137/4 506/1138/4 503/1139/4
f 1050/1140/1 1051/1141/1 1049/1142/1
f 1052/1143/2 1055/1144/2 1051/1141/2
f 1056/1145/3 1053/1146/3 1055/1144/3
f 1054/1147/4 1049/1148/4 1053/1146/4
f 1055/1144/5 1049/1149/5 1051/1150/5
f 1052/1151/6 1054/1147/6 1056/1145/6
f 1058/1152/1 1059/1153/1 1057/1154/1
f 1060/1155/2 1063/1156/2 1059/1153/2
f 1064/1157/3 1061/1158/3 1063/1156/3
f 1062/1159/4 1057/1160/4 1061/1158/4
f 1063/1156/5 1057/1161/5 1059/1162/5
f 1060/1163/6 1062/1159/6 1064/1157/6
f 2/1/1 6/1164/1 4/2/1
f 547/1165/2 545/1166/2 4/2/2
f 6/1164/2 546/1167/2 550/1168/2
f 6/1164/2 550/1168/2 549/1169/2
f 548/1170/2 547/1165/2 4/2/2
f 529/1171/2 548/1170/2 4/2/2
f 6/1164/2 549/1169/2 534/1172/2
f 6/1164/2 534/1172/2 533/1173/2
f 530/1174/2 529/1171/2 4/2/2
f 523/1175/2 530/1174/2 4/2/2
f 6/1164/2 533/1173/2 526/1176/2
f 6/1164/2 526/1176/2 522/1177/2
f 523/1175/2 4/2/2 521/1178/2
f 4/2/2 6/1164/2 527/1179/2
f 521/1178/2 4/2/2 524/1180/2
f 524/1180/2 4/2/2 531/1181/2
f 6/1164/2 522/1177/2 525/1182/2
f 6/1164/2 525/1182/2 532/1183/2
f 531/1181/2 4/2/2 527/1179/2
f 6/1164/2 532/1183/2 528/1184/2
f 6/1164/2 528/1184/2 527/1179/2
f 528/1184/2 536/1185/2 535/1186/2
f 535/1186/2 527/1179/2 528/1184/2
f 537/1187/2 535/1186/2 536/1185/2
f 537/1187/2 536/1185/2 538/1188/2
f 539/1189/2 537/1187/2 538/1188/2
f 539/1189/2 538/1188/2 540/4/2
f 552/1190/2 551/1191/2 541/6/2
f 541/6/2 539/1189/2 540/4/2
f 542/5/2 552/1190/2 541/6/2
f 544/1192/2 546/1167/2 6/1164/2
f 11/25/2 741/1193/2 735/1194/2
f 11/25/2 735/1194/2 760/1195/2
f 584/1196/2 544/1192/2 6/1164/2
f 556/1197/2 584/1196/2 6/1164/2
f 6/1164/2 11/25/2 639/1198/2
f 11/25/2 760/1195/2 725/1199/2
f 11/25/2 725/1199/2 625/1200/2
f 639/1198/2 11/25/2 625/1200/2
f 560/1201/2 556/1197/2 591/1202/2
f 556/1197/2 6/1164/2 589/1203/2
f 591/1202/2 556/1197/2 589/1203/2
f 725/1199/2 729/1204/2 625/1200/2
f 729/1204/2 784/1205/2 627/1206/2
f 784/1205/2 783/1207/2 638/1208/2
f 625/1200/2 729/1204/2 627/1206/2
f 783/1207/2 782/1209/2 635/1210/2
f 782/1209/2 781/1211/2 634/1212/2
f 627/1206/2 784/1205/2 638/1208/2
f 585/14/2 578/1213/2 610/1214/2
f 578/1213/2 579/1215/2 610/1214/2
f 610/1214/2 579/1215/2 612/1216/2
f 579/1215/2 580/1217/2 612/1216/2
f 612/1216/2 580/1217/2 581/1218/2
f 614/1219/2 612/1216/2 581/1218/2
f 614/1219/2 581/1218/2 582/1220/2
f 616/1221/2 614/1219/2 582/1220/2
f 616/1221/2 582/1220/2 583/1222/2
f 618/1223/2 616/1221/2 583/1222/2
f 618/1223/2 583/1222/2 560/1201/2
f 591/1202/2 618/1223/2 560/1201/2
f 724/1224/2 721/1225/2 720/1226/2
f 724/1224/2 720/1226/2 723/1227/2
f 728/1228/2 724/1224/2 626/1229/2
f 724/1224/2 723/1227/2 693/1230/2
f 717/1231/2 727/1232/2 773/1233/2
f 727/1232/2 717/1231/2 695/1234/2
f 723/1227/2 727/1232/2 695/1234/2
f 717/1231/2 773/1233/2 715/1235/2
f 774/1236/2 728/1228/2 636/1237/2
f 715/1235/2 773/1233/2 772/1238/2
f 775/1239/2 774/1236/2 637/1240/2
f 723/1227/2 695/1234/2 693/1230/2
f 715/1235/2 772/1238/2 713/1241/2
f 776/1242/2 775/1239/2 632/1243/2
f 772/1238/2 771/1244/2 713/1241/2
f 777/1245/2 776/1242/2 633/1246/2
f 724/1224/2 693/1230/2 624/1247/2
f 771/1244/2 770/1248/2 713/1241/2
f 778/1249/2 777/1245/2 633/1246/2
f 626/1229/2 724/1224/2 624/1247/2
f 769/1250/2 768/23/2 708/1251/2
f 770/1248/2 769/1250/2 711/1252/2
f 713/1241/2 770/1248/2 711/1252/2
f 779/1253/2 778/1249/2 630/1254/2
f 636/1237/2 728/1228/2 626/1229/2
f 769/1250/2 708/1251/2 709/1255/2
f 769/1250/2 709/1255/2 711/1252/2
f 637/1240/2 774/1236/2 636/1237/2
f 780/1256/2 779/1253/2 628/1257/2
f 776/1242/2 632/1243/2 633/1246/2
f 781/1211/2 780/1256/2 629/1258/2
f 619/1259/2 589/1203/2 6/1164/2
f 593/1260/2 619/1259/2 621/1261/2
f 619/1259/2 6/1164/2 639/1198/2
f 621/1261/2 619/1259/2 639/1198/2
f 778/1249/2 633/1246/2 630/1254/2
f 647/11/2 608/1262/2 648/1263/2
f 608/1262/2 609/1264/2 648/1263/2
f 648/1263/2 609/1264/2 611/1265/2
f 649/1266/2 648/1263/2 611/1265/2
f 649/1266/2 611/1265/2 650/1267/2
f 611/1265/2 613/1268/2 650/1267/2
f 650/1267/2 613/1268/2 615/1269/2
f 651/1270/2 650/1267/2 615/1269/2
f 651/1270/2 615/1269/2 617/1271/2
f 652/1272/2 651/1270/2 617/1271/2
f 652/1272/2 617/1271/2 595/1273/2
f 623/1274/2 652/1272/2 595/1273/2
f 623/1274/2 595/1273/2 593/1260/2
f 621/1261/2 623/1274/2 593/1260/2
f 779/1253/2 630/1254/2 628/1257/2
f 693/1230/2 719/1275/2 624/1247/2
f 632/1243/2 775/1239/2 637/1240/2
f 719/1275/2 689/1276/2 640/1277/2
f 689/1276/2 691/1278/2 669/1279/2
f 691/1278/2 718/1280/2 671/1281/2
f 718/1280/2 716/1282/2 683/1283/2
f 638/1208/2 783/1207/2 635/1210/2
f 635/1210/2 782/1209/2 634/1212/2
f 631/1284/2 634/1212/2 781/1211/2
f 629/1258/2 631/1284/2 781/1211/2
f 628/1257/2 629/1258/2 780/1256/2
f 716/1282/2 714/1285/2 682/1286/2
f 624/1247/2 719/1275/2 640/1277/2
f 714/1285/2 712/1287/2 681/1288/2
f 640/1277/2 689/1276/2 620/1289/2
f 620/1289/2 689/1276/2 669/1279/2
f 710/1290/2 685/17/2 678/1291/2
f 712/1287/2 710/1290/2 680/1292/2
f 669/1279/2 691/1278/2 671/1281/2
f 710/1290/2 678/1291/2 679/1293/2
f 710/1290/2 679/1293/2 680/1292/2
f 680/1292/2 681/1288/2 712/1287/2
f 681/1288/2 682/1286/2 714/1285/2
f 671/1281/2 718/1280/2 683/1283/2
f 683/1283/2 716/1282/2 682/1286/2
f 622/1294/2 620/1289/2 594/1295/2
f 641/1296/2 622/1294/2 597/1297/2
f 620/1289/2 669/1279/2 592/1298/2
f 669/1279/2 684/1299/2 592/1298/2
f 642/1300/2 641/1296/2 597/1297/2
f 594/1295/2 620/1289/2 592/1298/2
f 597/1297/2 622/1294/2 594/1295/2
f 643/1301/2 642/1300/2 599/1302/2
f 644/1303/2 643/1301/2 601/1304/2
f 642/1300/2 597/1297/2 599/1302/2
f 684/1299/2 661/1305/2 596/1306/2
f 607/10/2 646/12/2 605/1307/2
f 646/12/2 645/1308/2 605/1307/2
f 645/1308/2 644/1303/2 603/1309/2
f 643/1301/2 599/1302/2 601/1304/2
f 661/1305/2 663/1310/2 554/1311/2
f 603/1309/2 605/1307/2 645/1308/2
f 663/1310/2 667/1312/2 558/1313/2
f 592/1298/2 684/1299/2 596/1306/2
f 667/1312/2 666/1314/2 572/1315/2
f 601/1304/2 603/1309/2 644/1303/2
f 596/1306/2 661/1305/2 588/1316/2
f 666/1314/2 659/1317/2 571/1318/2
f 588/1316/2 661/1305/2 554/1311/2
f 659/1317/2 658/1319/2 570/1320/2
f 554/1311/2 663/1310/2 558/1313/2
f 658/1319/2 655/1321/2 569/1322/2
f 558/1313/2 667/1312/2 572/1315/2
f 655/1321/2 653/1323/2 568/1324/2
f 572/1315/2 666/1314/2 571/1318/2
f 590/1325/2 588/1316/2 559/1326/2
f 600/1327/2 574/1328/2 575/1329/2
f 598/1330/2 590/1325/2 573/1331/2
f 574/1328/2 600/1327/2 598/1330/2
f 600/1327/2 575/1329/2 602/1332/2
f 602/1332/2 575/1329/2 576/1333/2
f 602/1332/2 576/1333/2 604/1334/2
f 604/1334/2 576/1333/2 577/1335/2
f 586/13/2 587/15/2 577/1335/2
f 587/15/2 606/1336/2 577/1335/2
f 606/1336/2 604/1334/2 577/1335/2
f 574/1328/2 598/1330/2 573/1331/2
f 653/1323/2 654/1337/2 567/1338/2
f 573/1331/2 590/1325/2 559/1326/2
f 654/1337/2 657/1339/2 566/1340/2
f 559/1326/2 588/1316/2 555/1341/2
f 657/1339/2 656/1342/2 565/1343/2
f 571/1318/2 659/1317/2 570/1320/2
f 570/1320/2 658/1319/2 569/1322/2
f 656/1342/2 665/1344/2 564/1345/2
f 569/1322/2 655/1321/2 568/1324/2
f 551/1191/2 552/1190/2 555/1341/2
f 555/1341/2 588/1316/2 554/1311/2
f 554/1311/2 551/1191/2 555/1341/2
f 568/1324/2 653/1323/2 567/1338/2
f 665/1344/2 664/1346/2 563/1347/2
f 567/1338/2 654/1337/2 566/1340/2
f 664/1346/2 662/1348/2 562/1349/2
f 566/1340/2 657/1339/2 565/1343/2
f 662/1348/2 660/1350/2 557/1351/2
f 565/1343/2 656/1342/2 564/1345/2
f 564/1345/2 665/1344/2 563/1347/2
f 660/1350/2 672/1352/2 4/2/2
f 563/1347/2 664/1346/2 562/1349/2
f 562/1349/2 662/1348/2 557/1351/2
f 557/1351/2 660/1350/2 553/1353/2
f 553/1353/2 660/1350/2 4/2/2
f 561/1354/2 553/1353/2 4/2/2
f 4/2/2 545/1166/2 543/1355/2
f 4/2/2 543/1355/2 561/1354/2
f 734/1356/2 740/1357/2 10/9/2
f 761/1358/2 734/1356/2 10/9/2
f 10/9/2 4/2/2 672/1352/2
f 722/1359/2 761/1358/2 10/9/2
f 726/1360/2 722/1359/2 694/1361/2
f 722/1359/2 10/9/2 692/8/2
f 694/1361/2 722/1359/2 692/8/2
f 10/9/2 672/1352/2 696/7/2
f 672/1352/2 668/1362/2 696/7/2
f 668/1362/2 670/1363/2 688/1364/2
f 668/1362/2 688/1364/2 696/7/2
f 670/1363/2 673/1365/2 690/1366/2
f 688/1364/2 670/1363/2 690/1366/2
f 673/1365/2 674/1367/2 698/1368/2
f 674/1367/2 675/1369/2 700/1370/2
f 690/1366/2 673/1365/2 698/1368/2
f 675/1369/2 676/1371/2 702/1372/2
f 676/1371/2 677/1373/2 704/1374/2
f 698/1368/2 674/1367/2 700/1370/2
f 677/1373/2 686/16/2 687/18/2
f 677/1373/2 687/18/2 706/1375/2
f 707/22/2 767/24/2 705/1376/2
f 767/24/2 766/1377/2 705/1376/2
f 705/1376/2 766/1377/2 765/1378/2
f 703/1379/2 705/1376/2 765/1378/2
f 703/1379/2 765/1378/2 764/1380/2
f 701/1381/2 703/1379/2 764/1380/2
f 701/1381/2 764/1380/2 763/1382/2
f 699/1383/2 701/1381/2 763/1382/2
f 699/1383/2 763/1382/2 762/1384/2
f 697/1385/2 699/1383/2 762/1384/2
f 697/1385/2 762/1384/2 694/1361/2
f 762/1384/2 726/1360/2 694/1361/2
f 677/1373/2 706/1375/2 704/1374/2
f 704/1374/2 702/1372/2 676/1371/2
f 702/1372/2 700/1370/2 675/1369/2
f 607/10/2 608/1262/2 647/11/2
f 586/13/2 578/1213/2 585/14/2
f 686/16/2 678/1291/2 685/17/2
f 759/1386/2 741/1193/2 11/25/2
f 10/9/2 740/1357/2 757/1387/2
f 10/9/2 757/1387/2 758/1388/2
f 756/1389/2 759/1386/2 11/25/2
f 755/1390/2 756/1389/2 11/25/2
f 10/9/2 758/1388/2 751/1391/2
f 10/9/2 751/1391/2 752/1392/2
f 750/1393/2 755/1390/2 11/25/2
f 746/1394/2 750/1393/2 11/25/2
f 10/9/2 752/1392/2 747/1395/2
f 10/9/2 747/1395/2 745/1396/2
f 746/1394/2 11/25/2 744/1397/2
f 11/25/2 10/9/2 743/1398/2
f 744/1397/2 11/25/2 749/1399/2
f 749/1399/2 11/25/2 754/1400/2
f 10/9/2 745/1396/2 748/1401/2
f 10/9/2 748/1401/2 753/1402/2
f 754/1400/2 11/25/2 743/1398/2
f 10/9/2 753/1402/2 742/1403/2
f 10/9/2 742/1403/2 743/1398/2
f 742/1403/2 738/1404/2 739/1405/2
f 739/1405/2 743/1398/2 742/1403/2
f 737/1406/2 739/1405/2 738/1404/2
f 737/1406/2 738/1404/2 736/1407/2
f 733/1408/2 737/1406/2 736/1407/2
f 733/1408/2 736/1407/2 732/19/2
f 720/1226/2 721/1225/2 731/21/2
f 731/21/2 733/1408/2 732/19/2
f 730/20/2 720/1226/2 731/21/2
f 707/22/2 708/1251/2 768/23/2
f 11/25/3 8/51/3 7/26/3
f 817/27/4 810/1409/4 818/28/4
f 889/1410/4 872/1411/4 7/26/4
f 8/51/4 873/1412/4 891/1413/4
f 8/51/4 891/1413/4 888/1414/4
f 890/1415/4 889/1410/4 7/26/4
f 883/1416/4 890/1415/4 7/26/4
f 8/51/4 888/1414/4 887/1417/4
f 8/51/4 887/1417/4 882/1418/4
f 884/1419/4 883/1416/4 7/26/4
f 879/1420/4 884/1419/4 7/26/4
f 8/51/4 882/1418/4 878/1421/4
f 8/51/4 878/1421/4 877/1422/4
f 879/1420/4 7/26/4 876/1423/4
f 7/26/4 8/51/4 874/1424/4
f 876/1423/4 7/26/4 880/1425/4
f 880/1425/4 7/26/4 885/1426/4
f 8/51/4 877/1422/4 881/1427/4
f 8/51/4 881/1427/4 886/1428/4
f 885/1426/4 7/26/4 874/1424/4
f 8/51/4 886/1428/4 875/1429/4
f 8/51/4 875/1429/4 874/1424/4
f 875/1429/4 871/1430/4 870/1431/4
f 870/1431/4 874/1424/4 875/1429/4
f 868/1432/4 870/1431/4 871/1430/4
f 868/1432/4 871/1430/4 869/1433/4
f 864/1434/4 868/1432/4 869/1433/4
f 864/1434/4 869/1433/4 865/30/4
f 853/1435/4 852/1436/4 862/32/4
f 862/32/4 864/1434/4 865/30/4
f 863/31/4 853/1435/4 862/32/4
f 867/1437/4 873/1412/4 8/51/4
f 2/1438/4 942/1439/4 940/1440/4
f 2/1438/4 940/1440/4 980/1441/4
f 892/1442/4 867/1437/4 8/51/4
f 857/1443/4 892/1442/4 8/51/4
f 8/51/4 2/1438/4 816/1444/4
f 2/1438/4 980/1441/4 952/1445/4
f 2/1438/4 952/1445/4 793/1446/4
f 816/1444/4 2/1438/4 793/1446/4
f 861/1447/4 857/1443/4 827/1448/4
f 857/1443/4 8/51/4 825/1449/4
f 827/1448/4 857/1443/4 825/1449/4
f 952/1445/4 956/1450/4 793/1446/4
f 956/1450/4 979/1451/4 795/1452/4
f 979/1451/4 978/1453/4 799/1454/4
f 793/1446/4 956/1450/4 795/1452/4
f 978/1453/4 977/1455/4 798/1456/4
f 977/1455/4 976/1457/4 791/1458/4
f 795/1452/4 979/1451/4 799/1454/4
f 840/37/4 911/1459/4 842/1460/4
f 911/1459/4 912/1461/4 842/1460/4
f 842/1460/4 912/1461/4 913/1462/4
f 844/1463/4 842/1460/4 913/1462/4
f 844/1463/4 913/1462/4 914/1464/4
f 846/1465/4 844/1463/4 914/1464/4
f 846/1465/4 914/1464/4 915/1466/4
f 848/1467/4 846/1465/4 915/1466/4
f 848/1467/4 915/1466/4 916/1468/4
f 850/1469/4 848/1467/4 916/1468/4
f 850/1469/4 916/1468/4 827/1448/4
f 916/1468/4 861/1447/4 827/1448/4
f 951/1470/4 947/1471/4 948/1472/4
f 951/1470/4 948/1472/4 950/1473/4
f 955/1474/4 951/1470/4 794/1475/4
f 951/1470/4 950/1473/4 982/1476/4
f 1012/1477/4 954/1478/4 969/1479/4
f 954/1478/4 1012/1477/4 984/1480/4
f 950/1473/4 954/1478/4 984/1480/4
f 1012/1477/4 969/1479/4 1010/1481/4
f 970/1482/4 955/1474/4 796/1483/4
f 1010/1481/4 969/1479/4 968/1484/4
f 971/1485/4 970/1482/4 797/1486/4
f 950/1473/4 984/1480/4 982/1476/4
f 1010/1481/4 968/1484/4 1008/1487/4
f 972/1488/4 971/1485/4 788/1489/4
f 968/1484/4 967/1490/4 1008/1487/4
f 973/1491/4 972/1488/4 789/1492/4
f 951/1470/4 982/1476/4 792/1493/4
f 967/1490/4 966/1494/4 1008/1487/4
f 974/1495/4 973/1491/4 789/1492/4
f 794/1475/4 951/1470/4 792/1493/4
f 965/1496/4 964/46/4 1003/1497/4
f 966/1494/4 965/1496/4 1006/1498/4
f 1008/1487/4 966/1494/4 1006/1498/4
f 1048/1499/4 974/1495/4 786/1500/4
f 796/1483/4 955/1474/4 794/1475/4
f 965/1496/4 1003/1497/4 1004/1501/4
f 965/1496/4 1004/1501/4 1006/1498/4
f 797/1486/4 970/1482/4 796/1483/4
f 975/1502/4 1048/1499/4 785/1503/4
f 972/1488/4 788/1489/4 789/1492/4
f 976/1457/4 975/1502/4 787/1504/4
f 851/1505/4 825/1449/4 8/51/4
f 821/1506/4 851/1505/4 801/1507/4
f 851/1505/4 8/51/4 816/1444/4
f 801/1507/4 851/1505/4 816/1444/4
f 974/1495/4 789/1492/4 786/1500/4
f 817/27/4 819/29/4 811/1508/4
f 819/29/4 841/1509/4 811/1508/4
f 811/1508/4 841/1509/4 843/1510/4
f 812/1511/4 811/1508/4 843/1510/4
f 812/1511/4 843/1510/4 813/1512/4
f 843/1510/4 845/1513/4 813/1512/4
f 813/1512/4 845/1513/4 847/1514/4
f 814/1515/4 813/1512/4 847/1514/4
f 814/1515/4 847/1514/4 815/1516/4
f 847/1514/4 849/1517/4 815/1516/4
f 815/1516/4 849/1517/4 823/1518/4
f 803/1519/4 815/1516/4 823/1518/4
f 803/1519/4 823/1518/4 821/1506/4
f 801/1507/4 803/1519/4 821/1506/4
f 1048/1499/4 786/1500/4 785/1503/4
f 982/1476/4 1014/1520/4 792/1493/4
f 788/1489/4 971/1485/4 797/1486/4
f 1014/1520/4 986/1521/4 804/1522/4
f 986/1521/4 988/1523/4 1016/1524/4
f 988/1523/4 1013/1525/4 1018/1526/4
f 1013/1525/4 1011/1527/4 1046/1528/4
f 799/1454/4 978/1453/4 798/1456/4
f 798/1456/4 977/1455/4 791/1458/4
f 790/1529/4 791/1458/4 976/1457/4
f 787/1504/4 790/1529/4 976/1457/4
f 785/1503/4 787/1504/4 975/1502/4
f 1011/1527/4 1009/1530/4 1045/1531/4
f 792/1493/4 1014/1520/4 804/1522/4
f 1009/1530/4 1007/1532/4 1044/1533/4
f 804/1522/4 986/1521/4 800/1534/4
f 800/1534/4 986/1521/4 1016/1524/4
f 1005/1535/4 1002/43/4 1041/1536/4
f 1007/1532/4 1005/1535/4 1043/1537/4
f 1016/1524/4 988/1523/4 1018/1526/4
f 1005/1535/4 1041/1536/4 1042/1538/4
f 1005/1535/4 1042/1538/4 1043/1537/4
f 1043/1537/4 1044/1533/4 1007/1532/4
f 1044/1533/4 1045/1531/4 1009/1530/4
f 1018/1526/4 1013/1525/4 1046/1528/4
f 1046/1528/4 1011/1527/4 1045/1531/4
f 802/1539/4 800/1534/4 822/1540/4
f 805/1541/4 802/1539/4 829/1542/4
f 800/1534/4 1016/1524/4 820/1543/4
f 1016/1524/4 1047/1544/4 820/1543/4
f 806/1545/4 805/1541/4 829/1542/4
f 822/1540/4 800/1534/4 820/1543/4
f 829/1542/4 802/1539/4 822/1540/4
f 807/1546/4 806/1545/4 831/1547/4
f 808/1548/4 807/1546/4 833/1549/4
f 806/1545/4 829/1542/4 831/1547/4
f 1047/1544/4 1020/1550/4 828/1551/4
f 818/28/4 810/1409/4 837/1552/4
f 810/1409/4 809/1553/4 837/1552/4
f 809/1553/4 808/1548/4 835/1554/4
f 807/1546/4 831/1547/4 833/1549/4
f 1020/1550/4 1022/1555/4 856/1556/4
f 835/1554/4 837/1552/4 809/1553/4
f 1022/1555/4 1033/1557/4 859/1558/4
f 820/1543/4 1047/1544/4 828/1551/4
f 1033/1557/4 1030/1559/4 904/1560/4
f 833/1549/4 835/1554/4 808/1548/4
f 828/1551/4 1020/1550/4 824/1561/4
f 1030/1559/4 1029/1562/4 903/1563/4
f 824/1561/4 1020/1550/4 856/1556/4
f 1029/1562/4 1026/1564/4 902/1565/4
f 856/1556/4 1022/1555/4 859/1558/4
f 1026/1564/4 1024/1566/4 901/1567/4
f 859/1558/4 1033/1557/4 904/1560/4
f 1024/1566/4 1023/1568/4 900/1569/4
f 904/1560/4 1030/1559/4 903/1563/4
f 826/1570/4 824/1561/4 860/1571/4
f 832/1572/4 906/1573/4 907/1574/4
f 830/1575/4 826/1570/4 905/1576/4
f 906/1573/4 832/1572/4 830/1575/4
f 832/1572/4 907/1574/4 834/1577/4
f 834/1577/4 907/1574/4 908/1578/4
f 834/1577/4 908/1578/4 836/1579/4
f 836/1579/4 908/1578/4 909/1580/4
f 910/36/4 839/38/4 909/1580/4
f 839/38/4 838/1581/4 909/1580/4
f 838/1581/4 836/1579/4 909/1580/4
f 906/1573/4 830/1575/4 905/1576/4
f 1023/1568/4 1025/1582/4 899/1583/4
f 905/1576/4 826/1570/4 860/1571/4
f 1025/1582/4 1028/1584/4 898/1585/4
f 860/1571/4 824/1561/4 854/1586/4
f 1028/1584/4 1027/1587/4 897/1588/4
f 903/1563/4 1029/1562/4 902/1565/4
f 902/1565/4 1026/1564/4 901/1567/4
f 1027/1587/4 1032/1589/4 896/1590/4
f 901/1567/4 1024/1566/4 900/1569/4
f 852/1436/4 853/1435/4 854/1586/4
f 854/1586/4 824/1561/4 856/1556/4
f 856/1556/4 852/1436/4 854/1586/4
f 900/1569/4 1023/1568/4 899/1583/4
f 1032/1589/4 1031/1591/4 895/1592/4
f 899/1583/4 1025/1582/4 898/1585/4
f 1031/1591/4 1021/1593/4 894/1594/4
f 898/1585/4 1028/1584/4 897/1588/4
f 1021/1593/4 1019/1595/4 858/1596/4
f 897/1588/4 1027/1587/4 896/1590/4
f 896/1590/4 1032/1589/4 895/1592/4
f 1019/1595/4 1034/1597/4 7/26/4
f 895/1592/4 1031/1591/4 894/1594/4
f 894/1594/4 1021/1593/4 858/1596/4
f 858/1596/4 1019/1595/4 855/1598/4
f 855/1598/4 1019/1595/4 7/26/4
f 893/1599/4 855/1598/4 7/26/4
f 7/26/4 872/1411/4 866/1600/4
f 7/26/4 866/1600/4 893/1599/4
f 939/1601/4 941/1602/4 1/35/4
f 957/1603/4 939/1601/4 1/35/4
f 1/35/4 7/26/4 1034/1597/4
f 949/1604/4 957/1603/4 1/35/4
f 953/1605/4 949/1604/4 983/1606/4
f 949/1604/4 1/35/4 981/34/4
f 983/1606/4 949/1604/4 981/34/4
f 1/35/4 1034/1597/4 989/33/4
f 1034/1597/4 1015/1607/4 989/33/4
f 1015/1607/4 1017/1608/4 985/1609/4
f 1015/1607/4 985/1609/4 989/33/4
f 1017/1608/4 1035/1610/4 987/1611/4
f 985/1609/4 1017/1608/4 987/1611/4
f 1035/1610/4 1036/1612/4 991/1613/4
f 1036/1612/4 1037/1614/4 993/1615/4
f 987/1611/4 1035/1610/4 991/1613/4
f 1037/1614/4 1038/1616/4 995/1617/4
f 1038/1616/4 1039/1618/4 997/1619/4
f 991/1613/4 1036/1612/4 993/1615/4
f 1039/1618/4 1040/42/4 1000/44/4
f 1039/1618/4 1000/44/4 999/1620/4
f 1001/45/4 963/47/4 998/1621/4
f 963/47/4 962/1622/4 998/1621/4
f 998/1621/4 962/1622/4 996/1623/4
f 962/1622/4 961/1624/4 996/1623/4
f 996/1623/4 961/1624/4 960/1625/4
f 994/1626/4 996/1623/4 960/1625/4
f 994/1626/4 960/1625/4 959/1627/4
f 992/1628/4 994/1626/4 959/1627/4
f 992/1628/4 959/1627/4 958/1629/4
f 990/1630/4 992/1628/4 958/1629/4
f 990/1630/4 958/1629/4 953/1605/4
f 983/1606/4 990/1630/4 953/1605/4
f 1039/1618/4 999/1620/4 997/1619/4
f 997/1619/4 995/1617/4 1038/1616/4
f 995/1617/4 993/1615/4 1037/1614/4
f 910/36/4 911/1459/4 840/37/4
f 946/1631/4 942/1439/4 2/1438/4
f 1/35/4 941/1602/4 943/1632/4
f 1/35/4 943/1632/4 944/1633/4
f 945/1634/4 946/1631/4 2/1438/4
f 930/1635/4 945/1634/4 2/1438/4
f 1/35/4 944/1633/4 925/1636/4
f 1/35/4 925/1636/4 926/1637/4
f 929/1638/4 930/1635/4 2/1438/4
f 922/1639/4 929/1638/4 2/1438/4
f 1/35/4 926/1637/4 919/1640/4
f 1/35/4 919/1640/4 917/1641/4
f 922/1639/4 2/1438/4 918/1642/4
f 2/1438/4 1/35/4 923/1643/4
f 918/1642/4 2/1438/4 921/1644/4
f 921/1644/4 2/1438/4 928/1645/4
f 1/35/4 917/1641/4 920/1646/4
f 1/35/4 920/1646/4 927/1647/4
f 928/1645/4 2/1438/4 923/1643/4
f 1/35/4 927/1647/4 924/1648/4
f 1/35/4 924/1648/4 923/1643/4
f 924/1648/4 932/1649/4 931/1650/4
f 931/1650/4 923/1643/4 924/1648/4
f 933/1651/4 931/1650/4 932/1649/4
f 933/1651/4 932/1649/4 934/1652/4
f 935/1653/4 933/1651/4 936/39/4
f 933/1651/4 934/1652/4 936/39/4
f 948/1472/4 947/1471/4 937/41/4
f 937/41/4 935/1653/4 936/39/4
f 938/40/4 948/1472/4 937/41/4
f 1040/42/4 1041/1536/4 1002/43/4
f 1001/45/4 1003/1497/4 964/46/4
f 10/9/5 7/26/5 1/48/5
f 6/50/6 2/1654/6 8/51/6
f 3/52/7 720/1655/7 730/53/7
f 5/54/8 730/53/8 732/55/8
f 9/56/9 732/55/9 736/57/9
f 12/58/10 736/57/10 738/59/10
f 13/60/11 738/59/11 742/61/11
f 14/62/12 742/61/12 753/63/12
f 15/64/13 753/63/13 748/65/13
f 16/66/14 748/65/14 745/67/14
f 17/68/15 745/67/15 747/69/15
f 18/70/16 747/69/16 752/71/16
f 19/72/17 752/71/17 751/73/17
f 20/74/18 751/73/18 758/75/18
f 21/76/19 758/75/19 757/77/19
f 22/78/20 757/77/20 740/79/20
f 24/81/21 23/80/21 740/79/21
f 25/83/22 24/81/22 734/82/22
f 26/85/23 25/83/23 761/84/23
f 27/87/24 26/85/24 722/86/24
f 27/87/25 726/88/25 762/89/25
f 28/90/26 762/89/26 763/91/26
f 29/92/27 763/91/27 764/93/27
f 30/94/28 764/93/28 765/95/28
f 31/96/29 765/95/29 766/97/29
f 768/1656/30 33/100/30 767/99/30
f 33/100/30 32/98/30 767/99/30
f 33/100/31 768/1656/31 769/101/31
f 34/102/32 769/101/32 770/103/32
f 35/104/33 770/103/33 771/105/33
f 36/106/34 771/105/34 772/107/34
f 37/108/35 772/107/35 773/109/35
f 38/110/36 773/109/36 727/111/36
f 40/1657/2 3/1658/2 5/1659/2
f 5/1659/2 9/1660/2 40/1657/2
f 9/1660/2 12/115/2 39/114/2
f 40/1657/2 9/1660/2 39/114/2
f 12/115/2 13/1661/2 37/1662/2
f 13/1661/2 14/1663/2 36/1664/2
f 14/1663/2 15/1665/2 36/1664/2
f 15/1665/2 16/1666/2 35/1667/2
f 36/1664/2 15/1665/2 35/1667/2
f 16/1666/2 17/1668/2 33/1669/2
f 17/1668/2 18/1666/2 32/1670/2
f 18/1666/2 19/1665/2 32/1670/2
f 19/1665/2 20/1663/2 31/1667/2
f 32/1670/2 19/1665/2 31/1667/2
f 20/1663/2 21/1661/2 29/1662/2
f 21/1661/2 22/115/2 28/113/2
f 22/115/2 23/1660/2 28/113/2
f 23/1660/2 24/1659/2 27/114/2
f 28/113/2 23/1660/2 27/114/2
f 24/1659/2 25/1658/2 26/1657/2
f 26/1657/2 27/114/2 24/1659/2
f 28/113/2 29/1662/2 21/1661/2
f 29/1662/2 30/1664/2 20/1663/2
f 30/1664/2 31/1667/2 20/1663/2
f 32/1670/2 33/1669/2 17/1668/2
f 33/1669/2 34/1670/2 16/1666/2
f 34/1670/2 35/1667/2 16/1666/2
f 36/1664/2 37/1662/2 13/1661/2
f 37/1662/2 38/113/2 12/115/2
f 39/112/37 727/111/37 723/116/37
f 40/117/38 723/116/38 720/118/38
f 41/120/7 551/1671/7 554/121/7
f 42/122/8 554/121/8 558/123/8
f 43/124/9 558/123/9 572/125/9
f 44/126/10 572/125/10 571/127/10
f 45/128/11 571/127/11 570/129/11
f 46/130/12 570/129/12 569/131/12
f 47/132/13 569/131/13 568/133/13
f 48/134/14 568/133/14 567/135/14
f 49/136/15 567/135/15 566/137/15
f 50/138/16 566/137/16 565/139/16
f 51/140/17 565/139/17 564/141/17
f 52/142/18 564/141/18 563/143/18
f 53/144/19 563/143/19 562/145/19
f 54/146/20 562/145/20 557/147/20
f 56/149/21 55/148/21 557/147/21
f 57/151/22 56/149/22 553/150/22
f 58/153/23 57/151/23 561/152/23
f 59/155/24 58/153/24 543/154/24
f 59/155/25 545/156/25 547/157/25
f 60/158/26 547/157/26 548/159/26
f 61/160/27 548/159/27 529/161/27
f 62/162/28 529/161/28 530/163/28
f 63/164/29 530/163/29 523/165/29
f 64/166/30 523/165/30 521/167/30
f 65/168/31 521/167/31 524/169/31
f 66/170/32 524/169/32 531/171/32
f 67/172/33 531/171/33 527/173/33
f 68/174/34 527/173/34 535/175/34
f 69/176/35 535/175/35 537/177/35
f 70/178/36 537/177/36 539/179/36
f 72/1672/2 41/1673/2 42/1674/2
f 42/1674/2 43/1675/2 72/1672/2
f 43/1675/2 44/183/2 71/182/2
f 72/1672/2 43/1675/2 71/182/2
f 44/183/2 45/1676/2 69/1677/2
f 45/1676/2 46/1678/2 68/1679/2
f 46/1678/2 47/1680/2 68/1679/2
f 47/1680/2 48/1681/2 67/1682/2
f 68/1679/2 47/1680/2 67/1682/2
f 48/1681/2 49/1683/2 65/1684/2
f 49/1683/2 50/1681/2 64/1685/2
f 50/1681/2 51/1680/2 64/1685/2
f 51/1680/2 52/1678/2 63/1682/2
f 64/1685/2 51/1680/2 63/1682/2
f 52/1678/2 53/1676/2 61/1677/2
f 53/1676/2 54/183/2 60/181/2
f 54/183/2 55/1675/2 60/181/2
f 55/1675/2 56/1674/2 59/182/2
f 60/181/2 55/1675/2 59/182/2
f 56/1674/2 57/1673/2 58/1672/2
f 58/1672/2 59/182/2 56/1674/2
f 60/181/2 61/1677/2 53/1676/2
f 61/1677/2 62/1679/2 52/1678/2
f 62/1679/2 63/1682/2 52/1678/2
f 64/1685/2 65/1684/2 49/1683/2
f 65/1684/2 66/1685/2 48/1681/2
f 66/1685/2 67/1682/2 48/1681/2
f 68/1679/2 69/1677/2 45/1676/2
f 69/1677/2 70/181/2 44/183/2
f 71/180/37 539/179/37 541/184/37
f 72/185/38 541/184/38 551/186/38
f 73/188/7 584/1686/7 556/189/7
f 74/190/8 556/189/8 560/191/8
f 75/192/9 560/191/9 583/193/9
f 76/194/10 583/193/10 582/195/10
f 77/196/11 582/195/11 581/197/11
f 78/198/12 581/197/12 580/199/12
f 79/200/13 580/199/13 579/201/13
f 586/1687/14 81/204/14 578/203/14
f 81/204/14 80/202/14 578/203/14
f 81/204/15 586/1687/15 577/205/15
f 82/206/16 577/205/16 576/207/16
f 83/208/17 576/207/17 575/209/17
f 84/210/18 575/209/18 574/211/18
f 85/212/19 574/211/19 573/213/19
f 86/214/20 573/213/20 559/215/20
f 88/217/21 87/216/21 559/215/21
f 89/219/22 88/217/22 555/218/22
f 90/221/23 89/219/23 552/220/23
f 91/223/24 90/221/24 542/222/24
f 91/223/25 540/224/25 538/225/25
f 92/226/26 538/225/26 536/227/26
f 93/228/27 536/227/27 528/229/27
f 94/230/28 528/229/28 532/231/28
f 95/232/29 532/231/29 525/233/29
f 96/234/30 525/233/30 522/235/30
f 97/236/31 522/235/31 526/237/31
f 98/238/32 526/237/32 533/239/32
f 99/240/33 533/239/33 534/241/33
f 100/242/34 534/241/34 549/243/34
f 101/244/35 549/243/35 550/245/35
f 102/246/36 550/245/36 546/247/36
f 104/1688/2 73/1689/2 74/1690/2
f 74/1690/2 75/1691/2 104/1688/2
f 75/1691/2 76/251/2 103/250/2
f 104/1688/2 75/1691/2 103/250/2
f 76/251/2 77/1692/2 101/1693/2
f 77/1692/2 78/1694/2 100/1695/2
f 78/1694/2 79/1696/2 100/1695/2
f 79/1696/2 80/1697/2 99/1698/2
f 100/1695/2 79/1696/2 99/1698/2
f 80/1697/2 81/1699/2 97/1700/2
f 81/1699/2 82/1697/2 96/1701/2
f 82/1697/2 83/1696/2 96/1701/2
f 83/1696/2 84/1694/2 95/1698/2
f 96/1701/2 83/1696/2 95/1698/2
f 84/1694/2 85/1692/2 93/1693/2
f 85/1692/2 86/251/2 92/249/2
f 86/251/2 87/1691/2 92/249/2
f 87/1691/2 88/1690/2 91/250/2
f 92/249/2 87/1691/2 91/250/2
f 88/1690/2 89/1689/2 90/1688/2
f 90/1688/2 91/250/2 88/1690/2
f 92/249/2 93/1693/2 85/1692/2
f 93/1693/2 94/1695/2 84/1694/2
f 94/1695/2 95/1698/2 84/1694/2
f 96/1701/2 97/1700/2 81/1699/2
f 97/1700/2 98/1701/2 80/1697/2
f 98/1701/2 99/1698/2 80/1697/2
f 100/1695/2 101/1693/2 77/1692/2
f 101/1693/2 102/249/2 76/251/2
f 103/248/37 546/247/37 544/252/37
f 104/253/38 544/252/38 584/254/38
f 105/256/7 760/1702/7 735/257/7
f 106/258/8 735/257/8 741/259/8
f 107/260/9 741/259/9 759/261/9
f 108/262/10 759/261/10 756/263/10
f 109/264/11 756/263/11 755/265/11
f 110/266/12 755/265/12 750/267/12
f 111/268/13 750/267/13 746/269/13
f 112/270/14 746/269/14 744/271/14
f 113/272/15 744/271/15 749/273/15
f 114/274/16 749/273/16 754/275/16
f 115/276/17 754/275/17 743/277/17
f 116/278/18 743/277/18 739/279/18
f 117/280/19 739/279/19 737/281/19
f 118/282/20 737/281/20 733/283/20
f 120/285/21 119/284/21 733/283/21
f 121/287/22 120/285/22 731/286/22
f 122/289/23 121/287/23 721/288/23
f 123/291/24 122/289/24 724/290/24
f 123/291/25 728/292/25 774/293/25
f 124/294/26 774/293/26 775/295/26
f 125/296/27 775/295/27 776/297/27
f 126/298/28 776/297/28 777/299/28
f 127/300/29 777/299/29 778/301/29
f 128/302/30 778/301/30 779/303/30
f 129/304/31 779/303/31 780/305/31
f 130/306/32 780/305/32 781/307/32
f 131/308/33 781/307/33 782/309/33
f 132/310/34 782/309/34 783/311/34
f 133/312/35 783/311/35 784/313/35
f 134/314/36 784/313/36 729/315/36
f 136/1703/2 105/1704/2 106/1705/2
f 106/1705/2 107/1706/2 136/1703/2
f 107/1706/2 108/319/2 135/318/2
f 136/1703/2 107/1706/2 135/318/2
f 108/319/2 109/1707/2 133/1708/2
f 109/1707/2 110/1709/2 132/1710/2
f 110/1709/2 111/1711/2 132/1710/2
f 111/1711/2 112/1712/2 131/1713/2
f 132/1710/2 111/1711/2 131/1713/2
f 112/1712/2 113/1714/2 129/1715/2
f 113/1714/2 114/1712/2 128/1716/2
f 114/1712/2 115/1711/2 128/1716/2
f 115/1711/2 116/1709/2 127/1713/2
f 128/1716/2 115/1711/2 127/1713/2
f 116/1709/2 117/1707/2 125/1708/2
f 117/1707/2 118/319/2 124/317/2
f 118/319/2 119/1706/2 124/317/2
f 119/1706/2 120/1705/2 123/318/2
f 124/317/2 119/1706/2 123/318/2
f 120/1705/2 121/1704/2 122/1703/2
f 122/1703/2 123/318/2 120/1705/2
f 124/317/2 125/1708/2 117/1707/2
f 125/1708/2 126/1710/2 116/1709/2
f 126/1710/2 127/1713/2 116/1709/2
f 128/1716/2 129/1715/2 113/1714/2
f 129/1715/2 130/1716/2 112/1712/2
f 130/1716/2 131/1713/2 112/1712/2
f 132/1710/2 133/1708/2 109/1707/2
f 133/1708/2 134/317/2 108/319/2
f 135/316/37 729/315/37 725/320/37
f 136/321/38 725/320/38 760/322/38
f 137/324/7 639/1717/7 625/325/7
f 138/326/8 625/325/8 627/327/8
f 139/328/9 627/327/9 638/329/9
f 140/330/10 638/329/10 635/331/10
f 141/332/11 635/331/11 634/333/11
f 142/334/12 634/333/12 631/335/12
f 143/336/13 631/335/13 629/337/13
f 144/338/14 629/337/14 628/339/14
f 145/340/15 628/339/15 630/341/15
f 146/342/16 630/341/16 633/343/16
f 147/344/17 633/343/17 632/345/17
f 148/346/18 632/345/18 637/347/18
f 149/348/19 637/347/19 636/349/19
f 150/350/20 636/349/20 626/351/20
f 152/353/21 151/352/21 626/351/21
f 153/355/22 152/353/22 624/354/22
f 154/357/23 153/355/23 640/356/23
f 155/359/24 154/357/24 620/358/24
f 155/359/25 622/360/25 641/361/25
f 156/362/26 641/361/26 642/363/26
f 157/364/27 642/363/27 643/365/27
f 158/366/28 643/365/28 644/367/28
f 159/368/29 644/367/29 645/369/29
f 647/1718/30 161/372/30 646/371/30
f 161/372/30 160/370/30 646/371/30
f 161/372/31 647/1718/31 648/373/31
f 162/374/32 648/373/32 649/375/32
f 163/376/33 649/375/33 650/377/33
f 164/378/34 650/377/34 651/379/34
f 165/380/35 651/379/35 652/381/35
f 166/382/36 652/381/36 623/383/36
f 168/1719/2 137/1720/2 138/1721/2
f 138/1721/2 139/1722/2 168/1719/2
f 139/1722/2 140/387/2 167/386/2
f 168/1719/2 139/1722/2 167/386/2
f 140/387/2 141/1723/2 165/1724/2
f 141/1723/2 142/1725/2 164/1726/2
f 142/1725/2 143/1727/2 164/1726/2
f 143/1727/2 144/1728/2 163/1729/2
f 164/1726/2 143/1727/2 163/1729/2
f 144/1728/2 145/1730/2 161/1731/2
f 145/1730/2 146/1728/2 160/1732/2
f 146/1728/2 147/1727/2 160/1732/2
f 147/1727/2 148/1725/2 159/1729/2
f 160/1732/2 147/1727/2 159/1729/2
f 148/1725/2 149/1723/2 157/1724/2
f 149/1723/2 150/387/2 156/385/2
f 150/387/2 151/1722/2 156/385/2
f 151/1722/2 152/1721/2 155/386/2
f 156/385/2 151/1722/2 155/386/2
f 152/1721/2 153/1720/2 154/1719/2
f 154/1719/2 155/386/2 152/1721/2
f 156/385/2 157/1724/2 149/1723/2
f 157/1724/2 158/1726/2 148/1725/2
f 158/1726/2 159/1729/2 148/1725/2
f 160/1732/2 161/1731/2 145/1730/2
f 161/1731/2 162/1732/2 144/1728/2
f 162/1732/2 163/1729/2 144/1728/2
f 164/1726/2 165/1724/2 141/1723/2
f 165/1724/2 166/385/2 140/387/2
f 167/384/37 623/383/37 621/388/37
f 168/389/38 621/388/38 639/390/38
f 169/392/7 619/1733/7 593/393/7
f 170/394/8 593/393/8 595/395/8
f 171/396/9 595/395/9 617/397/9
f 172/398/10 617/397/10 615/399/10
f 173/400/11 615/399/11 613/401/11
f 174/402/12 613/401/12 611/403/12
f 175/404/13 611/403/13 609/405/13
f 607/1734/14 177/408/14 608/407/14
f 177/408/14 176/406/14 608/407/14
f 177/408/15 607/1734/15 605/409/15
f 178/410/16 605/409/16 603/411/16
f 179/412/17 603/411/17 601/413/17
f 180/414/18 601/413/18 599/415/18
f 181/416/19 599/415/19 597/417/19
f 182/418/20 597/417/20 594/419/20
f 184/421/21 183/420/21 594/419/21
f 185/423/22 184/421/22 592/422/22
f 186/425/23 185/423/23 596/424/23
f 187/427/24 186/425/24 588/426/24
f 187/427/25 590/428/25 598/429/25
f 188/430/26 598/429/26 600/431/26
f 189/432/27 600/431/27 602/433/27
f 190/434/28 602/433/28 604/435/28
f 191/436/29 604/435/29 606/437/29
f 585/1735/30 193/440/30 587/439/30
f 193/440/30 192/438/30 587/439/30
f 193/440/31 585/1735/31 610/441/31
f 194/442/32 610/441/32 612/443/32
f 195/444/33 612/443/33 614/445/33
f 196/446/34 614/445/34 616/447/34
f 197/448/35 616/447/35 618/449/35
f 198/450/36 618/449/36 591/451/36
f 200/1736/2 169/1737/2 170/1738/2
f 170/1738/2 171/1739/2 200/1736/2
f 171/1739/2 172/455/2 199/454/2
f 200/1736/2 171/1739/2 199/454/2
f 172/455/2 173/1740/2 197/1741/2
f 173/1740/2 174/1742/2 196/1743/2
f 174/1742/2 175/1744/2 196/1743/2
f 175/1744/2 176/1745/2 195/1746/2
f 196/1743/2 175/1744/2 195/1746/2
f 176/1745/2 177/1747/2 193/1748/2
f 177/1747/2 178/1745/2 192/1749/2
f 178/1745/2 179/1744/2 192/1749/2
f 179/1744/2 180/1742/2 191/1746/2
f 192/1749/2 179/1744/2 191/1746/2
f 180/1742/2 181/1740/2 189/1741/2
f 181/1740/2 182/455/2 188/453/2
f 182/455/2 183/1739/2 188/453/2
f 183/1739/2 184/1738/2 187/454/2
f 188/453/2 183/1739/2 187/454/2
f 184/1738/2 185/1737/2 186/1736/2
f 186/1736/2 187/454/2 184/1738/2
f 188/453/2 189/1741/2 181/1740/2
f 189/1741/2 190/1743/2 180/1742/2
f 190/1743/2 191/1746/2 180/1742/2
f 192/1749/2 193/1748/2 177/1747/2
f 193/1748/2 194/1749/2 176/1745/2
f 194/1749/2 195/1746/2 176/1745/2
f 196/1743/2 197/1741/2 173/1740/2
f 197/1741/2 198/453/2 172/455/2
f 199/452/37 591/451/37 589/456/37
f 200/457/38 589/456/38 619/458/38
f 201/460/7 719/1750/7 693/461/7
f 202/462/8 693/461/8 695/463/8
f 203/464/9 695/463/9 717/465/9
f 204/466/10 717/465/10 715/467/10
f 205/468/11 715/467/11 713/469/11
f 206/470/12 713/469/12 711/471/12
f 207/472/13 711/471/13 709/473/13
f 707/1751/14 209/476/14 708/475/14
f 209/476/14 208/474/14 708/475/14
f 209/476/15 707/1751/15 705/477/15
f 210/478/16 705/477/16 703/479/16
f 211/480/17 703/479/17 701/481/17
f 212/482/18 701/481/18 699/483/18
f 213/484/19 699/483/19 697/485/19
f 214/486/20 697/485/20 694/487/20
f 216/489/21 215/488/21 694/487/21
f 217/491/22 216/489/22 692/490/22
f 218/493/23 217/491/23 696/492/23
f 219/495/24 218/493/24 688/494/24
f 219/495/25 690/496/25 698/497/25
f 220/498/26 698/497/26 700/499/26
f 221/500/27 700/499/27 702/501/27
f 222/502/28 702/501/28 704/503/28
f 223/504/29 704/503/29 706/505/29
f 685/1752/30 225/508/30 687/507/30
f 225/508/30 224/506/30 687/507/30
f 225/508/31 685/1752/31 710/509/31
f 226/510/32 710/509/32 712/511/32
f 227/512/33 712/511/33 714/513/33
f 228/514/34 714/513/34 716/515/34
f 229/516/35 716/515/35 718/517/35
f 230/518/36 718/517/36 691/519/36
f 232/1753/2 201/1754/2 202/1755/2
f 202/1755/2 203/1756/2 232/1753/2
f 203/1756/2 204/523/2 231/522/2
f 232/1753/2 203/1756/2 231/522/2
f 204/523/2 205/1757/2 229/1758/2
f 205/1757/2 206/1759/2 228/1760/2
f 206/1759/2 207/1761/2 228/1760/2
f 207/1761/2 208/1762/2 227/1763/2
f 228/1760/2 207/1761/2 227/1763/2
f 208/1762/2 209/1764/2 225/1765/2
f 209/1764/2 210/1762/2 224/1766/2
f 210/1762/2 211/1761/2 224/1766/2
f 211/1761/2 212/1759/2 223/1763/2
f 224/1766/2 211/1761/2 223/1763/2
f 212/1759/2 213/1757/2 221/1758/2
f 213/1757/2 214/523/2 220/521/2
f 214/523/2 215/1756/2 220/521/2
f 215/1756/2 216/1755/2 219/522/2
f 220/521/2 215/1756/2 219/522/2
f 216/1755/2 217/1754/2 218/1753/2
f 218/1753/2 219/522/2 216/1755/2
f 220/521/2 221/1758/2 213/1757/2
f 221/1758/2 222/1760/2 212/1759/2
f 222/1760/2 223/1763/2 212/1759/2
f 224/1766/2 225/1765/2 209/1764/2
f 225/1765/2 226/1766/2 208/1762/2
f 226/1766/2 227/1763/2 208/1762/2
f 228/1760/2 229/1758/2 205/1757/2
f 229/1758/2 230/521/2 204/523/2
f 231/520/37 691/519/37 689/524/37
f 232/525/38 689/524/38 719/526/38
f 233/528/7 684/1767/7 669/529/7
f 234/530/8 669/529/8 671/531/8
f 235/532/9 671/531/9 683/533/9
f 236/534/10 683/533/10 682/535/10
f 237/536/11 682/535/11 681/537/11
f 238/538/12 681/537/12 680/539/12
f 239/540/13 680/539/13 679/541/13
f 686/1768/14 241/544/14 678/543/14
f 241/544/14 240/542/14 678/543/14
f 241/544/15 686/1768/15 677/545/15
f 242/546/16 677/545/16 676/547/16
f 243/548/17 676/547/17 675/549/17
f 244/550/18 675/549/18 674/551/18
f 245/552/19 674/551/19 673/553/19
f 246/554/20 673/553/20 670/555/20
f 248/557/21 247/556/21 670/555/21
f 249/559/22 248/557/22 668/558/22
f 250/561/23 249/559/23 672/560/23
f 251/563/24 250/561/24 660/562/24
f 251/563/25 662/564/25 664/565/25
f 252/566/26 664/565/26 665/567/26
f 253/568/27 665/567/27 656/569/27
f 254/570/28 656/569/28 657/571/28
f 255/572/29 657/571/29 654/573/29
f 256/574/30 654/573/30 653/575/30
f 257/576/31 653/575/31 655/577/31
f 258/578/32 655/577/32 658/579/32
f 259/580/33 658/579/33 659/581/33
f 260/582/34 659/581/34 666/583/34
f 261/584/35 666/583/35 667/585/35
f 262/586/36 667/585/36 663/587/36
f 264/1769/2 233/1770/2 234/1771/2
f 234/1771/2 235/1772/2 264/1769/2
f 235/1772/2 236/591/2 263/590/2
f 264/1769/2 235/1772/2 263/590/2
f 236/591/2 237/1773/2 261/1774/2
f 237/1773/2 238/1775/2 260/1776/2
f 238/1775/2 239/1777/2 260/1776/2
f 239/1777/2 240/1778/2 259/1779/2
f 260/1776/2 239/1777/2 259/1779/2
f 240/1778/2 241/1780/2 257/1781/2
f 241/1780/2 242/1778/2 256/1782/2
f 242/1778/2 243/1777/2 256/1782/2
f 243/1777/2 244/1775/2 255/1779/2
f 256/1782/2 243/1777/2 255/1779/2
f 244/1775/2 245/1773/2 253/1774/2
f 245/1773/2 246/591/2 252/589/2
f 246/591/2 247/1772/2 252/589/2
f 247/1772/2 248/1771/2 251/590/2
f 252/589/2 247/1772/2 251/590/2
f 248/1771/2 249/1770/2 250/1769/2
f 250/1769/2 251/590/2 248/1771/2
f 252/589/2 253/1774/2 245/1773/2
f 253/1774/2 254/1776/2 244/1775/2
f 254/1776/2 255/1779/2 244/1775/2
f 256/1782/2 257/1781/2 241/1780/2
f 257/1781/2 258/1782/2 240/1778/2
f 258/1782/2 259/1779/2 240/1778/2
f 260/1776/2 261/1774/2 237/1773/2
f 261/1774/2 262/589/2 236/591/2
f 263/588/37 663/587/37 661/592/37
f 264/593/38 661/592/38 684/594/38
f 265/596/7 266/599/7 862/597/7
f 266/599/8 267/601/8 864/600/8
f 267/601/9 268/603/9 868/602/9
f 268/603/10 269/605/10 870/604/10
f 269/605/11 270/607/11 874/606/11
f 270/607/12 271/609/12 885/608/12
f 271/609/13 272/611/13 880/610/13
f 272/611/14 273/613/14 876/612/14
f 273/613/15 274/615/15 879/614/15
f 274/615/16 275/617/16 884/616/16
f 275/617/17 276/619/17 883/618/17
f 276/619/18 277/621/18 890/620/18
f 277/621/19 278/623/19 889/622/19
f 278/623/20 279/625/20 872/624/20
f 279/625/21 280/627/21 866/626/21
f 280/627/22 281/629/22 893/628/22
f 281/629/23 282/631/23 855/630/23
f 282/631/24 283/633/24 858/632/24
f 283/633/25 284/635/25 894/634/25
f 284/635/26 285/637/26 895/636/26
f 285/637/27 286/639/27 896/638/27
f 286/639/28 287/641/28 897/640/28
f 287/641/29 288/643/29 898/642/29
f 288/643/30 289/645/30 899/644/30
f 289/645/31 290/647/31 900/646/31
f 290/647/32 291/649/32 901/648/32
f 291/649/33 292/651/33 902/650/33
f 292/651/34 293/653/34 903/652/34
f 293/653/35 294/655/35 904/654/35
f 294/655/36 295/657/36 859/656/36
f 295/657/37 296/659/37 856/658/37
f 296/659/38 265/1783/38 852/660/38
f 281/1784/4 280/663/4 282/662/4
f 280/663/4 279/1785/4 283/661/4
f 279/1785/4 278/1786/4 283/661/4
f 278/1786/4 277/1787/4 284/1788/4
f 283/661/4 278/1786/4 284/1788/4
f 277/1787/4 276/1789/4 286/1790/4
f 276/1789/4 275/1791/4 287/1792/4
f 275/1791/4 274/1793/4 288/1794/4
f 274/1793/4 273/1795/4 289/1796/4
f 273/1795/4 272/1793/4 290/1794/4
f 272/1793/4 271/1791/4 291/1792/4
f 271/1791/4 270/1789/4 292/1790/4
f 270/1789/4 269/1787/4 293/1797/4
f 269/1787/4 268/1786/4 293/1797/4
f 268/1786/4 267/1785/4 294/1788/4
f 293/1797/4 268/1786/4 294/1788/4
f 267/1785/4 266/663/4 295/661/4
f 266/663/4 265/1784/4 296/662/4
f 295/661/4 266/663/4 296/662/4
f 295/661/4 294/1788/4 267/1785/4
f 293/1797/4 292/1790/4 270/1789/4
f 292/1790/4 291/1792/4 271/1791/4
f 291/1792/4 290/1794/4 272/1793/4
f 290/1794/4 289/1796/4 273/1795/4
f 289/1796/4 288/1794/4 274/1793/4
f 288/1794/4 287/1792/4 275/1791/4
f 287/1792/4 286/1790/4 276/1789/4
f 286/1790/4 285/1797/4 277/1787/4
f 285/1797/4 284/1788/4 277/1787/4
f 297/664/7 298/667/7 950/665/7
f 298/667/8 299/669/8 954/668/8
f 299/669/9 300/671/9 969/670/9
f 300/671/10 301/673/10 968/672/10
f 301/673/11 302/675/11 967/674/11
f 302/675/12 303/677/12 966/676/12
f 303/677/13 304/679/13 965/678/13
f 304/679/14 305/1798/14 964/680/14
f 963/683/15 964/680/15 305/1798/15
f 305/1798/15 306/681/15 963/683/15
f 306/681/16 307/685/16 961/684/16
f 307/685/17 308/687/17 960/686/17
f 308/687/18 309/689/18 959/688/18
f 309/689/19 310/691/19 958/690/19
f 310/691/20 311/693/20 953/692/20
f 311/693/21 312/695/21 949/694/21
f 312/695/22 313/697/22 957/696/22
f 313/697/23 314/699/23 939/698/23
f 314/699/24 315/701/24 941/700/24
f 315/701/25 316/703/25 943/702/25
f 316/703/26 317/705/26 944/704/26
f 317/705/27 318/707/27 925/706/27
f 318/707/28 319/709/28 926/708/28
f 319/709/29 320/711/29 919/710/29
f 320/711/30 321/713/30 917/712/30
f 321/713/31 322/715/31 920/714/31
f 322/715/32 323/717/32 927/716/32
f 323/717/33 324/719/33 924/718/33
f 324/719/34 325/721/34 932/720/34
f 325/721/35 326/723/35 934/722/35
f 326/723/36 327/725/36 936/724/36
f 327/725/37 328/727/37 938/726/37
f 328/727/38 297/1799/38 948/728/38
f 313/1800/4 312/731/4 314/730/4
f 312/731/4 311/1801/4 315/729/4
f 311/1801/4 310/1802/4 316/1803/4
f 310/1802/4 309/1804/4 317/1805/4
f 309/1804/4 308/1806/4 318/1807/4
f 308/1806/4 307/1808/4 319/1809/4
f 307/1808/4 306/1810/4 320/1811/4
f 306/1810/4 305/1812/4 321/1813/4
f 305/1812/4 304/1810/4 322/1811/4
f 304/1810/4 303/1808/4 323/1809/4
f 303/1808/4 302/1806/4 324/1807/4
f 302/1806/4 301/1804/4 325/1805/4
f 301/1804/4 300/1802/4 325/1805/4
f 300/1802/4 299/1801/4 326/1803/4
f 325/1805/4 300/1802/4 326/1803/4
f 299/1801/4 298/731/4 328/730/4
f 298/731/4 297/1800/4 328/730/4
f 328/730/4 327/729/4 299/1801/4
f 327/729/4 326/1803/4 299/1801/4
f 325/1805/4 324/1807/4 302/1806/4
f 324/1807/4 323/1809/4 303/1808/4
f 323/1809/4 322/1811/4 304/1810/4
f 322/1811/4 321/1813/4 305/1812/4
f 321/1813/4 320/1811/4 306/1810/4
f 320/1811/4 319/1809/4 307/1808/4
f 319/1809/4 318/1807/4 308/1806/4
f 318/1807/4 317/1805/4 309/1804/4
f 317/1805/4 316/1803/4 310/1802/4
f 316/1803/4 315/729/4 311/1801/4
f 329/732/7 330/735/7 952/733/7
f 330/735/8 331/737/8 956/736/8
f 331/737/9 332/739/9 979/738/9
f 332/739/10 333/741/10 978/740/10
f 333/741/11 334/743/11 977/742/11
f 334/743/12 335/745/12 976/744/12
f 335/745/13 336/747/13 975/746/13
f 336/747/14 337/749/14 1048/748/14
f 337/749/15 338/751/15 974/750/15
f 338/751/16 339/753/16 973/752/16
f 339/753/17 340/755/17 972/754/17
f 340/755/18 341/757/18 971/756/18
f 341/757/19 342/759/19 970/758/19
f 342/759/20 343/761/20 955/760/20
f 343/761/21 344/763/21 951/762/21
f 344/763/22 345/765/22 947/764/22
f 345/765/23 346/767/23 937/766/23
f 346/767/24 347/769/24 935/768/24
f 347/769/25 348/771/25 933/770/25
f 348/771/26 349/773/26 931/772/26
f 349/773/27 350/775/27 923/774/27
f 350/775/28 351/777/28 928/776/28
f 351/777/29 352/779/29 921/778/29
f 352/779/30 353/781/30 918/780/30
f 353/781/31 354/783/31 922/782/31
f 354/783/32 355/785/32 929/784/32
f 355/785/33 356/787/33 930/786/33
f 356/787/34 357/789/34 945/788/34
f 357/789/35 358/791/35 946/790/35
f 358/791/36 359/793/36 942/792/36
f 359/793/37 360/795/37 940/794/37
f 360/795/38 329/1814/38 980/796/38
f 345/1815/4 344/799/4 346/798/4
f 344/799/4 343/1816/4 347/797/4
f 343/1816/4 342/1817/4 348/1818/4
f 342/1817/4 341/1819/4 349/1820/4
f 341/1819/4 340/1821/4 350/1822/4
f 340/1821/4 339/1823/4 351/1824/4
f 339/1823/4 338/1825/4 352/1826/4
f 338/1825/4 337/1827/4 353/1828/4
f 337/1827/4 336/1825/4 354/1826/4
f 336/1825/4 335/1823/4 355/1824/4
f 335/1823/4 334/1821/4 356/1822/4
f 334/1821/4 333/1819/4 357/1820/4
f 333/1819/4 332/1817/4 357/1820/4
f 332/1817/4 331/1816/4 358/1818/4
f 357/1820/4 332/1817/4 358/1818/4
f 331/1816/4 330/799/4 360/798/4
f 330/799/4 329/1815/4 360/798/4
f 360/798/4 359/797/4 331/1816/4
f 359/797/4 358/1818/4 331/1816/4
f 357/1820/4 356/1822/4 334/1821/4
f 356/1822/4 355/1824/4 335/1823/4
f 355/1824/4 354/1826/4 336/1825/4
f 354/1826/4 353/1828/4 337/1827/4
f 353/1828/4 352/1826/4 338/1825/4
f 352/1826/4 351/1824/4 339/1823/4
f 351/1824/4 350/1822/4 340/1821/4
f 350/1822/4 349/1820/4 341/1819/4
f 349/1820/4 348/1818/4 342/1817/4
f 348/1818/4 347/797/4 343/1816/4
f 361/800/7 362/803/7 867/801/7
f 362/803/8 363/805/8 873/804/8
f 363/805/9 364/807/9 891/806/9
f 364/807/10 365/809/10 888/808/10
f 365/809/11 366/811/11 887/810/11
f 366/811/12 367/813/12 882/812/12
f 367/813/13 368/815/13 878/814/13
f 368/815/14 369/817/14 877/816/14
f 369/817/15 370/819/15 881/818/15
f 370/819/16 371/821/16 886/820/16
f 371/821/17 372/823/17 875/822/17
f 372/823/18 373/825/18 871/824/18
f 373/825/19 374/827/19 869/826/19
f 374/827/20 375/829/20 865/828/20
f 375/829/21 376/831/21 863/830/21
f 376/831/22 377/833/22 853/832/22
f 377/833/23 378/835/23 854/834/23
f 378/835/24 379/837/24 860/836/24
f 379/837/25 380/839/25 905/838/25
f 380/839/26 381/841/26 906/840/26
f 381/841/27 382/843/27 907/842/27
f 382/843/28 383/845/28 908/844/28
f 383/845/29 384/847/29 909/846/29
f 384/847/30 385/1829/30 910/848/30
f 911/851/31 910/848/31 385/1829/31
f 385/1829/31 386/849/31 911/851/31
f 386/849/32 387/853/32 913/852/32
f 387/853/33 388/855/33 914/854/33
f 388/855/34 389/857/34 915/856/34
f 389/857/35 390/859/35 916/858/35
f 390/859/36 391/861/36 861/860/36
f 391/861/37 392/863/37 857/862/37
f 392/863/38 361/1830/38 892/864/38
f 377/1831/4 376/867/4 378/866/4
f 376/867/4 375/1832/4 379/865/4
f 375/1832/4 374/1833/4 380/1834/4
f 374/1833/4 373/1835/4 381/1836/4
f 373/1835/4 372/1837/4 382/1838/4
f 372/1837/4 371/1839/4 383/1840/4
f 371/1839/4 370/1841/4 384/1842/4
f 370/1841/4 369/1843/4 385/1844/4
f 369/1843/4 368/1841/4 386/1842/4
f 368/1841/4 367/1839/4 387/1840/4
f 367/1839/4 366/1837/4 388/1838/4
f 366/1837/4 365/1835/4 389/1836/4
f 365/1835/4 364/1833/4 389/1836/4
f 364/1833/4 363/1832/4 390/1834/4
f 389/1836/4 364/1833/4 390/1834/4
f 363/1832/4 362/867/4 391/865/4
f 362/867/4 361/1831/4 392/866/4
f 391/865/4 362/867/4 392/866/4
f 391/865/4 390/1834/4 363/1832/4
f 389/1836/4 388/1838/4 366/1837/4
f 388/1838/4 387/1840/4 367/1839/4
f 387/1840/4 386/1842/4 368/1841/4
f 386/1842/4 385/1844/4 369/1843/4
f 385/1844/4 384/1842/4 370/1841/4
f 384/1842/4 383/1840/4 371/1839/4
f 383/1840/4 382/1838/4 372/1837/4
f 382/1838/4 381/1836/4 373/1835/4
f 381/1836/4 380/1834/4 374/1833/4
f 380/1834/4 379/865/4 375/1832/4
f 393/868/7 394/871/7 825/869/7
f 394/871/8 395/873/8 827/872/8
f 395/873/9 396/875/9 850/874/9
f 396/875/10 397/877/10 848/876/10
f 397/877/11 398/879/11 846/878/11
f 398/879/12 399/881/12 844/880/12
f 399/881/13 400/883/13 842/882/13
f 400/883/14 401/1845/14 840/884/14
f 839/887/15 840/884/15 401/1845/15
f 401/1845/15 402/885/15 839/887/15
f 402/885/16 403/889/16 836/888/16
f 403/889/17 404/891/17 834/890/17
f 404/891/18 405/893/18 832/892/18
f 405/893/19 406/895/19 830/894/19
f 406/895/20 407/897/20 826/896/20
f 407/897/21 408/899/21 824/898/21
f 408/899/22 409/901/22 828/900/22
f 409/901/23 410/903/23 820/902/23
f 410/903/24 411/905/24 822/904/24
f 411/905/25 412/907/25 829/906/25
f 412/907/26 413/909/26 831/908/26
f 413/909/27 414/911/27 833/910/27
f 414/911/28 415/913/28 835/912/28
f 415/913/29 416/915/29 837/914/29
f 416/915/30 417/1846/30 818/916/30
f 819/919/31 818/916/31 417/1846/31
f 417/1846/31 418/917/31 819/919/31
f 418/917/32 419/921/32 843/920/32
f 419/921/33 420/923/33 845/922/33
f 420/923/34 421/925/34 847/924/34
f 421/925/35 422/927/35 849/926/35
f 422/927/36 423/929/36 823/928/36
f 423/929/37 424/931/37 821/930/37
f 424/931/38 393/1847/38 851/932/38
f 409/1848/4 408/1849/4 410/934/4
f 408/1849/4 407/935/4 410/934/4
f 407/935/4 406/1850/4 411/933/4
f 406/1850/4 405/1851/4 412/1852/4
f 411/933/4 406/1850/4 412/1852/4
f 405/1851/4 404/1853/4 413/1854/4
f 404/1853/4 403/1855/4 414/1856/4
f 413/1854/4 404/1853/4 414/1856/4
f 403/1855/4 402/1857/4 415/1858/4
f 402/1857/4 401/1859/4 416/1860/4
f 415/1858/4 402/1857/4 416/1860/4
f 401/1859/4 400/1857/4 418/1860/4
f 400/1857/4 399/1855/4 419/1858/4
f 399/1855/4 398/1853/4 420/1856/4
f 398/1853/4 397/1851/4 421/1854/4
f 397/1851/4 396/1850/4 422/1852/4
f 396/1850/4 395/935/4 423/933/4
f 395/935/4 394/1849/4 424/934/4
f 394/1849/4 393/1848/4 424/934/4
f 424/934/4 423/933/4 395/935/4
f 423/933/4 422/1852/4 396/1850/4
f 422/1852/4 421/1854/4 397/1851/4
f 421/1854/4 420/1856/4 398/1853/4
f 420/1856/4 419/1858/4 399/1855/4
f 419/1858/4 418/1860/4 400/1857/4
f 418/1860/4 417/1861/4 401/1859/4
f 417/1861/4 416/1860/4 401/1859/4
f 415/1858/4 414/1856/4 403/1855/4
f 413/1854/4 412/1852/4 405/1851/4
f 425/936/7 426/939/7 801/937/7
f 426/939/8 427/941/8 803/940/8
f 427/941/9 428/943/9 815/942/9
f 428/943/10 429/945/10 814/944/10
f 429/945/11 430/947/11 813/946/11
f 430/947/12 431/949/12 812/948/12
f 431/949/13 432/951/13 811/950/13
f 432/951/14 433/1862/14 817/952/14
f 810/955/15 817/952/15 433/1862/15
f 433/1862/15 434/953/15 810/955/15
f 434/953/16 435/957/16 808/956/16
f 435/957/17 436/959/17 807/958/17
f 436/959/18 437/961/18 806/960/18
f 437/961/19 438/963/19 805/962/19
f 438/963/20 439/965/20 802/964/20
f 439/965/21 440/967/21 800/966/21
f 440/967/22 441/969/22 804/968/22
f 441/969/23 442/971/23 792/970/23
f 442/971/24 443/973/24 794/972/24
f 443/973/25 444/975/25 796/974/25
f 444/975/26 445/977/26 797/976/26
f 445/977/27 446/979/27 788/978/27
f 446/979/28 447/981/28 789/980/28
f 447/981/29 448/983/29 786/982/29
f 448/983/30 449/985/30 785/984/30
f 449/985/31 450/987/31 787/986/31
f 450/987/32 451/989/32 790/988/32
f 451/989/33 452/991/33 791/990/33
f 452/991/34 453/993/34 798/992/34
f 453/993/35 454/995/35 799/994/35
f 454/995/36 455/997/36 795/996/36
f 455/997/37 456/999/37 793/998/37
f 456/999/38 425/1863/38 816/1000/38
f 441/1864/4 440/1865/4 442/1002/4
f 440/1865/4 439/1003/4 442/1002/4
f 439/1003/4 438/1866/4 443/1001/4
f 438/1866/4 437/1867/4 444/1868/4
f 443/1001/4 438/1866/4 444/1868/4
f 437/1867/4 436/1869/4 446/1870/4
f 436/1869/4 435/1871/4 447/1872/4
f 435/1871/4 434/1873/4 448/1874/4
f 434/1873/4 433/1875/4 449/1876/4
f 433/1875/4 432/1873/4 449/1876/4
f 432/1873/4 431/1871/4 450/1874/4
f 449/1876/4 432/1873/4 450/1874/4
f 431/1871/4 430/1869/4 451/1872/4
f 430/1869/4 429/1867/4 452/1870/4
f 451/1872/4 430/1869/4 452/1870/4
f 429/1867/4 428/1866/4 454/1868/4
f 428/1866/4 427/1003/4 455/1001/4
f 427/1003/4 426/1865/4 456/1002/4
f 426/1865/4 425/1864/4 456/1002/4
f 456/1002/4 455/1001/4 427/1003/4
f 455/1001/4 454/1868/4 428/1866/4
f 454/1868/4 453/1877/4 429/1867/4
f 453/1877/4 452/1870/4 429/1867/4
f 451/1872/4 450/1874/4 431/1871/4
f 449/1876/4 448/1874/4 434/1873/4
f 448/1874/4 447/1872/4 435/1871/4
f 447/1872/4 446/1870/4 436/1869/4
f 446/1870/4 445/1877/4 437/1867/4
f 445/1877/4 444/1868/4 437/1867/4
f 457/1004/7 458/1007/7 1020/1005/7
f 458/1007/8 459/1009/8 1022/1008/8
f 459/1009/9 460/1011/9 1033/1010/9
f 460/1011/10 461/1013/10 1030/1012/10
f 461/1013/11 462/1015/11 1029/1014/11
f 462/1015/12 463/1017/12 1026/1016/12
f 463/1017/13 464/1019/13 1024/1018/13
f 464/1019/14 465/1021/14 1023/1020/14
f 465/1021/15 466/1023/15 1025/1022/15
f 466/1023/16 467/1025/16 1028/1024/16
f 467/1025/17 468/1027/17 1027/1026/17
f 468/1027/18 469/1029/18 1032/1028/18
f 469/1029/19 470/1031/19 1031/1030/19
f 470/1031/20 471/1033/20 1021/1032/20
f 471/1033/21 472/1035/21 1019/1034/21
f 472/1035/22 473/1037/22 1034/1036/22
f 473/1037/23 474/1039/23 1015/1038/23
f 474/1039/24 475/1041/24 1017/1040/24
f 475/1041/25 476/1043/25 1035/1042/25
f 476/1043/26 477/1045/26 1036/1044/26
f 477/1045/27 478/1047/27 1037/1046/27
f 478/1047/28 479/1049/28 1038/1048/28
f 479/1049/29 480/1051/29 1039/1050/29
f 480/1051/30 481/1878/30 1040/1052/30
f 1041/1055/31 1040/1052/31 481/1878/31
f 481/1878/31 482/1053/31 1041/1055/31
f 482/1053/32 483/1057/32 1043/1056/32
f 483/1057/33 484/1059/33 1044/1058/33
f 484/1059/34 485/1061/34 1045/1060/34
f 485/1061/35 486/1063/35 1046/1062/35
f 486/1063/36 487/1065/36 1018/1064/36
f 487/1065/37 488/1067/37 1016/1066/37
f 488/1067/38 457/1879/38 1047/1068/38
f 473/1880/4 472/1881/4 474/1070/4
f 472/1881/4 471/1071/4 474/1070/4
f 471/1071/4 470/1882/4 475/1069/4
f 470/1882/4 469/1883/4 476/1884/4
f 475/1069/4 470/1882/4 476/1884/4
f 469/1883/4 468/1885/4 477/1886/4
f 468/1885/4 467/1887/4 478/1888/4
f 477/1886/4 468/1885/4 478/1888/4
f 467/1887/4 466/1889/4 479/1890/4
f 466/1889/4 465/1891/4 480/1892/4
f 479/1890/4 466/1889/4 480/1892/4
f 465/1891/4 464/1889/4 482/1892/4
f 464/1889/4 463/1887/4 483/1890/4
f 463/1887/4 462/1885/4 484/1888/4
f 462/1885/4 461/1883/4 485/1886/4
f 461/1883/4 460/1882/4 486/1884/4
f 460/1882/4 459/1071/4 487/1069/4
f 459/1071/4 458/1881/4 488/1070/4
f 458/1881/4 457/1880/4 488/1070/4
f 488/1070/4 487/1069/4 459/1071/4
f 487/1069/4 486/1884/4 460/1882/4
f 486/1884/4 485/1886/4 461/1883/4
f 485/1886/4 484/1888/4 462/1885/4
f 484/1888/4 483/1890/4 463/1887/4
f 483/1890/4 482/1892/4 464/1889/4
f 482/1892/4 481/1893/4 465/1891/4
f 481/1893/4 480/1892/4 465/1891/4
f 479/1890/4 478/1888/4 467/1887/4
f 477/1886/4 476/1884/4 469/1883/4
f 489/1072/7 490/1075/7 986/1073/7
f 490/1075/8 491/1077/8 988/1076/8
f 491/1077/9 492/1079/9 1013/1078/9
f 492/1079/10 493/1081/10 1011/1080/10
f 493/1081/11 494/1083/11 1009/1082/11
f 494/1083/12 495/1085/12 1007/1084/12
f 495/1085/13 496/1087/13 1005/1086/13
f 496/1087/14 497/1894/14 1002/1088/14
f 1000/1091/15 1002/1088/15 497/1894/15
f 497/1894/15 498/1089/15 1000/1091/15
f 498/1089/16 499/1093/16 997/1092/16
f 499/1093/17 500/1095/17 995/1094/17
f 500/1095/18 501/1097/18 993/1096/18
f 501/1097/19 502/1099/19 991/1098/19
f 502/1099/20 503/1101/20 987/1100/20
f 503/1101/21 504/1103/21 985/1102/21
f 504/1103/22 505/1105/22 989/1104/22
f 505/1105/23 506/1107/23 981/1106/23
f 506/1107/24 507/1109/24 983/1108/24
f 507/1109/25 508/1111/25 990/1110/25
f 508/1111/26 509/1113/26 992/1112/26
f 509/1113/27 510/1115/27 994/1114/27
f 510/1115/28 511/1117/28 996/1116/28
f 511/1117/29 512/1119/29 998/1118/29
f 512/1119/30 513/1895/30 1001/1120/30
f 1003/1123/31 1001/1120/31 513/1895/31
f 513/1895/31 514/1121/31 1003/1123/31
f 514/1121/32 515/1125/32 1006/1124/32
f 515/1125/33 516/1127/33 1008/1126/33
f 516/1127/34 517/1129/34 1010/1128/34
f 517/1129/35 518/1131/35 1012/1130/35
f 518/1131/36 519/1133/36 984/1132/36
f 519/1133/37 520/1135/37 982/1134/37
f 520/1135/38 489/1896/38 1014/1136/38
f 505/1897/4 504/1898/4 506/1138/4
f 504/1898/4 503/1139/4 506/1138/4
f 503/1139/4 502/1899/4 507/1137/4
f 502/1899/4 501/1900/4 508/1901/4
f 507/1137/4 502/1899/4 508/1901/4
f 501/1900/4 500/1902/4 510/1903/4
f 500/1902/4 499/1904/4 511/1905/4
f 499/1904/4 498/1906/4 512/1907/4
f 498/1906/4 497/1908/4 513/1909/4
f 497/1908/4 496/1906/4 513/1909/4
f 496/1906/4 495/1904/4 514/1907/4
f 513/1909/4 496/1906/4 514/1907/4
f 495/1904/4 494/1902/4 515/1905/4
f 494/1902/4 493/1900/4 516/1903/4
f 515/1905/4 494/1902/4 516/1903/4
f 493/1900/4 492/1899/4 518/1901/4
f 492/1899/4 491/1139/4 519/1137/4
f 491/1139/4 490/1898/4 520/1138/4
f 490/1898/4 489/1897/4 520/1138/4
f 520/1138/4 519/1137/4 491/1139/4
f 519/1137/4 518/1901/4 492/1899/4
f 518/1901/4 517/1910/4 493/1900/4
f 517/1910/4 516/1903/4 493/1900/4
f 515/1905/4 514/1907/4 495/1904/4
f 513/1909/4 512/1907/4 498/1906/4
f 512/1907/4 511/1905/4 499/1904/4
f 511/1905/4 510/1903/4 500/1902/4
f 510/1903/4 509/1910/4 501/1900/4
f 509/1910/4 508/1901/4 501/1900/4
f 1050/1140/1 1052/1143/1 1051/1141/1
f 1052/1143/2 1056/1145/2 1055/1144/2
f 1056/1145/3 1054/1147/3 1053/1146/3
f 1054/1147/4 1050/1911/4 1049/1148/4
f 1055/1144/5 1053/1146/5 1049/1149/5
f 1052/1151/6 1050/1912/6 1054/1147/6
f 1058/1152/1 1060/1155/1 1059/1153/1
f 1060/1155/2 1064/1157/2 1063/1156/2
f 1064/1157/3 1062/1159/3 1061/1158/3
f 1062/1159/4 1058/1913/4 1057/1160/4
f 1063/1156/5 1061/1158/5 1057/1161/5
f 1060/1163/6 1058/1914/6 1062/1159/6
