# Blender 4.4.0
# www.blender.org
mtllib dynamite.mtl
o 立方体.002
v 0.000000 -0.681456 0.449378
v 0.000000 -0.518544 0.449378
v -0.000000 -0.681456 -0.526952
v -0.000000 -0.518544 -0.526952
v 0.778987 -0.518544 0.106765
v 0.778987 -0.681456 0.106765
v 0.398211 -0.518544 -0.526952
v 0.398211 -0.681456 -0.526952
v 0.778987 -0.518544 0.292607
v 0.778987 -0.681456 0.292607
v 0.622216 -0.518544 0.449378
v 0.622216 -0.681456 0.449378
v -0.778987 -0.518544 0.106765
v -0.778987 -0.681456 0.106765
v -0.398211 -0.518544 -0.526952
v -0.398211 -0.681456 -0.526952
v -0.778987 -0.518544 0.292607
v -0.778987 -0.681456 0.292607
v -0.622215 -0.518544 0.449378
v -0.622215 -0.681456 0.449378
v 0.735507 -0.518544 0.274110
v 0.375985 -0.518544 -0.499705
v 0.587486 -0.518544 0.422131
v -0.000000 -0.518544 -0.499705
v 0.000000 -0.518544 0.422131
v 0.735507 -0.518544 0.098641
v 0.587486 -0.681456 0.422131
v -0.000000 -0.681456 -0.499705
v 0.000000 -0.681456 0.422131
v 0.375985 -0.681456 -0.499705
v 0.735507 -0.681456 0.274110
v 0.735507 -0.681456 0.098641
v -0.735507 -0.518544 0.274110
v -0.587486 -0.518544 0.422131
v -0.375985 -0.518544 -0.499705
v -0.735507 -0.518544 0.098641
v -0.587486 -0.681456 0.422131
v -0.735507 -0.681456 0.274110
v -0.375985 -0.681456 -0.499705
v -0.735507 -0.681456 0.098641
v 0.000000 0.518544 0.449378
v 0.000000 0.681456 0.449378
v -0.000000 0.518544 -0.526952
v -0.000000 0.681456 -0.526952
v 0.778987 0.681456 0.106765
v 0.778987 0.518544 0.106765
v 0.398211 0.681456 -0.526952
v 0.398211 0.518544 -0.526952
v 0.778987 0.681456 0.292607
v 0.778987 0.518544 0.292607
v 0.622216 0.681456 0.449378
v 0.622216 0.518544 0.449378
v -0.778987 0.681456 0.106765
v -0.778987 0.518544 0.106765
v -0.398211 0.681456 -0.526952
v -0.398211 0.518544 -0.526952
v -0.778987 0.681456 0.292607
v -0.778987 0.518544 0.292607
v -0.622215 0.681456 0.449378
v -0.622215 0.518544 0.449378
v 0.735507 0.681456 0.274110
v 0.375985 0.681456 -0.499705
v 0.587486 0.681456 0.422131
v -0.000000 0.681456 -0.499705
v 0.000000 0.681456 0.422131
v 0.735507 0.681456 0.098641
v 0.587486 0.518544 0.422131
v -0.000000 0.518544 -0.499705
v 0.000000 0.518544 0.422131
v 0.375985 0.518544 -0.499705
v 0.735507 0.518544 0.274110
v 0.735507 0.518544 0.098641
v -0.735507 0.681456 0.274110
v -0.587486 0.681456 0.422131
v -0.375985 0.681456 -0.499705
v -0.735507 0.681456 0.098641
v -0.587486 0.518544 0.422131
v -0.735507 0.518544 0.274110
v -0.375985 0.518544 -0.499705
v -0.735507 0.518544 0.098641
v -0.250000 1.000000 -0.060309
v -0.288484 1.000000 -0.064100
v -0.325490 1.000000 -0.075325
v -0.359594 1.000000 -0.093554
v -0.389487 1.000000 -0.118087
v -0.414019 1.000000 -0.147979
v -0.432249 1.000000 -0.182084
v -0.443474 1.000000 -0.219089
v -0.447264 1.000000 -0.257574
v -0.443474 1.000000 -0.296058
v -0.432249 1.000000 -0.333064
v -0.414019 1.000000 -0.367168
v -0.389487 1.000000 -0.397061
v -0.359594 1.000000 -0.421593
v -0.325490 1.000000 -0.439822
v -0.288484 1.000000 -0.451048
v -0.250000 1.000000 -0.454838
v -0.211516 1.000000 -0.451048
v -0.174510 1.000000 -0.439822
v -0.140406 1.000000 -0.421593
v -0.110513 1.000000 -0.397061
v -0.085981 1.000000 -0.367168
v -0.067751 1.000000 -0.333064
v -0.056526 1.000000 -0.296058
v -0.052736 1.000000 -0.257574
v -0.056526 1.000000 -0.219089
v -0.067751 1.000000 -0.182084
v -0.085981 1.000000 -0.147979
v -0.110513 1.000000 -0.118087
v -0.140406 1.000000 -0.093554
v -0.174510 1.000000 -0.075325
v -0.211516 1.000000 -0.064100
v -0.298773 1.000000 -0.012377
v -0.250000 1.000000 -0.007574
v -0.345671 1.000000 -0.026604
v -0.388893 1.000000 -0.049706
v -0.426777 1.000000 -0.080797
v -0.457867 1.000000 -0.118681
v -0.480970 1.000000 -0.161903
v -0.495196 1.000000 -0.208801
v -0.500000 1.000000 -0.257574
v -0.495196 1.000000 -0.306346
v -0.480970 1.000000 -0.353245
v -0.457867 1.000000 -0.396466
v -0.426777 1.000000 -0.434350
v -0.388893 1.000000 -0.465441
v -0.345671 1.000000 -0.488544
v -0.298773 1.000000 -0.502770
v -0.250000 1.000000 -0.507574
v -0.201227 1.000000 -0.502770
v -0.154329 1.000000 -0.488544
v -0.111107 1.000000 -0.465441
v -0.073223 1.000000 -0.434350
v -0.042133 1.000000 -0.396466
v -0.019030 1.000000 -0.353245
v -0.004804 1.000000 -0.306346
v -0.000000 1.000000 -0.257574
v -0.004804 1.000000 -0.208801
v -0.019030 1.000000 -0.161903
v -0.042133 1.000000 -0.118681
v -0.073223 1.000000 -0.080797
v -0.111107 1.000000 -0.049706
v -0.154329 1.000000 -0.026604
v -0.201227 1.000000 -0.012377
v -0.288484 0.968039 -0.064100
v -0.250000 0.968039 -0.060309
v -0.325490 0.968039 -0.075325
v -0.359594 0.968039 -0.093554
v -0.389487 0.968039 -0.118087
v -0.414019 0.968039 -0.147979
v -0.432249 0.968039 -0.182084
v -0.443474 0.968039 -0.219089
v -0.447264 0.968039 -0.257574
v -0.443474 0.968039 -0.296058
v -0.432249 0.968039 -0.333064
v -0.414019 0.968039 -0.367168
v -0.389487 0.968039 -0.397061
v -0.359594 0.968039 -0.421593
v -0.325490 0.968039 -0.439822
v -0.288484 0.968039 -0.451048
v -0.250000 0.968039 -0.454838
v -0.211516 0.968039 -0.451048
v -0.174510 0.968039 -0.439822
v -0.140406 0.968039 -0.421593
v -0.110513 0.968039 -0.397061
v -0.085981 0.968039 -0.367168
v -0.067751 0.968039 -0.333064
v -0.056526 0.968039 -0.296058
v -0.052736 0.968039 -0.257574
v -0.056526 0.968039 -0.219089
v -0.067751 0.968039 -0.182084
v -0.085981 0.968039 -0.147979
v -0.110513 0.968039 -0.118087
v -0.140406 0.968039 -0.093554
v -0.174510 0.968039 -0.075325
v -0.211516 0.968039 -0.064100
v -0.250000 0.000000 -0.007574
v -0.298773 0.000000 -0.012377
v -0.345671 0.000000 -0.026604
v -0.388893 0.000000 -0.049706
v -0.426777 0.000000 -0.080797
v -0.457867 0.000000 -0.118681
v -0.480970 0.000000 -0.161903
v -0.495196 0.000000 -0.208801
v -0.500000 0.000000 -0.257574
v -0.495196 0.000000 -0.306346
v -0.480970 0.000000 -0.353245
v -0.457867 0.000000 -0.396466
v -0.426777 0.000000 -0.434350
v -0.388893 0.000000 -0.465441
v -0.345671 0.000000 -0.488544
v -0.298773 0.000000 -0.502770
v -0.250000 0.000000 -0.507574
v -0.201227 0.000000 -0.502770
v -0.154329 0.000000 -0.488544
v -0.111107 0.000000 -0.465441
v -0.073223 0.000000 -0.434350
v -0.042133 0.000000 -0.396466
v -0.019030 0.000000 -0.353245
v -0.004804 0.000000 -0.306346
v -0.000000 0.000000 -0.257574
v -0.004804 0.000000 -0.208801
v -0.019030 0.000000 -0.161903
v -0.042133 0.000000 -0.118681
v -0.073223 0.000000 -0.080797
v -0.111107 0.000000 -0.049706
v -0.154329 0.000000 -0.026604
v -0.201227 0.000000 -0.012377
v -0.250000 -1.000000 -0.060309
v -0.288484 -1.000000 -0.064100
v -0.325490 -1.000000 -0.075325
v -0.359594 -1.000000 -0.093554
v -0.389487 -1.000000 -0.118087
v -0.414019 -1.000000 -0.147979
v -0.432249 -1.000000 -0.182084
v -0.443474 -1.000000 -0.219089
v -0.447264 -1.000000 -0.257574
v -0.443474 -1.000000 -0.296058
v -0.432249 -1.000000 -0.333064
v -0.414019 -1.000000 -0.367168
v -0.389487 -1.000000 -0.397061
v -0.359594 -1.000000 -0.421593
v -0.325490 -1.000000 -0.439822
v -0.288484 -1.000000 -0.451048
v -0.250000 -1.000000 -0.454838
v -0.211516 -1.000000 -0.451048
v -0.174510 -1.000000 -0.439822
v -0.140406 -1.000000 -0.421593
v -0.110513 -1.000000 -0.397061
v -0.085981 -1.000000 -0.367168
v -0.067751 -1.000000 -0.333064
v -0.056526 -1.000000 -0.296058
v -0.052736 -1.000000 -0.257574
v -0.056526 -1.000000 -0.219089
v -0.067751 -1.000000 -0.182084
v -0.085981 -1.000000 -0.147979
v -0.110513 -1.000000 -0.118087
v -0.140406 -1.000000 -0.093554
v -0.174510 -1.000000 -0.075325
v -0.211516 -1.000000 -0.064100
v -0.298773 -1.000000 -0.012377
v -0.250000 -1.000000 -0.007574
v -0.345671 -1.000000 -0.026604
v -0.388893 -1.000000 -0.049706
v -0.426777 -1.000000 -0.080797
v -0.457867 -1.000000 -0.118681
v -0.480970 -1.000000 -0.161903
v -0.495196 -1.000000 -0.208801
v -0.500000 -1.000000 -0.257574
v -0.495196 -1.000000 -0.306346
v -0.480970 -1.000000 -0.353245
v -0.457867 -1.000000 -0.396466
v -0.426777 -1.000000 -0.434350
v -0.388893 -1.000000 -0.465441
v -0.345671 -1.000000 -0.488544
v -0.298773 -1.000000 -0.502770
v -0.250000 -1.000000 -0.507574
v -0.201227 -1.000000 -0.502770
v -0.154329 -1.000000 -0.488544
v -0.111107 -1.000000 -0.465441
v -0.073223 -1.000000 -0.434350
v -0.042133 -1.000000 -0.396466
v -0.019030 -1.000000 -0.353245
v -0.004804 -1.000000 -0.306346
v -0.000000 -1.000000 -0.257574
v -0.004804 -1.000000 -0.208801
v -0.019030 -1.000000 -0.161903
v -0.042133 -1.000000 -0.118681
v -0.073223 -1.000000 -0.080797
v -0.111107 -1.000000 -0.049706
v -0.154329 -1.000000 -0.026604
v -0.201227 -1.000000 -0.012377
v -0.288484 -0.968039 -0.064100
v -0.250000 -0.968039 -0.060309
v -0.325490 -0.968039 -0.075325
v -0.359594 -0.968039 -0.093554
v -0.389487 -0.968039 -0.118087
v -0.414019 -0.968039 -0.147979
v -0.432249 -0.968039 -0.182084
v -0.443474 -0.968039 -0.219089
v -0.447264 -0.968039 -0.257574
v -0.443474 -0.968039 -0.296058
v -0.432249 -0.968039 -0.333064
v -0.414019 -0.968039 -0.367168
v -0.389487 -0.968039 -0.397061
v -0.359594 -0.968039 -0.421593
v -0.325490 -0.968039 -0.439822
v -0.288484 -0.968039 -0.451048
v -0.250000 -0.968039 -0.454838
v -0.211516 -0.968039 -0.451048
v -0.174510 -0.968039 -0.439822
v -0.140406 -0.968039 -0.421593
v -0.110513 -0.968039 -0.397061
v -0.085981 -0.968039 -0.367168
v -0.067751 -0.968039 -0.333064
v -0.056526 -0.968039 -0.296058
v -0.052736 -0.968039 -0.257574
v -0.056526 -0.968039 -0.219089
v -0.067751 -0.968039 -0.182084
v -0.085981 -0.968039 -0.147979
v -0.110513 -0.968039 -0.118087
v -0.140406 -0.968039 -0.093554
v -0.174510 -0.968039 -0.075325
v -0.211516 -0.968039 -0.064100
v 0.000000 1.000000 0.369691
v -0.038484 1.000000 0.365900
v -0.075490 1.000000 0.354675
v -0.109594 1.000000 0.336446
v -0.139487 1.000000 0.311913
v -0.164019 1.000000 0.282020
v -0.182249 1.000000 0.247916
v -0.193474 1.000000 0.210911
v -0.197264 1.000000 0.172426
v -0.193474 1.000000 0.133942
v -0.182249 1.000000 0.096936
v -0.164019 1.000000 0.062832
v -0.139487 1.000000 0.032939
v -0.109594 1.000000 0.008407
v -0.075490 1.000000 -0.009822
v -0.038484 1.000000 -0.021048
v 0.000000 1.000000 -0.024838
v 0.038484 1.000000 -0.021048
v 0.075490 1.000000 -0.009822
v 0.109594 1.000000 0.008407
v 0.139487 1.000000 0.032939
v 0.164019 1.000000 0.062832
v 0.182249 1.000000 0.096936
v 0.193474 1.000000 0.133942
v 0.197264 1.000000 0.172426
v 0.193474 1.000000 0.210911
v 0.182249 1.000000 0.247916
v 0.164019 1.000000 0.282020
v 0.139487 1.000000 0.311913
v 0.109594 1.000000 0.336446
v 0.075490 1.000000 0.354675
v 0.038484 1.000000 0.365900
v -0.048773 1.000000 0.417622
v 0.000000 1.000000 0.422426
v -0.095671 1.000000 0.403396
v -0.138893 1.000000 0.380294
v -0.176777 1.000000 0.349203
v -0.207867 1.000000 0.311319
v -0.230970 1.000000 0.268097
v -0.245196 1.000000 0.221199
v -0.250000 1.000000 0.172426
v -0.245196 1.000000 0.123654
v -0.230970 1.000000 0.076755
v -0.207867 1.000000 0.033534
v -0.176777 1.000000 -0.004350
v -0.138893 1.000000 -0.035441
v -0.095671 1.000000 -0.058544
v -0.048773 1.000000 -0.072770
v -0.000000 1.000000 -0.077574
v 0.048773 1.000000 -0.072770
v 0.095671 1.000000 -0.058544
v 0.138893 1.000000 -0.035441
v 0.176777 1.000000 -0.004350
v 0.207867 1.000000 0.033534
v 0.230970 1.000000 0.076755
v 0.245196 1.000000 0.123654
v 0.250000 1.000000 0.172426
v 0.245196 1.000000 0.221199
v 0.230970 1.000000 0.268097
v 0.207867 1.000000 0.311319
v 0.176777 1.000000 0.349203
v 0.138893 1.000000 0.380294
v 0.095671 1.000000 0.403396
v 0.048773 1.000000 0.417622
v -0.038484 0.968039 0.365900
v 0.000000 0.968039 0.369691
v -0.075490 0.968039 0.354675
v -0.109594 0.968039 0.336446
v -0.139487 0.968039 0.311913
v -0.164019 0.968039 0.282020
v -0.182249 0.968039 0.247916
v -0.193474 0.968039 0.210911
v -0.197264 0.968039 0.172426
v -0.193474 0.968039 0.133942
v -0.182249 0.968039 0.096936
v -0.164019 0.968039 0.062832
v -0.139487 0.968039 0.032939
v -0.109594 0.968039 0.008407
v -0.075490 0.968039 -0.009822
v -0.038484 0.968039 -0.021048
v 0.000000 0.968039 -0.024838
v 0.038484 0.968039 -0.021048
v 0.075490 0.968039 -0.009822
v 0.109594 0.968039 0.008407
v 0.139487 0.968039 0.032939
v 0.164019 0.968039 0.062832
v 0.182249 0.968039 0.096936
v 0.193474 0.968039 0.133942
v 0.197264 0.968039 0.172426
v 0.193474 0.968039 0.210911
v 0.182249 0.968039 0.247916
v 0.164019 0.968039 0.282020
v 0.139487 0.968039 0.311913
v 0.109594 0.968039 0.336446
v 0.075490 0.968039 0.354675
v 0.038484 0.968039 0.365900
v 0.000000 0.000000 0.422426
v -0.048773 0.000000 0.417622
v -0.095671 0.000000 0.403396
v -0.138893 0.000000 0.380294
v -0.176777 0.000000 0.349203
v -0.207867 0.000000 0.311319
v -0.230970 0.000000 0.268097
v -0.245196 0.000000 0.221199
v -0.250000 0.000000 0.172426
v -0.245196 0.000000 0.123654
v -0.230970 0.000000 0.076755
v -0.207867 0.000000 0.033534
v -0.176777 0.000000 -0.004350
v -0.138893 0.000000 -0.035441
v -0.095671 0.000000 -0.058544
v -0.048773 0.000000 -0.072770
v -0.000000 0.000000 -0.077574
v 0.048773 0.000000 -0.072770
v 0.095671 0.000000 -0.058544
v 0.138893 0.000000 -0.035441
v 0.176777 0.000000 -0.004350
v 0.207867 0.000000 0.033534
v 0.230970 0.000000 0.076755
v 0.245196 0.000000 0.123654
v 0.250000 0.000000 0.172426
v 0.245196 0.000000 0.221199
v 0.230970 0.000000 0.268097
v 0.207867 0.000000 0.311319
v 0.176777 0.000000 0.349203
v 0.138893 0.000000 0.380294
v 0.095671 0.000000 0.403396
v 0.048773 0.000000 0.417622
v 0.000000 -1.000000 0.369691
v -0.038484 -1.000000 0.365900
v -0.075490 -1.000000 0.354675
v -0.109594 -1.000000 0.336446
v -0.139487 -1.000000 0.311913
v -0.164019 -1.000000 0.282020
v -0.182249 -1.000000 0.247916
v -0.193474 -1.000000 0.210911
v -0.197264 -1.000000 0.172426
v -0.193474 -1.000000 0.133942
v -0.182249 -1.000000 0.096936
v -0.164019 -1.000000 0.062832
v -0.139487 -1.000000 0.032939
v -0.109594 -1.000000 0.008407
v -0.075490 -1.000000 -0.009822
v -0.038484 -1.000000 -0.021048
v 0.000000 -1.000000 -0.024838
v 0.038484 -1.000000 -0.021048
v 0.075490 -1.000000 -0.009822
v 0.109594 -1.000000 0.008407
v 0.139487 -1.000000 0.032939
v 0.164019 -1.000000 0.062832
v 0.182249 -1.000000 0.096936
v 0.193474 -1.000000 0.133942
v 0.197264 -1.000000 0.172426
v 0.193474 -1.000000 0.210911
v 0.182249 -1.000000 0.247916
v 0.164019 -1.000000 0.282020
v 0.139487 -1.000000 0.311913
v 0.109594 -1.000000 0.336446
v 0.075490 -1.000000 0.354675
v 0.038484 -1.000000 0.365900
v -0.048773 -1.000000 0.417622
v 0.000000 -1.000000 0.422426
v -0.095671 -1.000000 0.403396
v -0.138893 -1.000000 0.380294
v -0.176777 -1.000000 0.349203
v -0.207867 -1.000000 0.311319
v -0.230970 -1.000000 0.268097
v -0.245196 -1.000000 0.221199
v -0.250000 -1.000000 0.172426
v -0.245196 -1.000000 0.123654
v -0.230970 -1.000000 0.076755
v -0.207867 -1.000000 0.033534
v -0.176777 -1.000000 -0.004350
v -0.138893 -1.000000 -0.035441
v -0.095671 -1.000000 -0.058544
v -0.048773 -1.000000 -0.072770
v -0.000000 -1.000000 -0.077574
v 0.048773 -1.000000 -0.072770
v 0.095671 -1.000000 -0.058544
v 0.138893 -1.000000 -0.035441
v 0.176777 -1.000000 -0.004350
v 0.207867 -1.000000 0.033534
v 0.230970 -1.000000 0.076755
v 0.245196 -1.000000 0.123654
v 0.250000 -1.000000 0.172426
v 0.245196 -1.000000 0.221199
v 0.230970 -1.000000 0.268097
v 0.207867 -1.000000 0.311319
v 0.176777 -1.000000 0.349203
v 0.138893 -1.000000 0.380294
v 0.095671 -1.000000 0.403396
v 0.048773 -1.000000 0.417622
v -0.038484 -0.968039 0.365900
v 0.000000 -0.968039 0.369691
v -0.075490 -0.968039 0.354675
v -0.109594 -0.968039 0.336446
v -0.139487 -0.968039 0.311913
v -0.164019 -0.968039 0.282020
v -0.182249 -0.968039 0.247916
v -0.193474 -0.968039 0.210911
v -0.197264 -0.968039 0.172426
v -0.193474 -0.968039 0.133942
v -0.182249 -0.968039 0.096936
v -0.164019 -0.968039 0.062832
v -0.139487 -0.968039 0.032939
v -0.109594 -0.968039 0.008407
v -0.075490 -0.968039 -0.009822
v -0.038484 -0.968039 -0.021048
v 0.000000 -0.968039 -0.024838
v 0.038484 -0.968039 -0.021048
v 0.075490 -0.968039 -0.009822
v 0.109594 -0.968039 0.008407
v 0.139487 -0.968039 0.032939
v 0.164019 -0.968039 0.062832
v 0.182249 -0.968039 0.096936
v 0.193474 -0.968039 0.133942
v 0.197264 -0.968039 0.172426
v 0.193474 -0.968039 0.210911
v 0.182249 -0.968039 0.247916
v 0.164019 -0.968039 0.282020
v 0.139487 -0.968039 0.311913
v 0.109594 -0.968039 0.336446
v 0.075490 -0.968039 0.354675
v 0.038484 -0.968039 0.365900
v 0.500000 1.000000 0.369691
v 0.461516 1.000000 0.365900
v 0.424510 1.000000 0.354675
v 0.390406 1.000000 0.336446
v 0.360513 1.000000 0.311913
v 0.335981 1.000000 0.282020
v 0.317751 1.000000 0.247916
v 0.306526 1.000000 0.210911
v 0.302736 1.000000 0.172426
v 0.306526 1.000000 0.133942
v 0.317751 1.000000 0.096936
v 0.335981 1.000000 0.062832
v 0.360513 1.000000 0.032939
v 0.390406 1.000000 0.008407
v 0.424510 1.000000 -0.009822
v 0.461516 1.000000 -0.021048
v 0.500000 1.000000 -0.024838
v 0.538484 1.000000 -0.021048
v 0.575490 1.000000 -0.009822
v 0.609594 1.000000 0.008407
v 0.639487 1.000000 0.032939
v 0.664019 1.000000 0.062832
v 0.682249 1.000000 0.096936
v 0.693474 1.000000 0.133942
v 0.697264 1.000000 0.172426
v 0.693474 1.000000 0.210911
v 0.682249 1.000000 0.247916
v 0.664019 1.000000 0.282020
v 0.639487 1.000000 0.311913
v 0.609594 1.000000 0.336446
v 0.575490 1.000000 0.354675
v 0.538484 1.000000 0.365900
v 0.451227 1.000000 0.417622
v 0.500000 1.000000 0.422426
v 0.404329 1.000000 0.403396
v 0.361107 1.000000 0.380294
v 0.323223 1.000000 0.349203
v 0.292133 1.000000 0.311319
v 0.269030 1.000000 0.268097
v 0.254804 1.000000 0.221199
v 0.250000 1.000000 0.172426
v 0.254804 1.000000 0.123654
v 0.269030 1.000000 0.076755
v 0.292133 1.000000 0.033534
v 0.323223 1.000000 -0.004350
v 0.361107 1.000000 -0.035441
v 0.404329 1.000000 -0.058544
v 0.451227 1.000000 -0.072770
v 0.500000 1.000000 -0.077574
v 0.548773 1.000000 -0.072770
v 0.595671 1.000000 -0.058544
v 0.638893 1.000000 -0.035441
v 0.676777 1.000000 -0.004351
v 0.707867 1.000000 0.033534
v 0.730970 1.000000 0.076755
v 0.745196 1.000000 0.123654
v 0.750000 1.000000 0.172426
v 0.745196 1.000000 0.221199
v 0.730970 1.000000 0.268097
v 0.707867 1.000000 0.311319
v 0.676777 1.000000 0.349203
v 0.638893 1.000000 0.380294
v 0.595671 1.000000 0.403396
v 0.548773 1.000000 0.417622
v 0.461516 0.968039 0.365900
v 0.500000 0.968039 0.369691
v 0.424510 0.968039 0.354675
v 0.390406 0.968039 0.336446
v 0.360513 0.968039 0.311913
v 0.335981 0.968039 0.282020
v 0.317751 0.968039 0.247916
v 0.306526 0.968039 0.210911
v 0.302736 0.968039 0.172426
v 0.306526 0.968039 0.133942
v 0.317751 0.968039 0.096936
v 0.335981 0.968039 0.062832
v 0.360513 0.968039 0.032939
v 0.390406 0.968039 0.008407
v 0.424510 0.968039 -0.009822
v 0.461516 0.968039 -0.021048
v 0.500000 0.968039 -0.024838
v 0.538484 0.968039 -0.021048
v 0.575490 0.968039 -0.009822
v 0.609594 0.968039 0.008407
v 0.639487 0.968039 0.032939
v 0.664019 0.968039 0.062832
v 0.682249 0.968039 0.096936
v 0.693474 0.968039 0.133942
v 0.697264 0.968039 0.172426
v 0.693474 0.968039 0.210911
v 0.682249 0.968039 0.247916
v 0.664019 0.968039 0.282020
v 0.639487 0.968039 0.311913
v 0.609594 0.968039 0.336446
v 0.575490 0.968039 0.354675
v 0.538484 0.968039 0.365900
v 0.500000 0.000000 0.422426
v 0.451227 0.000000 0.417622
v 0.404329 0.000000 0.403396
v 0.361107 0.000000 0.380294
v 0.323223 0.000000 0.349203
v 0.292133 0.000000 0.311319
v 0.269030 0.000000 0.268097
v 0.254804 0.000000 0.221199
v 0.250000 0.000000 0.172426
v 0.254804 0.000000 0.123654
v 0.269030 0.000000 0.076755
v 0.292133 0.000000 0.033534
v 0.323223 0.000000 -0.004350
v 0.361107 0.000000 -0.035441
v 0.404329 0.000000 -0.058544
v 0.451227 0.000000 -0.072770
v 0.500000 0.000000 -0.077574
v 0.548773 0.000000 -0.072770
v 0.595671 0.000000 -0.058544
v 0.638893 0.000000 -0.035441
v 0.676777 0.000000 -0.004351
v 0.707867 0.000000 0.033534
v 0.730970 0.000000 0.076755
v 0.745196 0.000000 0.123654
v 0.750000 0.000000 0.172426
v 0.745196 0.000000 0.221199
v 0.730970 0.000000 0.268097
v 0.707867 0.000000 0.311319
v 0.676777 0.000000 0.349203
v 0.638893 0.000000 0.380294
v 0.595671 0.000000 0.403396
v 0.548773 0.000000 0.417622
v 0.500000 -1.000000 0.369691
v 0.461516 -1.000000 0.365900
v 0.424510 -1.000000 0.354675
v 0.390406 -1.000000 0.336446
v 0.360513 -1.000000 0.311913
v 0.335981 -1.000000 0.282020
v 0.317751 -1.000000 0.247916
v 0.306526 -1.000000 0.210911
v 0.302736 -1.000000 0.172426
v 0.306526 -1.000000 0.133942
v 0.317751 -1.000000 0.096936
v 0.335981 -1.000000 0.062832
v 0.360513 -1.000000 0.032939
v 0.390406 -1.000000 0.008407
v 0.424510 -1.000000 -0.009822
v 0.461516 -1.000000 -0.021048
v 0.500000 -1.000000 -0.024838
v 0.538484 -1.000000 -0.021048
v 0.575490 -1.000000 -0.009822
v 0.609594 -1.000000 0.008407
v 0.639487 -1.000000 0.032939
v 0.664019 -1.000000 0.062832
v 0.682249 -1.000000 0.096936
v 0.693474 -1.000000 0.133942
v 0.697264 -1.000000 0.172426
v 0.693474 -1.000000 0.210911
v 0.682249 -1.000000 0.247916
v 0.664019 -1.000000 0.282020
v 0.639487 -1.000000 0.311913
v 0.609594 -1.000000 0.336446
v 0.575490 -1.000000 0.354675
v 0.538484 -1.000000 0.365900
v 0.451227 -1.000000 0.417622
v 0.500000 -1.000000 0.422426
v 0.404329 -1.000000 0.403396
v 0.361107 -1.000000 0.380294
v 0.323223 -1.000000 0.349203
v 0.292133 -1.000000 0.311319
v 0.269030 -1.000000 0.268097
v 0.254804 -1.000000 0.221199
v 0.250000 -1.000000 0.172426
v 0.254804 -1.000000 0.123654
v 0.269030 -1.000000 0.076755
v 0.292133 -1.000000 0.033534
v 0.323223 -1.000000 -0.004350
v 0.361107 -1.000000 -0.035441
v 0.404329 -1.000000 -0.058544
v 0.451227 -1.000000 -0.072770
v 0.500000 -1.000000 -0.077574
v 0.548773 -1.000000 -0.072770
v 0.595671 -1.000000 -0.058544
v 0.638893 -1.000000 -0.035441
v 0.676777 -1.000000 -0.004351
v 0.707867 -1.000000 0.033534
v 0.730970 -1.000000 0.076755
v 0.745196 -1.000000 0.123654
v 0.750000 -1.000000 0.172426
v 0.745196 -1.000000 0.221199
v 0.730970 -1.000000 0.268097
v 0.707867 -1.000000 0.311319
v 0.676777 -1.000000 0.349203
v 0.638893 -1.000000 0.380294
v 0.595671 -1.000000 0.403396
v 0.548773 -1.000000 0.417622
v 0.461516 -0.968039 0.365900
v 0.500000 -0.968039 0.369691
v 0.424510 -0.968039 0.354675
v 0.390406 -0.968039 0.336446
v 0.360513 -0.968039 0.311913
v 0.335981 -0.968039 0.282020
v 0.317751 -0.968039 0.247916
v 0.306526 -0.968039 0.210911
v 0.302736 -0.968039 0.172426
v 0.306526 -0.968039 0.133942
v 0.317751 -0.968039 0.096936
v 0.335981 -0.968039 0.062832
v 0.360513 -0.968039 0.032939
v 0.390406 -0.968039 0.008407
v 0.424510 -0.968039 -0.009822
v 0.461516 -0.968039 -0.021048
v 0.500000 -0.968039 -0.024838
v 0.538484 -0.968039 -0.021048
v 0.575490 -0.968039 -0.009822
v 0.609594 -0.968039 0.008407
v 0.639487 -0.968039 0.032939
v 0.664019 -0.968039 0.062832
v 0.682249 -0.968039 0.096936
v 0.693474 -0.968039 0.133942
v 0.697264 -0.968039 0.172426
v 0.693474 -0.968039 0.210911
v 0.682249 -0.968039 0.247916
v 0.664019 -0.968039 0.282020
v 0.639487 -0.968039 0.311913
v 0.609594 -0.968039 0.336446
v 0.575490 -0.968039 0.354675
v 0.538484 -0.968039 0.365900
v -0.500000 1.000000 0.369691
v -0.538484 1.000000 0.365900
v -0.575490 1.000000 0.354675
v -0.609594 1.000000 0.336446
v -0.639487 1.000000 0.311913
v -0.664019 1.000000 0.282021
v -0.682249 1.000000 0.247916
v -0.693474 1.000000 0.210911
v -0.697264 1.000000 0.172426
v -0.693474 1.000000 0.133942
v -0.682249 1.000000 0.096936
v -0.664019 1.000000 0.062832
v -0.639487 1.000000 0.032939
v -0.609594 1.000000 0.008407
v -0.575490 1.000000 -0.009822
v -0.538484 1.000000 -0.021048
v -0.500000 1.000000 -0.024838
v -0.461516 1.000000 -0.021048
v -0.424510 1.000000 -0.009822
v -0.390406 1.000000 0.008407
v -0.360513 1.000000 0.032939
v -0.335981 1.000000 0.062832
v -0.317751 1.000000 0.096936
v -0.306526 1.000000 0.133942
v -0.302736 1.000000 0.172426
v -0.306526 1.000000 0.210911
v -0.317751 1.000000 0.247916
v -0.335981 1.000000 0.282021
v -0.360513 1.000000 0.311913
v -0.390406 1.000000 0.336446
v -0.424510 1.000000 0.354675
v -0.461516 1.000000 0.365900
v -0.548772 1.000000 0.417623
v -0.500000 1.000000 0.422426
v -0.595671 1.000000 0.403396
v -0.638892 1.000000 0.380294
v -0.676777 1.000000 0.349203
v -0.707867 1.000000 0.311319
v -0.730970 1.000000 0.268097
v -0.745196 1.000000 0.221199
v -0.750000 1.000000 0.172426
v -0.745196 1.000000 0.123654
v -0.730970 1.000000 0.076755
v -0.707867 1.000000 0.033534
v -0.676777 1.000000 -0.004350
v -0.638893 1.000000 -0.035441
v -0.595671 1.000000 -0.058544
v -0.548773 1.000000 -0.072770
v -0.500000 1.000000 -0.077574
v -0.451227 1.000000 -0.072770
v -0.404329 1.000000 -0.058544
v -0.361107 1.000000 -0.035441
v -0.323223 1.000000 -0.004350
v -0.292133 1.000000 0.033534
v -0.269030 1.000000 0.076755
v -0.254804 1.000000 0.123654
v -0.250000 1.000000 0.172426
v -0.254804 1.000000 0.221199
v -0.269030 1.000000 0.268097
v -0.292133 1.000000 0.311319
v -0.323223 1.000000 0.349203
v -0.361107 1.000000 0.380294
v -0.404329 1.000000 0.403396
v -0.451227 1.000000 0.417623
v -0.538484 0.968039 0.365900
v -0.500000 0.968039 0.369691
v -0.575490 0.968039 0.354675
v -0.609594 0.968039 0.336446
v -0.639487 0.968039 0.311913
v -0.664019 0.968039 0.282021
v -0.682249 0.968039 0.247916
v -0.693474 0.968039 0.210911
v -0.697264 0.968039 0.172426
v -0.693474 0.968039 0.133942
v -0.682249 0.968039 0.096936
v -0.664019 0.968039 0.062832
v -0.639487 0.968039 0.032939
v -0.609594 0.968039 0.008407
v -0.575490 0.968039 -0.009822
v -0.538484 0.968039 -0.021048
v -0.500000 0.968039 -0.024838
v -0.461516 0.968039 -0.021048
v -0.424510 0.968039 -0.009822
v -0.390406 0.968039 0.008407
v -0.360513 0.968039 0.032939
v -0.335981 0.968039 0.062832
v -0.317751 0.968039 0.096936
v -0.306526 0.968039 0.133942
v -0.302736 0.968039 0.172426
v -0.306526 0.968039 0.210911
v -0.317751 0.968039 0.247916
v -0.335981 0.968039 0.282021
v -0.360513 0.968039 0.311913
v -0.390406 0.968039 0.336446
v -0.424510 0.968039 0.354675
v -0.461516 0.968039 0.365900
v -0.500000 0.000000 0.422426
v -0.548772 0.000000 0.417623
v -0.595671 0.000000 0.403396
v -0.638892 0.000000 0.380294
v -0.676777 0.000000 0.349203
v -0.707867 0.000000 0.311319
v -0.730970 0.000000 0.268097
v -0.745196 0.000000 0.221199
v -0.750000 0.000000 0.172426
v -0.745196 0.000000 0.123654
v -0.730970 0.000000 0.076755
v -0.707867 0.000000 0.033534
v -0.676777 0.000000 -0.004350
v -0.638893 0.000000 -0.035441
v -0.595671 0.000000 -0.058544
v -0.548773 0.000000 -0.072770
v -0.500000 0.000000 -0.077574
v -0.451227 0.000000 -0.072770
v -0.404329 0.000000 -0.058544
v -0.361107 0.000000 -0.035441
v -0.323223 0.000000 -0.004350
v -0.292133 0.000000 0.033534
v -0.269030 0.000000 0.076755
v -0.254804 0.000000 0.123654
v -0.250000 0.000000 0.172426
v -0.254804 0.000000 0.221199
v -0.269030 0.000000 0.268097
v -0.292133 0.000000 0.311319
v -0.323223 0.000000 0.349203
v -0.361107 0.000000 0.380294
v -0.404329 0.000000 0.403396
v -0.451227 0.000000 0.417623
v -0.500000 -1.000000 0.369691
v -0.538484 -1.000000 0.365900
v -0.575490 -1.000000 0.354675
v -0.609594 -1.000000 0.336446
v -0.639487 -1.000000 0.311913
v -0.664019 -1.000000 0.282021
v -0.682249 -1.000000 0.247916
v -0.693474 -1.000000 0.210911
v -0.697264 -1.000000 0.172426
v -0.693474 -1.000000 0.133942
v -0.682249 -1.000000 0.096936
v -0.664019 -1.000000 0.062832
v -0.639487 -1.000000 0.032939
v -0.609594 -1.000000 0.008407
v -0.575490 -1.000000 -0.009822
v -0.538484 -1.000000 -0.021048
v -0.500000 -1.000000 -0.024838
v -0.461516 -1.000000 -0.021048
v -0.424510 -1.000000 -0.009822
v -0.390406 -1.000000 0.008407
v -0.360513 -1.000000 0.032939
v -0.335981 -1.000000 0.062832
v -0.317751 -1.000000 0.096936
v -0.306526 -1.000000 0.133942
v -0.302736 -1.000000 0.172426
v -0.306526 -1.000000 0.210911
v -0.317751 -1.000000 0.247916
v -0.335981 -1.000000 0.282021
v -0.360513 -1.000000 0.311913
v -0.390406 -1.000000 0.336446
v -0.424510 -1.000000 0.354675
v -0.461516 -1.000000 0.365900
v -0.548772 -1.000000 0.417623
v -0.500000 -1.000000 0.422426
v -0.595671 -1.000000 0.403396
v -0.638892 -1.000000 0.380294
v -0.676777 -1.000000 0.349203
v -0.707867 -1.000000 0.311319
v -0.730970 -1.000000 0.268097
v -0.745196 -1.000000 0.221199
v -0.750000 -1.000000 0.172426
v -0.745196 -1.000000 0.123654
v -0.730970 -1.000000 0.076755
v -0.707867 -1.000000 0.033534
v -0.676777 -1.000000 -0.004350
v -0.638893 -1.000000 -0.035441
v -0.595671 -1.000000 -0.058544
v -0.548773 -1.000000 -0.072770
v -0.500000 -1.000000 -0.077574
v -0.451227 -1.000000 -0.072770
v -0.404329 -1.000000 -0.058544
v -0.361107 -1.000000 -0.035441
v -0.323223 -1.000000 -0.004350
v -0.292133 -1.000000 0.033534
v -0.269030 -1.000000 0.076755
v -0.254804 -1.000000 0.123654
v -0.250000 -1.000000 0.172426
v -0.254804 -1.000000 0.221199
v -0.269030 -1.000000 0.268097
v -0.292133 -1.000000 0.311319
v -0.323223 -1.000000 0.349203
v -0.361107 -1.000000 0.380294
v -0.404329 -1.000000 0.403396
v -0.451227 -1.000000 0.417623
v -0.538484 -0.968039 0.365900
v -0.500000 -0.968039 0.369691
v -0.575490 -0.968039 0.354675
v -0.609594 -0.968039 0.336446
v -0.639487 -0.968039 0.311913
v -0.664019 -0.968039 0.282021
v -0.682249 -0.968039 0.247916
v -0.693474 -0.968039 0.210911
v -0.697264 -0.968039 0.172426
v -0.693474 -0.968039 0.133942
v -0.682249 -0.968039 0.096936
v -0.664019 -0.968039 0.062832
v -0.639487 -0.968039 0.032939
v -0.609594 -0.968039 0.008407
v -0.575490 -0.968039 -0.009822
v -0.538484 -0.968039 -0.021048
v -0.500000 -0.968039 -0.024838
v -0.461516 -0.968039 -0.021048
v -0.424510 -0.968039 -0.009822
v -0.390406 -0.968039 0.008407
v -0.360513 -0.968039 0.032939
v -0.335981 -0.968039 0.062832
v -0.317751 -0.968039 0.096936
v -0.306526 -0.968039 0.133942
v -0.302736 -0.968039 0.172426
v -0.306526 -0.968039 0.210911
v -0.317751 -0.968039 0.247916
v -0.335981 -0.968039 0.282021
v -0.360513 -0.968039 0.311913
v -0.390406 -0.968039 0.336446
v -0.424510 -0.968039 0.354675
v -0.461516 -0.968039 0.365900
v 0.250000 1.000000 -0.060309
v 0.211516 1.000000 -0.064100
v 0.174510 1.000000 -0.075325
v 0.140406 1.000000 -0.093554
v 0.110513 1.000000 -0.118087
v 0.085981 1.000000 -0.147979
v 0.067751 1.000000 -0.182084
v 0.056526 1.000000 -0.219089
v 0.052736 1.000000 -0.257574
v 0.056526 1.000000 -0.296058
v 0.067751 1.000000 -0.333064
v 0.085981 1.000000 -0.367168
v 0.110513 1.000000 -0.397061
v 0.140406 1.000000 -0.421593
v 0.174510 1.000000 -0.439822
v 0.211516 1.000000 -0.451048
v 0.250000 1.000000 -0.454838
v 0.288484 1.000000 -0.451048
v 0.325490 1.000000 -0.439822
v 0.359594 1.000000 -0.421593
v 0.389487 1.000000 -0.397061
v 0.414019 1.000000 -0.367168
v 0.432249 1.000000 -0.333064
v 0.443474 1.000000 -0.296058
v 0.447264 1.000000 -0.257574
v 0.443474 1.000000 -0.219089
v 0.432249 1.000000 -0.182084
v 0.414019 1.000000 -0.147980
v 0.389487 1.000000 -0.118087
v 0.359594 1.000000 -0.093554
v 0.325490 1.000000 -0.075325
v 0.288484 1.000000 -0.064100
v 0.201227 1.000000 -0.012377
v 0.250000 1.000000 -0.007574
v 0.154329 1.000000 -0.026604
v 0.111107 1.000000 -0.049706
v 0.073223 1.000000 -0.080797
v 0.042133 1.000000 -0.118681
v 0.019030 1.000000 -0.161903
v 0.004804 1.000000 -0.208801
v -0.000000 1.000000 -0.257574
v 0.004804 1.000000 -0.306346
v 0.019030 1.000000 -0.353245
v 0.042133 1.000000 -0.396466
v 0.073223 1.000000 -0.434350
v 0.111107 1.000000 -0.465441
v 0.154329 1.000000 -0.488544
v 0.201227 1.000000 -0.502770
v 0.250000 1.000000 -0.507574
v 0.298773 1.000000 -0.502770
v 0.345671 1.000000 -0.488544
v 0.388892 1.000000 -0.465441
v 0.426777 1.000000 -0.434350
v 0.457867 1.000000 -0.396466
v 0.480970 1.000000 -0.353245
v 0.495196 1.000000 -0.306346
v 0.500000 1.000000 -0.257574
v 0.495196 1.000000 -0.208801
v 0.480970 1.000000 -0.161903
v 0.457867 1.000000 -0.118681
v 0.426777 1.000000 -0.080797
v 0.388893 1.000000 -0.049706
v 0.345671 1.000000 -0.026604
v 0.298773 1.000000 -0.012377
v 0.211516 0.968039 -0.064100
v 0.250000 0.968039 -0.060309
v 0.174510 0.968039 -0.075325
v 0.140406 0.968039 -0.093554
v 0.110513 0.968039 -0.118087
v 0.085981 0.968039 -0.147979
v 0.067751 0.968039 -0.182084
v 0.056526 0.968039 -0.219089
v 0.052736 0.968039 -0.257574
v 0.056526 0.968039 -0.296058
v 0.067751 0.968039 -0.333064
v 0.085981 0.968039 -0.367168
v 0.110513 0.968039 -0.397061
v 0.140406 0.968039 -0.421593
v 0.174510 0.968039 -0.439822
v 0.211516 0.968039 -0.451048
v 0.250000 0.968039 -0.454838
v 0.288484 0.968039 -0.451048
v 0.325490 0.968039 -0.439822
v 0.359594 0.968039 -0.421593
v 0.389487 0.968039 -0.397061
v 0.414019 0.968039 -0.367168
v 0.432249 0.968039 -0.333064
v 0.443474 0.968039 -0.296058
v 0.447264 0.968039 -0.257574
v 0.443474 0.968039 -0.219089
v 0.432249 0.968039 -0.182084
v 0.414019 0.968039 -0.147980
v 0.389487 0.968039 -0.118087
v 0.359594 0.968039 -0.093554
v 0.325490 0.968039 -0.075325
v 0.288484 0.968039 -0.064100
v 0.250000 0.000000 -0.007574
v 0.201227 0.000000 -0.012377
v 0.154329 0.000000 -0.026604
v 0.111107 0.000000 -0.049706
v 0.073223 0.000000 -0.080797
v 0.042133 0.000000 -0.118681
v 0.019030 0.000000 -0.161903
v 0.004804 0.000000 -0.208801
v -0.000000 0.000000 -0.257574
v 0.004804 0.000000 -0.306346
v 0.019030 0.000000 -0.353245
v 0.042133 0.000000 -0.396466
v 0.073223 0.000000 -0.434350
v 0.111107 0.000000 -0.465441
v 0.154329 0.000000 -0.488544
v 0.201227 0.000000 -0.502770
v 0.250000 0.000000 -0.507574
v 0.298773 0.000000 -0.502770
v 0.345671 0.000000 -0.488544
v 0.388892 0.000000 -0.465441
v 0.426777 0.000000 -0.434350
v 0.457867 0.000000 -0.396466
v 0.480970 0.000000 -0.353245
v 0.495196 0.000000 -0.306346
v 0.500000 0.000000 -0.257574
v 0.495196 0.000000 -0.208801
v 0.480970 0.000000 -0.161903
v 0.457867 0.000000 -0.118681
v 0.426777 0.000000 -0.080797
v 0.388893 0.000000 -0.049706
v 0.345671 0.000000 -0.026604
v 0.298773 0.000000 -0.012377
v 0.250000 -1.000000 -0.060309
v 0.211516 -1.000000 -0.064100
v 0.174510 -1.000000 -0.075325
v 0.140406 -1.000000 -0.093554
v 0.110513 -1.000000 -0.118087
v 0.085981 -1.000000 -0.147979
v 0.067751 -1.000000 -0.182084
v 0.056526 -1.000000 -0.219089
v 0.052736 -1.000000 -0.257574
v 0.056526 -1.000000 -0.296058
v 0.067751 -1.000000 -0.333064
v 0.085981 -1.000000 -0.367168
v 0.110513 -1.000000 -0.397061
v 0.140406 -1.000000 -0.421593
v 0.174510 -1.000000 -0.439822
v 0.211516 -1.000000 -0.451048
v 0.250000 -1.000000 -0.454838
v 0.288484 -1.000000 -0.451048
v 0.325490 -1.000000 -0.439822
v 0.359594 -1.000000 -0.421593
v 0.389487 -1.000000 -0.397061
v 0.414019 -1.000000 -0.367168
v 0.432249 -1.000000 -0.333064
v 0.443474 -1.000000 -0.296058
v 0.447264 -1.000000 -0.257574
v 0.443474 -1.000000 -0.219089
v 0.432249 -1.000000 -0.182084
v 0.414019 -1.000000 -0.147980
v 0.389487 -1.000000 -0.118087
v 0.359594 -1.000000 -0.093554
v 0.325490 -1.000000 -0.075325
v 0.288484 -1.000000 -0.064100
v 0.201227 -1.000000 -0.012377
v 0.250000 -1.000000 -0.007574
v 0.154329 -1.000000 -0.026604
v 0.111107 -1.000000 -0.049706
v 0.073223 -1.000000 -0.080797
v 0.042133 -1.000000 -0.118681
v 0.019030 -1.000000 -0.161903
v 0.004804 -1.000000 -0.208801
v -0.000000 -1.000000 -0.257574
v 0.004804 -1.000000 -0.306346
v 0.019030 -1.000000 -0.353245
v 0.042133 -1.000000 -0.396466
v 0.073223 -1.000000 -0.434350
v 0.111107 -1.000000 -0.465441
v 0.154329 -1.000000 -0.488544
v 0.201227 -1.000000 -0.502770
v 0.250000 -1.000000 -0.507574
v 0.298773 -1.000000 -0.502770
v 0.345671 -1.000000 -0.488544
v 0.388892 -1.000000 -0.465441
v 0.426777 -1.000000 -0.434350
v 0.457867 -1.000000 -0.396466
v 0.480970 -1.000000 -0.353245
v 0.495196 -1.000000 -0.306346
v 0.500000 -1.000000 -0.257574
v 0.495196 -1.000000 -0.208801
v 0.480970 -1.000000 -0.161903
v 0.457867 -1.000000 -0.118681
v 0.426777 -1.000000 -0.080797
v 0.388893 -1.000000 -0.049706
v 0.345671 -1.000000 -0.026604
v 0.298773 -1.000000 -0.012377
v 0.211516 -0.968039 -0.064100
v 0.250000 -0.968039 -0.060309
v 0.174510 -0.968039 -0.075325
v 0.140406 -0.968039 -0.093554
v 0.110513 -0.968039 -0.118087
v 0.085981 -0.968039 -0.147979
v 0.067751 -0.968039 -0.182084
v 0.056526 -0.968039 -0.219089
v 0.052736 -0.968039 -0.257574
v 0.056526 -0.968039 -0.296058
v 0.067751 -0.968039 -0.333064
v 0.085981 -0.968039 -0.367168
v 0.110513 -0.968039 -0.397061
v 0.140406 -0.968039 -0.421593
v 0.174510 -0.968039 -0.439822
v 0.211516 -0.968039 -0.451048
v 0.250000 -0.968039 -0.454838
v 0.288484 -0.968039 -0.451048
v 0.325490 -0.968039 -0.439822
v 0.359594 -0.968039 -0.421593
v 0.389487 -0.968039 -0.397061
v 0.414019 -0.968039 -0.367168
v 0.432249 -0.968039 -0.333064
v 0.443474 -0.968039 -0.296058
v 0.447264 -0.968039 -0.257574
v 0.443474 -0.968039 -0.219089
v 0.432249 -0.968039 -0.182084
v 0.414019 -0.968039 -0.147980
v 0.389487 -0.968039 -0.118087
v 0.359594 -0.968039 -0.093554
v 0.325490 -0.968039 -0.075325
v 0.288484 -0.968039 -0.064100
vn 1.0000 -0.0000 -0.0000
vn -0.0000 -0.0000 -1.0000
vn -0.0000 1.0000 -0.0000
vn -0.0000 -1.0000 -0.0000
vn -0.0000 -0.0000 1.0000
vn 0.8572 -0.0000 -0.5150
vn 0.7071 -0.0000 0.7071
vn -1.0000 -0.0000 -0.0000
vn -0.8572 -0.0000 -0.5150
vn -0.7071 -0.0000 0.7071
vn -0.8572 -0.0000 0.5150
vn -0.7071 -0.0000 -0.7071
vn 0.8572 -0.0000 0.5150
vn 0.7071 -0.0000 -0.7071
vn -0.0980 -0.0000 0.9952
vn -0.2903 -0.0000 0.9569
vn -0.4714 -0.0000 0.8819
vn -0.6344 -0.0000 0.7730
vn -0.7730 -0.0000 0.6344
vn -0.8819 -0.0000 0.4714
vn -0.9569 -0.0000 0.2903
vn -0.9952 -0.0000 0.0980
vn -0.9952 -0.0000 -0.0980
vn -0.9569 -0.0000 -0.2903
vn -0.8819 -0.0000 -0.4714
vn -0.7730 -0.0000 -0.6344
vn -0.6344 -0.0000 -0.7730
vn -0.4714 -0.0000 -0.8819
vn -0.2903 -0.0000 -0.9569
vn -0.0980 -0.0000 -0.9952
vn 0.0980 -0.0000 -0.9952
vn 0.2903 -0.0000 -0.9569
vn 0.4714 -0.0000 -0.8819
vn 0.6344 -0.0000 -0.7730
vn 0.7730 -0.0000 -0.6344
vn 0.8819 -0.0000 -0.4714
vn 0.9569 -0.0000 -0.2903
vn 0.9952 -0.0000 -0.0980
vn 0.9952 -0.0000 0.0980
vn 0.9569 -0.0000 0.2903
vn 0.8819 -0.0000 0.4714
vn 0.7730 -0.0000 0.6344
vn 0.6344 -0.0000 0.7730
vn 0.4714 -0.0000 0.8819
vn 0.2903 -0.0000 0.9569
vn 0.0980 -0.0000 0.9952
vt 0.816584 0.774644
vt 0.797959 0.884310
vt 0.795788 0.775057
vt 0.741539 0.885431
vt 0.767294 0.775623
vt 0.769464 0.884876
vt 0.693338 0.685061
vt 0.693751 0.705857
vt 0.690330 0.687191
vt 0.696713 0.687064
vt 0.697103 0.706700
vt 0.694036 0.705851
vt 0.846731 0.664463
vt 0.805269 0.774583
vt 0.803098 0.665330
vt 0.899611 0.858382
vt 0.859032 0.773800
vt 0.860728 0.859154
vt 0.901598 0.944016
vt 0.911563 0.858430
vt 0.899902 0.858661
vt 0.819040 0.883891
vt 0.837666 0.774225
vt 0.816870 0.774638
vt 0.690720 0.706827
vt 0.693623 0.685055
vt 0.868097 0.664039
vt 0.908677 0.748620
vt 0.869793 0.749393
vt 0.918926 0.663029
vt 0.908962 0.748615
vt 0.907266 0.663261
vt 0.837225 0.904619
vt 0.819046 0.884176
vt 0.819459 0.904972
vt 0.773476 0.885082
vt 0.756265 0.913359
vt 0.774031 0.913006
vt 0.661348 0.930960
vt 0.642715 0.887680
vt 0.643582 0.931313
vt 0.721027 0.886124
vt 0.707920 0.925283
vt 0.707147 0.886400
vt 0.881735 0.763326
vt 0.869799 0.749678
vt 0.881459 0.749446
vt 0.819174 0.904978
vt 0.800995 0.884535
vt 0.818761 0.884182
vt 0.755710 0.885435
vt 0.660481 0.887327
vt 0.692697 0.886687
vt 0.679590 0.925846
vt 0.693470 0.925570
vt 0.774180 0.906157
vt 0.786116 0.919805
vt 0.785840 0.905926
vt 0.858747 0.773806
vt 0.840121 0.883472
vt 0.837951 0.774219
vt 0.769749 0.884871
vt 0.795503 0.775063
vt 0.797674 0.884316
vt 0.803161 0.682879
vt 0.803575 0.703675
vt 0.800153 0.685009
vt 0.643978 0.797694
vt 0.644368 0.817329
vt 0.641301 0.816480
vt 0.739084 0.776184
vt 0.697621 0.886304
vt 0.695451 0.777050
vt 0.901313 0.944021
vt 0.860734 0.859440
vt 0.862429 0.944794
vt 0.913544 0.943778
vt 0.923508 0.858192
vt 0.911848 0.858424
vt 0.849187 0.773711
vt 0.867812 0.664045
vt 0.847016 0.664458
vt 0.800544 0.704645
vt 0.640888 0.795684
vt 0.898201 0.773022
vt 0.938780 0.857604
vt 0.899897 0.858376
vt 0.930872 0.662792
vt 0.920907 0.748377
vt 0.919212 0.663023
vt 0.791940 0.905519
vt 0.773761 0.885076
vt 0.774174 0.905872
vt 0.741260 0.885722
vt 0.724049 0.913999
vt 0.741815 0.913646
vt 0.679399 0.930601
vt 0.660767 0.887321
vt 0.661633 0.930954
vt 0.755425 0.885440
vt 0.742318 0.924600
vt 0.741545 0.885716
vt 0.893681 0.763089
vt 0.881744 0.749441
vt 0.893405 0.749209
vt 0.855276 0.904261
vt 0.837097 0.883818
vt 0.854863 0.883465
vt 0.723494 0.886075
vt 0.678532 0.886968
vt 0.706862 0.886405
vt 0.693755 0.925564
vt 0.707635 0.925289
vt 0.786126 0.905920
vt 0.798062 0.919568
vt 0.797786 0.905688
vt 0.104079 0.720026
vt 0.078721 0.723196
vt 0.078721 0.720026
vt 0.104079 0.723195
vt 0.078721 0.726365
vt 0.104079 0.726365
vt 0.078721 0.729535
vt 0.104079 0.729535
vt 0.078721 0.732705
vt 0.104079 0.732705
vt 0.078721 0.735874
vt 0.104079 0.735874
vt 0.078721 0.739044
vt 0.104079 0.739044
vt 0.078721 0.742214
vt 0.104079 0.742214
vt 0.078721 0.745383
vt 0.104079 0.745383
vt 0.078721 0.748553
vt 0.104079 0.748553
vt 0.078721 0.751723
vt 0.104079 0.751723
vt 0.078721 0.754892
vt 0.104079 0.754892
vt 0.078721 0.758062
vt 0.104079 0.758062
vt 0.078721 0.761232
vt 0.104079 0.761232
vt 0.078721 0.764401
vt 0.104079 0.764401
vt 0.078721 0.767571
vt 0.104079 0.767571
vt 0.078721 0.770741
vt 0.104079 0.770741
vt 0.078721 0.773911
vt 0.104079 0.773911
vt 0.078721 0.777080
vt 0.104079 0.777080
vt 0.078721 0.780250
vt 0.104079 0.780250
vt 0.078721 0.783420
vt 0.104079 0.783420
vt 0.078721 0.786589
vt 0.104079 0.786589
vt 0.078721 0.789759
vt 0.104079 0.789759
vt 0.078721 0.792929
vt 0.104079 0.792929
vt 0.078721 0.796098
vt 0.104079 0.796098
vt 0.078721 0.799268
vt 0.104079 0.799268
vt 0.078721 0.802438
vt 0.104079 0.802438
vt 0.078721 0.805607
vt 0.104079 0.805607
vt 0.078721 0.808777
vt 0.104079 0.808777
vt 0.078721 0.811947
vt 0.104079 0.811947
vt 0.078721 0.815116
vt 0.122063 0.843947
vt 0.121329 0.840254
vt 0.104079 0.815116
vt 0.078721 0.818286
vt 0.104079 0.818286
vt 0.078721 0.821456
vt 0.101065 0.864945
vt 0.105333 0.870055
vt 0.100561 0.870055
vt 0.104830 0.864945
vt 0.110014 0.869124
vt 0.108523 0.864210
vt 0.114423 0.867298
vt 0.112002 0.862769
vt 0.118391 0.864647
vt 0.115133 0.860677
vt 0.121765 0.861273
vt 0.117796 0.858015
vt 0.124416 0.857305
vt 0.119888 0.854884
vt 0.126242 0.852896
vt 0.121329 0.851405
vt 0.127173 0.848215
vt 0.122063 0.847712
vt 0.127173 0.843443
vt 0.119888 0.836775
vt 0.126242 0.838763
vt 0.117796 0.833644
vt 0.124416 0.834354
vt 0.115133 0.830981
vt 0.121765 0.830386
vt 0.112002 0.828889
vt 0.118391 0.827012
vt 0.108523 0.827448
vt 0.114423 0.824361
vt 0.104830 0.826714
vt 0.110014 0.822534
vt 0.100561 0.821603
vt 0.105334 0.821603
vt 0.101065 0.826714
vt 0.095881 0.822534
vt 0.097372 0.827448
vt 0.091472 0.824361
vt 0.093893 0.828889
vt 0.087504 0.827012
vt 0.090762 0.830981
vt 0.084130 0.830386
vt 0.088099 0.833644
vt 0.081479 0.834354
vt 0.086007 0.836775
vt 0.079652 0.838763
vt 0.084566 0.840254
vt 0.078721 0.843443
vt 0.083832 0.847712
vt 0.083832 0.843947
vt 0.084566 0.851405
vt 0.078721 0.848215
vt 0.086007 0.854884
vt 0.079652 0.852896
vt 0.088099 0.858015
vt 0.081479 0.857305
vt 0.090762 0.860677
vt 0.084130 0.861273
vt 0.093893 0.862769
vt 0.087504 0.864647
vt 0.097372 0.864210
vt 0.091472 0.867298
vt 0.095881 0.869124
vt 0.169928 0.840254
vt 0.170663 0.843947
vt 0.149664 0.864945
vt 0.153933 0.870055
vt 0.153430 0.864945
vt 0.158613 0.869124
vt 0.157123 0.864210
vt 0.163022 0.867298
vt 0.160602 0.862769
vt 0.166990 0.864647
vt 0.163733 0.860678
vt 0.170365 0.861273
vt 0.166395 0.858015
vt 0.173016 0.857305
vt 0.168487 0.854884
vt 0.174842 0.852896
vt 0.169928 0.851405
vt 0.175773 0.848215
vt 0.170663 0.847712
vt 0.175773 0.843443
vt 0.174842 0.838763
vt 0.168487 0.836775
vt 0.173016 0.834354
vt 0.166395 0.833644
vt 0.170365 0.830386
vt 0.163733 0.830981
vt 0.166990 0.827012
vt 0.160602 0.828889
vt 0.163022 0.824361
vt 0.157123 0.827448
vt 0.158614 0.822534
vt 0.153430 0.826714
vt 0.149161 0.821603
vt 0.149664 0.826714
vt 0.144481 0.822534
vt 0.145971 0.827448
vt 0.140072 0.824361
vt 0.142492 0.828889
vt 0.136104 0.827012
vt 0.139362 0.830981
vt 0.132730 0.830386
vt 0.136699 0.833644
vt 0.130078 0.834354
vt 0.134607 0.836775
vt 0.128252 0.838763
vt 0.133166 0.840254
vt 0.127321 0.843443
vt 0.132431 0.843947
vt 0.132431 0.847712
vt 0.127321 0.848215
vt 0.133166 0.851405
vt 0.128252 0.852896
vt 0.134607 0.854884
vt 0.130078 0.857305
vt 0.136699 0.858015
vt 0.132729 0.861273
vt 0.139361 0.860677
vt 0.136104 0.864647
vt 0.142492 0.862769
vt 0.140072 0.867298
vt 0.145971 0.864210
vt 0.144481 0.869124
vt 0.129584 0.720026
vt 0.104227 0.723195
vt 0.104227 0.720026
vt 0.129584 0.723195
vt 0.104227 0.726365
vt 0.129584 0.726365
vt 0.104227 0.729535
vt 0.129584 0.729535
vt 0.104227 0.732705
vt 0.129584 0.732705
vt 0.104227 0.735874
vt 0.129584 0.735874
vt 0.104227 0.739044
vt 0.129584 0.739044
vt 0.104227 0.742214
vt 0.129584 0.742214
vt 0.104227 0.745383
vt 0.129584 0.745383
vt 0.104227 0.748553
vt 0.129584 0.748553
vt 0.104227 0.751723
vt 0.129584 0.751723
vt 0.104227 0.754892
vt 0.129584 0.754892
vt 0.104227 0.758062
vt 0.129584 0.758062
vt 0.104227 0.761232
vt 0.129584 0.761232
vt 0.104227 0.764401
vt 0.129584 0.764401
vt 0.104227 0.767571
vt 0.129584 0.767571
vt 0.104227 0.770741
vt 0.129584 0.770741
vt 0.104227 0.773911
vt 0.129584 0.773911
vt 0.104227 0.777080
vt 0.129584 0.777080
vt 0.104227 0.780250
vt 0.129584 0.780250
vt 0.104227 0.783420
vt 0.129584 0.783420
vt 0.104227 0.786589
vt 0.129584 0.786589
vt 0.104227 0.789759
vt 0.129584 0.789759
vt 0.104227 0.792929
vt 0.129584 0.792929
vt 0.104227 0.796098
vt 0.129584 0.796098
vt 0.104227 0.799268
vt 0.129584 0.799268
vt 0.104227 0.802438
vt 0.129584 0.802438
vt 0.104227 0.805607
vt 0.129584 0.805607
vt 0.104227 0.808777
vt 0.129584 0.808777
vt 0.104227 0.811947
vt 0.129584 0.811947
vt 0.104227 0.815116
vt 0.219262 0.843947
vt 0.218528 0.840254
vt 0.129584 0.815116
vt 0.104227 0.818286
vt 0.129584 0.818286
vt 0.104227 0.821456
vt 0.198264 0.864945
vt 0.202533 0.870055
vt 0.197761 0.870055
vt 0.202029 0.864945
vt 0.207213 0.869124
vt 0.205722 0.864210
vt 0.211622 0.867298
vt 0.209201 0.862769
vt 0.215590 0.864647
vt 0.212332 0.860677
vt 0.218964 0.861273
vt 0.214995 0.858015
vt 0.221615 0.857305
vt 0.217087 0.854884
vt 0.223442 0.852896
vt 0.218528 0.851405
vt 0.224373 0.848215
vt 0.219262 0.847712
vt 0.224373 0.843443
vt 0.217087 0.836775
vt 0.223442 0.838763
vt 0.214995 0.833644
vt 0.221615 0.834354
vt 0.212332 0.830981
vt 0.218964 0.830386
vt 0.209201 0.828889
vt 0.215590 0.827012
vt 0.205722 0.827448
vt 0.211622 0.824361
vt 0.202029 0.826714
vt 0.207213 0.822534
vt 0.197761 0.821603
vt 0.202533 0.821603
vt 0.198264 0.826714
vt 0.193080 0.822534
vt 0.194571 0.827448
vt 0.188671 0.824361
vt 0.191092 0.828889
vt 0.184703 0.827012
vt 0.187961 0.830981
vt 0.181329 0.830386
vt 0.185298 0.833644
vt 0.178678 0.834354
vt 0.183206 0.836775
vt 0.176852 0.838763
vt 0.181765 0.840254
vt 0.175921 0.843443
vt 0.181031 0.847712
vt 0.181031 0.843947
vt 0.181765 0.851405
vt 0.175921 0.848215
vt 0.183206 0.854884
vt 0.176852 0.852896
vt 0.185298 0.858015
vt 0.178678 0.857305
vt 0.187961 0.860677
vt 0.181329 0.861273
vt 0.191092 0.862769
vt 0.184703 0.864647
vt 0.194571 0.864210
vt 0.188671 0.867298
vt 0.193080 0.869124
vt 0.248854 0.738676
vt 0.249589 0.742369
vt 0.228590 0.763368
vt 0.232859 0.768478
vt 0.232356 0.763368
vt 0.237539 0.767547
vt 0.236049 0.762633
vt 0.241948 0.765721
vt 0.239528 0.761192
vt 0.245916 0.763069
vt 0.242659 0.759100
vt 0.249291 0.759695
vt 0.245321 0.756437
vt 0.251942 0.755727
vt 0.247413 0.753307
vt 0.253768 0.751318
vt 0.248854 0.749828
vt 0.254699 0.746638
vt 0.249589 0.746135
vt 0.254699 0.741866
vt 0.253768 0.737185
vt 0.247413 0.735197
vt 0.251942 0.732777
vt 0.245321 0.732066
vt 0.249291 0.728809
vt 0.242659 0.729404
vt 0.245916 0.725434
vt 0.239528 0.727312
vt 0.241948 0.722783
vt 0.236049 0.725871
vt 0.237539 0.720957
vt 0.232356 0.725136
vt 0.228087 0.720026
vt 0.228590 0.725136
vt 0.223407 0.720957
vt 0.224897 0.725871
vt 0.218998 0.722783
vt 0.221418 0.727312
vt 0.215030 0.725434
vt 0.218287 0.729404
vt 0.211656 0.728809
vt 0.215625 0.732066
vt 0.209004 0.732777
vt 0.213533 0.735197
vt 0.207178 0.737185
vt 0.212092 0.738676
vt 0.206247 0.741866
vt 0.211357 0.742369
vt 0.211357 0.746135
vt 0.206247 0.746638
vt 0.212092 0.749828
vt 0.207178 0.751318
vt 0.213533 0.753307
vt 0.209004 0.755727
vt 0.215625 0.756437
vt 0.211656 0.759695
vt 0.218287 0.759100
vt 0.215030 0.763069
vt 0.221418 0.761192
vt 0.218998 0.765721
vt 0.224897 0.762633
vt 0.223407 0.767547
vt 0.155089 0.720026
vt 0.129732 0.723195
vt 0.129732 0.720026
vt 0.155089 0.723195
vt 0.129732 0.726365
vt 0.155089 0.726365
vt 0.129732 0.729535
vt 0.155089 0.729535
vt 0.129732 0.732705
vt 0.155089 0.732705
vt 0.129732 0.735874
vt 0.155089 0.735874
vt 0.129732 0.739044
vt 0.155089 0.739044
vt 0.129732 0.742214
vt 0.155089 0.742214
vt 0.129732 0.745383
vt 0.155089 0.745383
vt 0.129732 0.748553
vt 0.155089 0.748553
vt 0.129732 0.751723
vt 0.155089 0.751723
vt 0.129732 0.754892
vt 0.155089 0.754892
vt 0.129732 0.758062
vt 0.155089 0.758062
vt 0.129732 0.761232
vt 0.155089 0.761232
vt 0.129732 0.764401
vt 0.155089 0.764401
vt 0.129732 0.767571
vt 0.155089 0.767571
vt 0.129732 0.770741
vt 0.155089 0.770741
vt 0.129732 0.773911
vt 0.155089 0.773911
vt 0.129732 0.777080
vt 0.155089 0.777080
vt 0.129732 0.780250
vt 0.155089 0.780250
vt 0.129732 0.783420
vt 0.155089 0.783420
vt 0.129732 0.786589
vt 0.155089 0.786589
vt 0.129732 0.789759
vt 0.155089 0.789759
vt 0.129732 0.792929
vt 0.155089 0.792929
vt 0.129732 0.796098
vt 0.155089 0.796098
vt 0.129732 0.799268
vt 0.155089 0.799268
vt 0.129732 0.802438
vt 0.155089 0.802438
vt 0.129732 0.805607
vt 0.155089 0.805607
vt 0.129732 0.808777
vt 0.155089 0.808777
vt 0.129732 0.811947
vt 0.155089 0.811947
vt 0.129732 0.815116
vt 0.249589 0.790969
vt 0.248854 0.787276
vt 0.155089 0.815116
vt 0.129732 0.818286
vt 0.155089 0.818286
vt 0.129732 0.821456
vt 0.228590 0.811967
vt 0.232859 0.817077
vt 0.228087 0.817077
vt 0.232356 0.811967
vt 0.237539 0.816146
vt 0.236049 0.811232
vt 0.241948 0.814320
vt 0.239528 0.809791
vt 0.245916 0.811669
vt 0.242659 0.807700
vt 0.249291 0.808295
vt 0.245321 0.805037
vt 0.251942 0.804327
vt 0.247413 0.801906
vt 0.253768 0.799918
vt 0.248854 0.798427
vt 0.254699 0.795237
vt 0.249589 0.794734
vt 0.254699 0.790465
vt 0.247413 0.783797
vt 0.253768 0.785785
vt 0.245321 0.780666
vt 0.251942 0.781376
vt 0.242659 0.778003
vt 0.249291 0.777408
vt 0.239528 0.775911
vt 0.245916 0.774034
vt 0.236049 0.774470
vt 0.241948 0.771383
vt 0.232356 0.773736
vt 0.237539 0.769556
vt 0.228087 0.768625
vt 0.232859 0.768625
vt 0.228590 0.773736
vt 0.223407 0.769556
vt 0.224897 0.774470
vt 0.218998 0.771383
vt 0.221418 0.775911
vt 0.215030 0.774034
vt 0.218287 0.778003
vt 0.211656 0.777408
vt 0.215625 0.780666
vt 0.209004 0.781376
vt 0.213533 0.783797
vt 0.207178 0.785785
vt 0.212092 0.787276
vt 0.206247 0.790465
vt 0.211357 0.794734
vt 0.211357 0.790969
vt 0.212092 0.798427
vt 0.206247 0.795237
vt 0.213533 0.801906
vt 0.207178 0.799918
vt 0.215625 0.805037
vt 0.209004 0.804327
vt 0.218287 0.807700
vt 0.211656 0.808295
vt 0.221418 0.809791
vt 0.215030 0.811669
vt 0.224897 0.811232
vt 0.218998 0.814320
vt 0.223407 0.816146
vt 0.267127 0.840254
vt 0.267862 0.843947
vt 0.246863 0.864945
vt 0.251132 0.870055
vt 0.250629 0.864945
vt 0.255813 0.869124
vt 0.254322 0.864210
vt 0.260221 0.867298
vt 0.257801 0.862769
vt 0.264189 0.864647
vt 0.260932 0.860677
vt 0.267564 0.861273
vt 0.263594 0.858015
vt 0.270215 0.857305
vt 0.265686 0.854884
vt 0.272041 0.852896
vt 0.267127 0.851405
vt 0.272972 0.848215
vt 0.267862 0.847712
vt 0.272972 0.843443
vt 0.272041 0.838763
vt 0.265686 0.836775
vt 0.270215 0.834354
vt 0.263594 0.833644
vt 0.267564 0.830386
vt 0.260932 0.830981
vt 0.264189 0.827012
vt 0.257801 0.828889
vt 0.260222 0.824361
vt 0.254322 0.827448
vt 0.255813 0.822534
vt 0.250629 0.826714
vt 0.246360 0.821603
vt 0.246863 0.826714
vt 0.241680 0.822534
vt 0.243170 0.827448
vt 0.237271 0.824361
vt 0.239692 0.828889
vt 0.233303 0.827012
vt 0.236561 0.830981
vt 0.229929 0.830386
vt 0.233898 0.833644
vt 0.227277 0.834354
vt 0.231806 0.836775
vt 0.225451 0.838763
vt 0.230365 0.840254
vt 0.224520 0.843443
vt 0.229631 0.843947
vt 0.229631 0.847712
vt 0.224520 0.848215
vt 0.230365 0.851405
vt 0.225451 0.852896
vt 0.231806 0.854884
vt 0.227277 0.857305
vt 0.233898 0.858015
vt 0.229929 0.861273
vt 0.236561 0.860677
vt 0.233303 0.864647
vt 0.239691 0.862769
vt 0.237271 0.867298
vt 0.243170 0.864210
vt 0.241680 0.869124
vt 0.180594 0.720026
vt 0.155237 0.723195
vt 0.155237 0.720026
vt 0.180594 0.723195
vt 0.155237 0.726365
vt 0.180594 0.726365
vt 0.155237 0.729535
vt 0.180594 0.729535
vt 0.155237 0.732705
vt 0.180594 0.732705
vt 0.155237 0.735874
vt 0.180594 0.735874
vt 0.155237 0.739044
vt 0.180594 0.739044
vt 0.155237 0.742214
vt 0.180594 0.742214
vt 0.155237 0.745383
vt 0.180594 0.745383
vt 0.155237 0.748553
vt 0.180594 0.748553
vt 0.155237 0.751723
vt 0.180594 0.751723
vt 0.155237 0.754892
vt 0.180594 0.754892
vt 0.155237 0.758062
vt 0.180594 0.758062
vt 0.155237 0.761232
vt 0.180594 0.761232
vt 0.155237 0.764401
vt 0.180594 0.764401
vt 0.155237 0.767571
vt 0.180594 0.767571
vt 0.155237 0.770741
vt 0.180594 0.770741
vt 0.155237 0.773911
vt 0.180594 0.773911
vt 0.155237 0.777080
vt 0.180594 0.777080
vt 0.155237 0.780250
vt 0.180594 0.780250
vt 0.155237 0.783420
vt 0.180594 0.783420
vt 0.155237 0.786589
vt 0.180594 0.786589
vt 0.155237 0.789759
vt 0.180594 0.789759
vt 0.155237 0.792929
vt 0.180594 0.792929
vt 0.155237 0.796098
vt 0.180594 0.796098
vt 0.155237 0.799268
vt 0.180594 0.799268
vt 0.155237 0.802438
vt 0.180594 0.802438
vt 0.155237 0.805607
vt 0.180594 0.805607
vt 0.155237 0.808777
vt 0.180594 0.808777
vt 0.155237 0.811947
vt 0.180594 0.811947
vt 0.155237 0.815116
vt 0.122063 0.892546
vt 0.121329 0.888853
vt 0.180594 0.815116
vt 0.155237 0.818286
vt 0.180594 0.818286
vt 0.155237 0.821456
vt 0.101065 0.913545
vt 0.105333 0.918655
vt 0.100561 0.918655
vt 0.104830 0.913545
vt 0.110014 0.917724
vt 0.108523 0.912810
vt 0.114423 0.915898
vt 0.112002 0.911369
vt 0.118391 0.913247
vt 0.115133 0.909277
vt 0.121765 0.909872
vt 0.117796 0.906615
vt 0.124416 0.905904
vt 0.119888 0.903484
vt 0.126242 0.901495
vt 0.121329 0.900005
vt 0.127173 0.896815
vt 0.122063 0.896312
vt 0.127173 0.892043
vt 0.119888 0.885374
vt 0.126242 0.887362
vt 0.117796 0.882243
vt 0.124416 0.882954
vt 0.115133 0.879581
vt 0.121765 0.878986
vt 0.112002 0.877489
vt 0.118391 0.875611
vt 0.108523 0.876048
vt 0.114423 0.872960
vt 0.104830 0.875313
vt 0.110014 0.871134
vt 0.100561 0.870203
vt 0.105334 0.870203
vt 0.101065 0.875313
vt 0.095881 0.871134
vt 0.097372 0.876048
vt 0.091472 0.872960
vt 0.093893 0.877489
vt 0.087504 0.875611
vt 0.090762 0.879581
vt 0.084130 0.878986
vt 0.088099 0.882243
vt 0.081479 0.882954
vt 0.086007 0.885374
vt 0.079652 0.887362
vt 0.084566 0.888853
vt 0.078721 0.892043
vt 0.083832 0.896312
vt 0.083832 0.892546
vt 0.084566 0.900005
vt 0.078721 0.896815
vt 0.086007 0.903484
vt 0.079652 0.901495
vt 0.088099 0.906615
vt 0.081479 0.905904
vt 0.090762 0.909277
vt 0.084130 0.909872
vt 0.093893 0.911369
vt 0.087504 0.913247
vt 0.097372 0.912810
vt 0.091472 0.915898
vt 0.095881 0.917724
vt 0.169928 0.888853
vt 0.170663 0.892546
vt 0.149664 0.913545
vt 0.153933 0.918655
vt 0.153430 0.913545
vt 0.158613 0.917724
vt 0.157123 0.912810
vt 0.163022 0.915898
vt 0.160602 0.911369
vt 0.166990 0.913247
vt 0.163733 0.909277
vt 0.170365 0.909872
vt 0.166395 0.906615
vt 0.173016 0.905904
vt 0.168487 0.903484
vt 0.174842 0.901495
vt 0.169928 0.900005
vt 0.175773 0.896815
vt 0.170663 0.896312
vt 0.175773 0.892043
vt 0.174842 0.887362
vt 0.168487 0.885374
vt 0.173016 0.882954
vt 0.166395 0.882243
vt 0.170365 0.878986
vt 0.163733 0.879581
vt 0.166990 0.875611
vt 0.160602 0.877489
vt 0.163022 0.872960
vt 0.157123 0.876048
vt 0.158614 0.871134
vt 0.153430 0.875313
vt 0.149161 0.870203
vt 0.149664 0.875313
vt 0.144481 0.871134
vt 0.145971 0.876048
vt 0.140072 0.872960
vt 0.142492 0.877489
vt 0.136104 0.875611
vt 0.139362 0.879581
vt 0.132730 0.878986
vt 0.136699 0.882243
vt 0.130078 0.882954
vt 0.134607 0.885374
vt 0.128252 0.887362
vt 0.133166 0.888853
vt 0.127321 0.892043
vt 0.132431 0.892546
vt 0.132431 0.896312
vt 0.127321 0.896815
vt 0.133166 0.900005
vt 0.128252 0.901495
vt 0.134607 0.903484
vt 0.130078 0.905904
vt 0.136699 0.906615
vt 0.132729 0.909872
vt 0.139361 0.909277
vt 0.136104 0.913247
vt 0.142492 0.911369
vt 0.140072 0.915898
vt 0.145971 0.912810
vt 0.144481 0.917724
vt 0.206099 0.720026
vt 0.180742 0.723195
vt 0.180742 0.720026
vt 0.206099 0.723195
vt 0.180742 0.726365
vt 0.206099 0.726365
vt 0.180742 0.729535
vt 0.206099 0.729535
vt 0.180742 0.732705
vt 0.206099 0.732705
vt 0.180742 0.735874
vt 0.206099 0.735874
vt 0.180742 0.739044
vt 0.206099 0.739044
vt 0.180742 0.742214
vt 0.206099 0.742214
vt 0.180742 0.745383
vt 0.206099 0.745383
vt 0.180742 0.748553
vt 0.206099 0.748553
vt 0.180742 0.751723
vt 0.206099 0.751723
vt 0.180742 0.754892
vt 0.206099 0.754892
vt 0.180742 0.758062
vt 0.206099 0.758062
vt 0.180742 0.761232
vt 0.206099 0.761232
vt 0.180742 0.764401
vt 0.206099 0.764401
vt 0.180742 0.767571
vt 0.206099 0.767571
vt 0.180742 0.770741
vt 0.206099 0.770741
vt 0.180742 0.773911
vt 0.206099 0.773911
vt 0.180742 0.777080
vt 0.206099 0.777080
vt 0.180742 0.780250
vt 0.206099 0.780250
vt 0.180742 0.783420
vt 0.206099 0.783420
vt 0.180742 0.786589
vt 0.206099 0.786589
vt 0.180742 0.789759
vt 0.206099 0.789759
vt 0.180742 0.792929
vt 0.206099 0.792929
vt 0.180742 0.796098
vt 0.206099 0.796098
vt 0.180742 0.799268
vt 0.206099 0.799268
vt 0.180742 0.802438
vt 0.206099 0.802438
vt 0.180742 0.805607
vt 0.206099 0.805607
vt 0.180742 0.808777
vt 0.206099 0.808777
vt 0.180742 0.811947
vt 0.206099 0.811947
vt 0.180742 0.815116
vt 0.219262 0.892546
vt 0.218528 0.888853
vt 0.206099 0.815116
vt 0.180742 0.818286
vt 0.206099 0.818286
vt 0.180742 0.821456
vt 0.198264 0.913545
vt 0.202533 0.918655
vt 0.197761 0.918655
vt 0.202029 0.913545
vt 0.207213 0.917724
vt 0.205722 0.912810
vt 0.211622 0.915898
vt 0.209201 0.911369
vt 0.215590 0.913247
vt 0.212332 0.909277
vt 0.218964 0.909872
vt 0.214995 0.906615
vt 0.221615 0.905904
vt 0.217087 0.903484
vt 0.223442 0.901495
vt 0.218528 0.900005
vt 0.224373 0.896815
vt 0.219262 0.896312
vt 0.224373 0.892043
vt 0.217087 0.885374
vt 0.223442 0.887362
vt 0.214995 0.882243
vt 0.221615 0.882954
vt 0.212332 0.879581
vt 0.218964 0.878986
vt 0.209201 0.877489
vt 0.215590 0.875611
vt 0.205722 0.876048
vt 0.211622 0.872960
vt 0.202029 0.875313
vt 0.207213 0.871134
vt 0.197761 0.870203
vt 0.202533 0.870203
vt 0.198264 0.875313
vt 0.193080 0.871134
vt 0.194571 0.876048
vt 0.188671 0.872960
vt 0.191092 0.877489
vt 0.184703 0.875611
vt 0.187961 0.879581
vt 0.181329 0.878986
vt 0.185298 0.882243
vt 0.178678 0.882954
vt 0.183206 0.885374
vt 0.176852 0.887362
vt 0.181765 0.888853
vt 0.175921 0.892043
vt 0.181031 0.896312
vt 0.181031 0.892546
vt 0.181765 0.900005
vt 0.175921 0.896815
vt 0.183206 0.903484
vt 0.176852 0.901495
vt 0.185298 0.906615
vt 0.178678 0.905904
vt 0.187961 0.909277
vt 0.181329 0.909872
vt 0.191092 0.911369
vt 0.184703 0.913247
vt 0.194571 0.912810
vt 0.188671 0.915898
vt 0.193080 0.917724
vt 0.267127 0.888853
vt 0.267862 0.892546
vt 0.246863 0.913545
vt 0.251132 0.918655
vt 0.250629 0.913545
vt 0.255813 0.917724
vt 0.254322 0.912810
vt 0.260221 0.915898
vt 0.257801 0.911369
vt 0.264189 0.913247
vt 0.260932 0.909277
vt 0.267564 0.909872
vt 0.263594 0.906615
vt 0.270215 0.905904
vt 0.265686 0.903484
vt 0.272041 0.901495
vt 0.267127 0.900005
vt 0.272972 0.896815
vt 0.267862 0.896312
vt 0.272972 0.892043
vt 0.272041 0.887362
vt 0.265686 0.885374
vt 0.270215 0.882954
vt 0.263594 0.882243
vt 0.267564 0.878986
vt 0.260932 0.879581
vt 0.264189 0.875611
vt 0.257801 0.877489
vt 0.260221 0.872960
vt 0.254322 0.876048
vt 0.255813 0.871134
vt 0.250629 0.875313
vt 0.246360 0.870203
vt 0.246863 0.875313
vt 0.241680 0.871134
vt 0.243170 0.876048
vt 0.237271 0.872960
vt 0.239691 0.877489
vt 0.233303 0.875611
vt 0.236561 0.879581
vt 0.229929 0.878986
vt 0.233898 0.882243
vt 0.227277 0.882954
vt 0.231806 0.885374
vt 0.225451 0.887362
vt 0.230365 0.888853
vt 0.224520 0.892043
vt 0.229631 0.892546
vt 0.229631 0.896312
vt 0.224520 0.896815
vt 0.230365 0.900005
vt 0.225451 0.901495
vt 0.231806 0.903484
vt 0.227277 0.905904
vt 0.233898 0.906615
vt 0.229929 0.909872
vt 0.236561 0.909277
vt 0.233303 0.913247
vt 0.239691 0.911369
vt 0.237271 0.915898
vt 0.243170 0.912810
vt 0.241680 0.917724
vt 0.818755 0.883897
vt 0.739369 0.776178
vt 0.679621 0.670834
vt 0.638423 0.671652
vt 0.638363 0.668603
vt 0.668458 0.777301
vt 0.640534 0.777856
vt 0.666839 0.774283
vt 0.640473 0.774807
vt 0.681996 0.667736
vt 0.723645 0.773155
vt 0.750011 0.772631
vt 0.750072 0.775680
vt 0.704268 0.667294
vt 0.747901 0.666427
vt 0.706764 0.670294
vt 0.747962 0.669476
vt 0.722147 0.776235
vt 0.848902 0.773716
vt 0.897915 0.773028
vt 0.913258 0.943784
vt 0.839836 0.883478
vt 0.666839 0.774283
vt 0.906981 0.663266
vt 0.920622 0.748383
vt 0.836812 0.883823
vt 0.721799 0.925007
vt 0.870074 0.763558
vt 0.801408 0.905331
vt 0.678818 0.886962
vt 0.774456 0.920037
vt 0.860918 0.883059
vt 0.767579 0.775617
vt 0.789444 0.668652
vt 0.748247 0.669470
vt 0.748186 0.666421
vt 0.778281 0.775120
vt 0.750357 0.775674
vt 0.776662 0.772101
vt 0.750296 0.772625
vt 0.791819 0.665554
vt 0.800544 0.704645
vt 0.670910 0.883784
vt 0.697276 0.883260
vt 0.697336 0.886309
vt 0.651533 0.777923
vt 0.695166 0.777056
vt 0.654029 0.780924
vt 0.695226 0.780105
vt 0.669412 0.886864
vt 0.741254 0.885437
vt 0.899617 0.858667
vt 0.925204 0.943546
vt 0.869983 0.773298
vt 0.776662 0.772102
vt 0.937084 0.772250
vt 0.932568 0.748146
vt 0.791527 0.884723
vt 0.756197 0.924324
vt 0.882020 0.763320
vt 0.837510 0.904614
vt 0.692982 0.886681
vt 0.786401 0.919800
vt 0.104079 0.821456
vt 0.149161 0.870055
vt 0.153933 0.821603
vt 0.129584 0.821456
vt 0.228087 0.768478
vt 0.232859 0.720026
vt 0.155089 0.821456
vt 0.246360 0.870055
vt 0.251132 0.821603
vt 0.180594 0.821456
vt 0.149161 0.918655
vt 0.153933 0.870203
vt 0.206099 0.821456
vt 0.246360 0.918655
vt 0.251132 0.870203
s 0
usemtl マテリアル.001
f 6/1/1 9/2/1 10/3/1
f 3/4/2 7/5/2 8/6/2
f 9/7/3 5/8/3 21/9/3
f 31/10/4 32/11/4 6/12/4
f 2/13/5 12/14/5 11/15/5
f 8/16/6 5/17/6 6/18/6
f 9/19/7 12/20/7 10/21/7
f 17/22/8 14/23/8 18/24/8
f 15/5/2 3/4/2 16/6/2
f 33/9/3 36/25/3 13/8/3
f 18/26/4 14/12/4 38/10/4
f 20/14/5 2/13/5 19/15/5
f 13/27/9 16/28/9 14/29/9
f 20/30/10 17/31/10 18/32/10
f 21/33/8 32/34/8 31/35/8
f 24/36/5 30/37/5 22/38/5
f 25/39/2 27/40/2 29/41/2
f 26/42/11 30/43/11 32/44/11
f 23/45/12 31/46/12 27/47/12
f 33/48/1 40/49/1 36/50/1
f 24/36/5 39/37/5 28/51/5
f 34/52/2 29/41/2 37/40/2
f 36/53/13 39/54/13 35/55/13
f 34/56/14 38/57/14 33/58/14
f 46/59/1 49/60/1 50/61/1
f 43/62/2 47/63/2 48/64/2
f 49/65/3 45/66/3 61/67/3
f 71/68/4 72/69/4 46/70/4
f 42/71/5 52/72/5 51/73/5
f 48/74/6 45/75/6 46/76/6
f 49/77/7 52/78/7 50/79/7
f 57/80/8 54/81/8 58/82/8
f 55/63/2 43/62/2 56/64/2
f 73/67/3 76/83/3 53/66/3
f 58/84/4 54/70/4 78/68/4
f 60/72/5 42/71/5 59/73/5
f 53/85/9 56/86/9 54/87/9
f 60/88/10 57/89/10 58/90/10
f 61/91/8 72/92/8 71/93/8
f 64/94/5 70/95/5 62/96/5
f 65/97/2 67/98/2 69/99/2
f 66/100/11 70/101/11 72/102/11
f 63/103/12 71/104/12 67/105/12
f 73/106/1 80/107/1 76/108/1
f 64/94/5 79/95/5 68/109/5
f 74/110/2 69/99/2 77/98/2
f 76/111/13 79/112/13 75/113/13
f 74/114/14 78/115/14 73/116/14
f 114/117/15 178/118/15 177/119/15
f 113/120/16 179/121/16 178/118/16
f 115/122/17 180/123/17 179/121/17
f 116/124/18 181/125/18 180/123/18
f 117/126/19 182/127/19 181/125/19
f 118/128/20 183/129/20 182/127/20
f 119/130/21 184/131/21 183/129/21
f 120/132/22 185/133/22 184/131/22
f 121/134/23 186/135/23 185/133/23
f 122/136/24 187/137/24 186/135/24
f 123/138/25 188/139/25 187/137/25
f 124/140/26 189/141/26 188/139/26
f 125/142/27 190/143/27 189/141/27
f 126/144/28 191/145/28 190/143/28
f 127/146/29 192/147/29 191/145/29
f 128/148/30 193/149/30 192/147/30
f 129/150/31 194/151/31 193/149/31
f 130/152/32 195/153/32 194/151/32
f 131/154/33 196/155/33 195/153/33
f 132/156/34 197/157/34 196/155/34
f 133/158/35 198/159/35 197/157/35
f 134/160/36 199/161/36 198/159/36
f 135/162/37 200/163/37 199/161/37
f 136/164/38 201/165/38 200/163/38
f 137/166/39 202/167/39 201/165/39
f 138/168/40 203/169/40 202/167/40
f 139/170/41 204/171/41 203/169/41
f 140/172/42 205/173/42 204/171/42
f 141/174/43 206/175/43 205/173/43
f 142/176/44 207/177/44 206/175/44
f 90/178/40 155/179/40 91/179/40
f 143/180/45 208/181/45 207/177/45
f 144/182/46 177/183/46 208/181/46
f 81/184/3 113/185/3 114/186/3
f 82/187/3 115/188/3 113/185/3
f 83/189/3 116/190/3 115/188/3
f 84/191/3 117/192/3 116/190/3
f 85/193/3 118/194/3 117/192/3
f 86/195/3 119/196/3 118/194/3
f 87/197/3 120/198/3 119/196/3
f 88/199/3 121/200/3 120/198/3
f 90/178/3 121/200/3 89/201/3
f 91/179/3 122/202/3 90/178/3
f 92/203/3 123/204/3 91/179/3
f 93/205/3 124/206/3 92/203/3
f 94/207/3 125/208/3 93/205/3
f 95/209/3 126/210/3 94/207/3
f 96/211/3 127/212/3 95/209/3
f 97/213/3 128/214/3 96/211/3
f 97/213/3 130/215/3 129/216/3
f 98/217/3 131/218/3 130/215/3
f 99/219/3 132/220/3 131/218/3
f 100/221/3 133/222/3 132/220/3
f 101/223/3 134/224/3 133/222/3
f 102/225/3 135/226/3 134/224/3
f 103/227/3 136/228/3 135/226/3
f 104/229/3 137/230/3 136/228/3
f 106/231/3 137/230/3 105/232/3
f 107/233/3 138/234/3 106/231/3
f 108/235/3 139/236/3 107/233/3
f 109/237/3 140/238/3 108/235/3
f 110/239/3 141/240/3 109/237/3
f 111/241/3 142/242/3 110/239/3
f 112/243/3 143/244/3 111/241/3
f 81/184/3 144/245/3 112/243/3
f 149/193/3 148/191/3 173/237/3
f 104/229/22 169/232/22 105/232/22
f 91/179/41 156/203/41 92/203/41
f 105/232/23 170/231/23 106/231/23
f 92/203/42 157/205/42 93/205/42
f 106/231/24 171/233/24 107/233/24
f 93/205/43 158/207/43 94/207/43
f 107/233/25 172/235/25 108/235/25
f 94/207/44 159/209/44 95/209/44
f 81/184/31 145/187/31 82/187/31
f 108/235/26 173/237/26 109/237/26
f 95/209/45 160/211/45 96/211/45
f 82/187/32 147/189/32 83/189/32
f 109/237/27 174/239/27 110/239/27
f 96/211/46 161/213/46 97/213/46
f 83/189/33 148/191/33 84/191/33
f 110/239/28 175/241/28 111/241/28
f 97/213/15 162/217/15 98/217/15
f 84/191/34 149/193/34 85/193/34
f 111/241/29 176/243/29 112/243/29
f 98/217/16 163/219/16 99/219/16
f 85/193/35 150/195/35 86/195/35
f 112/243/30 146/184/30 81/184/30
f 99/219/17 164/221/17 100/221/17
f 86/195/36 151/197/36 87/197/36
f 100/221/18 165/223/18 101/223/18
f 87/197/37 152/199/37 88/199/37
f 101/223/19 166/225/19 102/225/19
f 88/199/38 153/201/38 89/201/38
f 102/225/20 167/227/20 103/227/20
f 89/201/39 154/178/39 90/178/39
f 103/227/21 168/229/21 104/229/21
f 178/118/15 242/117/15 177/119/15
f 179/121/16 241/120/16 178/118/16
f 180/123/17 243/122/17 179/121/17
f 181/125/18 244/124/18 180/123/18
f 182/127/19 245/126/19 181/125/19
f 183/129/20 246/128/20 182/127/20
f 184/131/21 247/130/21 183/129/21
f 185/133/22 248/132/22 184/131/22
f 186/135/23 249/134/23 185/133/23
f 187/137/24 250/136/24 186/135/24
f 188/139/25 251/138/25 187/137/25
f 189/141/26 252/140/26 188/139/26
f 190/143/27 253/142/27 189/141/27
f 191/145/28 254/144/28 190/143/28
f 192/147/29 255/146/29 191/145/29
f 193/149/30 256/148/30 192/147/30
f 194/151/31 257/150/31 193/149/31
f 195/153/32 258/152/32 194/151/32
f 196/155/33 259/154/33 195/153/33
f 197/157/34 260/156/34 196/155/34
f 198/159/35 261/158/35 197/157/35
f 199/161/36 262/160/36 198/159/36
f 200/163/37 263/162/37 199/161/37
f 201/165/38 264/164/38 200/163/38
f 202/167/39 265/166/39 201/165/39
f 203/169/40 266/168/40 202/167/40
f 204/171/41 267/170/41 203/169/41
f 205/173/42 268/172/42 204/171/42
f 206/175/43 269/174/43 205/173/43
f 207/177/44 270/176/44 206/175/44
f 283/246/40 218/247/40 219/246/40
f 208/181/45 271/180/45 207/177/45
f 177/183/46 272/182/46 208/181/46
f 209/248/4 241/249/4 210/250/4
f 210/250/4 243/251/4 211/252/4
f 211/252/4 244/253/4 212/254/4
f 212/254/4 245/255/4 213/256/4
f 213/256/4 246/257/4 214/258/4
f 214/258/4 247/259/4 215/260/4
f 215/260/4 248/261/4 216/262/4
f 216/262/4 249/263/4 217/264/4
f 249/263/4 218/247/4 217/264/4
f 250/265/4 219/246/4 218/247/4
f 251/266/4 220/267/4 219/246/4
f 252/268/4 221/269/4 220/267/4
f 253/270/4 222/271/4 221/269/4
f 254/272/4 223/273/4 222/271/4
f 255/274/4 224/275/4 223/273/4
f 256/276/4 225/277/4 224/275/4
f 225/277/4 258/278/4 226/279/4
f 226/279/4 259/280/4 227/281/4
f 227/281/4 260/282/4 228/283/4
f 228/283/4 261/284/4 229/285/4
f 229/285/4 262/286/4 230/287/4
f 230/287/4 263/288/4 231/289/4
f 231/289/4 264/290/4 232/291/4
f 232/291/4 265/292/4 233/293/4
f 265/292/4 234/294/4 233/293/4
f 266/295/4 235/296/4 234/294/4
f 267/297/4 236/298/4 235/296/4
f 268/299/4 237/300/4 236/298/4
f 269/301/4 238/302/4 237/300/4
f 270/303/4 239/304/4 238/302/4
f 271/305/4 240/306/4 239/304/4
f 272/307/4 209/248/4 240/306/4
f 303/304/4 304/306/4 275/252/4
f 297/293/22 232/291/22 233/293/22
f 284/267/41 219/246/41 220/267/41
f 298/294/23 233/293/23 234/294/23
f 285/269/42 220/267/42 221/269/42
f 299/296/24 234/294/24 235/296/24
f 286/271/43 221/269/43 222/271/43
f 300/298/25 235/296/25 236/298/25
f 287/273/44 222/271/44 223/273/44
f 273/250/31 209/248/31 210/250/31
f 301/300/26 236/298/26 237/300/26
f 288/275/45 223/273/45 224/275/45
f 275/252/32 210/250/32 211/252/32
f 302/302/27 237/300/27 238/302/27
f 289/277/46 224/275/46 225/277/46
f 276/254/33 211/252/33 212/254/33
f 303/304/28 238/302/28 239/304/28
f 290/279/15 225/277/15 226/279/15
f 277/256/34 212/254/34 213/256/34
f 304/306/29 239/304/29 240/306/29
f 291/281/16 226/279/16 227/281/16
f 278/258/35 213/256/35 214/258/35
f 274/248/30 240/306/30 209/248/30
f 292/283/17 227/281/17 228/283/17
f 279/260/36 214/258/36 215/260/36
f 293/285/18 228/283/18 229/285/18
f 280/262/37 215/260/37 216/262/37
f 294/287/19 229/285/19 230/287/19
f 281/264/38 216/262/38 217/264/38
f 295/289/20 230/287/20 231/289/20
f 282/247/39 217/264/39 218/247/39
f 296/291/21 231/289/21 232/291/21
f 338/308/15 402/309/15 401/310/15
f 337/311/16 403/312/16 402/309/16
f 339/313/17 404/314/17 403/312/17
f 340/315/18 405/316/18 404/314/18
f 341/317/19 406/318/19 405/316/19
f 342/319/20 407/320/20 406/318/20
f 343/321/21 408/322/21 407/320/21
f 344/323/22 409/324/22 408/322/22
f 345/325/23 410/326/23 409/324/23
f 346/327/24 411/328/24 410/326/24
f 347/329/25 412/330/25 411/328/25
f 348/331/26 413/332/26 412/330/26
f 349/333/27 414/334/27 413/332/27
f 350/335/28 415/336/28 414/334/28
f 351/337/29 416/338/29 415/336/29
f 352/339/30 417/340/30 416/338/30
f 353/341/31 418/342/31 417/340/31
f 354/343/32 419/344/32 418/342/32
f 355/345/33 420/346/33 419/344/33
f 356/347/34 421/348/34 420/346/34
f 357/349/35 422/350/35 421/348/35
f 358/351/36 423/352/36 422/350/36
f 359/353/37 424/354/37 423/352/37
f 360/355/38 425/356/38 424/354/38
f 361/357/39 426/358/39 425/356/39
f 362/359/40 427/360/40 426/358/40
f 363/361/41 428/362/41 427/360/41
f 364/363/42 429/364/42 428/362/42
f 365/365/43 430/366/43 429/364/43
f 366/367/44 431/368/44 430/366/44
f 314/369/40 379/370/40 315/370/40
f 367/371/45 432/372/45 431/368/45
f 368/373/46 401/374/46 432/372/46
f 305/375/3 337/376/3 338/377/3
f 306/378/3 339/379/3 337/376/3
f 307/380/3 340/381/3 339/379/3
f 308/382/3 341/383/3 340/381/3
f 309/384/3 342/385/3 341/383/3
f 310/386/3 343/387/3 342/385/3
f 311/388/3 344/389/3 343/387/3
f 312/390/3 345/391/3 344/389/3
f 314/369/3 345/391/3 313/392/3
f 315/370/3 346/393/3 314/369/3
f 316/394/3 347/395/3 315/370/3
f 317/396/3 348/397/3 316/394/3
f 318/398/3 349/399/3 317/396/3
f 319/400/3 350/401/3 318/398/3
f 320/402/3 351/403/3 319/400/3
f 321/404/3 352/405/3 320/402/3
f 321/404/3 354/406/3 353/407/3
f 322/408/3 355/409/3 354/406/3
f 323/410/3 356/411/3 355/409/3
f 324/412/3 357/413/3 356/411/3
f 325/414/3 358/415/3 357/413/3
f 326/416/3 359/417/3 358/415/3
f 327/418/3 360/419/3 359/417/3
f 328/420/3 361/421/3 360/419/3
f 330/422/3 361/421/3 329/423/3
f 331/424/3 362/425/3 330/422/3
f 332/426/3 363/427/3 331/424/3
f 333/428/3 364/429/3 332/426/3
f 334/430/3 365/431/3 333/428/3
f 335/432/3 366/433/3 334/430/3
f 336/434/3 367/435/3 335/432/3
f 305/375/3 368/436/3 336/434/3
f 373/384/3 372/382/3 397/428/3
f 328/420/22 393/423/22 329/423/22
f 315/370/41 380/394/41 316/394/41
f 329/423/23 394/422/23 330/422/23
f 316/394/42 381/396/42 317/396/42
f 330/422/24 395/424/24 331/424/24
f 317/396/43 382/398/43 318/398/43
f 331/424/25 396/426/25 332/426/25
f 318/398/44 383/400/44 319/400/44
f 305/375/31 369/378/31 306/378/31
f 332/426/26 397/428/26 333/428/26
f 319/400/45 384/402/45 320/402/45
f 306/378/32 371/380/32 307/380/32
f 333/428/27 398/430/27 334/430/27
f 320/402/46 385/404/46 321/404/46
f 307/380/33 372/382/33 308/382/33
f 334/430/28 399/432/28 335/432/28
f 321/404/15 386/408/15 322/408/15
f 308/382/34 373/384/34 309/384/34
f 335/432/29 400/434/29 336/434/29
f 322/408/16 387/410/16 323/410/16
f 309/384/35 374/386/35 310/386/35
f 336/434/30 370/375/30 305/375/30
f 323/410/17 388/412/17 324/412/17
f 310/386/36 375/388/36 311/388/36
f 324/412/18 389/414/18 325/414/18
f 311/388/37 376/390/37 312/390/37
f 325/414/19 390/416/19 326/416/19
f 312/390/38 377/392/38 313/392/38
f 326/416/20 391/418/20 327/418/20
f 313/392/39 378/369/39 314/369/39
f 327/418/21 392/420/21 328/420/21
f 402/309/15 466/308/15 401/310/15
f 403/312/16 465/311/16 402/309/16
f 404/314/17 467/313/17 403/312/17
f 405/316/18 468/315/18 404/314/18
f 406/318/19 469/317/19 405/316/19
f 407/320/20 470/319/20 406/318/20
f 408/322/21 471/321/21 407/320/21
f 409/324/22 472/323/22 408/322/22
f 410/326/23 473/325/23 409/324/23
f 411/328/24 474/327/24 410/326/24
f 412/330/25 475/329/25 411/328/25
f 413/332/26 476/331/26 412/330/26
f 414/334/27 477/333/27 413/332/27
f 415/336/28 478/335/28 414/334/28
f 416/338/29 479/337/29 415/336/29
f 417/340/30 480/339/30 416/338/30
f 418/342/31 481/341/31 417/340/31
f 419/344/32 482/343/32 418/342/32
f 420/346/33 483/345/33 419/344/33
f 421/348/34 484/347/34 420/346/34
f 422/350/35 485/349/35 421/348/35
f 423/352/36 486/351/36 422/350/36
f 424/354/37 487/353/37 423/352/37
f 425/356/38 488/355/38 424/354/38
f 426/358/39 489/357/39 425/356/39
f 427/360/40 490/359/40 426/358/40
f 428/362/41 491/361/41 427/360/41
f 429/364/42 492/363/42 428/362/42
f 430/366/43 493/365/43 429/364/43
f 431/368/44 494/367/44 430/366/44
f 507/437/40 442/438/40 443/437/40
f 432/372/45 495/371/45 431/368/45
f 401/374/46 496/373/46 432/372/46
f 433/439/4 465/440/4 434/441/4
f 434/441/4 467/442/4 435/443/4
f 435/443/4 468/444/4 436/445/4
f 436/445/4 469/446/4 437/447/4
f 437/447/4 470/448/4 438/449/4
f 438/449/4 471/450/4 439/451/4
f 439/451/4 472/452/4 440/453/4
f 440/453/4 473/454/4 441/455/4
f 473/454/4 442/438/4 441/455/4
f 474/456/4 443/437/4 442/438/4
f 475/457/4 444/458/4 443/437/4
f 476/459/4 445/460/4 444/458/4
f 477/461/4 446/462/4 445/460/4
f 478/463/4 447/464/4 446/462/4
f 479/465/4 448/466/4 447/464/4
f 480/467/4 449/468/4 448/466/4
f 449/468/4 482/469/4 450/470/4
f 450/470/4 483/471/4 451/472/4
f 451/472/4 484/473/4 452/474/4
f 452/474/4 485/475/4 453/476/4
f 453/476/4 486/477/4 454/478/4
f 454/478/4 487/479/4 455/480/4
f 455/480/4 488/481/4 456/482/4
f 456/482/4 489/483/4 457/484/4
f 489/483/4 458/485/4 457/484/4
f 490/486/4 459/487/4 458/485/4
f 491/488/4 460/489/4 459/487/4
f 492/490/4 461/491/4 460/489/4
f 493/492/4 462/493/4 461/491/4
f 494/494/4 463/495/4 462/493/4
f 495/496/4 464/497/4 463/495/4
f 496/498/4 433/439/4 464/497/4
f 527/495/4 528/497/4 497/441/4
f 521/484/22 456/482/22 457/484/22
f 508/458/41 443/437/41 444/458/41
f 522/485/23 457/484/23 458/485/23
f 509/460/42 444/458/42 445/460/42
f 523/487/24 458/485/24 459/487/24
f 510/462/43 445/460/43 446/462/43
f 524/489/25 459/487/25 460/489/25
f 511/464/44 446/462/44 447/464/44
f 497/441/31 433/439/31 434/441/31
f 525/491/26 460/489/26 461/491/26
f 512/466/45 447/464/45 448/466/45
f 499/443/32 434/441/32 435/443/32
f 526/493/27 461/491/27 462/493/27
f 513/468/46 448/466/46 449/468/46
f 500/445/33 435/443/33 436/445/33
f 527/495/28 462/493/28 463/495/28
f 514/470/15 449/468/15 450/470/15
f 501/447/34 436/445/34 437/447/34
f 528/497/29 463/495/29 464/497/29
f 515/472/16 450/470/16 451/472/16
f 502/449/35 437/447/35 438/449/35
f 498/439/30 464/497/30 433/439/30
f 516/474/17 451/472/17 452/474/17
f 503/451/36 438/449/36 439/451/36
f 517/476/18 452/474/18 453/476/18
f 504/453/37 439/451/37 440/453/37
f 518/478/19 453/476/19 454/478/19
f 505/455/38 440/453/38 441/455/38
f 519/480/20 454/478/20 455/480/20
f 506/438/39 441/455/39 442/438/39
f 520/482/21 455/480/21 456/482/21
f 562/499/15 626/500/15 625/501/15
f 561/502/16 627/503/16 626/500/16
f 563/504/17 628/505/17 627/503/17
f 564/506/18 629/507/18 628/505/18
f 565/508/19 630/509/19 629/507/19
f 566/510/20 631/511/20 630/509/20
f 567/512/21 632/513/21 631/511/21
f 568/514/22 633/515/22 632/513/22
f 569/516/23 634/517/23 633/515/23
f 570/518/24 635/519/24 634/517/24
f 571/520/25 636/521/25 635/519/25
f 572/522/26 637/523/26 636/521/26
f 573/524/27 638/525/27 637/523/27
f 574/526/28 639/527/28 638/525/28
f 575/528/29 640/529/29 639/527/29
f 576/530/30 641/531/30 640/529/30
f 577/532/31 642/533/31 641/531/31
f 578/534/32 643/535/32 642/533/32
f 579/536/33 644/537/33 643/535/33
f 580/538/34 645/539/34 644/537/34
f 581/540/35 646/541/35 645/539/35
f 582/542/36 647/543/36 646/541/36
f 583/544/37 648/545/37 647/543/37
f 584/546/38 649/547/38 648/545/38
f 585/548/39 650/549/39 649/547/39
f 586/550/40 651/551/40 650/549/40
f 587/552/41 652/553/41 651/551/41
f 588/554/42 653/555/42 652/553/42
f 589/556/43 654/557/43 653/555/43
f 590/558/44 655/559/44 654/557/44
f 538/560/40 603/561/40 539/561/40
f 591/562/45 656/563/45 655/559/45
f 592/564/46 625/565/46 656/563/46
f 529/566/3 561/567/3 562/568/3
f 530/569/3 563/570/3 561/567/3
f 531/571/3 564/572/3 563/570/3
f 532/573/3 565/574/3 564/572/3
f 533/575/3 566/576/3 565/574/3
f 534/577/3 567/578/3 566/576/3
f 535/579/3 568/580/3 567/578/3
f 536/581/3 569/582/3 568/580/3
f 538/560/3 569/582/3 537/583/3
f 539/561/3 570/584/3 538/560/3
f 540/585/3 571/586/3 539/561/3
f 541/587/3 572/588/3 540/585/3
f 542/589/3 573/590/3 541/587/3
f 543/591/3 574/592/3 542/589/3
f 544/593/3 575/594/3 543/591/3
f 545/595/3 576/596/3 544/593/3
f 545/595/3 578/597/3 577/598/3
f 546/599/3 579/600/3 578/597/3
f 547/601/3 580/602/3 579/600/3
f 548/603/3 581/604/3 580/602/3
f 549/605/3 582/606/3 581/604/3
f 550/607/3 583/608/3 582/606/3
f 551/609/3 584/610/3 583/608/3
f 552/611/3 585/612/3 584/610/3
f 554/613/3 585/612/3 553/614/3
f 555/615/3 586/616/3 554/613/3
f 556/617/3 587/618/3 555/615/3
f 557/619/3 588/620/3 556/617/3
f 558/621/3 589/622/3 557/619/3
f 559/623/3 590/624/3 558/621/3
f 560/625/3 591/626/3 559/623/3
f 529/566/3 592/627/3 560/625/3
f 597/575/3 596/573/3 621/619/3
f 552/611/22 617/614/22 553/614/22
f 539/561/41 604/585/41 540/585/41
f 553/614/23 618/613/23 554/613/23
f 540/585/42 605/587/42 541/587/42
f 554/613/24 619/615/24 555/615/24
f 541/587/43 606/589/43 542/589/43
f 555/615/25 620/617/25 556/617/25
f 542/589/44 607/591/44 543/591/44
f 529/566/31 593/569/31 530/569/31
f 556/617/26 621/619/26 557/619/26
f 543/591/45 608/593/45 544/593/45
f 530/569/32 595/571/32 531/571/32
f 557/619/27 622/621/27 558/621/27
f 544/593/46 609/595/46 545/595/46
f 531/571/33 596/573/33 532/573/33
f 558/621/28 623/623/28 559/623/28
f 545/595/15 610/599/15 546/599/15
f 532/573/34 597/575/34 533/575/34
f 559/623/29 624/625/29 560/625/29
f 546/599/16 611/601/16 547/601/16
f 533/575/35 598/577/35 534/577/35
f 560/625/30 594/566/30 529/566/30
f 547/601/17 612/603/17 548/603/17
f 534/577/36 599/579/36 535/579/36
f 548/603/18 613/605/18 549/605/18
f 535/579/37 600/581/37 536/581/37
f 549/605/19 614/607/19 550/607/19
f 536/581/38 601/583/38 537/583/38
f 550/607/20 615/609/20 551/609/20
f 537/583/39 602/560/39 538/560/39
f 551/609/21 616/611/21 552/611/21
f 626/500/15 690/499/15 625/501/15
f 627/503/16 689/502/16 626/500/16
f 628/505/17 691/504/17 627/503/17
f 629/507/18 692/506/18 628/505/18
f 630/509/19 693/508/19 629/507/19
f 631/511/20 694/510/20 630/509/20
f 632/513/21 695/512/21 631/511/21
f 633/515/22 696/514/22 632/513/22
f 634/517/23 697/516/23 633/515/23
f 635/519/24 698/518/24 634/517/24
f 636/521/25 699/520/25 635/519/25
f 637/523/26 700/522/26 636/521/26
f 638/525/27 701/524/27 637/523/27
f 639/527/28 702/526/28 638/525/28
f 640/529/29 703/528/29 639/527/29
f 641/531/30 704/530/30 640/529/30
f 642/533/31 705/532/31 641/531/31
f 643/535/32 706/534/32 642/533/32
f 644/537/33 707/536/33 643/535/33
f 645/539/34 708/538/34 644/537/34
f 646/541/35 709/540/35 645/539/35
f 647/543/36 710/542/36 646/541/36
f 648/545/37 711/544/37 647/543/37
f 649/547/38 712/546/38 648/545/38
f 650/549/39 713/548/39 649/547/39
f 651/551/40 714/550/40 650/549/40
f 652/553/41 715/552/41 651/551/41
f 653/555/42 716/554/42 652/553/42
f 654/557/43 717/556/43 653/555/43
f 655/559/44 718/558/44 654/557/44
f 731/628/40 666/629/40 667/628/40
f 656/563/45 719/562/45 655/559/45
f 625/565/46 720/564/46 656/563/46
f 657/630/4 689/631/4 658/632/4
f 658/632/4 691/633/4 659/634/4
f 659/634/4 692/635/4 660/636/4
f 660/636/4 693/637/4 661/638/4
f 661/638/4 694/639/4 662/640/4
f 662/640/4 695/641/4 663/642/4
f 663/642/4 696/643/4 664/644/4
f 664/644/4 697/645/4 665/646/4
f 697/645/4 666/629/4 665/646/4
f 698/647/4 667/628/4 666/629/4
f 699/648/4 668/649/4 667/628/4
f 700/650/4 669/651/4 668/649/4
f 701/652/4 670/653/4 669/651/4
f 702/654/4 671/655/4 670/653/4
f 703/656/4 672/657/4 671/655/4
f 704/658/4 673/659/4 672/657/4
f 673/659/4 706/660/4 674/661/4
f 674/661/4 707/662/4 675/663/4
f 675/663/4 708/664/4 676/665/4
f 676/665/4 709/666/4 677/667/4
f 677/667/4 710/668/4 678/669/4
f 678/669/4 711/670/4 679/671/4
f 679/671/4 712/672/4 680/673/4
f 680/673/4 713/674/4 681/675/4
f 713/674/4 682/676/4 681/675/4
f 714/677/4 683/678/4 682/676/4
f 715/679/4 684/680/4 683/678/4
f 716/681/4 685/682/4 684/680/4
f 717/683/4 686/684/4 685/682/4
f 718/685/4 687/686/4 686/684/4
f 719/687/4 688/688/4 687/686/4
f 720/689/4 657/630/4 688/688/4
f 751/686/4 752/688/4 721/632/4
f 745/675/22 680/673/22 681/675/22
f 732/649/41 667/628/41 668/649/41
f 746/676/23 681/675/23 682/676/23
f 733/651/42 668/649/42 669/651/42
f 747/678/24 682/676/24 683/678/24
f 734/653/43 669/651/43 670/653/43
f 748/680/25 683/678/25 684/680/25
f 735/655/44 670/653/44 671/655/44
f 721/632/31 657/630/31 658/632/31
f 749/682/26 684/680/26 685/682/26
f 736/657/45 671/655/45 672/657/45
f 723/634/32 658/632/32 659/634/32
f 750/684/27 685/682/27 686/684/27
f 737/659/46 672/657/46 673/659/46
f 724/636/33 659/634/33 660/636/33
f 751/686/28 686/684/28 687/686/28
f 738/661/15 673/659/15 674/661/15
f 725/638/34 660/636/34 661/638/34
f 752/688/29 687/686/29 688/688/29
f 739/663/16 674/661/16 675/663/16
f 726/640/35 661/638/35 662/640/35
f 722/630/30 688/688/30 657/630/30
f 740/665/17 675/663/17 676/665/17
f 727/642/36 662/640/36 663/642/36
f 741/667/18 676/665/18 677/667/18
f 728/644/37 663/642/37 664/644/37
f 742/669/19 677/667/19 678/669/19
f 729/646/38 664/644/38 665/646/38
f 743/671/20 678/669/20 679/671/20
f 730/629/39 665/646/39 666/629/39
f 744/673/21 679/671/21 680/673/21
f 786/690/15 850/691/15 849/692/15
f 785/693/16 851/694/16 850/691/16
f 787/695/17 852/696/17 851/694/17
f 788/697/18 853/698/18 852/696/18
f 789/699/19 854/700/19 853/698/19
f 790/701/20 855/702/20 854/700/20
f 791/703/21 856/704/21 855/702/21
f 792/705/22 857/706/22 856/704/22
f 793/707/23 858/708/23 857/706/23
f 794/709/24 859/710/24 858/708/24
f 795/711/25 860/712/25 859/710/25
f 796/713/26 861/714/26 860/712/26
f 797/715/27 862/716/27 861/714/27
f 798/717/28 863/718/28 862/716/28
f 799/719/29 864/720/29 863/718/29
f 800/721/30 865/722/30 864/720/30
f 801/723/31 866/724/31 865/722/31
f 802/725/32 867/726/32 866/724/32
f 803/727/33 868/728/33 867/726/33
f 804/729/34 869/730/34 868/728/34
f 805/731/35 870/732/35 869/730/35
f 806/733/36 871/734/36 870/732/36
f 807/735/37 872/736/37 871/734/37
f 808/737/38 873/738/38 872/736/38
f 809/739/39 874/740/39 873/738/39
f 810/741/40 875/742/40 874/740/40
f 811/743/41 876/744/41 875/742/41
f 812/745/42 877/746/42 876/744/42
f 813/747/43 878/748/43 877/746/43
f 814/749/44 879/750/44 878/748/44
f 762/751/40 827/752/40 763/752/40
f 815/753/45 880/754/45 879/750/45
f 816/755/46 849/756/46 880/754/46
f 753/757/3 785/758/3 786/759/3
f 754/760/3 787/761/3 785/758/3
f 755/762/3 788/763/3 787/761/3
f 756/764/3 789/765/3 788/763/3
f 757/766/3 790/767/3 789/765/3
f 758/768/3 791/769/3 790/767/3
f 759/770/3 792/771/3 791/769/3
f 760/772/3 793/773/3 792/771/3
f 762/751/3 793/773/3 761/774/3
f 763/752/3 794/775/3 762/751/3
f 764/776/3 795/777/3 763/752/3
f 765/778/3 796/779/3 764/776/3
f 766/780/3 797/781/3 765/778/3
f 767/782/3 798/783/3 766/780/3
f 768/784/3 799/785/3 767/782/3
f 769/786/3 800/787/3 768/784/3
f 769/786/3 802/788/3 801/789/3
f 770/790/3 803/791/3 802/788/3
f 771/792/3 804/793/3 803/791/3
f 772/794/3 805/795/3 804/793/3
f 773/796/3 806/797/3 805/795/3
f 774/798/3 807/799/3 806/797/3
f 775/800/3 808/801/3 807/799/3
f 776/802/3 809/803/3 808/801/3
f 778/804/3 809/803/3 777/805/3
f 779/806/3 810/807/3 778/804/3
f 780/808/3 811/809/3 779/806/3
f 781/810/3 812/811/3 780/808/3
f 782/812/3 813/813/3 781/810/3
f 783/814/3 814/815/3 782/812/3
f 784/816/3 815/817/3 783/814/3
f 753/757/3 816/818/3 784/816/3
f 821/766/3 820/764/3 845/810/3
f 776/802/22 841/805/22 777/805/22
f 763/752/41 828/776/41 764/776/41
f 777/805/23 842/804/23 778/804/23
f 764/776/42 829/778/42 765/778/42
f 778/804/24 843/806/24 779/806/24
f 765/778/43 830/780/43 766/780/43
f 779/806/25 844/808/25 780/808/25
f 766/780/44 831/782/44 767/782/44
f 753/757/31 817/760/31 754/760/31
f 780/808/26 845/810/26 781/810/26
f 767/782/45 832/784/45 768/784/45
f 754/760/32 819/762/32 755/762/32
f 781/810/27 846/812/27 782/812/27
f 768/784/46 833/786/46 769/786/46
f 755/762/33 820/764/33 756/764/33
f 782/812/28 847/814/28 783/814/28
f 769/786/15 834/790/15 770/790/15
f 756/764/34 821/766/34 757/766/34
f 783/814/29 848/816/29 784/816/29
f 770/790/16 835/792/16 771/792/16
f 757/766/35 822/768/35 758/768/35
f 784/816/30 818/757/30 753/757/30
f 771/792/17 836/794/17 772/794/17
f 758/768/36 823/770/36 759/770/36
f 772/794/18 837/796/18 773/796/18
f 759/770/37 824/772/37 760/772/37
f 773/796/19 838/798/19 774/798/19
f 760/772/38 825/774/38 761/774/38
f 774/798/20 839/800/20 775/800/20
f 761/774/39 826/751/39 762/751/39
f 775/800/21 840/802/21 776/802/21
f 850/691/15 914/690/15 849/692/15
f 851/694/16 913/693/16 850/691/16
f 852/696/17 915/695/17 851/694/17
f 853/698/18 916/697/18 852/696/18
f 854/700/19 917/699/19 853/698/19
f 855/702/20 918/701/20 854/700/20
f 856/704/21 919/703/21 855/702/21
f 857/706/22 920/705/22 856/704/22
f 858/708/23 921/707/23 857/706/23
f 859/710/24 922/709/24 858/708/24
f 860/712/25 923/711/25 859/710/25
f 861/714/26 924/713/26 860/712/26
f 862/716/27 925/715/27 861/714/27
f 863/718/28 926/717/28 862/716/28
f 864/720/29 927/719/29 863/718/29
f 865/722/30 928/721/30 864/720/30
f 866/724/31 929/723/31 865/722/31
f 867/726/32 930/725/32 866/724/32
f 868/728/33 931/727/33 867/726/33
f 869/730/34 932/729/34 868/728/34
f 870/732/35 933/731/35 869/730/35
f 871/734/36 934/733/36 870/732/36
f 872/736/37 935/735/37 871/734/37
f 873/738/38 936/737/38 872/736/38
f 874/740/39 937/739/39 873/738/39
f 875/742/40 938/741/40 874/740/40
f 876/744/41 939/743/41 875/742/41
f 877/746/42 940/745/42 876/744/42
f 878/748/43 941/747/43 877/746/43
f 879/750/44 942/749/44 878/748/44
f 955/819/40 890/820/40 891/819/40
f 880/754/45 943/753/45 879/750/45
f 849/756/46 944/755/46 880/754/46
f 881/821/4 913/822/4 882/823/4
f 882/823/4 915/824/4 883/825/4
f 883/825/4 916/826/4 884/827/4
f 884/827/4 917/828/4 885/829/4
f 885/829/4 918/830/4 886/831/4
f 886/831/4 919/832/4 887/833/4
f 887/833/4 920/834/4 888/835/4
f 888/835/4 921/836/4 889/837/4
f 921/836/4 890/820/4 889/837/4
f 922/838/4 891/819/4 890/820/4
f 923/839/4 892/840/4 891/819/4
f 924/841/4 893/842/4 892/840/4
f 925/843/4 894/844/4 893/842/4
f 926/845/4 895/846/4 894/844/4
f 927/847/4 896/848/4 895/846/4
f 928/849/4 897/850/4 896/848/4
f 897/850/4 930/851/4 898/852/4
f 898/852/4 931/853/4 899/854/4
f 899/854/4 932/855/4 900/856/4
f 900/856/4 933/857/4 901/858/4
f 901/858/4 934/859/4 902/860/4
f 902/860/4 935/861/4 903/862/4
f 903/862/4 936/863/4 904/864/4
f 904/864/4 937/865/4 905/866/4
f 937/865/4 906/867/4 905/866/4
f 938/868/4 907/869/4 906/867/4
f 939/870/4 908/871/4 907/869/4
f 940/872/4 909/873/4 908/871/4
f 941/874/4 910/875/4 909/873/4
f 942/876/4 911/877/4 910/875/4
f 943/878/4 912/879/4 911/877/4
f 944/880/4 881/821/4 912/879/4
f 975/877/4 976/879/4 947/825/4
f 969/866/22 904/864/22 905/866/22
f 956/840/41 891/819/41 892/840/41
f 970/867/23 905/866/23 906/867/23
f 957/842/42 892/840/42 893/842/42
f 971/869/24 906/867/24 907/869/24
f 958/844/43 893/842/43 894/844/43
f 972/871/25 907/869/25 908/871/25
f 959/846/44 894/844/44 895/846/44
f 945/823/31 881/821/31 882/823/31
f 973/873/26 908/871/26 909/873/26
f 960/848/45 895/846/45 896/848/45
f 947/825/32 882/823/32 883/825/32
f 974/875/27 909/873/27 910/875/27
f 961/850/46 896/848/46 897/850/46
f 948/827/33 883/825/33 884/827/33
f 975/877/28 910/875/28 911/877/28
f 962/852/15 897/850/15 898/852/15
f 949/829/34 884/827/34 885/829/34
f 976/879/29 911/877/29 912/879/29
f 963/854/16 898/852/16 899/854/16
f 950/831/35 885/829/35 886/831/35
f 946/821/30 912/879/30 881/821/30
f 964/856/17 899/854/17 900/856/17
f 951/833/36 886/831/36 887/833/36
f 965/858/18 900/856/18 901/858/18
f 952/835/37 887/833/37 888/835/37
f 966/860/19 901/858/19 902/860/19
f 953/837/38 888/835/38 889/837/38
f 967/862/20 902/860/20 903/862/20
f 954/820/39 889/837/39 890/820/39
f 968/864/21 903/862/21 904/864/21
f 1010/881/15 1074/882/15 1073/883/15
f 1009/884/16 1075/885/16 1074/882/16
f 1011/886/17 1076/887/17 1075/885/17
f 1012/888/18 1077/889/18 1076/887/18
f 1013/890/19 1078/891/19 1077/889/19
f 1014/892/20 1079/893/20 1078/891/20
f 1015/894/21 1080/895/21 1079/893/21
f 1016/896/22 1081/897/22 1080/895/22
f 1017/898/23 1082/899/23 1081/897/23
f 1018/900/24 1083/901/24 1082/899/24
f 1019/902/25 1084/903/25 1083/901/25
f 1020/904/26 1085/905/26 1084/903/26
f 1021/906/27 1086/907/27 1085/905/27
f 1022/908/28 1087/909/28 1086/907/28
f 1023/910/29 1088/911/29 1087/909/29
f 1024/912/30 1089/913/30 1088/911/30
f 1025/914/31 1090/915/31 1089/913/31
f 1026/916/32 1091/917/32 1090/915/32
f 1027/918/33 1092/919/33 1091/917/33
f 1028/920/34 1093/921/34 1092/919/34
f 1029/922/35 1094/923/35 1093/921/35
f 1030/924/36 1095/925/36 1094/923/36
f 1031/926/37 1096/927/37 1095/925/37
f 1032/928/38 1097/929/38 1096/927/38
f 1033/930/39 1098/931/39 1097/929/39
f 1034/932/40 1099/933/40 1098/931/40
f 1035/934/41 1100/935/41 1099/933/41
f 1036/936/42 1101/937/42 1100/935/42
f 1037/938/43 1102/939/43 1101/937/43
f 1038/940/44 1103/941/44 1102/939/44
f 986/942/40 1051/943/40 987/943/40
f 1039/944/45 1104/945/45 1103/941/45
f 1040/946/46 1073/947/46 1104/945/46
f 977/948/3 1009/949/3 1010/950/3
f 978/951/3 1011/952/3 1009/949/3
f 979/953/3 1012/954/3 1011/952/3
f 980/955/3 1013/956/3 1012/954/3
f 981/957/3 1014/958/3 1013/956/3
f 982/959/3 1015/960/3 1014/958/3
f 983/961/3 1016/962/3 1015/960/3
f 984/963/3 1017/964/3 1016/962/3
f 986/942/3 1017/964/3 985/965/3
f 987/943/3 1018/966/3 986/942/3
f 988/967/3 1019/968/3 987/943/3
f 989/969/3 1020/970/3 988/967/3
f 990/971/3 1021/972/3 989/969/3
f 991/973/3 1022/974/3 990/971/3
f 992/975/3 1023/976/3 991/973/3
f 993/977/3 1024/978/3 992/975/3
f 993/977/3 1026/979/3 1025/980/3
f 994/981/3 1027/982/3 1026/979/3
f 995/983/3 1028/984/3 1027/982/3
f 996/985/3 1029/986/3 1028/984/3
f 997/987/3 1030/988/3 1029/986/3
f 998/989/3 1031/990/3 1030/988/3
f 999/991/3 1032/992/3 1031/990/3
f 1000/993/3 1033/994/3 1032/992/3
f 1002/995/3 1033/994/3 1001/996/3
f 1003/997/3 1034/998/3 1002/995/3
f 1004/999/3 1035/1000/3 1003/997/3
f 1005/1001/3 1036/1002/3 1004/999/3
f 1006/1003/3 1037/1004/3 1005/1001/3
f 1007/1005/3 1038/1006/3 1006/1003/3
f 1008/1007/3 1039/1008/3 1007/1005/3
f 977/948/3 1040/1009/3 1008/1007/3
f 1045/957/3 1044/955/3 1069/1001/3
f 1000/993/22 1065/996/22 1001/996/22
f 987/943/41 1052/967/41 988/967/41
f 1001/996/23 1066/995/23 1002/995/23
f 988/967/42 1053/969/42 989/969/42
f 1002/995/24 1067/997/24 1003/997/24
f 989/969/43 1054/971/43 990/971/43
f 1003/997/25 1068/999/25 1004/999/25
f 990/971/44 1055/973/44 991/973/44
f 977/948/31 1041/951/31 978/951/31
f 1004/999/26 1069/1001/26 1005/1001/26
f 991/973/45 1056/975/45 992/975/45
f 978/951/32 1043/953/32 979/953/32
f 1005/1001/27 1070/1003/27 1006/1003/27
f 992/975/46 1057/977/46 993/977/46
f 979/953/33 1044/955/33 980/955/33
f 1006/1003/28 1071/1005/28 1007/1005/28
f 993/977/15 1058/981/15 994/981/15
f 980/955/34 1045/957/34 981/957/34
f 1007/1005/29 1072/1007/29 1008/1007/29
f 994/981/16 1059/983/16 995/983/16
f 981/957/35 1046/959/35 982/959/35
f 1008/1007/30 1042/948/30 977/948/30
f 995/983/17 1060/985/17 996/985/17
f 982/959/36 1047/961/36 983/961/36
f 996/985/18 1061/987/18 997/987/18
f 983/961/37 1048/963/37 984/963/37
f 997/987/19 1062/989/19 998/989/19
f 984/963/38 1049/965/38 985/965/38
f 998/989/20 1063/991/20 999/991/20
f 985/965/39 1050/942/39 986/942/39
f 999/991/21 1064/993/21 1000/993/21
f 1074/882/15 1138/881/15 1073/883/15
f 1075/885/16 1137/884/16 1074/882/16
f 1076/887/17 1139/886/17 1075/885/17
f 1077/889/18 1140/888/18 1076/887/18
f 1078/891/19 1141/890/19 1077/889/19
f 1079/893/20 1142/892/20 1078/891/20
f 1080/895/21 1143/894/21 1079/893/21
f 1081/897/22 1144/896/22 1080/895/22
f 1082/899/23 1145/898/23 1081/897/23
f 1083/901/24 1146/900/24 1082/899/24
f 1084/903/25 1147/902/25 1083/901/25
f 1085/905/26 1148/904/26 1084/903/26
f 1086/907/27 1149/906/27 1085/905/27
f 1087/909/28 1150/908/28 1086/907/28
f 1088/911/29 1151/910/29 1087/909/29
f 1089/913/30 1152/912/30 1088/911/30
f 1090/915/31 1153/914/31 1089/913/31
f 1091/917/32 1154/916/32 1090/915/32
f 1092/919/33 1155/918/33 1091/917/33
f 1093/921/34 1156/920/34 1092/919/34
f 1094/923/35 1157/922/35 1093/921/35
f 1095/925/36 1158/924/36 1094/923/36
f 1096/927/37 1159/926/37 1095/925/37
f 1097/929/38 1160/928/38 1096/927/38
f 1098/931/39 1161/930/39 1097/929/39
f 1099/933/40 1162/932/40 1098/931/40
f 1100/935/41 1163/934/41 1099/933/41
f 1101/937/42 1164/936/42 1100/935/42
f 1102/939/43 1165/938/43 1101/937/43
f 1103/941/44 1166/940/44 1102/939/44
f 1179/1010/40 1114/1011/40 1115/1010/40
f 1104/945/45 1167/944/45 1103/941/45
f 1073/947/46 1168/946/46 1104/945/46
f 1105/1012/4 1137/1013/4 1106/1014/4
f 1106/1014/4 1139/1015/4 1107/1016/4
f 1107/1016/4 1140/1017/4 1108/1018/4
f 1108/1018/4 1141/1019/4 1109/1020/4
f 1109/1020/4 1142/1021/4 1110/1022/4
f 1110/1022/4 1143/1023/4 1111/1024/4
f 1111/1024/4 1144/1025/4 1112/1026/4
f 1112/1026/4 1145/1027/4 1113/1028/4
f 1145/1027/4 1114/1011/4 1113/1028/4
f 1146/1029/4 1115/1010/4 1114/1011/4
f 1147/1030/4 1116/1031/4 1115/1010/4
f 1148/1032/4 1117/1033/4 1116/1031/4
f 1149/1034/4 1118/1035/4 1117/1033/4
f 1150/1036/4 1119/1037/4 1118/1035/4
f 1151/1038/4 1120/1039/4 1119/1037/4
f 1152/1040/4 1121/1041/4 1120/1039/4
f 1121/1041/4 1154/1042/4 1122/1043/4
f 1122/1043/4 1155/1044/4 1123/1045/4
f 1123/1045/4 1156/1046/4 1124/1047/4
f 1124/1047/4 1157/1048/4 1125/1049/4
f 1125/1049/4 1158/1050/4 1126/1051/4
f 1126/1051/4 1159/1052/4 1127/1053/4
f 1127/1053/4 1160/1054/4 1128/1055/4
f 1128/1055/4 1161/1056/4 1129/1057/4
f 1161/1056/4 1130/1058/4 1129/1057/4
f 1162/1059/4 1131/1060/4 1130/1058/4
f 1163/1061/4 1132/1062/4 1131/1060/4
f 1164/1063/4 1133/1064/4 1132/1062/4
f 1165/1065/4 1134/1066/4 1133/1064/4
f 1166/1067/4 1135/1068/4 1134/1066/4
f 1167/1069/4 1136/1070/4 1135/1068/4
f 1168/1071/4 1105/1012/4 1136/1070/4
f 1199/1068/4 1200/1070/4 1171/1016/4
f 1193/1057/22 1128/1055/22 1129/1057/22
f 1180/1031/41 1115/1010/41 1116/1031/41
f 1194/1058/23 1129/1057/23 1130/1058/23
f 1181/1033/42 1116/1031/42 1117/1033/42
f 1195/1060/24 1130/1058/24 1131/1060/24
f 1182/1035/43 1117/1033/43 1118/1035/43
f 1196/1062/25 1131/1060/25 1132/1062/25
f 1183/1037/44 1118/1035/44 1119/1037/44
f 1169/1014/31 1105/1012/31 1106/1014/31
f 1197/1064/26 1132/1062/26 1133/1064/26
f 1184/1039/45 1119/1037/45 1120/1039/45
f 1171/1016/32 1106/1014/32 1107/1016/32
f 1198/1066/27 1133/1064/27 1134/1066/27
f 1185/1041/46 1120/1039/46 1121/1041/46
f 1172/1018/33 1107/1016/33 1108/1018/33
f 1199/1068/28 1134/1066/28 1135/1068/28
f 1186/1043/15 1121/1041/15 1122/1043/15
f 1173/1020/34 1108/1018/34 1109/1020/34
f 1200/1070/29 1135/1068/29 1136/1070/29
f 1187/1045/16 1122/1043/16 1123/1045/16
f 1174/1022/35 1109/1020/35 1110/1022/35
f 1170/1012/30 1136/1070/30 1105/1012/30
f 1188/1047/17 1123/1045/17 1124/1047/17
f 1175/1024/36 1110/1022/36 1111/1024/36
f 1189/1049/18 1124/1047/18 1125/1049/18
f 1176/1026/37 1111/1024/37 1112/1026/37
f 1190/1051/19 1125/1049/19 1126/1051/19
f 1177/1028/38 1112/1026/38 1113/1028/38
f 1191/1053/20 1126/1051/20 1127/1053/20
f 1178/1011/39 1113/1028/39 1114/1011/39
f 1192/1055/21 1127/1053/21 1128/1055/21
f 6/1/1 5/1072/1 9/2/1
f 3/4/2 4/1073/2 7/5/2
f 23/1074/3 25/1075/3 2/1076/3
f 7/1077/3 4/1078/3 22/1079/3
f 4/1078/3 24/1080/3 22/1079/3
f 23/1074/3 2/1076/3 11/1081/3
f 21/9/3 23/1074/3 9/7/3
f 23/1074/3 11/1081/3 9/7/3
f 5/8/3 7/1077/3 22/1079/3
f 5/8/3 22/1079/3 26/25/3
f 5/8/3 26/25/3 21/9/3
f 30/1082/4 28/1083/4 3/1084/4
f 12/1085/4 1/1086/4 27/1087/4
f 1/1086/4 29/1088/4 27/1087/4
f 30/1082/4 3/1084/4 8/1089/4
f 32/11/4 30/1082/4 6/12/4
f 30/1082/4 8/1089/4 6/12/4
f 10/26/4 12/1085/4 27/1087/4
f 10/26/4 27/1087/4 31/10/4
f 10/26/4 31/10/4 6/12/4
f 2/13/5 1/1090/5 12/14/5
f 8/16/6 7/1091/6 5/17/6
f 9/19/7 11/1092/7 12/20/7
f 17/22/8 13/1093/8 14/23/8
f 15/5/2 4/1073/2 3/4/2
f 35/1094/3 24/1080/3 4/1078/3
f 19/1081/3 2/1076/3 34/1074/3
f 2/1076/3 25/1075/3 34/1074/3
f 35/1094/3 4/1078/3 15/1077/3
f 36/25/3 35/1094/3 13/8/3
f 35/1094/3 15/1077/3 13/8/3
f 17/7/3 19/1081/3 34/1074/3
f 17/7/3 34/1074/3 33/9/3
f 17/7/3 33/9/3 13/8/3
f 29/1088/4 1/1086/4 37/1087/4
f 1/1086/4 20/1085/4 37/1087/4
f 16/1089/4 3/1084/4 39/1082/4
f 3/1084/4 28/1083/4 39/1082/4
f 38/10/4 37/1087/4 18/26/4
f 37/1087/4 20/1085/4 18/26/4
f 14/12/4 16/1089/4 39/1082/4
f 14/12/4 39/1082/4 40/11/4
f 14/12/4 40/11/4 38/10/4
f 20/14/5 1/1090/5 2/13/5
f 13/27/9 15/1095/9 16/28/9
f 20/30/10 19/1096/10 17/31/10
f 21/33/8 26/1097/8 32/34/8
f 24/36/5 28/51/5 30/37/5
f 25/39/2 23/52/2 27/40/2
f 26/42/11 22/1098/11 30/43/11
f 23/45/12 21/1099/12 31/46/12
f 33/48/1 38/1100/1 40/49/1
f 24/36/5 35/38/5 39/37/5
f 34/52/2 25/39/2 29/41/2
f 36/53/13 40/1101/13 39/54/13
f 34/56/14 37/1102/14 38/57/14
f 46/59/1 45/1103/1 49/60/1
f 43/62/2 44/1104/2 47/63/2
f 63/1105/3 65/1106/3 42/1107/3
f 47/1108/3 44/1109/3 62/1110/3
f 44/1109/3 64/1111/3 62/1110/3
f 63/1105/3 42/1107/3 51/1112/3
f 61/67/3 63/1105/3 49/65/3
f 63/1105/3 51/1112/3 49/65/3
f 45/66/3 47/1108/3 62/1110/3
f 45/66/3 62/1110/3 66/1113/3
f 45/66/3 66/1113/3 61/67/3
f 70/1114/4 68/1115/4 43/1116/4
f 52/1117/4 41/1118/4 67/1119/4
f 41/1118/4 69/1120/4 67/1119/4
f 70/1114/4 43/1116/4 48/1121/4
f 72/69/4 70/1114/4 46/70/4
f 70/1114/4 48/1121/4 46/70/4
f 50/84/4 52/1117/4 67/1119/4
f 50/84/4 67/1119/4 71/68/4
f 50/84/4 71/68/4 46/70/4
f 42/71/5 41/1122/5 52/72/5
f 48/74/6 47/1123/6 45/75/6
f 49/77/7 51/1124/7 52/78/7
f 57/80/8 53/1125/8 54/81/8
f 55/63/2 44/1104/2 43/62/2
f 75/1126/3 64/1111/3 44/1109/3
f 59/1112/3 42/1107/3 74/1105/3
f 42/1107/3 65/1106/3 74/1105/3
f 75/1126/3 44/1109/3 55/1108/3
f 76/83/3 75/1126/3 53/66/3
f 75/1126/3 55/1108/3 53/66/3
f 57/65/3 59/1112/3 74/1105/3
f 57/65/3 74/1105/3 73/67/3
f 57/65/3 73/67/3 53/66/3
f 69/1120/4 41/1118/4 77/1119/4
f 41/1118/4 60/1117/4 77/1119/4
f 56/1121/4 43/1116/4 79/1114/4
f 43/1116/4 68/1115/4 79/1114/4
f 78/68/4 77/1119/4 58/84/4
f 77/1119/4 60/1117/4 58/84/4
f 54/70/4 56/1121/4 79/1114/4
f 54/70/4 79/1114/4 80/69/4
f 54/70/4 80/69/4 78/68/4
f 60/72/5 41/1122/5 42/71/5
f 53/85/9 55/1127/9 56/86/9
f 60/88/10 59/1128/10 57/89/10
f 61/91/8 66/1129/8 72/92/8
f 64/94/5 68/109/5 70/95/5
f 65/97/2 63/110/2 67/98/2
f 66/100/11 62/1130/11 70/101/11
f 63/103/12 61/1131/12 71/104/12
f 73/106/1 78/1132/1 80/107/1
f 64/94/5 75/96/5 79/95/5
f 74/110/2 65/97/2 69/99/2
f 76/111/13 80/1133/13 79/112/13
f 74/114/14 77/1134/14 78/115/14
f 114/117/15 113/120/15 178/118/15
f 113/120/16 115/122/16 179/121/16
f 115/122/17 116/124/17 180/123/17
f 116/124/18 117/126/18 181/125/18
f 117/126/19 118/128/19 182/127/19
f 118/128/20 119/130/20 183/129/20
f 119/130/21 120/132/21 184/131/21
f 120/132/22 121/134/22 185/133/22
f 121/134/23 122/136/23 186/135/23
f 122/136/24 123/138/24 187/137/24
f 123/138/25 124/140/25 188/139/25
f 124/140/26 125/142/26 189/141/26
f 125/142/27 126/144/27 190/143/27
f 126/144/28 127/146/28 191/145/28
f 127/146/29 128/148/29 192/147/29
f 128/148/30 129/150/30 193/149/30
f 129/150/31 130/152/31 194/151/31
f 130/152/32 131/154/32 195/153/32
f 131/154/33 132/156/33 196/155/33
f 132/156/34 133/158/34 197/157/34
f 133/158/35 134/160/35 198/159/35
f 134/160/36 135/162/36 199/161/36
f 135/162/37 136/164/37 200/163/37
f 136/164/38 137/166/38 201/165/38
f 137/166/39 138/168/39 202/167/39
f 138/168/40 139/170/40 203/169/40
f 139/170/41 140/172/41 204/171/41
f 140/172/42 141/174/42 205/173/42
f 141/174/43 142/176/43 206/175/43
f 142/176/44 143/180/44 207/177/44
f 90/178/40 154/178/40 155/179/40
f 143/180/45 144/182/45 208/181/45
f 144/182/46 114/1135/46 177/183/46
f 81/184/3 82/187/3 113/185/3
f 82/187/3 83/189/3 115/188/3
f 83/189/3 84/191/3 116/190/3
f 84/191/3 85/193/3 117/192/3
f 85/193/3 86/195/3 118/194/3
f 86/195/3 87/197/3 119/196/3
f 87/197/3 88/199/3 120/198/3
f 88/199/3 89/201/3 121/200/3
f 90/178/3 122/202/3 121/200/3
f 91/179/3 123/204/3 122/202/3
f 92/203/3 124/206/3 123/204/3
f 93/205/3 125/208/3 124/206/3
f 94/207/3 126/210/3 125/208/3
f 95/209/3 127/212/3 126/210/3
f 96/211/3 128/214/3 127/212/3
f 97/213/3 129/216/3 128/214/3
f 97/213/3 98/217/3 130/215/3
f 98/217/3 99/219/3 131/218/3
f 99/219/3 100/221/3 132/220/3
f 100/221/3 101/223/3 133/222/3
f 101/223/3 102/225/3 134/224/3
f 102/225/3 103/227/3 135/226/3
f 103/227/3 104/229/3 136/228/3
f 104/229/3 105/232/3 137/230/3
f 106/231/3 138/234/3 137/230/3
f 107/233/3 139/236/3 138/234/3
f 108/235/3 140/238/3 139/236/3
f 109/237/3 141/240/3 140/238/3
f 110/239/3 142/242/3 141/240/3
f 111/241/3 143/244/3 142/242/3
f 112/243/3 144/245/3 143/244/3
f 81/184/3 114/186/3 144/245/3
f 147/189/3 145/187/3 176/243/3
f 145/187/3 146/184/3 176/243/3
f 176/243/3 175/241/3 147/189/3
f 175/241/3 174/239/3 147/189/3
f 174/239/3 173/237/3 148/191/3
f 147/189/3 174/239/3 148/191/3
f 173/237/3 172/235/3 149/193/3
f 172/235/3 171/233/3 150/195/3
f 149/193/3 172/235/3 150/195/3
f 171/233/3 170/231/3 152/199/3
f 170/231/3 169/232/3 153/201/3
f 169/232/3 168/229/3 154/178/3
f 168/229/3 167/227/3 155/179/3
f 167/227/3 166/225/3 155/179/3
f 166/225/3 165/223/3 156/203/3
f 155/179/3 166/225/3 156/203/3
f 165/223/3 164/221/3 157/205/3
f 164/221/3 163/219/3 158/207/3
f 157/205/3 164/221/3 158/207/3
f 163/219/3 162/217/3 160/211/3
f 162/217/3 161/213/3 160/211/3
f 160/211/3 159/209/3 163/219/3
f 159/209/3 158/207/3 163/219/3
f 157/205/3 156/203/3 165/223/3
f 155/179/3 154/178/3 168/229/3
f 154/178/3 153/201/3 169/232/3
f 153/201/3 152/199/3 170/231/3
f 152/199/3 151/197/3 171/233/3
f 151/197/3 150/195/3 171/233/3
f 104/229/22 168/229/22 169/232/22
f 91/179/41 155/179/41 156/203/41
f 105/232/23 169/232/23 170/231/23
f 92/203/42 156/203/42 157/205/42
f 106/231/24 170/231/24 171/233/24
f 93/205/43 157/205/43 158/207/43
f 107/233/25 171/233/25 172/235/25
f 94/207/44 158/207/44 159/209/44
f 81/184/31 146/184/31 145/187/31
f 108/235/26 172/235/26 173/237/26
f 95/209/45 159/209/45 160/211/45
f 82/187/32 145/187/32 147/189/32
f 109/237/27 173/237/27 174/239/27
f 96/211/46 160/211/46 161/213/46
f 83/189/33 147/189/33 148/191/33
f 110/239/28 174/239/28 175/241/28
f 97/213/15 161/213/15 162/217/15
f 84/191/34 148/191/34 149/193/34
f 111/241/29 175/241/29 176/243/29
f 98/217/16 162/217/16 163/219/16
f 85/193/35 149/193/35 150/195/35
f 112/243/30 176/243/30 146/184/30
f 99/219/17 163/219/17 164/221/17
f 86/195/36 150/195/36 151/197/36
f 100/221/18 164/221/18 165/223/18
f 87/197/37 151/197/37 152/199/37
f 101/223/19 165/223/19 166/225/19
f 88/199/38 152/199/38 153/201/38
f 102/225/20 166/225/20 167/227/20
f 89/201/39 153/201/39 154/178/39
f 103/227/21 167/227/21 168/229/21
f 178/118/15 241/120/15 242/117/15
f 179/121/16 243/122/16 241/120/16
f 180/123/17 244/124/17 243/122/17
f 181/125/18 245/126/18 244/124/18
f 182/127/19 246/128/19 245/126/19
f 183/129/20 247/130/20 246/128/20
f 184/131/21 248/132/21 247/130/21
f 185/133/22 249/134/22 248/132/22
f 186/135/23 250/136/23 249/134/23
f 187/137/24 251/138/24 250/136/24
f 188/139/25 252/140/25 251/138/25
f 189/141/26 253/142/26 252/140/26
f 190/143/27 254/144/27 253/142/27
f 191/145/28 255/146/28 254/144/28
f 192/147/29 256/148/29 255/146/29
f 193/149/30 257/150/30 256/148/30
f 194/151/31 258/152/31 257/150/31
f 195/153/32 259/154/32 258/152/32
f 196/155/33 260/156/33 259/154/33
f 197/157/34 261/158/34 260/156/34
f 198/159/35 262/160/35 261/158/35
f 199/161/36 263/162/36 262/160/36
f 200/163/37 264/164/37 263/162/37
f 201/165/38 265/166/38 264/164/38
f 202/167/39 266/168/39 265/166/39
f 203/169/40 267/170/40 266/168/40
f 204/171/41 268/172/41 267/170/41
f 205/173/42 269/174/42 268/172/42
f 206/175/43 270/176/43 269/174/43
f 207/177/44 271/180/44 270/176/44
f 283/246/40 282/247/40 218/247/40
f 208/181/45 272/182/45 271/180/45
f 177/183/46 242/1135/46 272/182/46
f 209/248/4 242/1136/4 241/249/4
f 210/250/4 241/249/4 243/251/4
f 211/252/4 243/251/4 244/253/4
f 212/254/4 244/253/4 245/255/4
f 213/256/4 245/255/4 246/257/4
f 214/258/4 246/257/4 247/259/4
f 215/260/4 247/259/4 248/261/4
f 216/262/4 248/261/4 249/263/4
f 249/263/4 250/265/4 218/247/4
f 250/265/4 251/266/4 219/246/4
f 251/266/4 252/268/4 220/267/4
f 252/268/4 253/270/4 221/269/4
f 253/270/4 254/272/4 222/271/4
f 254/272/4 255/274/4 223/273/4
f 255/274/4 256/276/4 224/275/4
f 256/276/4 257/1137/4 225/277/4
f 225/277/4 257/1137/4 258/278/4
f 226/279/4 258/278/4 259/280/4
f 227/281/4 259/280/4 260/282/4
f 228/283/4 260/282/4 261/284/4
f 229/285/4 261/284/4 262/286/4
f 230/287/4 262/286/4 263/288/4
f 231/289/4 263/288/4 264/290/4
f 232/291/4 264/290/4 265/292/4
f 265/292/4 266/295/4 234/294/4
f 266/295/4 267/297/4 235/296/4
f 267/297/4 268/299/4 236/298/4
f 268/299/4 269/301/4 237/300/4
f 269/301/4 270/303/4 238/302/4
f 270/303/4 271/305/4 239/304/4
f 271/305/4 272/307/4 240/306/4
f 272/307/4 242/1136/4 209/248/4
f 274/248/4 273/250/4 304/306/4
f 273/250/4 275/252/4 304/306/4
f 275/252/4 276/254/4 303/304/4
f 276/254/4 277/256/4 302/302/4
f 303/304/4 276/254/4 302/302/4
f 277/256/4 278/258/4 300/298/4
f 278/258/4 279/260/4 299/296/4
f 279/260/4 280/262/4 298/294/4
f 280/262/4 281/264/4 297/293/4
f 281/264/4 282/247/4 296/291/4
f 282/247/4 283/246/4 295/289/4
f 283/246/4 284/267/4 294/287/4
f 284/267/4 285/269/4 293/285/4
f 285/269/4 286/271/4 292/283/4
f 286/271/4 287/273/4 291/281/4
f 287/273/4 288/275/4 291/281/4
f 288/275/4 289/277/4 290/279/4
f 291/281/4 288/275/4 290/279/4
f 291/281/4 292/283/4 286/271/4
f 292/283/4 293/285/4 285/269/4
f 293/285/4 294/287/4 284/267/4
f 294/287/4 295/289/4 283/246/4
f 295/289/4 296/291/4 282/247/4
f 296/291/4 297/293/4 281/264/4
f 297/293/4 298/294/4 280/262/4
f 298/294/4 299/296/4 279/260/4
f 299/296/4 300/298/4 278/258/4
f 300/298/4 301/300/4 277/256/4
f 301/300/4 302/302/4 277/256/4
f 297/293/22 296/291/22 232/291/22
f 284/267/41 283/246/41 219/246/41
f 298/294/23 297/293/23 233/293/23
f 285/269/42 284/267/42 220/267/42
f 299/296/24 298/294/24 234/294/24
f 286/271/43 285/269/43 221/269/43
f 300/298/25 299/296/25 235/296/25
f 287/273/44 286/271/44 222/271/44
f 273/250/31 274/248/31 209/248/31
f 301/300/26 300/298/26 236/298/26
f 288/275/45 287/273/45 223/273/45
f 275/252/32 273/250/32 210/250/32
f 302/302/27 301/300/27 237/300/27
f 289/277/46 288/275/46 224/275/46
f 276/254/33 275/252/33 211/252/33
f 303/304/28 302/302/28 238/302/28
f 290/279/15 289/277/15 225/277/15
f 277/256/34 276/254/34 212/254/34
f 304/306/29 303/304/29 239/304/29
f 291/281/16 290/279/16 226/279/16
f 278/258/35 277/256/35 213/256/35
f 274/248/30 304/306/30 240/306/30
f 292/283/17 291/281/17 227/281/17
f 279/260/36 278/258/36 214/258/36
f 293/285/18 292/283/18 228/283/18
f 280/262/37 279/260/37 215/260/37
f 294/287/19 293/285/19 229/285/19
f 281/264/38 280/262/38 216/262/38
f 295/289/20 294/287/20 230/287/20
f 282/247/39 281/264/39 217/264/39
f 296/291/21 295/289/21 231/289/21
f 338/308/15 337/311/15 402/309/15
f 337/311/16 339/313/16 403/312/16
f 339/313/17 340/315/17 404/314/17
f 340/315/18 341/317/18 405/316/18
f 341/317/19 342/319/19 406/318/19
f 342/319/20 343/321/20 407/320/20
f 343/321/21 344/323/21 408/322/21
f 344/323/22 345/325/22 409/324/22
f 345/325/23 346/327/23 410/326/23
f 346/327/24 347/329/24 411/328/24
f 347/329/25 348/331/25 412/330/25
f 348/331/26 349/333/26 413/332/26
f 349/333/27 350/335/27 414/334/27
f 350/335/28 351/337/28 415/336/28
f 351/337/29 352/339/29 416/338/29
f 352/339/30 353/341/30 417/340/30
f 353/341/31 354/343/31 418/342/31
f 354/343/32 355/345/32 419/344/32
f 355/345/33 356/347/33 420/346/33
f 356/347/34 357/349/34 421/348/34
f 357/349/35 358/351/35 422/350/35
f 358/351/36 359/353/36 423/352/36
f 359/353/37 360/355/37 424/354/37
f 360/355/38 361/357/38 425/356/38
f 361/357/39 362/359/39 426/358/39
f 362/359/40 363/361/40 427/360/40
f 363/361/41 364/363/41 428/362/41
f 364/363/42 365/365/42 429/364/42
f 365/365/43 366/367/43 430/366/43
f 366/367/44 367/371/44 431/368/44
f 314/369/40 378/369/40 379/370/40
f 367/371/45 368/373/45 432/372/45
f 368/373/46 338/1138/46 401/374/46
f 305/375/3 306/378/3 337/376/3
f 306/378/3 307/380/3 339/379/3
f 307/380/3 308/382/3 340/381/3
f 308/382/3 309/384/3 341/383/3
f 309/384/3 310/386/3 342/385/3
f 310/386/3 311/388/3 343/387/3
f 311/388/3 312/390/3 344/389/3
f 312/390/3 313/392/3 345/391/3
f 314/369/3 346/393/3 345/391/3
f 315/370/3 347/395/3 346/393/3
f 316/394/3 348/397/3 347/395/3
f 317/396/3 349/399/3 348/397/3
f 318/398/3 350/401/3 349/399/3
f 319/400/3 351/403/3 350/401/3
f 320/402/3 352/405/3 351/403/3
f 321/404/3 353/407/3 352/405/3
f 321/404/3 322/408/3 354/406/3
f 322/408/3 323/410/3 355/409/3
f 323/410/3 324/412/3 356/411/3
f 324/412/3 325/414/3 357/413/3
f 325/414/3 326/416/3 358/415/3
f 326/416/3 327/418/3 359/417/3
f 327/418/3 328/420/3 360/419/3
f 328/420/3 329/423/3 361/421/3
f 330/422/3 362/425/3 361/421/3
f 331/424/3 363/427/3 362/425/3
f 332/426/3 364/429/3 363/427/3
f 333/428/3 365/431/3 364/429/3
f 334/430/3 366/433/3 365/431/3
f 335/432/3 367/435/3 366/433/3
f 336/434/3 368/436/3 367/435/3
f 305/375/3 338/377/3 368/436/3
f 371/380/3 369/378/3 399/432/3
f 369/378/3 370/375/3 400/434/3
f 399/432/3 369/378/3 400/434/3
f 399/432/3 398/430/3 371/380/3
f 398/430/3 397/428/3 372/382/3
f 371/380/3 398/430/3 372/382/3
f 397/428/3 396/426/3 373/384/3
f 396/426/3 395/424/3 374/386/3
f 373/384/3 396/426/3 374/386/3
f 395/424/3 394/422/3 376/390/3
f 394/422/3 393/423/3 377/392/3
f 393/423/3 392/420/3 378/369/3
f 392/420/3 391/418/3 379/370/3
f 391/418/3 390/416/3 379/370/3
f 390/416/3 389/414/3 380/394/3
f 379/370/3 390/416/3 380/394/3
f 389/414/3 388/412/3 381/396/3
f 388/412/3 387/410/3 382/398/3
f 381/396/3 388/412/3 382/398/3
f 387/410/3 386/408/3 384/402/3
f 386/408/3 385/404/3 384/402/3
f 384/402/3 383/400/3 387/410/3
f 383/400/3 382/398/3 387/410/3
f 381/396/3 380/394/3 389/414/3
f 379/370/3 378/369/3 392/420/3
f 378/369/3 377/392/3 393/423/3
f 377/392/3 376/390/3 394/422/3
f 376/390/3 375/388/3 395/424/3
f 375/388/3 374/386/3 395/424/3
f 328/420/22 392/420/22 393/423/22
f 315/370/41 379/370/41 380/394/41
f 329/423/23 393/423/23 394/422/23
f 316/394/42 380/394/42 381/396/42
f 330/422/24 394/422/24 395/424/24
f 317/396/43 381/396/43 382/398/43
f 331/424/25 395/424/25 396/426/25
f 318/398/44 382/398/44 383/400/44
f 305/375/31 370/375/31 369/378/31
f 332/426/26 396/426/26 397/428/26
f 319/400/45 383/400/45 384/402/45
f 306/378/32 369/378/32 371/380/32
f 333/428/27 397/428/27 398/430/27
f 320/402/46 384/402/46 385/404/46
f 307/380/33 371/380/33 372/382/33
f 334/430/28 398/430/28 399/432/28
f 321/404/15 385/404/15 386/408/15
f 308/382/34 372/382/34 373/384/34
f 335/432/29 399/432/29 400/434/29
f 322/408/16 386/408/16 387/410/16
f 309/384/35 373/384/35 374/386/35
f 336/434/30 400/434/30 370/375/30
f 323/410/17 387/410/17 388/412/17
f 310/386/36 374/386/36 375/388/36
f 324/412/18 388/412/18 389/414/18
f 311/388/37 375/388/37 376/390/37
f 325/414/19 389/414/19 390/416/19
f 312/390/38 376/390/38 377/392/38
f 326/416/20 390/416/20 391/418/20
f 313/392/39 377/392/39 378/369/39
f 327/418/21 391/418/21 392/420/21
f 402/309/15 465/311/15 466/308/15
f 403/312/16 467/313/16 465/311/16
f 404/314/17 468/315/17 467/313/17
f 405/316/18 469/317/18 468/315/18
f 406/318/19 470/319/19 469/317/19
f 407/320/20 471/321/20 470/319/20
f 408/322/21 472/323/21 471/321/21
f 409/324/22 473/325/22 472/323/22
f 410/326/23 474/327/23 473/325/23
f 411/328/24 475/329/24 474/327/24
f 412/330/25 476/331/25 475/329/25
f 413/332/26 477/333/26 476/331/26
f 414/334/27 478/335/27 477/333/27
f 415/336/28 479/337/28 478/335/28
f 416/338/29 480/339/29 479/337/29
f 417/340/30 481/341/30 480/339/30
f 418/342/31 482/343/31 481/341/31
f 419/344/32 483/345/32 482/343/32
f 420/346/33 484/347/33 483/345/33
f 421/348/34 485/349/34 484/347/34
f 422/350/35 486/351/35 485/349/35
f 423/352/36 487/353/36 486/351/36
f 424/354/37 488/355/37 487/353/37
f 425/356/38 489/357/38 488/355/38
f 426/358/39 490/359/39 489/357/39
f 427/360/40 491/361/40 490/359/40
f 428/362/41 492/363/41 491/361/41
f 429/364/42 493/365/42 492/363/42
f 430/366/43 494/367/43 493/365/43
f 431/368/44 495/371/44 494/367/44
f 507/437/40 506/438/40 442/438/40
f 432/372/45 496/373/45 495/371/45
f 401/374/46 466/1138/46 496/373/46
f 433/439/4 466/1139/4 465/440/4
f 434/441/4 465/440/4 467/442/4
f 435/443/4 467/442/4 468/444/4
f 436/445/4 468/444/4 469/446/4
f 437/447/4 469/446/4 470/448/4
f 438/449/4 470/448/4 471/450/4
f 439/451/4 471/450/4 472/452/4
f 440/453/4 472/452/4 473/454/4
f 473/454/4 474/456/4 442/438/4
f 474/456/4 475/457/4 443/437/4
f 475/457/4 476/459/4 444/458/4
f 476/459/4 477/461/4 445/460/4
f 477/461/4 478/463/4 446/462/4
f 478/463/4 479/465/4 447/464/4
f 479/465/4 480/467/4 448/466/4
f 480/467/4 481/1140/4 449/468/4
f 449/468/4 481/1140/4 482/469/4
f 450/470/4 482/469/4 483/471/4
f 451/472/4 483/471/4 484/473/4
f 452/474/4 484/473/4 485/475/4
f 453/476/4 485/475/4 486/477/4
f 454/478/4 486/477/4 487/479/4
f 455/480/4 487/479/4 488/481/4
f 456/482/4 488/481/4 489/483/4
f 489/483/4 490/486/4 458/485/4
f 490/486/4 491/488/4 459/487/4
f 491/488/4 492/490/4 460/489/4
f 492/490/4 493/492/4 461/491/4
f 493/492/4 494/494/4 462/493/4
f 494/494/4 495/496/4 463/495/4
f 495/496/4 496/498/4 464/497/4
f 496/498/4 466/1139/4 433/439/4
f 498/439/4 497/441/4 528/497/4
f 497/441/4 499/443/4 527/495/4
f 499/443/4 500/445/4 526/493/4
f 500/445/4 501/447/4 525/491/4
f 501/447/4 502/449/4 524/489/4
f 502/449/4 503/451/4 523/487/4
f 503/451/4 504/453/4 522/485/4
f 504/453/4 505/455/4 521/484/4
f 505/455/4 506/438/4 520/482/4
f 506/438/4 507/437/4 519/480/4
f 507/437/4 508/458/4 518/478/4
f 508/458/4 509/460/4 517/476/4
f 509/460/4 510/462/4 516/474/4
f 510/462/4 511/464/4 515/472/4
f 511/464/4 512/466/4 515/472/4
f 512/466/4 513/468/4 514/470/4
f 515/472/4 512/466/4 514/470/4
f 515/472/4 516/474/4 510/462/4
f 516/474/4 517/476/4 509/460/4
f 517/476/4 518/478/4 508/458/4
f 518/478/4 519/480/4 507/437/4
f 519/480/4 520/482/4 506/438/4
f 520/482/4 521/484/4 505/455/4
f 521/484/4 522/485/4 504/453/4
f 522/485/4 523/487/4 503/451/4
f 523/487/4 524/489/4 502/449/4
f 524/489/4 525/491/4 501/447/4
f 525/491/4 526/493/4 500/445/4
f 526/493/4 527/495/4 499/443/4
f 521/484/22 520/482/22 456/482/22
f 508/458/41 507/437/41 443/437/41
f 522/485/23 521/484/23 457/484/23
f 509/460/42 508/458/42 444/458/42
f 523/487/24 522/485/24 458/485/24
f 510/462/43 509/460/43 445/460/43
f 524/489/25 523/487/25 459/487/25
f 511/464/44 510/462/44 446/462/44
f 497/441/31 498/439/31 433/439/31
f 525/491/26 524/489/26 460/489/26
f 512/466/45 511/464/45 447/464/45
f 499/443/32 497/441/32 434/441/32
f 526/493/27 525/491/27 461/491/27
f 513/468/46 512/466/46 448/466/46
f 500/445/33 499/443/33 435/443/33
f 527/495/28 526/493/28 462/493/28
f 514/470/15 513/468/15 449/468/15
f 501/447/34 500/445/34 436/445/34
f 528/497/29 527/495/29 463/495/29
f 515/472/16 514/470/16 450/470/16
f 502/449/35 501/447/35 437/447/35
f 498/439/30 528/497/30 464/497/30
f 516/474/17 515/472/17 451/472/17
f 503/451/36 502/449/36 438/449/36
f 517/476/18 516/474/18 452/474/18
f 504/453/37 503/451/37 439/451/37
f 518/478/19 517/476/19 453/476/19
f 505/455/38 504/453/38 440/453/38
f 519/480/20 518/478/20 454/478/20
f 506/438/39 505/455/39 441/455/39
f 520/482/21 519/480/21 455/480/21
f 562/499/15 561/502/15 626/500/15
f 561/502/16 563/504/16 627/503/16
f 563/504/17 564/506/17 628/505/17
f 564/506/18 565/508/18 629/507/18
f 565/508/19 566/510/19 630/509/19
f 566/510/20 567/512/20 631/511/20
f 567/512/21 568/514/21 632/513/21
f 568/514/22 569/516/22 633/515/22
f 569/516/23 570/518/23 634/517/23
f 570/518/24 571/520/24 635/519/24
f 571/520/25 572/522/25 636/521/25
f 572/522/26 573/524/26 637/523/26
f 573/524/27 574/526/27 638/525/27
f 574/526/28 575/528/28 639/527/28
f 575/528/29 576/530/29 640/529/29
f 576/530/30 577/532/30 641/531/30
f 577/532/31 578/534/31 642/533/31
f 578/534/32 579/536/32 643/535/32
f 579/536/33 580/538/33 644/537/33
f 580/538/34 581/540/34 645/539/34
f 581/540/35 582/542/35 646/541/35
f 582/542/36 583/544/36 647/543/36
f 583/544/37 584/546/37 648/545/37
f 584/546/38 585/548/38 649/547/38
f 585/548/39 586/550/39 650/549/39
f 586/550/40 587/552/40 651/551/40
f 587/552/41 588/554/41 652/553/41
f 588/554/42 589/556/42 653/555/42
f 589/556/43 590/558/43 654/557/43
f 590/558/44 591/562/44 655/559/44
f 538/560/40 602/560/40 603/561/40
f 591/562/45 592/564/45 656/563/45
f 592/564/46 562/1141/46 625/565/46
f 529/566/3 530/569/3 561/567/3
f 530/569/3 531/571/3 563/570/3
f 531/571/3 532/573/3 564/572/3
f 532/573/3 533/575/3 565/574/3
f 533/575/3 534/577/3 566/576/3
f 534/577/3 535/579/3 567/578/3
f 535/579/3 536/581/3 568/580/3
f 536/581/3 537/583/3 569/582/3
f 538/560/3 570/584/3 569/582/3
f 539/561/3 571/586/3 570/584/3
f 540/585/3 572/588/3 571/586/3
f 541/587/3 573/590/3 572/588/3
f 542/589/3 574/592/3 573/590/3
f 543/591/3 575/594/3 574/592/3
f 544/593/3 576/596/3 575/594/3
f 545/595/3 577/598/3 576/596/3
f 545/595/3 546/599/3 578/597/3
f 546/599/3 547/601/3 579/600/3
f 547/601/3 548/603/3 580/602/3
f 548/603/3 549/605/3 581/604/3
f 549/605/3 550/607/3 582/606/3
f 550/607/3 551/609/3 583/608/3
f 551/609/3 552/611/3 584/610/3
f 552/611/3 553/614/3 585/612/3
f 554/613/3 586/616/3 585/612/3
f 555/615/3 587/618/3 586/616/3
f 556/617/3 588/620/3 587/618/3
f 557/619/3 589/622/3 588/620/3
f 558/621/3 590/624/3 589/622/3
f 559/623/3 591/626/3 590/624/3
f 560/625/3 592/627/3 591/626/3
f 529/566/3 562/568/3 592/627/3
f 595/571/3 593/569/3 623/623/3
f 593/569/3 594/566/3 624/625/3
f 623/623/3 593/569/3 624/625/3
f 623/623/3 622/621/3 595/571/3
f 622/621/3 621/619/3 596/573/3
f 595/571/3 622/621/3 596/573/3
f 621/619/3 620/617/3 597/575/3
f 620/617/3 619/615/3 598/577/3
f 597/575/3 620/617/3 598/577/3
f 619/615/3 618/613/3 600/581/3
f 618/613/3 617/614/3 601/583/3
f 617/614/3 616/611/3 602/560/3
f 616/611/3 615/609/3 603/561/3
f 615/609/3 614/607/3 603/561/3
f 614/607/3 613/605/3 604/585/3
f 603/561/3 614/607/3 604/585/3
f 613/605/3 612/603/3 605/587/3
f 612/603/3 611/601/3 606/589/3
f 605/587/3 612/603/3 606/589/3
f 611/601/3 610/599/3 608/593/3
f 610/599/3 609/595/3 608/593/3
f 608/593/3 607/591/3 611/601/3
f 607/591/3 606/589/3 611/601/3
f 605/587/3 604/585/3 613/605/3
f 603/561/3 602/560/3 616/611/3
f 602/560/3 601/583/3 617/614/3
f 601/583/3 600/581/3 618/613/3
f 600/581/3 599/579/3 619/615/3
f 599/579/3 598/577/3 619/615/3
f 552/611/22 616/611/22 617/614/22
f 539/561/41 603/561/41 604/585/41
f 553/614/23 617/614/23 618/613/23
f 540/585/42 604/585/42 605/587/42
f 554/613/24 618/613/24 619/615/24
f 541/587/43 605/587/43 606/589/43
f 555/615/25 619/615/25 620/617/25
f 542/589/44 606/589/44 607/591/44
f 529/566/31 594/566/31 593/569/31
f 556/617/26 620/617/26 621/619/26
f 543/591/45 607/591/45 608/593/45
f 530/569/32 593/569/32 595/571/32
f 557/619/27 621/619/27 622/621/27
f 544/593/46 608/593/46 609/595/46
f 531/571/33 595/571/33 596/573/33
f 558/621/28 622/621/28 623/623/28
f 545/595/15 609/595/15 610/599/15
f 532/573/34 596/573/34 597/575/34
f 559/623/29 623/623/29 624/625/29
f 546/599/16 610/599/16 611/601/16
f 533/575/35 597/575/35 598/577/35
f 560/625/30 624/625/30 594/566/30
f 547/601/17 611/601/17 612/603/17
f 534/577/36 598/577/36 599/579/36
f 548/603/18 612/603/18 613/605/18
f 535/579/37 599/579/37 600/581/37
f 549/605/19 613/605/19 614/607/19
f 536/581/38 600/581/38 601/583/38
f 550/607/20 614/607/20 615/609/20
f 537/583/39 601/583/39 602/560/39
f 551/609/21 615/609/21 616/611/21
f 626/500/15 689/502/15 690/499/15
f 627/503/16 691/504/16 689/502/16
f 628/505/17 692/506/17 691/504/17
f 629/507/18 693/508/18 692/506/18
f 630/509/19 694/510/19 693/508/19
f 631/511/20 695/512/20 694/510/20
f 632/513/21 696/514/21 695/512/21
f 633/515/22 697/516/22 696/514/22
f 634/517/23 698/518/23 697/516/23
f 635/519/24 699/520/24 698/518/24
f 636/521/25 700/522/25 699/520/25
f 637/523/26 701/524/26 700/522/26
f 638/525/27 702/526/27 701/524/27
f 639/527/28 703/528/28 702/526/28
f 640/529/29 704/530/29 703/528/29
f 641/531/30 705/532/30 704/530/30
f 642/533/31 706/534/31 705/532/31
f 643/535/32 707/536/32 706/534/32
f 644/537/33 708/538/33 707/536/33
f 645/539/34 709/540/34 708/538/34
f 646/541/35 710/542/35 709/540/35
f 647/543/36 711/544/36 710/542/36
f 648/545/37 712/546/37 711/544/37
f 649/547/38 713/548/38 712/546/38
f 650/549/39 714/550/39 713/548/39
f 651/551/40 715/552/40 714/550/40
f 652/553/41 716/554/41 715/552/41
f 653/555/42 717/556/42 716/554/42
f 654/557/43 718/558/43 717/556/43
f 655/559/44 719/562/44 718/558/44
f 731/628/40 730/629/40 666/629/40
f 656/563/45 720/564/45 719/562/45
f 625/565/46 690/1141/46 720/564/46
f 657/630/4 690/1142/4 689/631/4
f 658/632/4 689/631/4 691/633/4
f 659/634/4 691/633/4 692/635/4
f 660/636/4 692/635/4 693/637/4
f 661/638/4 693/637/4 694/639/4
f 662/640/4 694/639/4 695/641/4
f 663/642/4 695/641/4 696/643/4
f 664/644/4 696/643/4 697/645/4
f 697/645/4 698/647/4 666/629/4
f 698/647/4 699/648/4 667/628/4
f 699/648/4 700/650/4 668/649/4
f 700/650/4 701/652/4 669/651/4
f 701/652/4 702/654/4 670/653/4
f 702/654/4 703/656/4 671/655/4
f 703/656/4 704/658/4 672/657/4
f 704/658/4 705/1143/4 673/659/4
f 673/659/4 705/1143/4 706/660/4
f 674/661/4 706/660/4 707/662/4
f 675/663/4 707/662/4 708/664/4
f 676/665/4 708/664/4 709/666/4
f 677/667/4 709/666/4 710/668/4
f 678/669/4 710/668/4 711/670/4
f 679/671/4 711/670/4 712/672/4
f 680/673/4 712/672/4 713/674/4
f 713/674/4 714/677/4 682/676/4
f 714/677/4 715/679/4 683/678/4
f 715/679/4 716/681/4 684/680/4
f 716/681/4 717/683/4 685/682/4
f 717/683/4 718/685/4 686/684/4
f 718/685/4 719/687/4 687/686/4
f 719/687/4 720/689/4 688/688/4
f 720/689/4 690/1142/4 657/630/4
f 722/630/4 721/632/4 752/688/4
f 721/632/4 723/634/4 751/686/4
f 723/634/4 724/636/4 751/686/4
f 724/636/4 725/638/4 750/684/4
f 751/686/4 724/636/4 750/684/4
f 725/638/4 726/640/4 748/680/4
f 726/640/4 727/642/4 747/678/4
f 727/642/4 728/644/4 746/676/4
f 728/644/4 729/646/4 745/675/4
f 729/646/4 730/629/4 744/673/4
f 730/629/4 731/628/4 743/671/4
f 731/628/4 732/649/4 742/669/4
f 732/649/4 733/651/4 741/667/4
f 733/651/4 734/653/4 740/665/4
f 734/653/4 735/655/4 739/663/4
f 735/655/4 736/657/4 739/663/4
f 736/657/4 737/659/4 738/661/4
f 739/663/4 736/657/4 738/661/4
f 739/663/4 740/665/4 734/653/4
f 740/665/4 741/667/4 733/651/4
f 741/667/4 742/669/4 732/649/4
f 742/669/4 743/671/4 731/628/4
f 743/671/4 744/673/4 730/629/4
f 744/673/4 745/675/4 729/646/4
f 745/675/4 746/676/4 728/644/4
f 746/676/4 747/678/4 727/642/4
f 747/678/4 748/680/4 726/640/4
f 748/680/4 749/682/4 725/638/4
f 749/682/4 750/684/4 725/638/4
f 745/675/22 744/673/22 680/673/22
f 732/649/41 731/628/41 667/628/41
f 746/676/23 745/675/23 681/675/23
f 733/651/42 732/649/42 668/649/42
f 747/678/24 746/676/24 682/676/24
f 734/653/43 733/651/43 669/651/43
f 748/680/25 747/678/25 683/678/25
f 735/655/44 734/653/44 670/653/44
f 721/632/31 722/630/31 657/630/31
f 749/682/26 748/680/26 684/680/26
f 736/657/45 735/655/45 671/655/45
f 723/634/32 721/632/32 658/632/32
f 750/684/27 749/682/27 685/682/27
f 737/659/46 736/657/46 672/657/46
f 724/636/33 723/634/33 659/634/33
f 751/686/28 750/684/28 686/684/28
f 738/661/15 737/659/15 673/659/15
f 725/638/34 724/636/34 660/636/34
f 752/688/29 751/686/29 687/686/29
f 739/663/16 738/661/16 674/661/16
f 726/640/35 725/638/35 661/638/35
f 722/630/30 752/688/30 688/688/30
f 740/665/17 739/663/17 675/663/17
f 727/642/36 726/640/36 662/640/36
f 741/667/18 740/665/18 676/665/18
f 728/644/37 727/642/37 663/642/37
f 742/669/19 741/667/19 677/667/19
f 729/646/38 728/644/38 664/644/38
f 743/671/20 742/669/20 678/669/20
f 730/629/39 729/646/39 665/646/39
f 744/673/21 743/671/21 679/671/21
f 786/690/15 785/693/15 850/691/15
f 785/693/16 787/695/16 851/694/16
f 787/695/17 788/697/17 852/696/17
f 788/697/18 789/699/18 853/698/18
f 789/699/19 790/701/19 854/700/19
f 790/701/20 791/703/20 855/702/20
f 791/703/21 792/705/21 856/704/21
f 792/705/22 793/707/22 857/706/22
f 793/707/23 794/709/23 858/708/23
f 794/709/24 795/711/24 859/710/24
f 795/711/25 796/713/25 860/712/25
f 796/713/26 797/715/26 861/714/26
f 797/715/27 798/717/27 862/716/27
f 798/717/28 799/719/28 863/718/28
f 799/719/29 800/721/29 864/720/29
f 800/721/30 801/723/30 865/722/30
f 801/723/31 802/725/31 866/724/31
f 802/725/32 803/727/32 867/726/32
f 803/727/33 804/729/33 868/728/33
f 804/729/34 805/731/34 869/730/34
f 805/731/35 806/733/35 870/732/35
f 806/733/36 807/735/36 871/734/36
f 807/735/37 808/737/37 872/736/37
f 808/737/38 809/739/38 873/738/38
f 809/739/39 810/741/39 874/740/39
f 810/741/40 811/743/40 875/742/40
f 811/743/41 812/745/41 876/744/41
f 812/745/42 813/747/42 877/746/42
f 813/747/43 814/749/43 878/748/43
f 814/749/44 815/753/44 879/750/44
f 762/751/40 826/751/40 827/752/40
f 815/753/45 816/755/45 880/754/45
f 816/755/46 786/1144/46 849/756/46
f 753/757/3 754/760/3 785/758/3
f 754/760/3 755/762/3 787/761/3
f 755/762/3 756/764/3 788/763/3
f 756/764/3 757/766/3 789/765/3
f 757/766/3 758/768/3 790/767/3
f 758/768/3 759/770/3 791/769/3
f 759/770/3 760/772/3 792/771/3
f 760/772/3 761/774/3 793/773/3
f 762/751/3 794/775/3 793/773/3
f 763/752/3 795/777/3 794/775/3
f 764/776/3 796/779/3 795/777/3
f 765/778/3 797/781/3 796/779/3
f 766/780/3 798/783/3 797/781/3
f 767/782/3 799/785/3 798/783/3
f 768/784/3 800/787/3 799/785/3
f 769/786/3 801/789/3 800/787/3
f 769/786/3 770/790/3 802/788/3
f 770/790/3 771/792/3 803/791/3
f 771/792/3 772/794/3 804/793/3
f 772/794/3 773/796/3 805/795/3
f 773/796/3 774/798/3 806/797/3
f 774/798/3 775/800/3 807/799/3
f 775/800/3 776/802/3 808/801/3
f 776/802/3 777/805/3 809/803/3
f 778/804/3 810/807/3 809/803/3
f 779/806/3 811/809/3 810/807/3
f 780/808/3 812/811/3 811/809/3
f 781/810/3 813/813/3 812/811/3
f 782/812/3 814/815/3 813/813/3
f 783/814/3 815/817/3 814/815/3
f 784/816/3 816/818/3 815/817/3
f 753/757/3 786/759/3 816/818/3
f 819/762/3 817/760/3 848/816/3
f 817/760/3 818/757/3 848/816/3
f 848/816/3 847/814/3 819/762/3
f 847/814/3 846/812/3 819/762/3
f 846/812/3 845/810/3 820/764/3
f 819/762/3 846/812/3 820/764/3
f 845/810/3 844/808/3 821/766/3
f 844/808/3 843/806/3 822/768/3
f 821/766/3 844/808/3 822/768/3
f 843/806/3 842/804/3 824/772/3
f 842/804/3 841/805/3 825/774/3
f 841/805/3 840/802/3 826/751/3
f 840/802/3 839/800/3 827/752/3
f 839/800/3 838/798/3 827/752/3
f 838/798/3 837/796/3 828/776/3
f 827/752/3 838/798/3 828/776/3
f 837/796/3 836/794/3 829/778/3
f 836/794/3 835/792/3 830/780/3
f 829/778/3 836/794/3 830/780/3
f 835/792/3 834/790/3 831/782/3
f 834/790/3 833/786/3 832/784/3
f 831/782/3 834/790/3 832/784/3
f 831/782/3 830/780/3 835/792/3
f 829/778/3 828/776/3 837/796/3
f 827/752/3 826/751/3 840/802/3
f 826/751/3 825/774/3 841/805/3
f 825/774/3 824/772/3 842/804/3
f 824/772/3 823/770/3 843/806/3
f 823/770/3 822/768/3 843/806/3
f 776/802/22 840/802/22 841/805/22
f 763/752/41 827/752/41 828/776/41
f 777/805/23 841/805/23 842/804/23
f 764/776/42 828/776/42 829/778/42
f 778/804/24 842/804/24 843/806/24
f 765/778/43 829/778/43 830/780/43
f 779/806/25 843/806/25 844/808/25
f 766/780/44 830/780/44 831/782/44
f 753/757/31 818/757/31 817/760/31
f 780/808/26 844/808/26 845/810/26
f 767/782/45 831/782/45 832/784/45
f 754/760/32 817/760/32 819/762/32
f 781/810/27 845/810/27 846/812/27
f 768/784/46 832/784/46 833/786/46
f 755/762/33 819/762/33 820/764/33
f 782/812/28 846/812/28 847/814/28
f 769/786/15 833/786/15 834/790/15
f 756/764/34 820/764/34 821/766/34
f 783/814/29 847/814/29 848/816/29
f 770/790/16 834/790/16 835/792/16
f 757/766/35 821/766/35 822/768/35
f 784/816/30 848/816/30 818/757/30
f 771/792/17 835/792/17 836/794/17
f 758/768/36 822/768/36 823/770/36
f 772/794/18 836/794/18 837/796/18
f 759/770/37 823/770/37 824/772/37
f 773/796/19 837/796/19 838/798/19
f 760/772/38 824/772/38 825/774/38
f 774/798/20 838/798/20 839/800/20
f 761/774/39 825/774/39 826/751/39
f 775/800/21 839/800/21 840/802/21
f 850/691/15 913/693/15 914/690/15
f 851/694/16 915/695/16 913/693/16
f 852/696/17 916/697/17 915/695/17
f 853/698/18 917/699/18 916/697/18
f 854/700/19 918/701/19 917/699/19
f 855/702/20 919/703/20 918/701/20
f 856/704/21 920/705/21 919/703/21
f 857/706/22 921/707/22 920/705/22
f 858/708/23 922/709/23 921/707/23
f 859/710/24 923/711/24 922/709/24
f 860/712/25 924/713/25 923/711/25
f 861/714/26 925/715/26 924/713/26
f 862/716/27 926/717/27 925/715/27
f 863/718/28 927/719/28 926/717/28
f 864/720/29 928/721/29 927/719/29
f 865/722/30 929/723/30 928/721/30
f 866/724/31 930/725/31 929/723/31
f 867/726/32 931/727/32 930/725/32
f 868/728/33 932/729/33 931/727/33
f 869/730/34 933/731/34 932/729/34
f 870/732/35 934/733/35 933/731/35
f 871/734/36 935/735/36 934/733/36
f 872/736/37 936/737/37 935/735/37
f 873/738/38 937/739/38 936/737/38
f 874/740/39 938/741/39 937/739/39
f 875/742/40 939/743/40 938/741/40
f 876/744/41 940/745/41 939/743/41
f 877/746/42 941/747/42 940/745/42
f 878/748/43 942/749/43 941/747/43
f 879/750/44 943/753/44 942/749/44
f 955/819/40 954/820/40 890/820/40
f 880/754/45 944/755/45 943/753/45
f 849/756/46 914/1144/46 944/755/46
f 881/821/4 914/1145/4 913/822/4
f 882/823/4 913/822/4 915/824/4
f 883/825/4 915/824/4 916/826/4
f 884/827/4 916/826/4 917/828/4
f 885/829/4 917/828/4 918/830/4
f 886/831/4 918/830/4 919/832/4
f 887/833/4 919/832/4 920/834/4
f 888/835/4 920/834/4 921/836/4
f 921/836/4 922/838/4 890/820/4
f 922/838/4 923/839/4 891/819/4
f 923/839/4 924/841/4 892/840/4
f 924/841/4 925/843/4 893/842/4
f 925/843/4 926/845/4 894/844/4
f 926/845/4 927/847/4 895/846/4
f 927/847/4 928/849/4 896/848/4
f 928/849/4 929/1146/4 897/850/4
f 897/850/4 929/1146/4 930/851/4
f 898/852/4 930/851/4 931/853/4
f 899/854/4 931/853/4 932/855/4
f 900/856/4 932/855/4 933/857/4
f 901/858/4 933/857/4 934/859/4
f 902/860/4 934/859/4 935/861/4
f 903/862/4 935/861/4 936/863/4
f 904/864/4 936/863/4 937/865/4
f 937/865/4 938/868/4 906/867/4
f 938/868/4 939/870/4 907/869/4
f 939/870/4 940/872/4 908/871/4
f 940/872/4 941/874/4 909/873/4
f 941/874/4 942/876/4 910/875/4
f 942/876/4 943/878/4 911/877/4
f 943/878/4 944/880/4 912/879/4
f 944/880/4 914/1145/4 881/821/4
f 946/821/4 945/823/4 976/879/4
f 945/823/4 947/825/4 976/879/4
f 947/825/4 948/827/4 974/875/4
f 948/827/4 949/829/4 973/873/4
f 949/829/4 950/831/4 973/873/4
f 950/831/4 951/833/4 972/871/4
f 973/873/4 950/831/4 972/871/4
f 951/833/4 952/835/4 971/869/4
f 952/835/4 953/837/4 970/867/4
f 971/869/4 952/835/4 970/867/4
f 953/837/4 954/820/4 968/864/4
f 954/820/4 955/819/4 967/862/4
f 955/819/4 956/840/4 966/860/4
f 956/840/4 957/842/4 965/858/4
f 957/842/4 958/844/4 965/858/4
f 958/844/4 959/846/4 964/856/4
f 965/858/4 958/844/4 964/856/4
f 959/846/4 960/848/4 962/852/4
f 960/848/4 961/850/4 962/852/4
f 962/852/4 963/854/4 959/846/4
f 963/854/4 964/856/4 959/846/4
f 965/858/4 966/860/4 956/840/4
f 966/860/4 967/862/4 955/819/4
f 967/862/4 968/864/4 954/820/4
f 968/864/4 969/866/4 953/837/4
f 969/866/4 970/867/4 953/837/4
f 971/869/4 972/871/4 951/833/4
f 973/873/4 974/875/4 948/827/4
f 974/875/4 975/877/4 947/825/4
f 969/866/22 968/864/22 904/864/22
f 956/840/41 955/819/41 891/819/41
f 970/867/23 969/866/23 905/866/23
f 957/842/42 956/840/42 892/840/42
f 971/869/24 970/867/24 906/867/24
f 958/844/43 957/842/43 893/842/43
f 972/871/25 971/869/25 907/869/25
f 959/846/44 958/844/44 894/844/44
f 945/823/31 946/821/31 881/821/31
f 973/873/26 972/871/26 908/871/26
f 960/848/45 959/846/45 895/846/45
f 947/825/32 945/823/32 882/823/32
f 974/875/27 973/873/27 909/873/27
f 961/850/46 960/848/46 896/848/46
f 948/827/33 947/825/33 883/825/33
f 975/877/28 974/875/28 910/875/28
f 962/852/15 961/850/15 897/850/15
f 949/829/34 948/827/34 884/827/34
f 976/879/29 975/877/29 911/877/29
f 963/854/16 962/852/16 898/852/16
f 950/831/35 949/829/35 885/829/35
f 946/821/30 976/879/30 912/879/30
f 964/856/17 963/854/17 899/854/17
f 951/833/36 950/831/36 886/831/36
f 965/858/18 964/856/18 900/856/18
f 952/835/37 951/833/37 887/833/37
f 966/860/19 965/858/19 901/858/19
f 953/837/38 952/835/38 888/835/38
f 967/862/20 966/860/20 902/860/20
f 954/820/39 953/837/39 889/837/39
f 968/864/21 967/862/21 903/862/21
f 1010/881/15 1009/884/15 1074/882/15
f 1009/884/16 1011/886/16 1075/885/16
f 1011/886/17 1012/888/17 1076/887/17
f 1012/888/18 1013/890/18 1077/889/18
f 1013/890/19 1014/892/19 1078/891/19
f 1014/892/20 1015/894/20 1079/893/20
f 1015/894/21 1016/896/21 1080/895/21
f 1016/896/22 1017/898/22 1081/897/22
f 1017/898/23 1018/900/23 1082/899/23
f 1018/900/24 1019/902/24 1083/901/24
f 1019/902/25 1020/904/25 1084/903/25
f 1020/904/26 1021/906/26 1085/905/26
f 1021/906/27 1022/908/27 1086/907/27
f 1022/908/28 1023/910/28 1087/909/28
f 1023/910/29 1024/912/29 1088/911/29
f 1024/912/30 1025/914/30 1089/913/30
f 1025/914/31 1026/916/31 1090/915/31
f 1026/916/32 1027/918/32 1091/917/32
f 1027/918/33 1028/920/33 1092/919/33
f 1028/920/34 1029/922/34 1093/921/34
f 1029/922/35 1030/924/35 1094/923/35
f 1030/924/36 1031/926/36 1095/925/36
f 1031/926/37 1032/928/37 1096/927/37
f 1032/928/38 1033/930/38 1097/929/38
f 1033/930/39 1034/932/39 1098/931/39
f 1034/932/40 1035/934/40 1099/933/40
f 1035/934/41 1036/936/41 1100/935/41
f 1036/936/42 1037/938/42 1101/937/42
f 1037/938/43 1038/940/43 1102/939/43
f 1038/940/44 1039/944/44 1103/941/44
f 986/942/40 1050/942/40 1051/943/40
f 1039/944/45 1040/946/45 1104/945/45
f 1040/946/46 1010/1147/46 1073/947/46
f 977/948/3 978/951/3 1009/949/3
f 978/951/3 979/953/3 1011/952/3
f 979/953/3 980/955/3 1012/954/3
f 980/955/3 981/957/3 1013/956/3
f 981/957/3 982/959/3 1014/958/3
f 982/959/3 983/961/3 1015/960/3
f 983/961/3 984/963/3 1016/962/3
f 984/963/3 985/965/3 1017/964/3
f 986/942/3 1018/966/3 1017/964/3
f 987/943/3 1019/968/3 1018/966/3
f 988/967/3 1020/970/3 1019/968/3
f 989/969/3 1021/972/3 1020/970/3
f 990/971/3 1022/974/3 1021/972/3
f 991/973/3 1023/976/3 1022/974/3
f 992/975/3 1024/978/3 1023/976/3
f 993/977/3 1025/980/3 1024/978/3
f 993/977/3 994/981/3 1026/979/3
f 994/981/3 995/983/3 1027/982/3
f 995/983/3 996/985/3 1028/984/3
f 996/985/3 997/987/3 1029/986/3
f 997/987/3 998/989/3 1030/988/3
f 998/989/3 999/991/3 1031/990/3
f 999/991/3 1000/993/3 1032/992/3
f 1000/993/3 1001/996/3 1033/994/3
f 1002/995/3 1034/998/3 1033/994/3
f 1003/997/3 1035/1000/3 1034/998/3
f 1004/999/3 1036/1002/3 1035/1000/3
f 1005/1001/3 1037/1004/3 1036/1002/3
f 1006/1003/3 1038/1006/3 1037/1004/3
f 1007/1005/3 1039/1008/3 1038/1006/3
f 1008/1007/3 1040/1009/3 1039/1008/3
f 977/948/3 1010/950/3 1040/1009/3
f 1043/953/3 1041/951/3 1072/1007/3
f 1041/951/3 1042/948/3 1072/1007/3
f 1072/1007/3 1071/1005/3 1043/953/3
f 1071/1005/3 1070/1003/3 1043/953/3
f 1070/1003/3 1069/1001/3 1044/955/3
f 1043/953/3 1070/1003/3 1044/955/3
f 1069/1001/3 1068/999/3 1045/957/3
f 1068/999/3 1067/997/3 1046/959/3
f 1045/957/3 1068/999/3 1046/959/3
f 1067/997/3 1066/995/3 1048/963/3
f 1066/995/3 1065/996/3 1049/965/3
f 1065/996/3 1064/993/3 1050/942/3
f 1064/993/3 1063/991/3 1051/943/3
f 1063/991/3 1062/989/3 1051/943/3
f 1062/989/3 1061/987/3 1052/967/3
f 1051/943/3 1062/989/3 1052/967/3
f 1061/987/3 1060/985/3 1053/969/3
f 1060/985/3 1059/983/3 1054/971/3
f 1053/969/3 1060/985/3 1054/971/3
f 1059/983/3 1058/981/3 1056/975/3
f 1058/981/3 1057/977/3 1056/975/3
f 1056/975/3 1055/973/3 1059/983/3
f 1055/973/3 1054/971/3 1059/983/3
f 1053/969/3 1052/967/3 1061/987/3
f 1051/943/3 1050/942/3 1064/993/3
f 1050/942/3 1049/965/3 1065/996/3
f 1049/965/3 1048/963/3 1066/995/3
f 1048/963/3 1047/961/3 1067/997/3
f 1047/961/3 1046/959/3 1067/997/3
f 1000/993/22 1064/993/22 1065/996/22
f 987/943/41 1051/943/41 1052/967/41
f 1001/996/23 1065/996/23 1066/995/23
f 988/967/42 1052/967/42 1053/969/42
f 1002/995/24 1066/995/24 1067/997/24
f 989/969/43 1053/969/43 1054/971/43
f 1003/997/25 1067/997/25 1068/999/25
f 990/971/44 1054/971/44 1055/973/44
f 977/948/31 1042/948/31 1041/951/31
f 1004/999/26 1068/999/26 1069/1001/26
f 991/973/45 1055/973/45 1056/975/45
f 978/951/32 1041/951/32 1043/953/32
f 1005/1001/27 1069/1001/27 1070/1003/27
f 992/975/46 1056/975/46 1057/977/46
f 979/953/33 1043/953/33 1044/955/33
f 1006/1003/28 1070/1003/28 1071/1005/28
f 993/977/15 1057/977/15 1058/981/15
f 980/955/34 1044/955/34 1045/957/34
f 1007/1005/29 1071/1005/29 1072/1007/29
f 994/981/16 1058/981/16 1059/983/16
f 981/957/35 1045/957/35 1046/959/35
f 1008/1007/30 1072/1007/30 1042/948/30
f 995/983/17 1059/983/17 1060/985/17
f 982/959/36 1046/959/36 1047/961/36
f 996/985/18 1060/985/18 1061/987/18
f 983/961/37 1047/961/37 1048/963/37
f 997/987/19 1061/987/19 1062/989/19
f 984/963/38 1048/963/38 1049/965/38
f 998/989/20 1062/989/20 1063/991/20
f 985/965/39 1049/965/39 1050/942/39
f 999/991/21 1063/991/21 1064/993/21
f 1074/882/15 1137/884/15 1138/881/15
f 1075/885/16 1139/886/16 1137/884/16
f 1076/887/17 1140/888/17 1139/886/17
f 1077/889/18 1141/890/18 1140/888/18
f 1078/891/19 1142/892/19 1141/890/19
f 1079/893/20 1143/894/20 1142/892/20
f 1080/895/21 1144/896/21 1143/894/21
f 1081/897/22 1145/898/22 1144/896/22
f 1082/899/23 1146/900/23 1145/898/23
f 1083/901/24 1147/902/24 1146/900/24
f 1084/903/25 1148/904/25 1147/902/25
f 1085/905/26 1149/906/26 1148/904/26
f 1086/907/27 1150/908/27 1149/906/27
f 1087/909/28 1151/910/28 1150/908/28
f 1088/911/29 1152/912/29 1151/910/29
f 1089/913/30 1153/914/30 1152/912/30
f 1090/915/31 1154/916/31 1153/914/31
f 1091/917/32 1155/918/32 1154/916/32
f 1092/919/33 1156/920/33 1155/918/33
f 1093/921/34 1157/922/34 1156/920/34
f 1094/923/35 1158/924/35 1157/922/35
f 1095/925/36 1159/926/36 1158/924/36
f 1096/927/37 1160/928/37 1159/926/37
f 1097/929/38 1161/930/38 1160/928/38
f 1098/931/39 1162/932/39 1161/930/39
f 1099/933/40 1163/934/40 1162/932/40
f 1100/935/41 1164/936/41 1163/934/41
f 1101/937/42 1165/938/42 1164/936/42
f 1102/939/43 1166/940/43 1165/938/43
f 1103/941/44 1167/944/44 1166/940/44
f 1179/1010/40 1178/1011/40 1114/1011/40
f 1104/945/45 1168/946/45 1167/944/45
f 1073/947/46 1138/1147/46 1168/946/46
f 1105/1012/4 1138/1148/4 1137/1013/4
f 1106/1014/4 1137/1013/4 1139/1015/4
f 1107/1016/4 1139/1015/4 1140/1017/4
f 1108/1018/4 1140/1017/4 1141/1019/4
f 1109/1020/4 1141/1019/4 1142/1021/4
f 1110/1022/4 1142/1021/4 1143/1023/4
f 1111/1024/4 1143/1023/4 1144/1025/4
f 1112/1026/4 1144/1025/4 1145/1027/4
f 1145/1027/4 1146/1029/4 1114/1011/4
f 1146/1029/4 1147/1030/4 1115/1010/4
f 1147/1030/4 1148/1032/4 1116/1031/4
f 1148/1032/4 1149/1034/4 1117/1033/4
f 1149/1034/4 1150/1036/4 1118/1035/4
f 1150/1036/4 1151/1038/4 1119/1037/4
f 1151/1038/4 1152/1040/4 1120/1039/4
f 1152/1040/4 1153/1149/4 1121/1041/4
f 1121/1041/4 1153/1149/4 1154/1042/4
f 1122/1043/4 1154/1042/4 1155/1044/4
f 1123/1045/4 1155/1044/4 1156/1046/4
f 1124/1047/4 1156/1046/4 1157/1048/4
f 1125/1049/4 1157/1048/4 1158/1050/4
f 1126/1051/4 1158/1050/4 1159/1052/4
f 1127/1053/4 1159/1052/4 1160/1054/4
f 1128/1055/4 1160/1054/4 1161/1056/4
f 1161/1056/4 1162/1059/4 1130/1058/4
f 1162/1059/4 1163/1061/4 1131/1060/4
f 1163/1061/4 1164/1063/4 1132/1062/4
f 1164/1063/4 1165/1065/4 1133/1064/4
f 1165/1065/4 1166/1067/4 1134/1066/4
f 1166/1067/4 1167/1069/4 1135/1068/4
f 1167/1069/4 1168/1071/4 1136/1070/4
f 1168/1071/4 1138/1148/4 1105/1012/4
f 1170/1012/4 1169/1014/4 1200/1070/4
f 1169/1014/4 1171/1016/4 1200/1070/4
f 1171/1016/4 1172/1018/4 1198/1066/4
f 1172/1018/4 1173/1020/4 1197/1064/4
f 1173/1020/4 1174/1022/4 1196/1062/4
f 1174/1022/4 1175/1024/4 1195/1060/4
f 1175/1024/4 1176/1026/4 1194/1058/4
f 1176/1026/4 1177/1028/4 1193/1057/4
f 1177/1028/4 1178/1011/4 1192/1055/4
f 1178/1011/4 1179/1010/4 1191/1053/4
f 1179/1010/4 1180/1031/4 1190/1051/4
f 1180/1031/4 1181/1033/4 1189/1049/4
f 1181/1033/4 1182/1035/4 1188/1047/4
f 1182/1035/4 1183/1037/4 1187/1045/4
f 1183/1037/4 1184/1039/4 1186/1043/4
f 1184/1039/4 1185/1041/4 1186/1043/4
f 1186/1043/4 1187/1045/4 1183/1037/4
f 1187/1045/4 1188/1047/4 1182/1035/4
f 1188/1047/4 1189/1049/4 1181/1033/4
f 1189/1049/4 1190/1051/4 1180/1031/4
f 1190/1051/4 1191/1053/4 1179/1010/4
f 1191/1053/4 1192/1055/4 1178/1011/4
f 1192/1055/4 1193/1057/4 1177/1028/4
f 1193/1057/4 1194/1058/4 1176/1026/4
f 1194/1058/4 1195/1060/4 1175/1024/4
f 1195/1060/4 1196/1062/4 1174/1022/4
f 1196/1062/4 1197/1064/4 1173/1020/4
f 1197/1064/4 1198/1066/4 1172/1018/4
f 1198/1066/4 1199/1068/4 1171/1016/4
f 1193/1057/22 1192/1055/22 1128/1055/22
f 1180/1031/41 1179/1010/41 1115/1010/41
f 1194/1058/23 1193/1057/23 1129/1057/23
f 1181/1033/42 1180/1031/42 1116/1031/42
f 1195/1060/24 1194/1058/24 1130/1058/24
f 1182/1035/43 1181/1033/43 1117/1033/43
f 1196/1062/25 1195/1060/25 1131/1060/25
f 1183/1037/44 1182/1035/44 1118/1035/44
f 1169/1014/31 1170/1012/31 1105/1012/31
f 1197/1064/26 1196/1062/26 1132/1062/26
f 1184/1039/45 1183/1037/45 1119/1037/45
f 1171/1016/32 1169/1014/32 1106/1014/32
f 1198/1066/27 1197/1064/27 1133/1064/27
f 1185/1041/46 1184/1039/46 1120/1039/46
f 1172/1018/33 1171/1016/33 1107/1016/33
f 1199/1068/28 1198/1066/28 1134/1066/28
f 1186/1043/15 1185/1041/15 1121/1041/15
f 1173/1020/34 1172/1018/34 1108/1018/34
f 1200/1070/29 1199/1068/29 1135/1068/29
f 1187/1045/16 1186/1043/16 1122/1043/16
f 1174/1022/35 1173/1020/35 1109/1020/35
f 1170/1012/30 1200/1070/30 1136/1070/30
f 1188/1047/17 1187/1045/17 1123/1045/17
f 1175/1024/36 1174/1022/36 1110/1022/36
f 1189/1049/18 1188/1047/18 1124/1047/18
f 1176/1026/37 1175/1024/37 1111/1024/37
f 1190/1051/19 1189/1049/19 1125/1049/19
f 1177/1028/38 1176/1026/38 1112/1026/38
f 1191/1053/20 1190/1051/20 1126/1051/20
f 1178/1011/39 1177/1028/39 1113/1028/39
f 1192/1055/21 1191/1053/21 1127/1053/21
