# Blender 4.4.0
# www.blender.org
mtllib verticalTank.mtl
o sityuu
v -2.400000 -3.300000 2.050000
v -2.400000 -3.000000 2.050000
v -2.400000 -3.300000 -2.050000
v -2.400000 -3.000000 -2.050000
v -2.100000 -3.300000 2.050000
v -2.100000 -3.000000 2.050000
v -2.100000 -3.300000 -2.050000
v -2.100000 -3.000000 -2.050000
v 2.050000 -4.600000 2.450000
v 2.050000 -1.600000 2.450000
v 2.050000 -4.600000 2.050000
v 2.050000 -1.600000 2.050000
v 2.450000 -4.600000 2.450000
v 2.450000 -1.600000 2.450000
v 2.450000 -4.600000 2.050000
v 2.450000 -1.600000 2.050000
v 2.050000 -4.600000 -2.050000
v 2.050000 -1.600000 -2.050000
v 2.050000 -4.600000 -2.450000
v 2.050000 -1.600000 -2.450000
v 2.450000 -4.600000 -2.050000
v 2.450000 -1.600000 -2.050000
v 2.450000 -4.600000 -2.450000
v 2.450000 -1.600000 -2.450000
v 2.100000 -3.300000 2.050000
v 2.100000 -3.000000 2.050000
v 2.100000 -3.300000 -2.050000
v 2.100000 -3.000000 -2.050000
v 2.400000 -3.300000 2.050000
v 2.400000 -3.000000 2.050000
v 2.400000 -3.300000 -2.050000
v 2.400000 -3.000000 -2.050000
v -2.450000 -4.600000 2.450000
v -2.450000 -1.600000 2.450000
v -2.450000 -4.600000 2.050000
v -2.450000 -1.600000 2.050000
v -2.050000 -4.600000 2.450000
v -2.050000 -1.600000 2.450000
v -2.050000 -4.600000 2.050000
v -2.050000 -1.600000 2.050000
v -2.450000 -4.600000 -2.050000
v -2.450000 -1.600000 -2.050000
v -2.450000 -4.600000 -2.450000
v -2.450000 -1.600000 -2.450000
v -2.050000 -4.600000 -2.050000
v -2.050000 -1.600000 -2.050000
v -2.050000 -4.600000 -2.450000
v -2.050000 -1.600000 -2.450000
v -2.050000 -3.300000 2.400000
v -2.050000 -3.000000 2.400000
v -2.050000 -3.300000 2.100000
v -2.050000 -3.000000 2.100000
v 2.050000 -3.300000 2.400000
v 2.050000 -3.000000 2.400000
v 2.050000 -3.300000 2.100000
v 2.050000 -3.000000 2.100000
v -2.050000 -3.300000 -2.100000
v -2.050000 -3.000000 -2.100000
v -2.050000 -3.300000 -2.400000
v -2.050000 -3.000000 -2.400000
v 2.050000 -3.300000 -2.100000
v 2.050000 -3.000000 -2.100000
v 2.050000 -3.300000 -2.400000
v 2.050000 -3.000000 -2.400000
v 0.000000 -3.029224 -2.048856
v 0.399712 -3.029224 -2.009488
v 0.784063 -3.029224 -1.892896
v 1.138283 -3.029224 -1.703561
v 1.448760 -3.029224 -1.448760
v 1.703561 -3.029224 -1.138283
v 1.892896 -3.029224 -0.784063
v 2.009488 -3.029224 -0.399712
v 2.048856 -3.029224 0.000000
v 2.009488 -3.029224 0.399712
v 1.892896 -3.029224 0.784063
v 1.703561 -3.029224 1.138283
v 1.448760 -3.029224 1.448760
v 1.138283 -3.029224 1.703561
v 0.784063 -3.029224 1.892896
v 0.399712 -3.029224 2.009488
v 0.000000 -3.029224 2.048856
v -0.399712 -3.029224 2.009488
v -0.784063 -3.029224 1.892896
v -1.138283 -3.029224 1.703561
v -1.448760 -3.029224 1.448760
v -1.703561 -3.029224 1.138283
v -1.892896 -3.029224 0.784063
v -2.009487 -3.029224 0.399712
v -2.048856 -3.029224 0.000000
v -2.009487 -3.029224 -0.399712
v -1.892896 -3.029224 -0.784063
v -1.703561 -3.029224 -1.138283
v -1.448760 -3.029224 -1.448760
v -1.138283 -3.029224 -1.703561
v -0.784063 -3.029224 -1.892896
v -0.399712 -3.029224 -2.009488
v 0.000000 -2.555468 -2.900000
v 0.565762 -2.555468 -2.844278
v 1.109782 -2.555468 -2.679251
v 1.611154 -2.555468 -2.411262
v 2.050610 -2.555468 -2.050610
v 2.411262 -2.555468 -1.611154
v 2.679251 -2.555468 -1.109782
v 2.844278 -2.555468 -0.565762
v 2.900000 -2.555468 0.000000
v 2.844278 -2.555468 0.565762
v 2.679251 -2.555468 1.109782
v 2.411262 -2.555468 1.611154
v 2.050610 -2.555468 2.050610
v 1.611154 -2.555468 2.411262
v 1.109782 -2.555468 2.679251
v 0.565762 -2.555468 2.844278
v 0.000000 -2.555468 2.900000
v -0.565762 -2.555468 2.844278
v -1.109782 -2.555468 2.679251
v -1.611154 -2.555468 2.411262
v -2.050610 -2.555468 2.050610
v -2.411262 -2.555468 1.611154
v -2.679251 -2.555468 1.109782
v -2.844277 -2.555468 0.565762
v -2.900000 -2.555468 0.000000
v -2.844277 -2.555468 -0.565762
v -2.679251 -2.555468 -1.109782
v -2.411262 -2.555468 -1.611154
v -2.050610 -2.555468 -2.050610
v -1.611154 -2.555468 -2.411262
v -1.109782 -2.555468 -2.679251
v -0.565762 -2.555468 -2.844278
v 0.000000 -2.851380 -2.467330
v 0.481352 -2.851380 -2.419921
v 0.944206 -2.851380 -2.279516
v 1.370775 -2.851380 -2.051510
v 1.744666 -2.851380 -1.744666
v 2.051510 -2.851380 -1.370775
v 2.279516 -2.851380 -0.944206
v 2.419920 -2.851380 -0.481352
v 2.467330 -2.851380 0.000000
v 2.419920 -2.851380 0.481352
v 2.279516 -2.851380 0.944206
v 2.051510 -2.851380 1.370775
v 1.744666 -2.851380 1.744666
v 1.370775 -2.851380 2.051510
v 0.944206 -2.851380 2.279516
v 0.481352 -2.851380 2.419921
v 0.000000 -2.851380 2.467330
v -0.481352 -2.851380 2.419921
v -0.944206 -2.851380 2.279516
v -1.370775 -2.851380 2.051510
v -1.744666 -2.851380 1.744666
v -2.051510 -2.851380 1.370775
v -2.279516 -2.851380 0.944206
v -2.419920 -2.851380 0.481352
v -2.467330 -2.851380 0.000000
v -2.419920 -2.851380 -0.481352
v -2.279516 -2.851380 -0.944206
v -2.051510 -2.851380 -1.370775
v -1.744666 -2.851380 -1.744666
v -1.370775 -2.851380 -2.051510
v -0.944206 -2.851380 -2.279516
v -0.481352 -2.851380 -2.419921
v 0.565762 -0.855171 -2.844278
v 0.565762 -1.144829 -2.844278
v 0.577077 -0.951723 -2.901163
v 0.577077 -1.048276 -2.901163
v 1.109782 -0.855171 -2.679251
v 1.109782 -1.144829 -2.679251
v 1.131978 -0.951723 -2.732836
v 1.131978 -1.048276 -2.732836
v 1.611154 -0.855171 -2.411262
v 1.611154 -1.144829 -2.411262
v 1.643377 -0.951723 -2.459487
v 1.643377 -1.048276 -2.459487
v 2.050610 -0.855171 -2.050610
v 2.050610 -1.144829 -2.050610
v 2.091622 -0.951723 -2.091622
v 2.091622 -1.048276 -2.091622
v 2.411262 -0.855171 -1.611154
v 2.411262 -1.144829 -1.611154
v 2.459487 -0.951723 -1.643377
v 2.459487 -1.048276 -1.643377
v 2.679251 -0.855171 -1.109782
v 2.679251 -1.144829 -1.109782
v 2.732835 -0.951723 -1.131978
v 2.732835 -1.048276 -1.131978
v 2.844278 -0.855171 -0.565762
v 2.844278 -1.144829 -0.565762
v 2.901162 -0.951723 -0.577077
v 2.901162 -1.048276 -0.577077
v 2.900000 -0.855171 0.000000
v 2.900000 -1.144829 0.000000
v 2.958000 -0.951723 -0.000000
v 2.958000 -1.048276 -0.000000
v 2.844278 -0.855171 0.565762
v 2.844278 -1.144829 0.565762
v 2.901162 -0.951723 0.577077
v 2.901162 -1.048276 0.577077
v 2.679251 -0.855171 1.109782
v 2.679251 -1.144829 1.109782
v 2.732835 -0.951723 1.131978
v 2.732835 -1.048276 1.131978
v 2.411262 -0.855171 1.611154
v 2.411262 -1.144829 1.611154
v 2.459487 -0.951723 1.643377
v 2.459487 -1.048276 1.643377
v 2.050610 -0.855171 2.050610
v 2.050610 -1.144829 2.050610
v 2.091622 -0.951723 2.091622
v 2.091622 -1.048276 2.091622
v 1.611154 -0.855171 2.411262
v 1.611154 -1.144829 2.411262
v 1.643377 -0.951723 2.459487
v 1.643377 -1.048276 2.459487
v 1.109782 -0.855171 2.679251
v 1.109782 -1.144829 2.679251
v 1.131978 -0.951723 2.732836
v 1.131978 -1.048276 2.732836
v 0.565762 -0.855171 2.844278
v 0.565762 -1.144829 2.844278
v 0.577077 -0.951723 2.901163
v 0.577077 -1.048276 2.901163
v 0.000000 -0.855171 2.900000
v 0.000000 -1.144829 2.900000
v 0.000000 -0.951723 2.958000
v 0.000000 -1.048276 2.958000
v -0.565762 -0.855171 2.844278
v -0.565762 -1.144829 2.844278
v -0.577077 -0.951723 2.901163
v -0.577077 -1.048276 2.901163
v -1.109782 -0.855171 2.679251
v -1.109782 -1.144829 2.679251
v -1.131978 -0.951723 2.732836
v -1.131978 -1.048276 2.732836
v -1.611154 -0.855171 2.411262
v -1.611154 -1.144829 2.411262
v -1.643377 -0.951723 2.459487
v -1.643377 -1.048276 2.459487
v -2.050610 -0.855171 2.050610
v -2.050610 -1.144829 2.050610
v -2.091622 -0.951723 2.091622
v -2.091622 -1.048276 2.091622
v -2.411262 -0.855171 1.611154
v -2.411262 -1.144829 1.611154
v -2.459487 -0.951723 1.643377
v -2.459487 -1.048276 1.643377
v -2.679251 -0.855171 1.109782
v -2.679251 -1.144829 1.109782
v -2.732835 -0.951723 1.131978
v -2.732835 -1.048276 1.131978
v -2.844277 -0.855171 0.565762
v -2.844277 -1.144829 0.565762
v -2.901162 -0.951723 0.577077
v -2.901162 -1.048276 0.577077
v -2.900000 -0.855171 0.000000
v -2.900000 -1.144829 0.000000
v -2.958000 -0.951723 -0.000000
v -2.958000 -1.048276 -0.000000
v -2.844277 -0.855171 -0.565762
v -2.844277 -1.144829 -0.565762
v -2.901162 -0.951723 -0.577077
v -2.901162 -1.048276 -0.577077
v -2.679251 -0.855171 -1.109782
v -2.679251 -1.144829 -1.109782
v -2.732835 -0.951723 -1.131978
v -2.732835 -1.048276 -1.131978
v -2.411262 -0.855171 -1.611154
v -2.411262 -1.144829 -1.611154
v -2.459487 -0.951723 -1.643377
v -2.459487 -1.048276 -1.643377
v -2.050610 -0.855171 -2.050610
v -2.050610 -1.144829 -2.050610
v -2.091622 -0.951723 -2.091622
v -2.091622 -1.048276 -2.091622
v -1.611154 -0.855171 -2.411262
v -1.611154 -1.144829 -2.411262
v -1.643377 -0.951723 -2.459487
v -1.643377 -1.048276 -2.459487
v -1.109782 -0.855171 -2.679251
v -1.109782 -1.144829 -2.679251
v -1.131978 -0.951723 -2.732836
v -1.131978 -1.048276 -2.732836
v -0.565762 -0.855171 -2.844278
v -0.565762 -1.144829 -2.844278
v -0.577077 -0.951723 -2.901163
v -0.577077 -1.048276 -2.901163
v 0.000000 -1.144829 -2.900000
v 0.000000 -0.855171 -2.900000
v 0.000000 -1.048276 -2.958000
v 0.000000 -0.951723 -2.958000
v 0.000000 5.029225 -2.048856
v 0.399712 5.029225 -2.009488
v 0.784063 5.029225 -1.892896
v 1.138283 5.029225 -1.703561
v 1.448760 5.029225 -1.448760
v 1.703561 5.029225 -1.138283
v 1.892896 5.029225 -0.784063
v 2.009488 5.029225 -0.399712
v 2.048856 5.029225 0.000000
v 2.009488 5.029225 0.399712
v 1.892896 5.029225 0.784063
v 1.703561 5.029225 1.138283
v 1.448760 5.029225 1.448760
v 1.138283 5.029225 1.703561
v 0.784063 5.029225 1.892896
v 0.399712 5.029225 2.009488
v 0.000000 5.029225 2.048856
v -0.399712 5.029225 2.009488
v -0.784063 5.029225 1.892896
v -1.138283 5.029225 1.703561
v -1.448760 5.029225 1.448760
v -1.703561 5.029225 1.138283
v -1.892896 5.029225 0.784063
v -2.009487 5.029225 0.399712
v -2.048856 5.029225 0.000000
v -2.009487 5.029225 -0.399712
v -1.892896 5.029225 -0.784063
v -1.703561 5.029225 -1.138283
v -1.448760 5.029225 -1.448760
v -1.138283 5.029225 -1.703561
v -0.784063 5.029225 -1.892896
v -0.399712 5.029225 -2.009488
v 0.000000 4.555469 -2.900000
v 0.565762 4.555469 -2.844278
v 1.109782 4.555469 -2.679251
v 1.611154 4.555469 -2.411262
v 2.050610 4.555469 -2.050610
v 2.411262 4.555469 -1.611154
v 2.679251 4.555469 -1.109782
v 2.844278 4.555469 -0.565762
v 2.900000 4.555469 0.000000
v 2.844278 4.555469 0.565762
v 2.679251 4.555469 1.109782
v 2.411262 4.555469 1.611154
v 2.050610 4.555469 2.050610
v 1.611154 4.555469 2.411262
v 1.109782 4.555469 2.679251
v 0.565762 4.555469 2.844278
v 0.000000 4.555469 2.900000
v -0.565762 4.555469 2.844278
v -1.109782 4.555469 2.679251
v -1.611154 4.555469 2.411262
v -2.050610 4.555469 2.050610
v -2.411262 4.555469 1.611154
v -2.679251 4.555469 1.109782
v -2.844277 4.555469 0.565762
v -2.900000 4.555469 0.000000
v -2.844277 4.555469 -0.565762
v -2.679251 4.555469 -1.109782
v -2.411262 4.555469 -1.611154
v -2.050610 4.555469 -2.050610
v -1.611154 4.555469 -2.411262
v -1.109782 4.555469 -2.679251
v -0.565762 4.555469 -2.844278
v 0.000000 4.851380 -2.467330
v 0.481352 4.851380 -2.419921
v 0.944206 4.851380 -2.279516
v 1.370775 4.851380 -2.051510
v 1.744666 4.851380 -1.744666
v 2.051510 4.851380 -1.370775
v 2.279516 4.851380 -0.944206
v 2.419920 4.851380 -0.481352
v 2.467330 4.851380 0.000000
v 2.419920 4.851380 0.481352
v 2.279516 4.851380 0.944206
v 2.051510 4.851380 1.370775
v 1.744666 4.851380 1.744666
v 1.370775 4.851380 2.051510
v 0.944206 4.851380 2.279516
v 0.481352 4.851380 2.419921
v 0.000000 4.851380 2.467330
v -0.481352 4.851380 2.419921
v -0.944206 4.851380 2.279516
v -1.370775 4.851380 2.051510
v -1.744666 4.851380 1.744666
v -2.051510 4.851380 1.370775
v -2.279516 4.851380 0.944206
v -2.419920 4.851380 0.481352
v -2.467330 4.851380 0.000000
v -2.419920 4.851380 -0.481352
v -2.279516 4.851380 -0.944206
v -2.051510 4.851380 -1.370775
v -1.744666 4.851380 -1.744666
v -1.370775 4.851380 -2.051510
v -0.944206 4.851380 -2.279516
v -0.481352 4.851380 -2.419921
v 0.565762 2.855171 -2.844278
v 0.565762 3.144830 -2.844278
v 0.577077 2.951724 -2.901163
v 0.577077 3.048277 -2.901163
v 1.109782 2.855171 -2.679251
v 1.109782 3.144830 -2.679251
v 1.131978 2.951724 -2.732836
v 1.131978 3.048277 -2.732836
v 1.611154 2.855171 -2.411262
v 1.611154 3.144830 -2.411262
v 1.643377 2.951724 -2.459487
v 1.643377 3.048277 -2.459487
v 2.050610 2.855171 -2.050610
v 2.050610 3.144830 -2.050610
v 2.091622 2.951724 -2.091622
v 2.091622 3.048277 -2.091622
v 2.411262 2.855171 -1.611154
v 2.411262 3.144830 -1.611154
v 2.459487 2.951724 -1.643377
v 2.459487 3.048277 -1.643377
v 2.679251 2.855171 -1.109782
v 2.679251 3.144830 -1.109782
v 2.732835 2.951724 -1.131978
v 2.732835 3.048277 -1.131978
v 2.844278 2.855171 -0.565762
v 2.844278 3.144830 -0.565762
v 2.901162 2.951724 -0.577077
v 2.901162 3.048277 -0.577077
v 2.900000 2.855171 0.000000
v 2.900000 3.144830 0.000000
v 2.958000 2.951724 -0.000000
v 2.958000 3.048277 -0.000000
v 2.844278 2.855171 0.565762
v 2.844278 3.144830 0.565762
v 2.901162 2.951724 0.577077
v 2.901162 3.048277 0.577077
v 2.679251 2.855171 1.109782
v 2.679251 3.144830 1.109782
v 2.732835 2.951724 1.131978
v 2.732835 3.048277 1.131978
v 2.411262 2.855171 1.611154
v 2.411262 3.144830 1.611154
v 2.459487 2.951724 1.643377
v 2.459487 3.048277 1.643377
v 2.050610 2.855171 2.050610
v 2.050610 3.144830 2.050610
v 2.091622 2.951724 2.091622
v 2.091622 3.048277 2.091622
v 1.611154 2.855171 2.411262
v 1.611154 3.144830 2.411262
v 1.643377 2.951724 2.459487
v 1.643377 3.048277 2.459487
v 1.109782 2.855171 2.679251
v 1.109782 3.144830 2.679251
v 1.131978 2.951724 2.732836
v 1.131978 3.048277 2.732836
v 0.565762 2.855171 2.844278
v 0.565762 3.144830 2.844278
v 0.577077 2.951724 2.901163
v 0.577077 3.048277 2.901163
v 0.000000 2.855171 2.900000
v 0.000000 3.144830 2.900000
v 0.000000 2.951724 2.958000
v 0.000000 3.048277 2.958000
v -0.565762 2.855171 2.844278
v -0.565762 3.144830 2.844278
v -0.577077 2.951724 2.901163
v -0.577077 3.048277 2.901163
v -1.109782 2.855171 2.679251
v -1.109782 3.144830 2.679251
v -1.131978 2.951724 2.732836
v -1.131978 3.048277 2.732836
v -1.611154 2.855171 2.411262
v -1.611154 3.144830 2.411262
v -1.643377 2.951724 2.459487
v -1.643377 3.048277 2.459487
v -2.050610 2.855171 2.050610
v -2.050610 3.144830 2.050610
v -2.091622 2.951724 2.091622
v -2.091622 3.048277 2.091622
v -2.411262 2.855171 1.611154
v -2.411262 3.144830 1.611154
v -2.459487 2.951724 1.643377
v -2.459487 3.048277 1.643377
v -2.679251 2.855171 1.109782
v -2.679251 3.144830 1.109782
v -2.732835 2.951724 1.131978
v -2.732835 3.048277 1.131978
v -2.844277 2.855171 0.565762
v -2.844277 3.144830 0.565762
v -2.901162 2.951724 0.577077
v -2.901162 3.048277 0.577077
v -2.900000 2.855171 0.000000
v -2.900000 3.144830 0.000000
v -2.958000 2.951724 -0.000000
v -2.958000 3.048277 -0.000000
v -2.844277 2.855171 -0.565762
v -2.844277 3.144830 -0.565762
v -2.901162 2.951724 -0.577077
v -2.901162 3.048277 -0.577077
v -2.679251 2.855171 -1.109782
v -2.679251 3.144830 -1.109782
v -2.732835 2.951724 -1.131978
v -2.732835 3.048277 -1.131978
v -2.411262 2.855171 -1.611154
v -2.411262 3.144830 -1.611154
v -2.459487 2.951724 -1.643377
v -2.459487 3.048277 -1.643377
v -2.050610 2.855171 -2.050610
v -2.050610 3.144830 -2.050610
v -2.091622 2.951724 -2.091622
v -2.091622 3.048277 -2.091622
v -1.611154 2.855171 -2.411262
v -1.611154 3.144830 -2.411262
v -1.643377 2.951724 -2.459487
v -1.643377 3.048277 -2.459487
v -1.109782 2.855171 -2.679251
v -1.109782 3.144830 -2.679251
v -1.131978 2.951724 -2.732836
v -1.131978 3.048277 -2.732836
v -0.565762 2.855171 -2.844278
v -0.565762 3.144830 -2.844278
v -0.577077 2.951724 -2.901163
v -0.577077 3.048277 -2.901163
v 0.000000 3.144830 -2.900000
v 0.000000 2.855171 -2.900000
v 0.000000 3.048277 -2.958000
v 0.000000 2.951724 -2.958000
v 0.000000 1.111465 -2.900000
v 0.000000 0.888536 -2.900000
v 0.000000 1.037155 -2.958000
v 0.000000 0.962846 -2.958000
v 0.565762 0.888536 -2.844278
v 0.565762 1.111465 -2.844278
v 0.577077 0.962846 -2.901163
v 0.577077 1.037155 -2.901163
v 1.109782 0.888536 -2.679251
v 1.109782 1.111465 -2.679251
v 1.131978 0.962846 -2.732836
v 1.131978 1.037155 -2.732836
v 1.611154 0.888536 -2.411262
v 1.611154 1.111465 -2.411262
v 1.643377 0.962846 -2.459487
v 1.643377 1.037155 -2.459487
v 2.050610 0.888536 -2.050610
v 2.050610 1.111465 -2.050610
v 2.091622 0.962846 -2.091622
v 2.091622 1.037155 -2.091622
v 2.411262 0.888536 -1.611154
v 2.411262 1.111465 -1.611154
v 2.459487 0.962846 -1.643377
v 2.459487 1.037155 -1.643377
v 2.679251 0.888536 -1.109782
v 2.679251 1.111465 -1.109782
v 2.732835 0.962846 -1.131978
v 2.732835 1.037155 -1.131978
v 2.844278 0.888536 -0.565762
v 2.844278 1.111465 -0.565762
v 2.901162 0.962846 -0.577077
v 2.901162 1.037155 -0.577077
v 2.900000 0.888536 0.000000
v 2.900000 1.111465 0.000000
v 2.958000 0.962846 0.000000
v 2.958000 1.037155 0.000000
v 2.844278 0.888536 0.565762
v 2.844278 1.111465 0.565762
v 2.901162 0.962846 0.577077
v 2.901162 1.037155 0.577077
v 2.679251 0.888536 1.109782
v 2.679251 1.111465 1.109782
v 2.732835 0.962846 1.131978
v 2.732835 1.037155 1.131978
v 2.411262 0.888536 1.611154
v 2.411262 1.111465 1.611154
v 2.459487 0.962846 1.643377
v 2.459487 1.037155 1.643377
v 2.050610 0.888536 2.050610
v 2.050610 1.111465 2.050610
v 2.091622 0.962846 2.091622
v 2.091622 1.037155 2.091622
v 1.611154 0.888536 2.411262
v 1.611154 1.111465 2.411262
v 1.643377 0.962846 2.459487
v 1.643377 1.037155 2.459487
v 1.109782 0.888536 2.679251
v 1.109782 1.111465 2.679251
v 1.131978 0.962846 2.732836
v 1.131978 1.037155 2.732836
v 0.565762 0.888536 2.844278
v 0.565762 1.111465 2.844278
v 0.577077 0.962846 2.901163
v 0.577077 1.037155 2.901163
v 0.000000 0.888536 2.900000
v 0.000000 1.111465 2.900000
v 0.000000 0.962846 2.958000
v 0.000000 1.037155 2.958000
v -0.565762 0.888536 2.844278
v -0.565762 1.111465 2.844278
v -0.577077 0.962846 2.901163
v -0.577077 1.037155 2.901163
v -1.109782 0.888536 2.679251
v -1.109782 1.111465 2.679251
v -1.131978 0.962846 2.732836
v -1.131978 1.037155 2.732836
v -1.611154 0.888536 2.411262
v -1.611154 1.111465 2.411262
v -1.643377 0.962846 2.459487
v -1.643377 1.037155 2.459487
v -2.050610 0.888536 2.050610
v -2.050610 1.111465 2.050610
v -2.091622 0.962846 2.091622
v -2.091622 1.037155 2.091622
v -2.411262 0.888536 1.611154
v -2.411262 1.111465 1.611154
v -2.459487 0.962846 1.643377
v -2.459487 1.037155 1.643377
v -2.679251 0.888536 1.109782
v -2.679251 1.111465 1.109782
v -2.732835 0.962846 1.131978
v -2.732835 1.037155 1.131978
v -2.844277 0.888536 0.565762
v -2.844277 1.111465 0.565762
v -2.901162 0.962846 0.577077
v -2.901162 1.037155 0.577077
v -2.900000 0.888536 0.000000
v -2.900000 1.111465 0.000000
v -2.958000 0.962846 0.000000
v -2.958000 1.037155 0.000000
v -2.844277 0.888536 -0.565762
v -2.844277 1.111465 -0.565762
v -2.901162 0.962846 -0.577077
v -2.901162 1.037155 -0.577077
v -2.679251 0.888536 -1.109782
v -2.679251 1.111465 -1.109782
v -2.732835 0.962846 -1.131978
v -2.732835 1.037155 -1.131978
v -2.411262 0.888536 -1.611154
v -2.411262 1.111465 -1.611154
v -2.459487 0.962846 -1.643377
v -2.459487 1.037155 -1.643377
v -2.050610 0.888536 -2.050610
v -2.050610 1.111465 -2.050610
v -2.091622 0.962846 -2.091622
v -2.091622 1.037155 -2.091622
v -1.611154 0.888536 -2.411262
v -1.611154 1.111465 -2.411262
v -1.643377 0.962846 -2.459487
v -1.643377 1.037155 -2.459487
v -1.109782 0.888536 -2.679251
v -1.109782 1.111465 -2.679251
v -1.131978 0.962846 -2.732836
v -1.131978 1.037155 -2.732836
v -0.565762 0.888536 -2.844278
v -0.565762 1.111465 -2.844278
v -0.577077 0.962846 -2.901163
v -0.577077 1.037155 -2.901163
v 0.000000 5.030007 -1.000000
v 0.000000 5.434529 -0.833203
v 0.195091 5.030007 -0.980785
v 0.162550 5.434529 -0.817193
v 0.382684 5.030007 -0.923880
v 0.318853 5.434529 -0.769779
v 0.555570 5.030007 -0.831470
v 0.462903 5.434529 -0.692783
v 0.707107 5.030007 -0.707107
v 0.589163 5.434529 -0.589163
v 0.831470 5.030007 -0.555570
v 0.692783 5.434529 -0.462903
v 0.923880 5.030007 -0.382683
v 0.769779 5.434529 -0.318853
v 0.980785 5.030007 -0.195090
v 0.817193 5.434529 -0.162550
v 1.000000 5.030007 0.000000
v 0.833203 5.434529 0.000000
v 0.980785 5.030007 0.195090
v 0.817193 5.434529 0.162550
v 0.923880 5.030007 0.382683
v 0.769779 5.434529 0.318853
v 0.831470 5.030007 0.555570
v 0.692783 5.434529 0.462903
v 0.707107 5.030007 0.707107
v 0.589163 5.434529 0.589163
v 0.555570 5.030007 0.831470
v 0.462903 5.434529 0.692783
v 0.382684 5.030007 0.923880
v 0.318853 5.434529 0.769779
v 0.195091 5.030007 0.980785
v 0.162550 5.434529 0.817193
v 0.000000 5.030007 1.000000
v 0.000000 5.434529 0.833203
v -0.195090 5.030007 0.980785
v -0.162550 5.434529 0.817193
v -0.382683 5.030007 0.923880
v -0.318853 5.434529 0.769779
v -0.555570 5.030007 0.831470
v -0.462903 5.434529 0.692783
v -0.707107 5.030007 0.707107
v -0.589163 5.434529 0.589163
v -0.831470 5.030007 0.555570
v -0.692783 5.434529 0.462903
v -0.923880 5.030007 0.382683
v -0.769779 5.434529 0.318853
v -0.980785 5.030007 0.195090
v -0.817193 5.434529 0.162550
v -1.000000 5.030007 0.000000
v -0.833202 5.434529 0.000000
v -0.980785 5.030007 -0.195090
v -0.817193 5.434529 -0.162550
v -0.923880 5.030007 -0.382683
v -0.769779 5.434529 -0.318853
v -0.831470 5.030007 -0.555570
v -0.692783 5.434529 -0.462903
v -0.707107 5.030007 -0.707107
v -0.589163 5.434529 -0.589163
v -0.555570 5.030007 -0.831470
v -0.462903 5.434529 -0.692783
v -0.382683 5.030007 -0.923880
v -0.318853 5.434529 -0.769779
v -0.195090 5.030007 -0.980785
v -0.162550 5.434529 -0.817193
v 0.195091 5.339830 -0.980785
v 0.000000 5.339830 -1.000000
v 0.382684 5.339830 -0.923880
v 0.555570 5.339830 -0.831470
v 0.707107 5.339830 -0.707107
v 0.831470 5.339830 -0.555570
v 0.923880 5.339830 -0.382683
v 0.980785 5.339830 -0.195090
v 1.000000 5.339830 0.000000
v 0.980785 5.339830 0.195090
v 0.923880 5.339830 0.382683
v 0.831470 5.339830 0.555570
v 0.707107 5.339830 0.707107
v 0.555570 5.339830 0.831470
v 0.382684 5.339830 0.923880
v 0.195091 5.339830 0.980785
v 0.000000 5.339830 1.000000
v -0.195090 5.339830 0.980785
v -0.382683 5.339830 0.923880
v -0.555570 5.339830 0.831470
v -0.707107 5.339830 0.707107
v -0.831470 5.339830 0.555570
v -0.923880 5.339830 0.382683
v -0.980785 5.339830 0.195090
v -1.000000 5.339830 0.000000
v -0.980785 5.339830 -0.195090
v -0.923880 5.339830 -0.382683
v -0.831470 5.339830 -0.555570
v -0.707107 5.339830 -0.707107
v -0.555570 5.339830 -0.831470
v -0.382683 5.339830 -0.923880
v -0.195090 5.339830 -0.980785
v 0.179080 5.434529 -0.900294
v 0.000000 5.434529 -0.917932
v 0.351277 5.434529 -0.848059
v 0.509976 5.434529 -0.763233
v 0.649076 5.434529 -0.649076
v 0.763233 5.434529 -0.509976
v 0.848059 5.434529 -0.351277
v 0.900294 5.434529 -0.179080
v 0.917932 5.434529 0.000000
v 0.900294 5.434529 0.179080
v 0.848059 5.434529 0.351277
v 0.763233 5.434529 0.509976
v 0.649076 5.434529 0.649076
v 0.509976 5.434529 0.763233
v 0.351277 5.434529 0.848059
v 0.179080 5.434529 0.900294
v 0.000000 5.434529 0.917932
v -0.179080 5.434529 0.900294
v -0.351277 5.434529 0.848059
v -0.509976 5.434529 0.763233
v -0.649076 5.434529 0.649076
v -0.763232 5.434529 0.509976
v -0.848058 5.434529 0.351277
v -0.900294 5.434529 0.179080
v -0.917932 5.434529 0.000000
v -0.900294 5.434529 -0.179080
v -0.848058 5.434529 -0.351277
v -0.763232 5.434529 -0.509976
v -0.649076 5.434529 -0.649076
v -0.509976 5.434529 -0.763233
v -0.351277 5.434529 -0.848059
v -0.179080 5.434529 -0.900294
v -1.500000 -5.000001 -1.500000
v -1.700000 -4.600001 -1.700000
v -1.500000 -5.000001 -2.250000
v -1.700000 -4.600001 -2.250000
v -2.250000 -5.000001 -1.500000
v -2.250000 -4.600001 -1.700000
v -2.250000 -4.600001 -2.250000
v -2.250000 -5.000001 -2.250000
v -3.000000 -5.000001 -1.500000
v -2.800000 -4.600001 -1.700000
v -3.000000 -5.000001 -2.250000
v -2.800000 -4.600001 -2.250000
v -1.500000 -5.000001 -3.000000
v -1.700000 -4.600001 -2.800000
v -2.250000 -5.000001 -3.000000
v -2.250000 -4.600001 -2.800000
v -3.000000 -5.000001 -3.000000
v -2.800000 -4.600001 -2.800000
v 3.000000 -5.000001 3.000000
v 2.800001 -4.600001 2.800000
v 3.000000 -5.000001 2.250000
v 2.800001 -4.600001 2.250000
v 2.250000 -5.000001 3.000000
v 2.250000 -4.600001 2.800000
v 2.250000 -4.600001 2.250000
v 2.250000 -5.000001 2.250000
v 1.500000 -5.000001 3.000000
v 1.700000 -4.600001 2.800000
v 1.500000 -5.000001 2.250000
v 1.700000 -4.600001 2.250000
v 3.000000 -5.000001 1.500000
v 2.800001 -4.600001 1.700000
v 2.250000 -5.000001 1.500000
v 2.250000 -4.600001 1.700000
v 1.500000 -5.000001 1.500000
v 1.700000 -4.600001 1.700000
v 3.000000 -5.000001 -1.500000
v 2.800001 -4.600001 -1.700000
v 3.000000 -5.000001 -2.250000
v 2.800001 -4.600001 -2.250000
v 2.250000 -5.000001 -1.500000
v 2.250000 -4.600001 -1.700000
v 2.250000 -4.600001 -2.250000
v 2.250000 -5.000001 -2.250000
v 1.500000 -5.000001 -1.500000
v 1.700000 -4.600001 -1.700000
v 1.500000 -5.000001 -2.250000
v 1.700000 -4.600001 -2.250000
v 3.000000 -5.000001 -3.000000
v 2.800001 -4.600001 -2.800000
v 2.250000 -5.000001 -3.000000
v 2.250000 -4.600001 -2.800000
v 1.500000 -5.000001 -3.000000
v 1.700000 -4.600001 -2.800000
v -1.500000 -5.000001 3.000000
v -1.700000 -4.600001 2.800000
v -1.500000 -5.000001 2.250000
v -1.700000 -4.600001 2.250000
v -2.250000 -5.000001 3.000000
v -2.250000 -4.600001 2.800000
v -2.250000 -4.600001 2.250000
v -2.250000 -5.000001 2.250000
v -3.000000 -5.000001 3.000000
v -2.800000 -4.600001 2.800000
v -3.000000 -5.000001 2.250000
v -2.800000 -4.600001 2.250000
v -1.500000 -5.000001 1.500000
v -1.700000 -4.600001 1.700000
v -2.250000 -5.000001 1.500000
v -2.250000 -4.600001 1.700000
v -3.000000 -5.000001 1.500000
v -2.800000 -4.600001 1.700000
v -0.650000 4.300000 -3.100000
v 0.650001 4.300000 -3.100000
v -0.650000 4.290245 -3.099040
v 0.650001 4.290245 -3.099040
v -0.650000 4.280867 -3.096195
v 0.650001 4.280867 -3.096195
v -0.650000 4.272222 -3.091574
v 0.650001 4.272222 -3.091574
v -0.650000 4.264645 -3.085356
v 0.650001 4.264645 -3.085356
v -0.650000 4.258427 -3.077779
v 0.650001 4.258427 -3.077779
v -0.650000 4.253806 -3.069134
v 0.650001 4.253806 -3.069134
v -0.650000 4.250960 -3.059755
v 0.650001 4.250960 -3.059755
v -0.650000 4.250000 -3.050000
v 0.650001 4.250000 -3.050000
v -0.650000 4.250960 -3.040246
v 0.650001 4.250960 -3.040246
v -0.650000 4.253806 -3.030866
v 0.650001 4.253806 -3.030866
v -0.650000 4.258427 -3.022222
v 0.650001 4.258427 -3.022222
v -0.650000 4.264645 -3.014645
v 0.650001 4.264645 -3.014645
v -0.650000 4.272222 -3.008427
v 0.650001 4.272222 -3.008427
v -0.650000 4.280867 -3.003806
v 0.650001 4.280867 -3.003806
v -0.650000 4.290245 -3.000961
v 0.650001 4.290245 -3.000961
v -0.650000 4.300000 -3.000000
v 0.650001 4.300000 -3.000000
v -0.650000 4.309755 -3.000961
v 0.650001 4.309755 -3.000961
v -0.650000 4.319135 -3.003806
v 0.650001 4.319135 -3.003806
v -0.650000 4.327779 -3.008427
v 0.650001 4.327779 -3.008427
v -0.650000 4.335356 -3.014645
v 0.650001 4.335356 -3.014645
v -0.650000 4.341574 -3.022222
v 0.650001 4.341574 -3.022222
v -0.650000 4.346194 -3.030866
v 0.650001 4.346194 -3.030866
v -0.650000 4.349040 -3.040246
v 0.650001 4.349040 -3.040246
v -0.650000 4.350000 -3.050000
v 0.650001 4.350000 -3.050000
v -0.650000 4.349040 -3.059755
v 0.650001 4.349040 -3.059755
v -0.650000 4.346194 -3.069134
v 0.650001 4.346194 -3.069134
v -0.650000 4.341574 -3.077779
v 0.650001 4.341574 -3.077779
v -0.650000 4.335356 -3.085356
v 0.650001 4.335356 -3.085356
v -0.650000 4.327779 -3.091574
v 0.650001 4.327779 -3.091574
v -0.650000 4.319135 -3.096195
v 0.650001 4.319135 -3.096195
v -0.650000 4.309755 -3.099040
v 0.650001 4.309755 -3.099040
v 0.700000 5.300000 -3.150000
v 0.719509 5.300000 -3.148079
v 0.738268 5.300000 -3.142388
v 0.755557 5.300000 -3.133147
v 0.770711 5.300000 -3.120711
v 0.783147 5.300000 -3.105558
v 0.792388 5.300000 -3.088269
v 0.798079 5.300000 -3.069510
v 0.800000 5.300000 -3.050000
v 0.798079 5.300000 -3.030491
v 0.792388 5.300000 -3.011732
v 0.783147 5.300000 -2.994443
v 0.770711 5.300000 -2.979290
v 0.755557 5.300000 -2.966853
v 0.738268 5.300000 -2.957613
v 0.719509 5.300000 -2.951922
v 0.700000 5.300000 -2.950001
v 0.680491 5.300000 -2.951922
v 0.661732 5.300000 -2.957613
v 0.644443 5.300000 -2.966853
v 0.629290 5.300000 -2.979290
v 0.616853 5.300000 -2.994443
v 0.607612 5.300000 -3.011732
v 0.601922 5.300000 -3.030491
v 0.600000 5.300000 -3.050000
v 0.601922 5.300000 -3.069510
v 0.607612 5.300000 -3.088269
v 0.616853 5.300000 -3.105558
v 0.629290 5.300000 -3.120711
v 0.644443 5.300000 -3.133147
v 0.661732 5.300000 -3.142388
v 0.680491 5.300000 -3.148079
v -0.700000 5.299999 -3.150000
v -0.680491 5.299999 -3.148078
v -0.661731 5.299999 -3.142388
v -0.644443 5.299999 -3.133147
v -0.629289 5.299999 -3.120711
v -0.616853 5.299999 -3.105557
v -0.607612 5.299999 -3.088269
v -0.601921 5.299999 -3.069509
v -0.600000 5.299999 -3.050000
v -0.601921 5.299999 -3.030491
v -0.607612 5.299999 -3.011732
v -0.616853 5.299999 -2.994443
v -0.629289 5.299999 -2.979289
v -0.644443 5.299999 -2.966853
v -0.661731 5.299999 -2.957612
v -0.680491 5.299999 -2.951922
v -0.700000 5.299999 -2.950000
v -0.719509 5.299999 -2.951922
v -0.738268 5.299999 -2.957612
v -0.755557 5.299999 -2.966853
v -0.770710 5.299999 -2.979289
v -0.783147 5.299999 -2.994443
v -0.792388 5.299999 -3.011732
v -0.798078 5.299999 -3.030491
v -0.800000 5.299999 -3.050000
v -0.798078 5.299999 -3.069509
v -0.792388 5.299999 -3.088269
v -0.783147 5.299999 -3.105557
v -0.770710 5.299999 -3.120711
v -0.755557 5.299999 -3.133147
v -0.738268 5.299999 -3.142388
v -0.719509 5.299999 -3.148078
v 0.700000 -1.700000 -3.150000
v 0.719509 -1.700000 -3.148079
v 0.738268 -1.700000 -3.142388
v 0.755557 -1.700000 -3.133147
v 0.770711 -1.700000 -3.120711
v 0.783147 -1.700000 -3.105558
v 0.792388 -1.700000 -3.088269
v 0.798079 -1.700000 -3.069510
v 0.800000 -1.700000 -3.050000
v 0.798079 -1.700000 -3.030491
v 0.792388 -1.700000 -3.011732
v 0.783147 -1.700000 -2.994443
v 0.770711 -1.700000 -2.979290
v 0.755557 -1.700000 -2.966853
v 0.738268 -1.700000 -2.957613
v 0.719509 -1.700000 -2.951922
v 0.700000 -1.700000 -2.950001
v 0.680491 -1.700000 -2.951922
v 0.661732 -1.700000 -2.957613
v 0.644443 -1.700000 -2.966853
v 0.629290 -1.700000 -2.979290
v 0.616853 -1.700000 -2.994443
v 0.607612 -1.700000 -3.011732
v 0.601922 -1.700000 -3.030491
v 0.600000 -1.700000 -3.050000
v 0.601922 -1.700000 -3.069510
v 0.607612 -1.700000 -3.088269
v 0.616853 -1.700000 -3.105558
v 0.629290 -1.700000 -3.120711
v 0.644443 -1.700000 -3.133147
v 0.661732 -1.700000 -3.142388
v 0.680491 -1.700000 -3.148079
v -0.700000 -1.700000 -3.150000
v -0.680491 -1.700000 -3.148078
v -0.661731 -1.700000 -3.142388
v -0.644443 -1.700000 -3.133147
v -0.629289 -1.700000 -3.120711
v -0.616853 -1.700000 -3.105557
v -0.607612 -1.700000 -3.088269
v -0.601921 -1.700000 -3.069509
v -0.600000 -1.700000 -3.050000
v -0.601921 -1.700000 -3.030491
v -0.607612 -1.700000 -3.011732
v -0.616853 -1.700000 -2.994443
v -0.629289 -1.700000 -2.979289
v -0.644443 -1.700000 -2.966853
v -0.661731 -1.700000 -2.957612
v -0.680491 -1.700000 -2.951922
v -0.700000 -1.700000 -2.950000
v -0.719509 -1.700000 -2.951922
v -0.738268 -1.700000 -2.957612
v -0.755557 -1.700000 -2.966853
v -0.770710 -1.700000 -2.979289
v -0.783147 -1.700000 -2.994443
v -0.792388 -1.700000 -3.011732
v -0.798078 -1.700000 -3.030491
v -0.800000 -1.700000 -3.050000
v -0.798078 -1.700000 -3.069509
v -0.792388 -1.700000 -3.088269
v -0.783147 -1.700000 -3.105557
v -0.770710 -1.700000 -3.120711
v -0.755557 -1.700000 -3.133147
v -0.738268 -1.700000 -3.142388
v -0.719509 -1.700000 -3.148078
v -0.650000 -1.700000 -3.100000
v 0.650001 -1.700000 -3.100000
v -0.650000 -1.709755 -3.099040
v 0.650001 -1.709755 -3.099040
v -0.650000 -1.719134 -3.096195
v 0.650001 -1.719134 -3.096195
v -0.650000 -1.727779 -3.091574
v 0.650001 -1.727779 -3.091574
v -0.650000 -1.735355 -3.085356
v 0.650001 -1.735355 -3.085356
v -0.650000 -1.741573 -3.077779
v 0.650001 -1.741573 -3.077779
v -0.650000 -1.746194 -3.069134
v 0.650001 -1.746194 -3.069134
v -0.650000 -1.749039 -3.059755
v 0.650001 -1.749039 -3.059755
v -0.650000 -1.750000 -3.050000
v 0.650001 -1.750000 -3.050000
v -0.650000 -1.749039 -3.040246
v 0.650001 -1.749039 -3.040246
v -0.650000 -1.746194 -3.030866
v 0.650001 -1.746194 -3.030866
v -0.650000 -1.741573 -3.022222
v 0.650001 -1.741573 -3.022222
v -0.650000 -1.735355 -3.014645
v 0.650001 -1.735355 -3.014645
v -0.650000 -1.727779 -3.008427
v 0.650001 -1.727779 -3.008427
v -0.650000 -1.719134 -3.003806
v 0.650001 -1.719134 -3.003806
v -0.650000 -1.709755 -3.000961
v 0.650001 -1.709755 -3.000961
v -0.650000 -1.700000 -3.000000
v 0.650001 -1.700000 -3.000000
v -0.650000 -1.690246 -3.000961
v 0.650001 -1.690246 -3.000961
v -0.650000 -1.680866 -3.003806
v 0.650001 -1.680866 -3.003806
v -0.650000 -1.672222 -3.008427
v 0.650001 -1.672222 -3.008427
v -0.650000 -1.664645 -3.014645
v 0.650001 -1.664645 -3.014645
v -0.650000 -1.658427 -3.022222
v 0.650001 -1.658427 -3.022222
v -0.650000 -1.653806 -3.030866
v 0.650001 -1.653806 -3.030866
v -0.650000 -1.650961 -3.040246
v 0.650001 -1.650961 -3.040246
v -0.650000 -1.650000 -3.050000
v 0.650001 -1.650000 -3.050000
v -0.650000 -1.650961 -3.059755
v 0.650001 -1.650961 -3.059755
v -0.650000 -1.653806 -3.069134
v 0.650001 -1.653806 -3.069134
v -0.650000 -1.658427 -3.077779
v 0.650001 -1.658427 -3.077779
v -0.650000 -1.664645 -3.085356
v 0.650001 -1.664645 -3.085356
v -0.650000 -1.672222 -3.091574
v 0.650001 -1.672222 -3.091574
v -0.650000 -1.680866 -3.096195
v 0.650001 -1.680866 -3.096195
v -0.650000 -1.690246 -3.099040
v 0.650001 -1.690246 -3.099040
v -0.650000 -2.700000 -3.100000
v 0.650001 -2.700000 -3.100000
v -0.650000 -2.709754 -3.099040
v 0.650001 -2.709754 -3.099040
v -0.650000 -2.719134 -3.096195
v 0.650001 -2.719134 -3.096195
v -0.650000 -2.727778 -3.091574
v 0.650001 -2.727778 -3.091574
v -0.650000 -2.735356 -3.085356
v 0.650001 -2.735356 -3.085356
v -0.650000 -2.741573 -3.077779
v 0.650001 -2.741573 -3.077779
v -0.650000 -2.746194 -3.069134
v 0.650001 -2.746194 -3.069134
v -0.650000 -2.749040 -3.059755
v 0.650001 -2.749040 -3.059755
v -0.650000 -2.750000 -3.050000
v 0.650001 -2.750000 -3.050000
v -0.650000 -2.749040 -3.040246
v 0.650001 -2.749040 -3.040246
v -0.650000 -2.746194 -3.030866
v 0.650001 -2.746194 -3.030866
v -0.650000 -2.741573 -3.022222
v 0.650001 -2.741573 -3.022222
v -0.650000 -2.735356 -3.014645
v 0.650001 -2.735356 -3.014645
v -0.650000 -2.727778 -3.008427
v 0.650001 -2.727778 -3.008427
v -0.650000 -2.719134 -3.003806
v 0.650001 -2.719134 -3.003806
v -0.650000 -2.709754 -3.000961
v 0.650001 -2.709754 -3.000961
v -0.650000 -2.700000 -3.000000
v 0.650001 -2.700000 -3.000000
v -0.650000 -2.690246 -3.000961
v 0.650001 -2.690246 -3.000961
v -0.650000 -2.680865 -3.003806
v 0.650001 -2.680865 -3.003806
v -0.650000 -2.672221 -3.008427
v 0.650001 -2.672221 -3.008427
v -0.650000 -2.664645 -3.014645
v 0.650001 -2.664645 -3.014645
v -0.650000 -2.658427 -3.022222
v 0.650001 -2.658427 -3.022222
v -0.650000 -2.653806 -3.030866
v 0.650001 -2.653806 -3.030866
v -0.650000 -2.650960 -3.040246
v 0.650001 -2.650960 -3.040246
v -0.650000 -2.650000 -3.050000
v 0.650001 -2.650000 -3.050000
v -0.650000 -2.650960 -3.059755
v 0.650001 -2.650960 -3.059755
v -0.650000 -2.653806 -3.069134
v 0.650001 -2.653806 -3.069134
v -0.650000 -2.658427 -3.077779
v 0.650001 -2.658427 -3.077779
v -0.650000 -2.664645 -3.085356
v 0.650001 -2.664645 -3.085356
v -0.650000 -2.672221 -3.091574
v 0.650001 -2.672221 -3.091574
v -0.650000 -2.680865 -3.096195
v 0.650001 -2.680865 -3.096195
v -0.650000 -2.690246 -3.099040
v 0.650001 -2.690246 -3.099040
v -0.650000 -3.700000 -3.100000
v 0.650001 -3.700000 -3.100000
v -0.650000 -3.709754 -3.099040
v 0.650001 -3.709754 -3.099040
v -0.650000 -3.719134 -3.096195
v 0.650001 -3.719134 -3.096195
v -0.650000 -3.727779 -3.091574
v 0.650001 -3.727779 -3.091574
v -0.650000 -3.735355 -3.085356
v 0.650001 -3.735355 -3.085356
v -0.650000 -3.741573 -3.077779
v 0.650001 -3.741573 -3.077779
v -0.650000 -3.746194 -3.069134
v 0.650001 -3.746194 -3.069134
v -0.650000 -3.749040 -3.059755
v 0.650001 -3.749040 -3.059755
v -0.650000 -3.750000 -3.050000
v 0.650001 -3.750000 -3.050000
v -0.650000 -3.749040 -3.040246
v 0.650001 -3.749040 -3.040246
v -0.650000 -3.746194 -3.030866
v 0.650001 -3.746194 -3.030866
v -0.650000 -3.741573 -3.022222
v 0.650001 -3.741573 -3.022222
v -0.650000 -3.735355 -3.014645
v 0.650001 -3.735355 -3.014645
v -0.650000 -3.727779 -3.008427
v 0.650001 -3.727779 -3.008427
v -0.650000 -3.719134 -3.003806
v 0.650001 -3.719134 -3.003806
v -0.650000 -3.709754 -3.000961
v 0.650001 -3.709754 -3.000961
v -0.650000 -3.700000 -3.000000
v 0.650001 -3.700000 -3.000000
v -0.650000 -3.690246 -3.000961
v 0.650001 -3.690246 -3.000961
v -0.650000 -3.680866 -3.003806
v 0.650001 -3.680866 -3.003806
v -0.650000 -3.672222 -3.008427
v 0.650001 -3.672222 -3.008427
v -0.650000 -3.664645 -3.014645
v 0.650001 -3.664645 -3.014645
v -0.650000 -3.658427 -3.022222
v 0.650001 -3.658427 -3.022222
v -0.650000 -3.653807 -3.030866
v 0.650001 -3.653807 -3.030866
v -0.650000 -3.650961 -3.040246
v 0.650001 -3.650961 -3.040246
v -0.650000 -3.650000 -3.050000
v 0.650001 -3.650000 -3.050000
v -0.650000 -3.650961 -3.059755
v 0.650001 -3.650961 -3.059755
v -0.650000 -3.653807 -3.069134
v 0.650001 -3.653807 -3.069134
v -0.650000 -3.658427 -3.077779
v 0.650001 -3.658427 -3.077779
v -0.650000 -3.664645 -3.085356
v 0.650001 -3.664645 -3.085356
v -0.650000 -3.672222 -3.091574
v 0.650001 -3.672222 -3.091574
v -0.650000 -3.680866 -3.096195
v 0.650001 -3.680866 -3.096195
v -0.650000 -3.690246 -3.099040
v 0.650001 -3.690246 -3.099040
v -0.650000 -4.700001 -3.100000
v 0.650001 -4.700001 -3.100000
v -0.650000 -4.709755 -3.099040
v 0.650001 -4.709755 -3.099040
v -0.650000 -4.719135 -3.096195
v 0.650001 -4.719135 -3.096195
v -0.650000 -4.727779 -3.091574
v 0.650001 -4.727779 -3.091574
v -0.650000 -4.735355 -3.085356
v 0.650001 -4.735355 -3.085356
v -0.650000 -4.741573 -3.077779
v 0.650001 -4.741573 -3.077779
v -0.650000 -4.746194 -3.069134
v 0.650001 -4.746194 -3.069134
v -0.650000 -4.749040 -3.059755
v 0.650001 -4.749040 -3.059755
v -0.650000 -4.750000 -3.050000
v 0.650001 -4.750000 -3.050000
v -0.650000 -4.749040 -3.040246
v 0.650001 -4.749040 -3.040246
v -0.650000 -4.746194 -3.030866
v 0.650001 -4.746194 -3.030866
v -0.650000 -4.741573 -3.022222
v 0.650001 -4.741573 -3.022222
v -0.650000 -4.735355 -3.014645
v 0.650001 -4.735355 -3.014645
v -0.650000 -4.727779 -3.008427
v 0.650001 -4.727779 -3.008427
v -0.650000 -4.719135 -3.003806
v 0.650001 -4.719135 -3.003806
v -0.650000 -4.709755 -3.000961
v 0.650001 -4.709755 -3.000961
v -0.650000 -4.700001 -3.000000
v 0.650001 -4.700001 -3.000000
v -0.650000 -4.690247 -3.000961
v 0.650001 -4.690247 -3.000961
v -0.650000 -4.680866 -3.003806
v 0.650001 -4.680866 -3.003806
v -0.650000 -4.672222 -3.008427
v 0.650001 -4.672222 -3.008427
v -0.650000 -4.664645 -3.014645
v 0.650001 -4.664645 -3.014645
v -0.650000 -4.658427 -3.022222
v 0.650001 -4.658427 -3.022222
v -0.650000 -4.653807 -3.030866
v 0.650001 -4.653807 -3.030866
v -0.650000 -4.650961 -3.040246
v 0.650001 -4.650961 -3.040246
v -0.650000 -4.650001 -3.050000
v 0.650001 -4.650001 -3.050000
v -0.650000 -4.650961 -3.059755
v 0.650001 -4.650961 -3.059755
v -0.650000 -4.653807 -3.069134
v 0.650001 -4.653807 -3.069134
v -0.650000 -4.658427 -3.077779
v 0.650001 -4.658427 -3.077779
v -0.650000 -4.664645 -3.085356
v 0.650001 -4.664645 -3.085356
v -0.650000 -4.672222 -3.091574
v 0.650001 -4.672222 -3.091574
v -0.650000 -4.680866 -3.096195
v 0.650001 -4.680866 -3.096195
v -0.650000 -4.690247 -3.099040
v 0.650001 -4.690247 -3.099040
v -0.650000 -0.700001 -3.100000
v 0.650001 -0.700001 -3.100000
v -0.650000 -0.709755 -3.099040
v 0.650001 -0.709755 -3.099040
v -0.650000 -0.719134 -3.096195
v 0.650001 -0.719134 -3.096195
v -0.650000 -0.727779 -3.091574
v 0.650001 -0.727779 -3.091574
v -0.650000 -0.735356 -3.085356
v 0.650001 -0.735356 -3.085356
v -0.650000 -0.741574 -3.077779
v 0.650001 -0.741574 -3.077779
v -0.650000 -0.746195 -3.069134
v 0.650001 -0.746195 -3.069134
v -0.650000 -0.749039 -3.059755
v 0.650001 -0.749039 -3.059755
v -0.650000 -0.750000 -3.050000
v 0.650001 -0.750000 -3.050000
v -0.650000 -0.749039 -3.040246
v 0.650001 -0.749039 -3.040246
v -0.650000 -0.746195 -3.030866
v 0.650001 -0.746195 -3.030866
v -0.650000 -0.741574 -3.022222
v 0.650001 -0.741574 -3.022222
v -0.650000 -0.735356 -3.014645
v 0.650001 -0.735356 -3.014645
v -0.650000 -0.727779 -3.008427
v 0.650001 -0.727779 -3.008427
v -0.650000 -0.719134 -3.003806
v 0.650001 -0.719134 -3.003806
v -0.650000 -0.709755 -3.000961
v 0.650001 -0.709755 -3.000961
v -0.650000 -0.700001 -3.000000
v 0.650001 -0.700001 -3.000000
v -0.650000 -0.690246 -3.000961
v 0.650001 -0.690246 -3.000961
v -0.650000 -0.680866 -3.003806
v 0.650001 -0.680866 -3.003806
v -0.650000 -0.672222 -3.008427
v 0.650001 -0.672222 -3.008427
v -0.650000 -0.664645 -3.014645
v 0.650001 -0.664645 -3.014645
v -0.650000 -0.658427 -3.022222
v 0.650001 -0.658427 -3.022222
v -0.650000 -0.653806 -3.030866
v 0.650001 -0.653806 -3.030866
v -0.650000 -0.650961 -3.040246
v 0.650001 -0.650961 -3.040246
v -0.650000 -0.650000 -3.050000
v 0.650001 -0.650000 -3.050000
v -0.650000 -0.650961 -3.059755
v 0.650001 -0.650961 -3.059755
v -0.650000 -0.653806 -3.069134
v 0.650001 -0.653806 -3.069134
v -0.650000 -0.658427 -3.077779
v 0.650001 -0.658427 -3.077779
v -0.650000 -0.664645 -3.085356
v 0.650001 -0.664645 -3.085356
v -0.650000 -0.672222 -3.091574
v 0.650001 -0.672222 -3.091574
v -0.650000 -0.680866 -3.096195
v 0.650001 -0.680866 -3.096195
v -0.650000 -0.690246 -3.099040
v 0.650001 -0.690246 -3.099040
v -0.650000 0.300000 -3.100000
v 0.650001 0.300000 -3.100000
v -0.650000 0.290246 -3.099040
v 0.650001 0.290246 -3.099040
v -0.650000 0.280866 -3.096195
v 0.650001 0.280866 -3.096195
v -0.650000 0.272221 -3.091574
v 0.650001 0.272221 -3.091574
v -0.650000 0.264645 -3.085356
v 0.650001 0.264645 -3.085356
v -0.650000 0.258427 -3.077779
v 0.650001 0.258427 -3.077779
v -0.650000 0.253806 -3.069134
v 0.650001 0.253806 -3.069134
v -0.650000 0.250961 -3.059755
v 0.650001 0.250961 -3.059755
v -0.650000 0.250000 -3.050000
v 0.650001 0.250000 -3.050000
v -0.650000 0.250961 -3.040246
v 0.650001 0.250961 -3.040246
v -0.650000 0.253806 -3.030866
v 0.650001 0.253806 -3.030866
v -0.650000 0.258427 -3.022222
v 0.650001 0.258427 -3.022222
v -0.650000 0.264645 -3.014645
v 0.650001 0.264645 -3.014645
v -0.650000 0.272221 -3.008427
v 0.650001 0.272221 -3.008427
v -0.650000 0.280866 -3.003806
v 0.650001 0.280866 -3.003806
v -0.650000 0.290246 -3.000961
v 0.650001 0.290246 -3.000961
v -0.650000 0.300000 -3.000000
v 0.650001 0.300000 -3.000000
v -0.650000 0.309755 -3.000961
v 0.650001 0.309755 -3.000961
v -0.650000 0.319134 -3.003806
v 0.650001 0.319134 -3.003806
v -0.650000 0.327778 -3.008427
v 0.650001 0.327778 -3.008427
v -0.650000 0.335355 -3.014645
v 0.650001 0.335355 -3.014645
v -0.650000 0.341573 -3.022222
v 0.650001 0.341573 -3.022222
v -0.650000 0.346194 -3.030866
v 0.650001 0.346194 -3.030866
v -0.650000 0.349039 -3.040246
v 0.650001 0.349039 -3.040246
v -0.650000 0.350000 -3.050000
v 0.650001 0.350000 -3.050000
v -0.650000 0.349039 -3.059755
v 0.650001 0.349039 -3.059755
v -0.650000 0.346194 -3.069134
v 0.650001 0.346194 -3.069134
v -0.650000 0.341573 -3.077779
v 0.650001 0.341573 -3.077779
v -0.650000 0.335355 -3.085356
v 0.650001 0.335355 -3.085356
v -0.650000 0.327778 -3.091574
v 0.650001 0.327778 -3.091574
v -0.650000 0.319134 -3.096195
v 0.650001 0.319134 -3.096195
v -0.650000 0.309755 -3.099040
v 0.650001 0.309755 -3.099040
v -0.650000 1.300000 -3.100000
v 0.650001 1.300000 -3.100000
v -0.650000 1.290246 -3.099040
v 0.650001 1.290246 -3.099040
v -0.650000 1.280866 -3.096195
v 0.650001 1.280866 -3.096195
v -0.650000 1.272222 -3.091574
v 0.650001 1.272222 -3.091574
v -0.650000 1.264644 -3.085356
v 0.650001 1.264644 -3.085356
v -0.650000 1.258426 -3.077779
v 0.650001 1.258426 -3.077779
v -0.650000 1.253806 -3.069134
v 0.650001 1.253806 -3.069134
v -0.650000 1.250961 -3.059755
v 0.650001 1.250961 -3.059755
v -0.650000 1.250000 -3.050000
v 0.650001 1.250000 -3.050000
v -0.650000 1.250961 -3.040246
v 0.650001 1.250961 -3.040246
v -0.650000 1.253806 -3.030866
v 0.650001 1.253806 -3.030866
v -0.650000 1.258426 -3.022222
v 0.650001 1.258426 -3.022222
v -0.650000 1.264644 -3.014645
v 0.650001 1.264644 -3.014645
v -0.650000 1.272222 -3.008427
v 0.650001 1.272222 -3.008427
v -0.650000 1.280866 -3.003806
v 0.650001 1.280866 -3.003806
v -0.650000 1.290246 -3.000961
v 0.650001 1.290246 -3.000961
v -0.650000 1.300000 -3.000000
v 0.650001 1.300000 -3.000000
v -0.650000 1.309755 -3.000961
v 0.650001 1.309755 -3.000961
v -0.650000 1.319134 -3.003806
v 0.650001 1.319134 -3.003806
v -0.650000 1.327779 -3.008427
v 0.650001 1.327779 -3.008427
v -0.650000 1.335356 -3.014645
v 0.650001 1.335356 -3.014645
v -0.650000 1.341573 -3.022222
v 0.650001 1.341573 -3.022222
v -0.650000 1.346194 -3.030866
v 0.650001 1.346194 -3.030866
v -0.650000 1.349039 -3.040246
v 0.650001 1.349039 -3.040246
v -0.650000 1.350000 -3.050000
v 0.650001 1.350000 -3.050000
v -0.650000 1.349039 -3.059755
v 0.650001 1.349039 -3.059755
v -0.650000 1.346194 -3.069134
v 0.650001 1.346194 -3.069134
v -0.650000 1.341573 -3.077779
v 0.650001 1.341573 -3.077779
v -0.650000 1.335356 -3.085356
v 0.650001 1.335356 -3.085356
v -0.650000 1.327779 -3.091574
v 0.650001 1.327779 -3.091574
v -0.650000 1.319134 -3.096195
v 0.650001 1.319134 -3.096195
v -0.650000 1.309755 -3.099040
v 0.650001 1.309755 -3.099040
v -0.650000 2.300000 -3.100000
v 0.650001 2.300000 -3.100000
v -0.650000 2.290246 -3.099040
v 0.650001 2.290246 -3.099040
v -0.650000 2.280866 -3.096195
v 0.650001 2.280866 -3.096195
v -0.650000 2.272221 -3.091574
v 0.650001 2.272221 -3.091574
v -0.650000 2.264644 -3.085356
v 0.650001 2.264644 -3.085356
v -0.650000 2.258427 -3.077779
v 0.650001 2.258427 -3.077779
v -0.650000 2.253806 -3.069134
v 0.650001 2.253806 -3.069134
v -0.650000 2.250961 -3.059755
v 0.650001 2.250961 -3.059755
v -0.650000 2.250000 -3.050000
v 0.650001 2.250000 -3.050000
v -0.650000 2.250961 -3.040246
v 0.650001 2.250961 -3.040246
v -0.650000 2.253806 -3.030866
v 0.650001 2.253806 -3.030866
v -0.650000 2.258427 -3.022222
v 0.650001 2.258427 -3.022222
v -0.650000 2.264644 -3.014645
v 0.650001 2.264644 -3.014645
v -0.650000 2.272221 -3.008427
v 0.650001 2.272221 -3.008427
v -0.650000 2.280866 -3.003806
v 0.650001 2.280866 -3.003806
v -0.650000 2.290246 -3.000961
v 0.650001 2.290246 -3.000961
v -0.650000 2.300000 -3.000000
v 0.650001 2.300000 -3.000000
v -0.650000 2.309755 -3.000961
v 0.650001 2.309755 -3.000961
v -0.650000 2.319134 -3.003806
v 0.650001 2.319134 -3.003806
v -0.650000 2.327779 -3.008427
v 0.650001 2.327779 -3.008427
v -0.650000 2.335356 -3.014645
v 0.650001 2.335356 -3.014645
v -0.650000 2.341574 -3.022222
v 0.650001 2.341574 -3.022222
v -0.650000 2.346195 -3.030866
v 0.650001 2.346195 -3.030866
v -0.650000 2.349039 -3.040246
v 0.650001 2.349039 -3.040246
v -0.650000 2.350000 -3.050000
v 0.650001 2.350000 -3.050000
v -0.650000 2.349039 -3.059755
v 0.650001 2.349039 -3.059755
v -0.650000 2.346195 -3.069134
v 0.650001 2.346195 -3.069134
v -0.650000 2.341574 -3.077779
v 0.650001 2.341574 -3.077779
v -0.650000 2.335356 -3.085356
v 0.650001 2.335356 -3.085356
v -0.650000 2.327779 -3.091574
v 0.650001 2.327779 -3.091574
v -0.650000 2.319134 -3.096195
v 0.650001 2.319134 -3.096195
v -0.650000 2.309755 -3.099040
v 0.650001 2.309755 -3.099040
v -0.650000 3.300000 -3.100000
v 0.650001 3.300000 -3.100000
v -0.650000 3.290246 -3.099040
v 0.650001 3.290246 -3.099040
v -0.650000 3.280866 -3.096195
v 0.650001 3.280866 -3.096195
v -0.650000 3.272221 -3.091574
v 0.650001 3.272221 -3.091574
v -0.650000 3.264645 -3.085356
v 0.650001 3.264645 -3.085356
v -0.650000 3.258427 -3.077779
v 0.650001 3.258427 -3.077779
v -0.650000 3.253806 -3.069134
v 0.650001 3.253806 -3.069134
v -0.650000 3.250961 -3.059755
v 0.650001 3.250961 -3.059755
v -0.650000 3.250000 -3.050000
v 0.650001 3.250000 -3.050000
v -0.650000 3.250961 -3.040246
v 0.650001 3.250961 -3.040246
v -0.650000 3.253806 -3.030866
v 0.650001 3.253806 -3.030866
v -0.650000 3.258427 -3.022222
v 0.650001 3.258427 -3.022222
v -0.650000 3.264645 -3.014645
v 0.650001 3.264645 -3.014645
v -0.650000 3.272221 -3.008427
v 0.650001 3.272221 -3.008427
v -0.650000 3.280866 -3.003806
v 0.650001 3.280866 -3.003806
v -0.650000 3.290246 -3.000961
v 0.650001 3.290246 -3.000961
v -0.650000 3.300000 -3.000000
v 0.650001 3.300000 -3.000000
v -0.650000 3.309755 -3.000961
v 0.650001 3.309755 -3.000961
v -0.650000 3.319135 -3.003806
v 0.650001 3.319135 -3.003806
v -0.650000 3.327779 -3.008427
v 0.650001 3.327779 -3.008427
v -0.650000 3.335356 -3.014645
v 0.650001 3.335356 -3.014645
v -0.650000 3.341574 -3.022222
v 0.650001 3.341574 -3.022222
v -0.650000 3.346195 -3.030866
v 0.650001 3.346195 -3.030866
v -0.650000 3.349040 -3.040246
v 0.650001 3.349040 -3.040246
v -0.650000 3.350001 -3.050000
v 0.650001 3.350001 -3.050000
v -0.650000 3.349040 -3.059755
v 0.650001 3.349040 -3.059755
v -0.650000 3.346195 -3.069134
v 0.650001 3.346195 -3.069134
v -0.650000 3.341574 -3.077779
v 0.650001 3.341574 -3.077779
v -0.650000 3.335356 -3.085356
v 0.650001 3.335356 -3.085356
v -0.650000 3.327779 -3.091574
v 0.650001 3.327779 -3.091574
v -0.650000 3.319135 -3.096195
v 0.650001 3.319135 -3.096195
v -0.650000 3.309755 -3.099040
v 0.650001 3.309755 -3.099040
v 0.700000 1.800000 -3.150000
v 0.719509 1.800000 -3.148079
v 0.738268 1.800000 -3.142388
v 0.755557 1.800000 -3.133147
v 0.770711 1.800000 -3.120711
v 0.783147 1.800000 -3.105558
v 0.792388 1.800000 -3.088269
v 0.798079 1.800000 -3.069510
v 0.800000 1.800000 -3.050000
v 0.798079 1.800000 -3.030491
v 0.792388 1.800000 -3.011732
v 0.783147 1.800000 -2.994443
v 0.770711 1.800000 -2.979290
v 0.755557 1.800000 -2.966853
v 0.738268 1.800000 -2.957613
v 0.719509 1.800000 -2.951922
v 0.700000 1.800000 -2.950001
v 0.680491 1.800000 -2.951922
v 0.661732 1.800000 -2.957613
v 0.644443 1.800000 -2.966853
v 0.629289 1.800000 -2.979290
v 0.616853 1.800000 -2.994443
v 0.607612 1.800000 -3.011732
v 0.601922 1.800000 -3.030491
v 0.600000 1.800000 -3.050000
v 0.601922 1.800000 -3.069510
v 0.607612 1.800000 -3.088269
v 0.616853 1.800000 -3.105558
v 0.629289 1.800000 -3.120711
v 0.644443 1.800000 -3.133147
v 0.661732 1.800000 -3.142388
v 0.680491 1.800000 -3.148079
v -0.700000 1.799779 -3.150000
v -0.680491 1.799779 -3.148078
v -0.661731 1.799779 -3.142388
v -0.644443 1.799779 -3.133147
v -0.629289 1.799779 -3.120711
v -0.616853 1.799779 -3.105557
v -0.607612 1.799779 -3.088269
v -0.601921 1.799779 -3.069509
v -0.600000 1.799779 -3.050000
v -0.601921 1.799779 -3.030491
v -0.607612 1.799779 -3.011732
v -0.616853 1.799779 -2.994443
v -0.629289 1.799779 -2.979289
v -0.644443 1.799779 -2.966853
v -0.661731 1.799779 -2.957612
v -0.680491 1.799779 -2.951922
v -0.700000 1.799779 -2.950000
v -0.719509 1.799779 -2.951922
v -0.738268 1.799779 -2.957612
v -0.755557 1.799779 -2.966853
v -0.770710 1.799779 -2.979289
v -0.783147 1.799779 -2.994443
v -0.792388 1.799779 -3.011732
v -0.798078 1.799779 -3.030491
v -0.800000 1.799779 -3.050000
v -0.798078 1.799779 -3.069509
v -0.792388 1.799779 -3.088269
v -0.783147 1.799779 -3.105557
v -0.770710 1.799779 -3.120711
v -0.755557 1.799779 -3.133147
v -0.738268 1.799779 -3.142388
v -0.719509 1.799779 -3.148078
v 0.700000 2.005882 -3.150000
v 0.700000 2.211765 -3.150000
v 0.700000 2.417647 -3.150000
v 0.700000 2.623530 -3.150000
v 0.700000 2.829411 -3.150000
v 0.700000 3.035294 -3.150000
v 0.700000 3.241176 -3.150000
v 0.700000 3.447058 -3.150000
v 0.700000 3.652941 -3.150000
v 0.700000 3.858823 -3.150000
v 0.700000 4.064706 -3.150000
v 0.700000 4.270589 -3.150000
v 0.700000 4.476470 -3.150000
v 0.700000 4.682353 -3.150000
v 0.700000 4.888235 -3.150000
v 0.700000 5.094118 -3.150000
v 0.719509 5.094118 -3.148079
v 0.719509 4.888235 -3.148079
v 0.719509 4.682353 -3.148079
v 0.719509 4.476470 -3.148079
v 0.719509 4.270589 -3.148079
v 0.719509 4.064706 -3.148079
v 0.719509 3.858823 -3.148079
v 0.719509 3.652941 -3.148079
v 0.719509 3.447058 -3.148079
v 0.719509 3.241176 -3.148079
v 0.719509 3.035294 -3.148079
v 0.719509 2.829411 -3.148079
v 0.719509 2.623530 -3.148079
v 0.719509 2.417647 -3.148079
v 0.719509 2.211765 -3.148079
v 0.719509 2.005882 -3.148079
v 0.738268 5.094118 -3.142388
v 0.738268 4.888235 -3.142388
v 0.738268 4.682353 -3.142388
v 0.738268 4.476470 -3.142388
v 0.738268 4.270589 -3.142388
v 0.738268 4.064706 -3.142388
v 0.738268 3.858823 -3.142388
v 0.738268 3.652941 -3.142388
v 0.738268 3.447058 -3.142388
v 0.738268 3.241176 -3.142388
v 0.738268 3.035294 -3.142388
v 0.738268 2.829411 -3.142388
v 0.738268 2.623530 -3.142388
v 0.738268 2.417647 -3.142388
v 0.738268 2.211765 -3.142388
v 0.738268 2.005882 -3.142388
v 0.755557 5.094118 -3.133147
v 0.755557 4.888235 -3.133147
v 0.755557 4.682353 -3.133147
v 0.755557 4.476470 -3.133147
v 0.755557 4.270589 -3.133147
v 0.755557 4.064706 -3.133147
v 0.755557 3.858823 -3.133147
v 0.755557 3.652941 -3.133147
v 0.755557 3.447058 -3.133147
v 0.755557 3.241176 -3.133147
v 0.755557 3.035294 -3.133147
v 0.755557 2.829411 -3.133147
v 0.755557 2.623530 -3.133147
v 0.755557 2.417647 -3.133147
v 0.755557 2.211765 -3.133147
v 0.755557 2.005882 -3.133147
v 0.770711 5.094118 -3.120711
v 0.770711 4.888235 -3.120711
v 0.770711 4.682353 -3.120711
v 0.770711 4.476470 -3.120711
v 0.770711 4.270589 -3.120711
v 0.770711 4.064706 -3.120711
v 0.770711 3.858823 -3.120711
v 0.770711 3.652941 -3.120711
v 0.770711 3.447058 -3.120711
v 0.770711 3.241176 -3.120711
v 0.770711 3.035294 -3.120711
v 0.770711 2.829411 -3.120711
v 0.770711 2.623530 -3.120711
v 0.770711 2.417647 -3.120711
v 0.770711 2.211765 -3.120711
v 0.770711 2.005882 -3.120711
v 0.783147 5.094118 -3.105558
v 0.783147 4.888235 -3.105558
v 0.783147 4.682353 -3.105558
v 0.783147 4.476470 -3.105558
v 0.783147 4.270589 -3.105558
v 0.783147 4.064706 -3.105558
v 0.783147 3.858823 -3.105558
v 0.783147 3.652941 -3.105558
v 0.783147 3.447058 -3.105558
v 0.783147 3.241176 -3.105558
v 0.783147 3.035294 -3.105558
v 0.783147 2.829411 -3.105558
v 0.783147 2.623530 -3.105558
v 0.783147 2.417647 -3.105558
v 0.783147 2.211765 -3.105558
v 0.783147 2.005882 -3.105558
v 0.792388 5.094118 -3.088269
v 0.792388 4.888235 -3.088269
v 0.792388 4.682353 -3.088269
v 0.792388 4.476470 -3.088269
v 0.792388 4.270589 -3.088269
v 0.792388 4.064706 -3.088269
v 0.792388 3.858823 -3.088269
v 0.792388 3.652941 -3.088269
v 0.792388 3.447058 -3.088269
v 0.792388 3.241176 -3.088269
v 0.792388 3.035294 -3.088269
v 0.792388 2.829411 -3.088269
v 0.792388 2.623530 -3.088269
v 0.792388 2.417647 -3.088269
v 0.792388 2.211765 -3.088269
v 0.792388 2.005882 -3.088269
v 0.798079 5.094118 -3.069510
v 0.798079 4.888235 -3.069510
v 0.798079 4.682353 -3.069510
v 0.798079 4.476470 -3.069510
v 0.798079 4.270589 -3.069510
v 0.798079 4.064706 -3.069510
v 0.798079 3.858823 -3.069510
v 0.798079 3.652941 -3.069510
v 0.798079 3.447058 -3.069510
v 0.798079 3.241176 -3.069510
v 0.798079 3.035294 -3.069510
v 0.798079 2.829411 -3.069510
v 0.798079 2.623530 -3.069510
v 0.798079 2.417647 -3.069510
v 0.798079 2.211765 -3.069510
v 0.798079 2.005882 -3.069510
v 0.800000 5.094118 -3.050000
v 0.800000 4.888235 -3.050000
v 0.800000 4.682353 -3.050000
v 0.800000 4.476470 -3.050000
v 0.800000 4.270589 -3.050000
v 0.800000 4.064706 -3.050000
v 0.800000 3.858823 -3.050000
v 0.800000 3.652941 -3.050000
v 0.800000 3.447058 -3.050000
v 0.800000 3.241176 -3.050000
v 0.800000 3.035294 -3.050000
v 0.800000 2.829411 -3.050000
v 0.800000 2.623530 -3.050000
v 0.800000 2.417647 -3.050000
v 0.800000 2.211765 -3.050000
v 0.800000 2.005882 -3.050000
v 0.798079 5.094118 -3.030491
v 0.798079 4.888235 -3.030491
v 0.798079 4.682353 -3.030491
v 0.798079 4.476470 -3.030491
v 0.798079 4.270589 -3.030491
v 0.798079 4.064706 -3.030491
v 0.798079 3.858823 -3.030491
v 0.798079 3.652941 -3.030491
v 0.798079 3.447058 -3.030491
v 0.798079 3.241176 -3.030491
v 0.798079 3.035294 -3.030491
v 0.798079 2.829411 -3.030491
v 0.798079 2.623530 -3.030491
v 0.798079 2.417647 -3.030491
v 0.798079 2.211765 -3.030491
v 0.798079 2.005882 -3.030491
v 0.792388 5.094118 -3.011732
v 0.792388 4.888235 -3.011732
v 0.792388 4.682353 -3.011732
v 0.792388 4.476470 -3.011732
v 0.792388 4.270589 -3.011732
v 0.792388 4.064706 -3.011732
v 0.792388 3.858823 -3.011732
v 0.792388 3.652941 -3.011732
v 0.792388 3.447058 -3.011732
v 0.792388 3.241176 -3.011732
v 0.792388 3.035294 -3.011732
v 0.792388 2.829411 -3.011732
v 0.792388 2.623530 -3.011732
v 0.792388 2.417647 -3.011732
v 0.792388 2.211765 -3.011732
v 0.792388 2.005882 -3.011732
v 0.783147 5.094118 -2.994443
v 0.783147 4.888235 -2.994443
v 0.783147 4.682353 -2.994443
v 0.783147 4.476470 -2.994443
v 0.783147 4.270589 -2.994443
v 0.783147 4.064706 -2.994443
v 0.783147 3.858823 -2.994443
v 0.783147 3.652941 -2.994443
v 0.783147 3.447058 -2.994443
v 0.783147 3.241176 -2.994443
v 0.783147 3.035294 -2.994443
v 0.783147 2.829411 -2.994443
v 0.783147 2.623530 -2.994443
v 0.783147 2.417647 -2.994443
v 0.783147 2.211765 -2.994443
v 0.783147 2.005882 -2.994443
v 0.770711 5.094118 -2.979290
v 0.770711 4.888235 -2.979290
v 0.770711 4.682353 -2.979290
v 0.770711 4.476470 -2.979290
v 0.770711 4.270589 -2.979290
v 0.770711 4.064706 -2.979290
v 0.770711 3.858823 -2.979290
v 0.770711 3.652941 -2.979290
v 0.770711 3.447058 -2.979290
v 0.770711 3.241176 -2.979290
v 0.770711 3.035294 -2.979290
v 0.770711 2.829411 -2.979290
v 0.770711 2.623530 -2.979290
v 0.770711 2.417647 -2.979290
v 0.770711 2.211765 -2.979290
v 0.770711 2.005882 -2.979290
v 0.755557 5.094118 -2.966853
v 0.755557 4.888235 -2.966853
v 0.755557 4.682353 -2.966853
v 0.755557 4.476470 -2.966853
v 0.755557 4.270589 -2.966853
v 0.755557 4.064706 -2.966853
v 0.755557 3.858823 -2.966853
v 0.755557 3.652941 -2.966853
v 0.755557 3.447058 -2.966853
v 0.755557 3.241176 -2.966853
v 0.755557 3.035294 -2.966853
v 0.755557 2.829411 -2.966853
v 0.755557 2.623530 -2.966853
v 0.755557 2.417647 -2.966853
v 0.755557 2.211765 -2.966853
v 0.755557 2.005882 -2.966853
v 0.738268 5.094118 -2.957613
v 0.738268 4.888235 -2.957613
v 0.738268 4.682353 -2.957613
v 0.738268 4.476470 -2.957613
v 0.738268 4.270589 -2.957613
v 0.738268 4.064706 -2.957613
v 0.738268 3.858823 -2.957613
v 0.738268 3.652941 -2.957613
v 0.738268 3.447058 -2.957613
v 0.738268 3.241176 -2.957613
v 0.738268 3.035294 -2.957613
v 0.738268 2.829411 -2.957613
v 0.738268 2.623530 -2.957613
v 0.738268 2.417647 -2.957613
v 0.738268 2.211765 -2.957613
v 0.738268 2.005882 -2.957613
v 0.719509 5.094118 -2.951922
v 0.719509 4.888235 -2.951922
v 0.719509 4.682353 -2.951922
v 0.719509 4.476470 -2.951922
v 0.719509 4.270589 -2.951922
v 0.719509 4.064706 -2.951922
v 0.719509 3.858823 -2.951922
v 0.719509 3.652941 -2.951922
v 0.719509 3.447058 -2.951922
v 0.719509 3.241176 -2.951922
v 0.719509 3.035294 -2.951922
v 0.719509 2.829411 -2.951922
v 0.719509 2.623530 -2.951922
v 0.719509 2.417647 -2.951922
v 0.719509 2.211765 -2.951922
v 0.719509 2.005882 -2.951922
v 0.700000 5.094118 -2.950001
v 0.700000 4.888235 -2.950001
v 0.700000 4.682353 -2.950001
v 0.700000 4.476470 -2.950001
v 0.700000 4.270589 -2.950001
v 0.700000 4.064706 -2.950001
v 0.700000 3.858823 -2.950001
v 0.700000 3.652941 -2.950001
v 0.700000 3.447058 -2.950001
v 0.700000 3.241176 -2.950001
v 0.700000 3.035294 -2.950001
v 0.700000 2.829411 -2.950001
v 0.700000 2.623530 -2.950001
v 0.700000 2.417647 -2.950001
v 0.700000 2.211765 -2.950001
v 0.700000 2.005882 -2.950001
v 0.680491 5.094118 -2.951922
v 0.680491 4.888235 -2.951922
v 0.680491 4.682353 -2.951922
v 0.680491 4.476470 -2.951922
v 0.680491 4.270589 -2.951922
v 0.680491 4.064706 -2.951922
v 0.680491 3.858823 -2.951922
v 0.680491 3.652941 -2.951922
v 0.680491 3.447058 -2.951922
v 0.680491 3.241176 -2.951922
v 0.680491 3.035294 -2.951922
v 0.680491 2.829411 -2.951922
v 0.680491 2.623530 -2.951922
v 0.680491 2.417647 -2.951922
v 0.680491 2.211765 -2.951922
v 0.680491 2.005882 -2.951922
v 0.661732 5.094118 -2.957613
v 0.661732 4.888235 -2.957613
v 0.661732 4.682353 -2.957613
v 0.661732 4.476470 -2.957613
v 0.661732 4.270589 -2.957613
v 0.661732 4.064706 -2.957613
v 0.661732 3.858823 -2.957613
v 0.661732 3.652941 -2.957613
v 0.661731 3.447058 -2.957613
v 0.661731 3.241176 -2.957613
v 0.661731 3.035294 -2.957613
v 0.661731 2.829411 -2.957613
v 0.661731 2.623530 -2.957613
v 0.661731 2.417647 -2.957613
v 0.661731 2.211765 -2.957613
v 0.661732 2.005882 -2.957613
v 0.644443 5.094118 -2.966853
v 0.644443 4.888235 -2.966853
v 0.644443 4.682353 -2.966853
v 0.644443 4.476470 -2.966853
v 0.644443 4.270589 -2.966853
v 0.644443 4.064706 -2.966853
v 0.644443 3.858823 -2.966853
v 0.644443 3.652941 -2.966853
v 0.644443 3.447058 -2.966853
v 0.644443 3.241176 -2.966853
v 0.644443 3.035294 -2.966853
v 0.644443 2.829411 -2.966853
v 0.644443 2.623530 -2.966853
v 0.644443 2.417647 -2.966853
v 0.644443 2.211765 -2.966853
v 0.644443 2.005882 -2.966853
v 0.629290 5.094118 -2.979290
v 0.629289 4.888235 -2.979290
v 0.629289 4.682353 -2.979290
v 0.629289 4.476470 -2.979290
v 0.629289 4.270589 -2.979290
v 0.629289 4.064706 -2.979290
v 0.629289 3.858823 -2.979290
v 0.629289 3.652941 -2.979290
v 0.629289 3.447058 -2.979290
v 0.629289 3.241176 -2.979290
v 0.629289 3.035294 -2.979290
v 0.629289 2.829411 -2.979290
v 0.629289 2.623530 -2.979290
v 0.629289 2.417647 -2.979290
v 0.629289 2.211765 -2.979290
v 0.629289 2.005882 -2.979290
v 0.616853 5.094118 -2.994443
v 0.616853 4.888235 -2.994443
v 0.616853 4.682353 -2.994443
v 0.616853 4.476470 -2.994443
v 0.616853 4.270589 -2.994443
v 0.616853 4.064706 -2.994443
v 0.616853 3.858823 -2.994443
v 0.616853 3.652941 -2.994443
v 0.616853 3.447058 -2.994443
v 0.616853 3.241176 -2.994443
v 0.616853 3.035294 -2.994443
v 0.616853 2.829411 -2.994443
v 0.616853 2.623530 -2.994443
v 0.616853 2.417647 -2.994443
v 0.616853 2.211765 -2.994443
v 0.616853 2.005882 -2.994443
v 0.607612 5.094118 -3.011732
v 0.607612 4.888235 -3.011732
v 0.607612 4.682353 -3.011732
v 0.607612 4.476470 -3.011732
v 0.607612 4.270589 -3.011732
v 0.607612 4.064706 -3.011732
v 0.607612 3.858823 -3.011732
v 0.607612 3.652941 -3.011732
v 0.607612 3.447058 -3.011732
v 0.607612 3.241176 -3.011732
v 0.607612 3.035294 -3.011732
v 0.607612 2.829411 -3.011732
v 0.607612 2.623530 -3.011732
v 0.607612 2.417647 -3.011732
v 0.607612 2.211765 -3.011732
v 0.607612 2.005882 -3.011732
v 0.601922 5.094118 -3.030491
v 0.601922 4.888235 -3.030491
v 0.601922 4.682353 -3.030491
v 0.601922 4.476470 -3.030491
v 0.601922 4.270589 -3.030491
v 0.601922 4.064706 -3.030491
v 0.601922 3.858823 -3.030491
v 0.601922 3.652941 -3.030491
v 0.601922 3.447058 -3.030491
v 0.601922 3.241176 -3.030491
v 0.601922 3.035294 -3.030491
v 0.601922 2.829411 -3.030491
v 0.601922 2.623530 -3.030491
v 0.601922 2.417647 -3.030491
v 0.601922 2.211765 -3.030491
v 0.601922 2.005882 -3.030491
v 0.600000 5.094118 -3.050000
v 0.600000 4.888235 -3.050000
v 0.600000 4.682353 -3.050000
v 0.600000 4.476470 -3.050000
v 0.600000 4.270589 -3.050000
v 0.600000 4.064706 -3.050000
v 0.600000 3.858823 -3.050000
v 0.600000 3.652941 -3.050000
v 0.600000 3.447058 -3.050000
v 0.600000 3.241176 -3.050000
v 0.600000 3.035294 -3.050000
v 0.600000 2.829411 -3.050000
v 0.600000 2.623530 -3.050000
v 0.600000 2.417647 -3.050000
v 0.600000 2.211765 -3.050000
v 0.600000 2.005882 -3.050000
v 0.601922 5.094118 -3.069510
v 0.601922 4.888235 -3.069510
v 0.601922 4.682353 -3.069510
v 0.601922 4.476470 -3.069510
v 0.601922 4.270589 -3.069510
v 0.601922 4.064706 -3.069510
v 0.601922 3.858823 -3.069510
v 0.601922 3.652941 -3.069510
v 0.601922 3.447058 -3.069510
v 0.601922 3.241176 -3.069510
v 0.601922 3.035294 -3.069510
v 0.601922 2.829411 -3.069510
v 0.601922 2.623530 -3.069510
v 0.601922 2.417647 -3.069510
v 0.601922 2.211765 -3.069510
v 0.601922 2.005882 -3.069510
v 0.607612 5.094118 -3.088269
v 0.607612 4.888235 -3.088269
v 0.607612 4.682353 -3.088269
v 0.607612 4.476470 -3.088269
v 0.607612 4.270589 -3.088269
v 0.607612 4.064706 -3.088269
v 0.607612 3.858823 -3.088269
v 0.607612 3.652941 -3.088269
v 0.607612 3.447058 -3.088269
v 0.607612 3.241176 -3.088269
v 0.607612 3.035294 -3.088269
v 0.607612 2.829411 -3.088269
v 0.607612 2.623530 -3.088269
v 0.607612 2.417647 -3.088269
v 0.607612 2.211765 -3.088269
v 0.607612 2.005882 -3.088269
v 0.616853 5.094118 -3.105558
v 0.616853 4.888235 -3.105558
v 0.616853 4.682353 -3.105558
v 0.616853 4.476470 -3.105558
v 0.616853 4.270589 -3.105558
v 0.616853 4.064706 -3.105558
v 0.616853 3.858823 -3.105558
v 0.616853 3.652941 -3.105558
v 0.616853 3.447058 -3.105558
v 0.616853 3.241176 -3.105558
v 0.616853 3.035294 -3.105558
v 0.616853 2.829411 -3.105558
v 0.616853 2.623530 -3.105558
v 0.616853 2.417647 -3.105558
v 0.616853 2.211765 -3.105558
v 0.616853 2.005882 -3.105558
v 0.629290 5.094118 -3.120711
v 0.629289 4.888235 -3.120711
v 0.629289 4.682353 -3.120711
v 0.629289 4.476470 -3.120711
v 0.629289 4.270589 -3.120711
v 0.629289 4.064706 -3.120711
v 0.629289 3.858823 -3.120711
v 0.629289 3.652941 -3.120711
v 0.629289 3.447058 -3.120711
v 0.629289 3.241176 -3.120711
v 0.629289 3.035294 -3.120711
v 0.629289 2.829411 -3.120711
v 0.629289 2.623530 -3.120711
v 0.629289 2.417647 -3.120711
v 0.629289 2.211765 -3.120711
v 0.629289 2.005882 -3.120711
v 0.644443 5.094118 -3.133147
v 0.644443 4.888235 -3.133147
v 0.644443 4.682353 -3.133147
v 0.644443 4.476470 -3.133147
v 0.644443 4.270589 -3.133147
v 0.644443 4.064706 -3.133147
v 0.644443 3.858823 -3.133147
v 0.644443 3.652941 -3.133147
v 0.644443 3.447058 -3.133147
v 0.644443 3.241176 -3.133147
v 0.644443 3.035294 -3.133147
v 0.644443 2.829411 -3.133147
v 0.644443 2.623530 -3.133147
v 0.644443 2.417647 -3.133147
v 0.644443 2.211765 -3.133147
v 0.644443 2.005882 -3.133147
v 0.661732 5.094118 -3.142388
v 0.661732 4.888235 -3.142388
v 0.661732 4.682353 -3.142388
v 0.661732 4.476470 -3.142388
v 0.661732 4.270589 -3.142388
v 0.661732 4.064706 -3.142388
v 0.661732 3.858823 -3.142388
v 0.661732 3.652941 -3.142388
v 0.661731 3.447058 -3.142388
v 0.661731 3.241176 -3.142388
v 0.661731 3.035294 -3.142388
v 0.661731 2.829411 -3.142388
v 0.661731 2.623530 -3.142388
v 0.661731 2.417647 -3.142388
v 0.661731 2.211765 -3.142388
v 0.661732 2.005882 -3.142388
v 0.680491 5.094118 -3.148079
v 0.680491 4.888235 -3.148079
v 0.680491 4.682353 -3.148079
v 0.680491 4.476470 -3.148079
v 0.680491 4.270589 -3.148079
v 0.680491 4.064706 -3.148079
v 0.680491 3.858823 -3.148079
v 0.680491 3.652941 -3.148079
v 0.680491 3.447058 -3.148079
v 0.680491 3.241176 -3.148079
v 0.680491 3.035294 -3.148079
v 0.680491 2.829411 -3.148079
v 0.680491 2.623530 -3.148079
v 0.680491 2.417647 -3.148079
v 0.680491 2.211765 -3.148079
v 0.680491 2.005882 -3.148079
v -0.700000 2.005674 -3.150000
v -0.700000 2.211570 -3.150000
v -0.700000 2.417464 -3.150000
v -0.700000 2.623360 -3.150000
v -0.700000 2.829255 -3.150000
v -0.700000 3.035151 -3.150000
v -0.700000 3.241046 -3.150000
v -0.700000 3.446941 -3.150000
v -0.700000 3.652837 -3.150000
v -0.700000 3.858732 -3.150000
v -0.700000 4.064628 -3.150000
v -0.700000 4.270523 -3.150000
v -0.700000 4.476418 -3.150000
v -0.700000 4.682314 -3.150000
v -0.700000 4.888209 -3.150000
v -0.700000 5.094104 -3.150000
v -0.680491 5.094104 -3.148078
v -0.680491 4.888209 -3.148078
v -0.680491 4.682314 -3.148078
v -0.680491 4.476418 -3.148078
v -0.680491 4.270523 -3.148078
v -0.680491 4.064628 -3.148078
v -0.680491 3.858732 -3.148078
v -0.680491 3.652837 -3.148078
v -0.680491 3.446941 -3.148078
v -0.680491 3.241046 -3.148078
v -0.680491 3.035151 -3.148078
v -0.680491 2.829255 -3.148078
v -0.680491 2.623360 -3.148078
v -0.680491 2.417464 -3.148078
v -0.680491 2.211570 -3.148078
v -0.680491 2.005674 -3.148078
v -0.661731 5.094104 -3.142388
v -0.661731 4.888209 -3.142388
v -0.661731 4.682314 -3.142388
v -0.661731 4.476418 -3.142388
v -0.661731 4.270523 -3.142388
v -0.661731 4.064628 -3.142388
v -0.661731 3.858732 -3.142388
v -0.661731 3.652837 -3.142388
v -0.661731 3.446941 -3.142388
v -0.661731 3.241046 -3.142388
v -0.661731 3.035151 -3.142388
v -0.661731 2.829255 -3.142388
v -0.661731 2.623360 -3.142388
v -0.661731 2.417464 -3.142388
v -0.661731 2.211570 -3.142388
v -0.661731 2.005674 -3.142388
v -0.644443 5.094104 -3.133147
v -0.644443 4.888209 -3.133147
v -0.644443 4.682314 -3.133147
v -0.644443 4.476418 -3.133147
v -0.644443 4.270523 -3.133147
v -0.644443 4.064628 -3.133147
v -0.644443 3.858732 -3.133147
v -0.644443 3.652837 -3.133147
v -0.644443 3.446941 -3.133147
v -0.644443 3.241046 -3.133147
v -0.644443 3.035151 -3.133147
v -0.644443 2.829255 -3.133147
v -0.644443 2.623360 -3.133147
v -0.644443 2.417464 -3.133147
v -0.644443 2.211570 -3.133147
v -0.644443 2.005674 -3.133147
v -0.629289 5.094104 -3.120711
v -0.629289 4.888209 -3.120711
v -0.629289 4.682314 -3.120711
v -0.629289 4.476418 -3.120711
v -0.629289 4.270523 -3.120711
v -0.629289 4.064628 -3.120711
v -0.629289 3.858732 -3.120711
v -0.629289 3.652837 -3.120711
v -0.629289 3.446941 -3.120711
v -0.629289 3.241046 -3.120711
v -0.629289 3.035151 -3.120711
v -0.629289 2.829255 -3.120711
v -0.629289 2.623360 -3.120711
v -0.629289 2.417464 -3.120711
v -0.629289 2.211570 -3.120711
v -0.629289 2.005674 -3.120711
v -0.616853 5.094104 -3.105557
v -0.616853 4.888209 -3.105557
v -0.616853 4.682314 -3.105557
v -0.616853 4.476418 -3.105557
v -0.616853 4.270523 -3.105557
v -0.616853 4.064628 -3.105557
v -0.616853 3.858732 -3.105557
v -0.616853 3.652837 -3.105557
v -0.616853 3.446941 -3.105557
v -0.616853 3.241046 -3.105557
v -0.616853 3.035151 -3.105557
v -0.616853 2.829255 -3.105557
v -0.616853 2.623360 -3.105557
v -0.616853 2.417464 -3.105557
v -0.616853 2.211570 -3.105557
v -0.616853 2.005674 -3.105557
v -0.607612 5.094104 -3.088269
v -0.607612 4.888209 -3.088269
v -0.607612 4.682314 -3.088269
v -0.607612 4.476418 -3.088269
v -0.607612 4.270523 -3.088269
v -0.607612 4.064628 -3.088269
v -0.607612 3.858732 -3.088269
v -0.607612 3.652837 -3.088269
v -0.607612 3.446941 -3.088269
v -0.607612 3.241046 -3.088269
v -0.607612 3.035151 -3.088269
v -0.607612 2.829255 -3.088269
v -0.607612 2.623360 -3.088269
v -0.607612 2.417464 -3.088269
v -0.607612 2.211570 -3.088269
v -0.607612 2.005674 -3.088269
v -0.601921 5.094104 -3.069509
v -0.601921 4.888209 -3.069509
v -0.601921 4.682314 -3.069509
v -0.601921 4.476418 -3.069509
v -0.601921 4.270523 -3.069509
v -0.601921 4.064628 -3.069509
v -0.601921 3.858732 -3.069509
v -0.601921 3.652837 -3.069509
v -0.601921 3.446941 -3.069509
v -0.601921 3.241046 -3.069509
v -0.601921 3.035151 -3.069509
v -0.601921 2.829255 -3.069509
v -0.601921 2.623360 -3.069509
v -0.601921 2.417464 -3.069509
v -0.601921 2.211570 -3.069509
v -0.601921 2.005674 -3.069509
v -0.600000 5.094104 -3.050000
v -0.600000 4.888209 -3.050000
v -0.600000 4.682314 -3.050000
v -0.600000 4.476418 -3.050000
v -0.600000 4.270523 -3.050000
v -0.600000 4.064628 -3.050000
v -0.600000 3.858732 -3.050000
v -0.600000 3.652837 -3.050000
v -0.600000 3.446941 -3.050000
v -0.600000 3.241046 -3.050000
v -0.600000 3.035151 -3.050000
v -0.600000 2.829255 -3.050000
v -0.600000 2.623360 -3.050000
v -0.600000 2.417464 -3.050000
v -0.600000 2.211570 -3.050000
v -0.600000 2.005674 -3.050000
v -0.601921 5.094104 -3.030491
v -0.601921 4.888209 -3.030491
v -0.601921 4.682314 -3.030491
v -0.601921 4.476418 -3.030491
v -0.601921 4.270523 -3.030491
v -0.601921 4.064628 -3.030491
v -0.601921 3.858732 -3.030491
v -0.601921 3.652837 -3.030491
v -0.601921 3.446941 -3.030491
v -0.601921 3.241046 -3.030491
v -0.601921 3.035151 -3.030491
v -0.601921 2.829255 -3.030491
v -0.601921 2.623360 -3.030491
v -0.601921 2.417464 -3.030491
v -0.601921 2.211570 -3.030491
v -0.601921 2.005674 -3.030491
v -0.607612 5.094104 -3.011732
v -0.607612 4.888209 -3.011732
v -0.607612 4.682314 -3.011732
v -0.607612 4.476418 -3.011732
v -0.607612 4.270523 -3.011732
v -0.607612 4.064628 -3.011732
v -0.607612 3.858732 -3.011732
v -0.607612 3.652837 -3.011732
v -0.607612 3.446941 -3.011732
v -0.607612 3.241046 -3.011732
v -0.607612 3.035151 -3.011732
v -0.607612 2.829255 -3.011732
v -0.607612 2.623360 -3.011732
v -0.607612 2.417464 -3.011732
v -0.607612 2.211570 -3.011732
v -0.607612 2.005674 -3.011732
v -0.616853 5.094104 -2.994443
v -0.616853 4.888209 -2.994443
v -0.616853 4.682314 -2.994443
v -0.616853 4.476418 -2.994443
v -0.616853 4.270523 -2.994443
v -0.616853 4.064628 -2.994443
v -0.616853 3.858732 -2.994443
v -0.616853 3.652837 -2.994443
v -0.616853 3.446941 -2.994443
v -0.616853 3.241046 -2.994443
v -0.616853 3.035151 -2.994443
v -0.616853 2.829255 -2.994443
v -0.616853 2.623360 -2.994443
v -0.616853 2.417464 -2.994443
v -0.616853 2.211570 -2.994443
v -0.616853 2.005674 -2.994443
v -0.629289 5.094104 -2.979289
v -0.629289 4.888209 -2.979289
v -0.629289 4.682314 -2.979289
v -0.629289 4.476418 -2.979289
v -0.629289 4.270523 -2.979289
v -0.629289 4.064628 -2.979289
v -0.629289 3.858732 -2.979289
v -0.629289 3.652837 -2.979289
v -0.629289 3.446941 -2.979289
v -0.629289 3.241046 -2.979289
v -0.629289 3.035151 -2.979289
v -0.629289 2.829255 -2.979289
v -0.629289 2.623360 -2.979289
v -0.629289 2.417464 -2.979289
v -0.629289 2.211570 -2.979289
v -0.629289 2.005674 -2.979289
v -0.644443 5.094104 -2.966853
v -0.644443 4.888209 -2.966853
v -0.644443 4.682314 -2.966853
v -0.644443 4.476418 -2.966853
v -0.644443 4.270523 -2.966853
v -0.644443 4.064628 -2.966853
v -0.644443 3.858732 -2.966853
v -0.644443 3.652837 -2.966853
v -0.644443 3.446941 -2.966853
v -0.644443 3.241046 -2.966853
v -0.644443 3.035151 -2.966853
v -0.644443 2.829255 -2.966853
v -0.644443 2.623360 -2.966853
v -0.644443 2.417464 -2.966853
v -0.644443 2.211570 -2.966853
v -0.644443 2.005674 -2.966853
v -0.661731 5.094104 -2.957612
v -0.661731 4.888209 -2.957612
v -0.661731 4.682314 -2.957612
v -0.661731 4.476418 -2.957612
v -0.661731 4.270523 -2.957612
v -0.661731 4.064628 -2.957612
v -0.661731 3.858732 -2.957612
v -0.661731 3.652837 -2.957612
v -0.661731 3.446941 -2.957612
v -0.661731 3.241046 -2.957612
v -0.661731 3.035151 -2.957612
v -0.661731 2.829255 -2.957612
v -0.661731 2.623360 -2.957612
v -0.661731 2.417464 -2.957612
v -0.661731 2.211570 -2.957612
v -0.661731 2.005674 -2.957612
v -0.680491 5.094104 -2.951922
v -0.680491 4.888209 -2.951922
v -0.680491 4.682314 -2.951922
v -0.680491 4.476418 -2.951922
v -0.680491 4.270523 -2.951922
v -0.680491 4.064628 -2.951922
v -0.680491 3.858732 -2.951922
v -0.680491 3.652837 -2.951922
v -0.680491 3.446941 -2.951922
v -0.680491 3.241046 -2.951922
v -0.680491 3.035151 -2.951922
v -0.680491 2.829255 -2.951922
v -0.680491 2.623360 -2.951922
v -0.680491 2.417464 -2.951922
v -0.680491 2.211570 -2.951922
v -0.680491 2.005674 -2.951922
v -0.700000 5.094104 -2.950000
v -0.700000 4.888209 -2.950000
v -0.700000 4.682314 -2.950000
v -0.700000 4.476418 -2.950000
v -0.700000 4.270523 -2.950000
v -0.700000 4.064628 -2.950000
v -0.700000 3.858732 -2.950000
v -0.700000 3.652837 -2.950000
v -0.700000 3.446941 -2.950000
v -0.700000 3.241046 -2.950000
v -0.700000 3.035151 -2.950000
v -0.700000 2.829255 -2.950000
v -0.700000 2.623360 -2.950000
v -0.700000 2.417464 -2.950000
v -0.700000 2.211570 -2.950000
v -0.700000 2.005674 -2.950000
v -0.719509 5.094104 -2.951922
v -0.719509 4.888209 -2.951922
v -0.719509 4.682314 -2.951922
v -0.719509 4.476418 -2.951922
v -0.719509 4.270523 -2.951922
v -0.719509 4.064628 -2.951922
v -0.719509 3.858732 -2.951922
v -0.719509 3.652837 -2.951922
v -0.719509 3.446941 -2.951922
v -0.719509 3.241046 -2.951922
v -0.719509 3.035151 -2.951922
v -0.719509 2.829255 -2.951922
v -0.719509 2.623360 -2.951922
v -0.719509 2.417464 -2.951922
v -0.719509 2.211570 -2.951922
v -0.719509 2.005674 -2.951922
v -0.738268 5.094104 -2.957612
v -0.738268 4.888209 -2.957612
v -0.738268 4.682314 -2.957612
v -0.738268 4.476418 -2.957612
v -0.738268 4.270523 -2.957612
v -0.738268 4.064628 -2.957612
v -0.738268 3.858732 -2.957612
v -0.738268 3.652837 -2.957612
v -0.738268 3.446941 -2.957612
v -0.738268 3.241046 -2.957612
v -0.738268 3.035151 -2.957612
v -0.738268 2.829255 -2.957612
v -0.738268 2.623360 -2.957612
v -0.738268 2.417464 -2.957612
v -0.738268 2.211570 -2.957612
v -0.738268 2.005674 -2.957612
v -0.755557 5.094104 -2.966853
v -0.755557 4.888209 -2.966853
v -0.755557 4.682314 -2.966853
v -0.755557 4.476418 -2.966853
v -0.755557 4.270523 -2.966853
v -0.755557 4.064628 -2.966853
v -0.755557 3.858732 -2.966853
v -0.755557 3.652837 -2.966853
v -0.755557 3.446941 -2.966853
v -0.755557 3.241046 -2.966853
v -0.755557 3.035151 -2.966853
v -0.755557 2.829255 -2.966853
v -0.755557 2.623360 -2.966853
v -0.755557 2.417464 -2.966853
v -0.755557 2.211570 -2.966853
v -0.755557 2.005674 -2.966853
v -0.770710 5.094104 -2.979289
v -0.770710 4.888209 -2.979289
v -0.770710 4.682314 -2.979289
v -0.770710 4.476418 -2.979289
v -0.770710 4.270523 -2.979289
v -0.770710 4.064628 -2.979289
v -0.770710 3.858732 -2.979289
v -0.770710 3.652837 -2.979289
v -0.770710 3.446941 -2.979289
v -0.770710 3.241046 -2.979289
v -0.770710 3.035151 -2.979289
v -0.770710 2.829255 -2.979289
v -0.770710 2.623360 -2.979289
v -0.770710 2.417464 -2.979289
v -0.770710 2.211570 -2.979289
v -0.770710 2.005674 -2.979289
v -0.783147 5.094104 -2.994443
v -0.783147 4.888209 -2.994443
v -0.783147 4.682314 -2.994443
v -0.783147 4.476418 -2.994443
v -0.783147 4.270523 -2.994443
v -0.783147 4.064628 -2.994443
v -0.783147 3.858732 -2.994443
v -0.783147 3.652837 -2.994443
v -0.783147 3.446941 -2.994443
v -0.783147 3.241046 -2.994443
v -0.783147 3.035151 -2.994443
v -0.783147 2.829255 -2.994443
v -0.783147 2.623360 -2.994443
v -0.783147 2.417464 -2.994443
v -0.783147 2.211570 -2.994443
v -0.783147 2.005674 -2.994443
v -0.792388 5.094104 -3.011732
v -0.792388 4.888209 -3.011732
v -0.792388 4.682314 -3.011732
v -0.792388 4.476418 -3.011732
v -0.792388 4.270523 -3.011732
v -0.792388 4.064628 -3.011732
v -0.792388 3.858732 -3.011732
v -0.792388 3.652837 -3.011732
v -0.792388 3.446941 -3.011732
v -0.792388 3.241046 -3.011732
v -0.792388 3.035151 -3.011732
v -0.792388 2.829255 -3.011732
v -0.792388 2.623360 -3.011732
v -0.792388 2.417464 -3.011732
v -0.792388 2.211570 -3.011732
v -0.792388 2.005674 -3.011732
v -0.798078 5.094104 -3.030491
v -0.798078 4.888209 -3.030491
v -0.798078 4.682314 -3.030491
v -0.798078 4.476418 -3.030491
v -0.798078 4.270523 -3.030491
v -0.798078 4.064628 -3.030491
v -0.798078 3.858732 -3.030491
v -0.798078 3.652837 -3.030491
v -0.798078 3.446941 -3.030491
v -0.798078 3.241046 -3.030491
v -0.798078 3.035151 -3.030491
v -0.798078 2.829255 -3.030491
v -0.798078 2.623360 -3.030491
v -0.798078 2.417464 -3.030491
v -0.798078 2.211570 -3.030491
v -0.798078 2.005674 -3.030491
v -0.800000 5.094104 -3.050000
v -0.800000 4.888209 -3.050000
v -0.800000 4.682314 -3.050000
v -0.800000 4.476418 -3.050000
v -0.800000 4.270523 -3.050000
v -0.800000 4.064628 -3.050000
v -0.800000 3.858732 -3.050000
v -0.800000 3.652837 -3.050000
v -0.800000 3.446941 -3.050000
v -0.800000 3.241046 -3.050000
v -0.800000 3.035151 -3.050000
v -0.800000 2.829255 -3.050000
v -0.800000 2.623360 -3.050000
v -0.800000 2.417464 -3.050000
v -0.800000 2.211570 -3.050000
v -0.800000 2.005674 -3.050000
v -0.798078 5.094104 -3.069509
v -0.798078 4.888209 -3.069509
v -0.798078 4.682314 -3.069509
v -0.798078 4.476418 -3.069509
v -0.798078 4.270523 -3.069509
v -0.798078 4.064628 -3.069509
v -0.798078 3.858732 -3.069509
v -0.798078 3.652837 -3.069509
v -0.798078 3.446941 -3.069509
v -0.798078 3.241046 -3.069509
v -0.798078 3.035151 -3.069509
v -0.798078 2.829255 -3.069509
v -0.798078 2.623360 -3.069509
v -0.798078 2.417464 -3.069509
v -0.798078 2.211570 -3.069509
v -0.798078 2.005674 -3.069509
v -0.792388 5.094104 -3.088269
v -0.792388 4.888209 -3.088269
v -0.792388 4.682314 -3.088269
v -0.792388 4.476418 -3.088269
v -0.792388 4.270523 -3.088269
v -0.792388 4.064628 -3.088269
v -0.792388 3.858732 -3.088269
v -0.792388 3.652837 -3.088269
v -0.792388 3.446941 -3.088269
v -0.792388 3.241046 -3.088269
v -0.792388 3.035151 -3.088269
v -0.792388 2.829255 -3.088269
v -0.792388 2.623360 -3.088269
v -0.792388 2.417464 -3.088269
v -0.792388 2.211570 -3.088269
v -0.792388 2.005674 -3.088269
v -0.783147 5.094104 -3.105557
v -0.783147 4.888209 -3.105557
v -0.783147 4.682314 -3.105557
v -0.783147 4.476418 -3.105557
v -0.783147 4.270523 -3.105557
v -0.783147 4.064628 -3.105557
v -0.783147 3.858732 -3.105557
v -0.783147 3.652837 -3.105557
v -0.783147 3.446941 -3.105557
v -0.783147 3.241046 -3.105557
v -0.783147 3.035151 -3.105557
v -0.783147 2.829255 -3.105557
v -0.783147 2.623360 -3.105557
v -0.783147 2.417464 -3.105557
v -0.783147 2.211570 -3.105557
v -0.783147 2.005674 -3.105557
v -0.770710 5.094104 -3.120711
v -0.770710 4.888209 -3.120711
v -0.770710 4.682314 -3.120711
v -0.770710 4.476418 -3.120711
v -0.770710 4.270523 -3.120711
v -0.770710 4.064628 -3.120711
v -0.770710 3.858732 -3.120711
v -0.770710 3.652837 -3.120711
v -0.770710 3.446941 -3.120711
v -0.770710 3.241046 -3.120711
v -0.770710 3.035151 -3.120711
v -0.770710 2.829255 -3.120711
v -0.770710 2.623360 -3.120711
v -0.770710 2.417464 -3.120711
v -0.770710 2.211570 -3.120711
v -0.770710 2.005674 -3.120711
v -0.755557 5.094104 -3.133147
v -0.755557 4.888209 -3.133147
v -0.755557 4.682314 -3.133147
v -0.755557 4.476418 -3.133147
v -0.755557 4.270523 -3.133147
v -0.755557 4.064628 -3.133147
v -0.755557 3.858732 -3.133147
v -0.755557 3.652837 -3.133147
v -0.755557 3.446941 -3.133147
v -0.755557 3.241046 -3.133147
v -0.755557 3.035151 -3.133147
v -0.755557 2.829255 -3.133147
v -0.755557 2.623360 -3.133147
v -0.755557 2.417464 -3.133147
v -0.755557 2.211570 -3.133147
v -0.755557 2.005674 -3.133147
v -0.738268 5.094104 -3.142388
v -0.738268 4.888209 -3.142388
v -0.738268 4.682314 -3.142388
v -0.738268 4.476418 -3.142388
v -0.738268 4.270523 -3.142388
v -0.738268 4.064628 -3.142388
v -0.738268 3.858732 -3.142388
v -0.738268 3.652837 -3.142388
v -0.738268 3.446941 -3.142388
v -0.738268 3.241046 -3.142388
v -0.738268 3.035151 -3.142388
v -0.738268 2.829255 -3.142388
v -0.738268 2.623360 -3.142388
v -0.738268 2.417464 -3.142388
v -0.738268 2.211570 -3.142388
v -0.738268 2.005674 -3.142388
v -0.719509 5.094104 -3.148078
v -0.719509 4.888209 -3.148078
v -0.719509 4.682314 -3.148078
v -0.719509 4.476418 -3.148078
v -0.719509 4.270523 -3.148078
v -0.719509 4.064628 -3.148078
v -0.719509 3.858732 -3.148078
v -0.719509 3.652837 -3.148078
v -0.719509 3.446941 -3.148078
v -0.719509 3.241046 -3.148078
v -0.719509 3.035151 -3.148078
v -0.719509 2.829255 -3.148078
v -0.719509 2.623360 -3.148078
v -0.719509 2.417464 -3.148078
v -0.719509 2.211570 -3.148078
v -0.719509 2.005674 -3.148078
v 0.719509 1.594117 -3.148079
v 0.719509 1.388235 -3.148079
v 0.719509 1.182353 -3.148079
v 0.719509 0.976471 -3.148079
v 0.719509 0.770588 -3.148079
v 0.719509 0.564706 -3.148079
v 0.719509 0.358824 -3.148079
v 0.719509 0.152942 -3.148079
v 0.719509 -0.052941 -3.148079
v 0.719509 -0.258823 -3.148079
v 0.719509 -0.464705 -3.148079
v 0.719509 -0.670588 -3.148079
v 0.719509 -0.876470 -3.148079
v 0.719509 -1.082353 -3.148079
v 0.719509 -1.288235 -3.148079
v 0.719509 -1.494117 -3.148079
v 0.738268 1.594117 -3.142388
v 0.738268 1.388235 -3.142388
v 0.738268 1.182353 -3.142388
v 0.738268 0.976471 -3.142388
v 0.738268 0.770588 -3.142388
v 0.738268 0.564706 -3.142388
v 0.738268 0.358824 -3.142388
v 0.738268 0.152942 -3.142388
v 0.738268 -0.052941 -3.142388
v 0.738268 -0.258823 -3.142388
v 0.738268 -0.464705 -3.142388
v 0.738268 -0.670588 -3.142388
v 0.738268 -0.876470 -3.142388
v 0.738268 -1.082353 -3.142388
v 0.738268 -1.288235 -3.142388
v 0.738268 -1.494117 -3.142388
v 0.755557 1.594117 -3.133147
v 0.755557 1.388235 -3.133147
v 0.755557 1.182353 -3.133147
v 0.755557 0.976471 -3.133147
v 0.755557 0.770588 -3.133147
v 0.755557 0.564706 -3.133147
v 0.755557 0.358824 -3.133147
v 0.755557 0.152942 -3.133147
v 0.755557 -0.052941 -3.133147
v 0.755557 -0.258823 -3.133147
v 0.755557 -0.464705 -3.133147
v 0.755557 -0.670588 -3.133147
v 0.755557 -0.876470 -3.133147
v 0.755557 -1.082353 -3.133147
v 0.755557 -1.288235 -3.133147
v 0.755557 -1.494117 -3.133147
v 0.770711 1.594117 -3.120711
v 0.770711 1.388235 -3.120711
v 0.770711 1.182353 -3.120711
v 0.770711 0.976471 -3.120711
v 0.770711 0.770588 -3.120711
v 0.770711 0.564706 -3.120711
v 0.770711 0.358824 -3.120711
v 0.770711 0.152942 -3.120711
v 0.770711 -0.052941 -3.120711
v 0.770711 -0.258823 -3.120711
v 0.770711 -0.464705 -3.120711
v 0.770710 -0.670588 -3.120711
v 0.770710 -0.876470 -3.120711
v 0.770710 -1.082353 -3.120711
v 0.770711 -1.288235 -3.120711
v 0.770711 -1.494117 -3.120711
v 0.783147 1.594117 -3.105558
v 0.783147 1.388235 -3.105558
v 0.783147 1.182353 -3.105558
v 0.783147 0.976471 -3.105558
v 0.783147 0.770588 -3.105558
v 0.783147 0.564706 -3.105558
v 0.783147 0.358824 -3.105558
v 0.783147 0.152942 -3.105558
v 0.783147 -0.052941 -3.105558
v 0.783147 -0.258823 -3.105558
v 0.783147 -0.464705 -3.105558
v 0.783147 -0.670588 -3.105558
v 0.783147 -0.876470 -3.105558
v 0.783147 -1.082353 -3.105558
v 0.783147 -1.288235 -3.105558
v 0.783147 -1.494117 -3.105558
v 0.792388 1.594117 -3.088269
v 0.792388 1.388235 -3.088269
v 0.792388 1.182353 -3.088269
v 0.792388 0.976471 -3.088269
v 0.792388 0.770588 -3.088269
v 0.792388 0.564706 -3.088269
v 0.792388 0.358824 -3.088269
v 0.792388 0.152942 -3.088269
v 0.792388 -0.052941 -3.088269
v 0.792388 -0.258823 -3.088269
v 0.792388 -0.464705 -3.088269
v 0.792388 -0.670588 -3.088269
v 0.792388 -0.876470 -3.088269
v 0.792388 -1.082353 -3.088269
v 0.792388 -1.288235 -3.088269
v 0.792388 -1.494117 -3.088269
v 0.798079 1.594117 -3.069510
v 0.798079 1.388235 -3.069510
v 0.798079 1.182353 -3.069510
v 0.798079 0.976471 -3.069510
v 0.798079 0.770588 -3.069510
v 0.798079 0.564706 -3.069510
v 0.798079 0.358824 -3.069510
v 0.798079 0.152942 -3.069510
v 0.798079 -0.052941 -3.069510
v 0.798079 -0.258823 -3.069510
v 0.798079 -0.464705 -3.069510
v 0.798079 -0.670588 -3.069510
v 0.798079 -0.876470 -3.069510
v 0.798079 -1.082353 -3.069510
v 0.798079 -1.288235 -3.069510
v 0.798079 -1.494117 -3.069510
v 0.800000 1.594117 -3.050000
v 0.800000 1.388235 -3.050000
v 0.800000 1.182353 -3.050000
v 0.800000 0.976471 -3.050000
v 0.800000 0.770588 -3.050000
v 0.800000 0.564706 -3.050000
v 0.800000 0.358824 -3.050000
v 0.800000 0.152942 -3.050000
v 0.800000 -0.052941 -3.050000
v 0.800000 -0.258823 -3.050000
v 0.800000 -0.464705 -3.050000
v 0.800000 -0.670588 -3.050000
v 0.800000 -0.876470 -3.050000
v 0.800000 -1.082353 -3.050000
v 0.800000 -1.288235 -3.050000
v 0.800000 -1.494117 -3.050000
v 0.798079 1.594117 -3.030491
v 0.798079 1.388235 -3.030491
v 0.798079 1.182353 -3.030491
v 0.798079 0.976471 -3.030491
v 0.798079 0.770588 -3.030491
v 0.798079 0.564706 -3.030491
v 0.798079 0.358824 -3.030491
v 0.798079 0.152942 -3.030491
v 0.798079 -0.052941 -3.030491
v 0.798079 -0.258823 -3.030491
v 0.798079 -0.464705 -3.030491
v 0.798079 -0.670588 -3.030491
v 0.798079 -0.876470 -3.030491
v 0.798079 -1.082353 -3.030491
v 0.798079 -1.288235 -3.030491
v 0.798079 -1.494117 -3.030491
v 0.792388 1.594117 -3.011732
v 0.792388 1.388235 -3.011732
v 0.792388 1.182353 -3.011732
v 0.792388 0.976471 -3.011732
v 0.792388 0.770588 -3.011732
v 0.792388 0.564706 -3.011732
v 0.792388 0.358824 -3.011732
v 0.792388 0.152942 -3.011732
v 0.792388 -0.052941 -3.011732
v 0.792388 -0.258823 -3.011732
v 0.792388 -0.464705 -3.011732
v 0.792388 -0.670588 -3.011732
v 0.792388 -0.876470 -3.011732
v 0.792388 -1.082353 -3.011732
v 0.792388 -1.288235 -3.011732
v 0.792388 -1.494117 -3.011732
v 0.783147 1.594117 -2.994443
v 0.783147 1.388235 -2.994443
v 0.783147 1.182353 -2.994443
v 0.783147 0.976471 -2.994443
v 0.783147 0.770588 -2.994443
v 0.783147 0.564706 -2.994443
v 0.783147 0.358824 -2.994443
v 0.783147 0.152942 -2.994443
v 0.783147 -0.052941 -2.994443
v 0.783147 -0.258823 -2.994443
v 0.783147 -0.464705 -2.994443
v 0.783147 -0.670588 -2.994443
v 0.783147 -0.876470 -2.994443
v 0.783147 -1.082353 -2.994443
v 0.783147 -1.288235 -2.994443
v 0.783147 -1.494117 -2.994443
v 0.770711 1.594117 -2.979290
v 0.770711 1.388235 -2.979290
v 0.770711 1.182353 -2.979290
v 0.770711 0.976471 -2.979290
v 0.770711 0.770588 -2.979290
v 0.770711 0.564706 -2.979290
v 0.770711 0.358824 -2.979290
v 0.770711 0.152942 -2.979290
v 0.770711 -0.052941 -2.979290
v 0.770711 -0.258823 -2.979290
v 0.770711 -0.464705 -2.979290
v 0.770710 -0.670588 -2.979290
v 0.770710 -0.876470 -2.979290
v 0.770710 -1.082353 -2.979290
v 0.770711 -1.288235 -2.979290
v 0.770711 -1.494117 -2.979290
v 0.755557 1.594117 -2.966853
v 0.755557 1.388235 -2.966853
v 0.755557 1.182353 -2.966853
v 0.755557 0.976471 -2.966853
v 0.755557 0.770588 -2.966853
v 0.755557 0.564706 -2.966853
v 0.755557 0.358824 -2.966853
v 0.755557 0.152942 -2.966853
v 0.755557 -0.052941 -2.966853
v 0.755557 -0.258823 -2.966853
v 0.755557 -0.464705 -2.966853
v 0.755557 -0.670588 -2.966853
v 0.755557 -0.876470 -2.966853
v 0.755557 -1.082353 -2.966853
v 0.755557 -1.288235 -2.966853
v 0.755557 -1.494117 -2.966853
v 0.738268 1.594117 -2.957613
v 0.738268 1.388235 -2.957613
v 0.738268 1.182353 -2.957613
v 0.738268 0.976471 -2.957613
v 0.738268 0.770588 -2.957613
v 0.738268 0.564706 -2.957613
v 0.738268 0.358824 -2.957613
v 0.738268 0.152942 -2.957613
v 0.738268 -0.052941 -2.957613
v 0.738268 -0.258823 -2.957613
v 0.738268 -0.464705 -2.957613
v 0.738268 -0.670588 -2.957613
v 0.738268 -0.876470 -2.957613
v 0.738268 -1.082353 -2.957613
v 0.738268 -1.288235 -2.957613
v 0.738268 -1.494117 -2.957613
v 0.719509 1.594117 -2.951922
v 0.719509 1.388235 -2.951922
v 0.719509 1.182353 -2.951922
v 0.719509 0.976471 -2.951922
v 0.719509 0.770588 -2.951922
v 0.719509 0.564706 -2.951922
v 0.719509 0.358824 -2.951922
v 0.719509 0.152942 -2.951922
v 0.719509 -0.052941 -2.951922
v 0.719509 -0.258823 -2.951922
v 0.719509 -0.464705 -2.951922
v 0.719509 -0.670588 -2.951922
v 0.719509 -0.876470 -2.951922
v 0.719509 -1.082353 -2.951922
v 0.719509 -1.288235 -2.951922
v 0.719509 -1.494117 -2.951922
v 0.700000 1.594117 -2.950001
v 0.700000 1.388235 -2.950001
v 0.700000 1.182353 -2.950001
v 0.700000 0.976471 -2.950001
v 0.700000 0.770588 -2.950001
v 0.700000 0.564706 -2.950001
v 0.700000 0.358824 -2.950001
v 0.700000 0.152942 -2.950001
v 0.700000 -0.052941 -2.950001
v 0.700000 -0.258823 -2.950001
v 0.700000 -0.464705 -2.950001
v 0.700000 -0.670588 -2.950001
v 0.700000 -0.876470 -2.950001
v 0.700000 -1.082353 -2.950001
v 0.700000 -1.288235 -2.950001
v 0.700000 -1.494117 -2.950001
v 0.680491 1.594117 -2.951922
v 0.680491 1.388235 -2.951922
v 0.680491 1.182353 -2.951922
v 0.680491 0.976471 -2.951922
v 0.680491 0.770588 -2.951922
v 0.680491 0.564706 -2.951922
v 0.680491 0.358824 -2.951922
v 0.680491 0.152942 -2.951922
v 0.680491 -0.052941 -2.951922
v 0.680491 -0.258823 -2.951922
v 0.680491 -0.464705 -2.951922
v 0.680491 -0.670588 -2.951922
v 0.680491 -0.876470 -2.951922
v 0.680491 -1.082353 -2.951922
v 0.680491 -1.288235 -2.951922
v 0.680491 -1.494117 -2.951922
v 0.661732 1.594117 -2.957613
v 0.661732 1.388235 -2.957613
v 0.661732 1.182353 -2.957613
v 0.661732 0.976471 -2.957613
v 0.661731 0.770588 -2.957613
v 0.661731 0.564706 -2.957613
v 0.661731 0.358824 -2.957613
v 0.661731 0.152942 -2.957613
v 0.661731 -0.052941 -2.957613
v 0.661731 -0.258823 -2.957613
v 0.661731 -0.464705 -2.957613
v 0.661731 -0.670588 -2.957613
v 0.661731 -0.876470 -2.957613
v 0.661731 -1.082353 -2.957613
v 0.661731 -1.288235 -2.957613
v 0.661732 -1.494117 -2.957613
v 0.644443 1.594117 -2.966853
v 0.644443 1.388235 -2.966853
v 0.644443 1.182353 -2.966853
v 0.644443 0.976471 -2.966853
v 0.644443 0.770588 -2.966853
v 0.644443 0.564706 -2.966853
v 0.644443 0.358824 -2.966853
v 0.644443 0.152942 -2.966853
v 0.644443 -0.052941 -2.966853
v 0.644443 -0.258823 -2.966853
v 0.644443 -0.464705 -2.966853
v 0.644443 -0.670588 -2.966853
v 0.644443 -0.876470 -2.966853
v 0.644443 -1.082353 -2.966853
v 0.644443 -1.288235 -2.966853
v 0.644443 -1.494117 -2.966853
v 0.629289 1.594117 -2.979290
v 0.629289 1.388235 -2.979290
v 0.629289 1.182353 -2.979290
v 0.629289 0.976471 -2.979290
v 0.629289 0.770588 -2.979290
v 0.629289 0.564706 -2.979290
v 0.629289 0.358824 -2.979290
v 0.629289 0.152942 -2.979290
v 0.629289 -0.052941 -2.979290
v 0.629289 -0.258823 -2.979290
v 0.629289 -0.464705 -2.979290
v 0.629289 -0.670588 -2.979290
v 0.629289 -0.876470 -2.979290
v 0.629289 -1.082353 -2.979290
v 0.629289 -1.288235 -2.979290
v 0.629290 -1.494117 -2.979290
v 0.616853 1.594117 -2.994443
v 0.616853 1.388235 -2.994443
v 0.616853 1.182353 -2.994443
v 0.616853 0.976471 -2.994443
v 0.616853 0.770588 -2.994443
v 0.616853 0.564706 -2.994443
v 0.616853 0.358824 -2.994443
v 0.616853 0.152942 -2.994443
v 0.616853 -0.052941 -2.994443
v 0.616853 -0.258823 -2.994443
v 0.616853 -0.464705 -2.994443
v 0.616853 -0.670588 -2.994443
v 0.616853 -0.876470 -2.994443
v 0.616853 -1.082353 -2.994443
v 0.616853 -1.288235 -2.994443
v 0.616853 -1.494117 -2.994443
v 0.607612 1.594117 -3.011732
v 0.607612 1.388235 -3.011732
v 0.607612 1.182353 -3.011732
v 0.607612 0.976471 -3.011732
v 0.607612 0.770588 -3.011732
v 0.607612 0.564706 -3.011732
v 0.607612 0.358824 -3.011732
v 0.607612 0.152942 -3.011732
v 0.607612 -0.052941 -3.011732
v 0.607612 -0.258823 -3.011732
v 0.607612 -0.464705 -3.011732
v 0.607612 -0.670588 -3.011732
v 0.607612 -0.876470 -3.011732
v 0.607612 -1.082353 -3.011732
v 0.607612 -1.288235 -3.011732
v 0.607612 -1.494117 -3.011732
v 0.601922 1.594117 -3.030491
v 0.601922 1.388235 -3.030491
v 0.601922 1.182353 -3.030491
v 0.601922 0.976471 -3.030491
v 0.601922 0.770588 -3.030491
v 0.601922 0.564706 -3.030491
v 0.601922 0.358824 -3.030491
v 0.601922 0.152942 -3.030491
v 0.601922 -0.052941 -3.030491
v 0.601922 -0.258823 -3.030491
v 0.601922 -0.464705 -3.030491
v 0.601922 -0.670588 -3.030491
v 0.601922 -0.876470 -3.030491
v 0.601922 -1.082353 -3.030491
v 0.601922 -1.288235 -3.030491
v 0.601922 -1.494117 -3.030491
v 0.600000 1.594117 -3.050000
v 0.600000 1.388235 -3.050000
v 0.600000 1.182353 -3.050000
v 0.600000 0.976471 -3.050000
v 0.600000 0.770588 -3.050000
v 0.600000 0.564706 -3.050000
v 0.600000 0.358824 -3.050000
v 0.600000 0.152942 -3.050000
v 0.600000 -0.052941 -3.050000
v 0.600000 -0.258823 -3.050000
v 0.600000 -0.464705 -3.050000
v 0.600000 -0.670588 -3.050000
v 0.600000 -0.876470 -3.050000
v 0.600000 -1.082353 -3.050000
v 0.600000 -1.288235 -3.050000
v 0.600000 -1.494117 -3.050000
v 0.601922 1.594117 -3.069510
v 0.601922 1.388235 -3.069510
v 0.601922 1.182353 -3.069510
v 0.601922 0.976471 -3.069510
v 0.601922 0.770588 -3.069510
v 0.601922 0.564706 -3.069510
v 0.601922 0.358824 -3.069510
v 0.601922 0.152942 -3.069510
v 0.601922 -0.052941 -3.069510
v 0.601922 -0.258823 -3.069510
v 0.601922 -0.464705 -3.069510
v 0.601922 -0.670588 -3.069510
v 0.601922 -0.876470 -3.069510
v 0.601922 -1.082353 -3.069510
v 0.601922 -1.288235 -3.069510
v 0.601922 -1.494117 -3.069510
v 0.607612 1.594117 -3.088269
v 0.607612 1.388235 -3.088269
v 0.607612 1.182353 -3.088269
v 0.607612 0.976471 -3.088269
v 0.607612 0.770588 -3.088269
v 0.607612 0.564706 -3.088269
v 0.607612 0.358824 -3.088269
v 0.607612 0.152942 -3.088269
v 0.607612 -0.052941 -3.088269
v 0.607612 -0.258823 -3.088269
v 0.607612 -0.464705 -3.088269
v 0.607612 -0.670588 -3.088269
v 0.607612 -0.876470 -3.088269
v 0.607612 -1.082353 -3.088269
v 0.607612 -1.288235 -3.088269
v 0.607612 -1.494117 -3.088269
v 0.616853 1.594117 -3.105558
v 0.616853 1.388235 -3.105558
v 0.616853 1.182353 -3.105558
v 0.616853 0.976471 -3.105558
v 0.616853 0.770588 -3.105558
v 0.616853 0.564706 -3.105558
v 0.616853 0.358824 -3.105558
v 0.616853 0.152942 -3.105558
v 0.616853 -0.052941 -3.105558
v 0.616853 -0.258823 -3.105558
v 0.616853 -0.464705 -3.105558
v 0.616853 -0.670588 -3.105558
v 0.616853 -0.876470 -3.105558
v 0.616853 -1.082353 -3.105558
v 0.616853 -1.288235 -3.105558
v 0.616853 -1.494117 -3.105558
v 0.629289 1.594117 -3.120711
v 0.629289 1.388235 -3.120711
v 0.629289 1.182353 -3.120711
v 0.629289 0.976471 -3.120711
v 0.629289 0.770588 -3.120711
v 0.629289 0.564706 -3.120711
v 0.629289 0.358824 -3.120711
v 0.629289 0.152942 -3.120711
v 0.629289 -0.052941 -3.120711
v 0.629289 -0.258823 -3.120711
v 0.629289 -0.464705 -3.120711
v 0.629289 -0.670588 -3.120711
v 0.629289 -0.876470 -3.120711
v 0.629289 -1.082353 -3.120711
v 0.629289 -1.288235 -3.120711
v 0.629290 -1.494117 -3.120711
v 0.644443 1.594117 -3.133147
v 0.644443 1.388235 -3.133147
v 0.644443 1.182353 -3.133147
v 0.644443 0.976471 -3.133147
v 0.644443 0.770588 -3.133147
v 0.644443 0.564706 -3.133147
v 0.644443 0.358824 -3.133147
v 0.644443 0.152942 -3.133147
v 0.644443 -0.052941 -3.133147
v 0.644443 -0.258823 -3.133147
v 0.644443 -0.464705 -3.133147
v 0.644443 -0.670588 -3.133147
v 0.644443 -0.876470 -3.133147
v 0.644443 -1.082353 -3.133147
v 0.644443 -1.288235 -3.133147
v 0.644443 -1.494117 -3.133147
v 0.661732 1.594117 -3.142388
v 0.661732 1.388235 -3.142388
v 0.661732 1.182353 -3.142388
v 0.661732 0.976471 -3.142388
v 0.661731 0.770588 -3.142388
v 0.661731 0.564706 -3.142388
v 0.661731 0.358824 -3.142388
v 0.661731 0.152942 -3.142388
v 0.661731 -0.052941 -3.142388
v 0.661731 -0.258823 -3.142388
v 0.661731 -0.464705 -3.142388
v 0.661731 -0.670588 -3.142388
v 0.661731 -0.876470 -3.142388
v 0.661731 -1.082353 -3.142388
v 0.661731 -1.288235 -3.142388
v 0.661732 -1.494117 -3.142388
v 0.680491 1.594117 -3.148079
v 0.680491 1.388235 -3.148079
v 0.680491 1.182353 -3.148079
v 0.680491 0.976471 -3.148079
v 0.680491 0.770588 -3.148079
v 0.680491 0.564706 -3.148079
v 0.680491 0.358824 -3.148079
v 0.680491 0.152942 -3.148079
v 0.680491 -0.052941 -3.148079
v 0.680491 -0.258823 -3.148079
v 0.680491 -0.464705 -3.148079
v 0.680491 -0.670588 -3.148079
v 0.680491 -0.876470 -3.148079
v 0.680491 -1.082353 -3.148079
v 0.680491 -1.288235 -3.148079
v 0.680491 -1.494117 -3.148079
v 0.700000 -1.494118 -3.150000
v 0.700000 -1.288236 -3.150000
v 0.700000 -1.082353 -3.150000
v 0.700000 -0.876471 -3.150000
v 0.700000 -0.670588 -3.150000
v 0.700000 -0.464706 -3.150000
v 0.700000 -0.258824 -3.150000
v 0.700000 -0.052942 -3.150000
v 0.700000 0.152941 -3.150000
v 0.700000 0.358823 -3.150000
v 0.700000 0.564705 -3.150000
v 0.700000 0.770588 -3.150000
v 0.700000 0.976470 -3.150000
v 0.700000 1.182353 -3.150000
v 0.700000 1.388235 -3.150000
v 0.700000 1.594117 -3.150000
v -0.680491 1.593910 -3.148078
v -0.680491 1.388040 -3.148078
v -0.680491 1.182171 -3.148078
v -0.680491 0.976301 -3.148078
v -0.680491 0.770432 -3.148078
v -0.680491 0.564562 -3.148078
v -0.680491 0.358693 -3.148078
v -0.680491 0.152824 -3.148078
v -0.680491 -0.053046 -3.148078
v -0.680491 -0.258914 -3.148078
v -0.680491 -0.464784 -3.148078
v -0.680491 -0.670654 -3.148078
v -0.680491 -0.876523 -3.148078
v -0.680491 -1.082392 -3.148078
v -0.680491 -1.288262 -3.148078
v -0.680491 -1.494131 -3.148078
v -0.661731 1.593910 -3.142388
v -0.661731 1.388040 -3.142388
v -0.661731 1.182171 -3.142388
v -0.661731 0.976301 -3.142388
v -0.661731 0.770432 -3.142388
v -0.661731 0.564562 -3.142388
v -0.661731 0.358693 -3.142388
v -0.661731 0.152824 -3.142388
v -0.661731 -0.053046 -3.142388
v -0.661731 -0.258914 -3.142388
v -0.661731 -0.464784 -3.142388
v -0.661731 -0.670654 -3.142388
v -0.661731 -0.876523 -3.142388
v -0.661731 -1.082392 -3.142388
v -0.661731 -1.288262 -3.142388
v -0.661731 -1.494131 -3.142388
v -0.644443 1.593910 -3.133147
v -0.644443 1.388040 -3.133147
v -0.644443 1.182171 -3.133147
v -0.644443 0.976301 -3.133147
v -0.644443 0.770432 -3.133147
v -0.644443 0.564562 -3.133147
v -0.644443 0.358693 -3.133147
v -0.644443 0.152824 -3.133147
v -0.644443 -0.053046 -3.133147
v -0.644443 -0.258914 -3.133147
v -0.644443 -0.464784 -3.133147
v -0.644443 -0.670654 -3.133147
v -0.644443 -0.876523 -3.133147
v -0.644443 -1.082392 -3.133147
v -0.644443 -1.288262 -3.133147
v -0.644443 -1.494131 -3.133147
v -0.629289 1.593910 -3.120711
v -0.629289 1.388040 -3.120711
v -0.629289 1.182171 -3.120711
v -0.629289 0.976301 -3.120711
v -0.629289 0.770432 -3.120711
v -0.629289 0.564562 -3.120711
v -0.629289 0.358693 -3.120711
v -0.629289 0.152824 -3.120711
v -0.629289 -0.053046 -3.120711
v -0.629289 -0.258914 -3.120711
v -0.629289 -0.464784 -3.120711
v -0.629289 -0.670654 -3.120711
v -0.629289 -0.876523 -3.120711
v -0.629289 -1.082392 -3.120711
v -0.629289 -1.288262 -3.120711
v -0.629289 -1.494131 -3.120711
v -0.616853 1.593910 -3.105557
v -0.616853 1.388040 -3.105557
v -0.616853 1.182171 -3.105557
v -0.616853 0.976301 -3.105557
v -0.616853 0.770432 -3.105557
v -0.616853 0.564562 -3.105557
v -0.616853 0.358693 -3.105557
v -0.616853 0.152824 -3.105557
v -0.616853 -0.053046 -3.105557
v -0.616853 -0.258914 -3.105557
v -0.616853 -0.464784 -3.105557
v -0.616853 -0.670654 -3.105557
v -0.616853 -0.876523 -3.105557
v -0.616853 -1.082392 -3.105557
v -0.616853 -1.288262 -3.105557
v -0.616853 -1.494131 -3.105557
v -0.607612 1.593910 -3.088269
v -0.607612 1.388040 -3.088269
v -0.607612 1.182171 -3.088269
v -0.607612 0.976301 -3.088269
v -0.607612 0.770432 -3.088269
v -0.607612 0.564562 -3.088269
v -0.607612 0.358693 -3.088269
v -0.607612 0.152824 -3.088269
v -0.607612 -0.053046 -3.088269
v -0.607612 -0.258914 -3.088269
v -0.607612 -0.464784 -3.088269
v -0.607612 -0.670654 -3.088269
v -0.607612 -0.876523 -3.088269
v -0.607612 -1.082392 -3.088269
v -0.607612 -1.288262 -3.088269
v -0.607612 -1.494131 -3.088269
v -0.601921 1.593910 -3.069509
v -0.601921 1.388040 -3.069509
v -0.601921 1.182171 -3.069509
v -0.601921 0.976301 -3.069509
v -0.601921 0.770432 -3.069509
v -0.601921 0.564562 -3.069509
v -0.601921 0.358693 -3.069509
v -0.601921 0.152824 -3.069509
v -0.601921 -0.053046 -3.069509
v -0.601921 -0.258914 -3.069509
v -0.601921 -0.464784 -3.069509
v -0.601921 -0.670654 -3.069509
v -0.601921 -0.876523 -3.069509
v -0.601921 -1.082392 -3.069509
v -0.601921 -1.288262 -3.069509
v -0.601921 -1.494131 -3.069509
v -0.600000 1.593910 -3.050000
v -0.600000 1.388040 -3.050000
v -0.600000 1.182171 -3.050000
v -0.600000 0.976301 -3.050000
v -0.600000 0.770432 -3.050000
v -0.600000 0.564562 -3.050000
v -0.600000 0.358693 -3.050000
v -0.600000 0.152824 -3.050000
v -0.600000 -0.053046 -3.050000
v -0.600000 -0.258914 -3.050000
v -0.600000 -0.464784 -3.050000
v -0.600000 -0.670654 -3.050000
v -0.600000 -0.876523 -3.050000
v -0.600000 -1.082392 -3.050000
v -0.600000 -1.288262 -3.050000
v -0.600000 -1.494131 -3.050000
v -0.601921 1.593910 -3.030491
v -0.601921 1.388040 -3.030491
v -0.601921 1.182171 -3.030491
v -0.601921 0.976301 -3.030491
v -0.601921 0.770432 -3.030491
v -0.601921 0.564562 -3.030491
v -0.601921 0.358693 -3.030491
v -0.601921 0.152824 -3.030491
v -0.601921 -0.053046 -3.030491
v -0.601921 -0.258914 -3.030491
v -0.601921 -0.464784 -3.030491
v -0.601921 -0.670654 -3.030491
v -0.601921 -0.876523 -3.030491
v -0.601921 -1.082392 -3.030491
v -0.601921 -1.288262 -3.030491
v -0.601921 -1.494131 -3.030491
v -0.607612 1.593910 -3.011732
v -0.607612 1.388040 -3.011732
v -0.607612 1.182171 -3.011732
v -0.607612 0.976301 -3.011732
v -0.607612 0.770432 -3.011732
v -0.607612 0.564562 -3.011732
v -0.607612 0.358693 -3.011732
v -0.607612 0.152824 -3.011732
v -0.607612 -0.053046 -3.011732
v -0.607612 -0.258914 -3.011732
v -0.607612 -0.464784 -3.011732
v -0.607612 -0.670654 -3.011732
v -0.607612 -0.876523 -3.011732
v -0.607612 -1.082392 -3.011732
v -0.607612 -1.288262 -3.011732
v -0.607612 -1.494131 -3.011732
v -0.616853 1.593910 -2.994443
v -0.616853 1.388040 -2.994443
v -0.616853 1.182171 -2.994443
v -0.616853 0.976301 -2.994443
v -0.616853 0.770432 -2.994443
v -0.616853 0.564562 -2.994443
v -0.616853 0.358693 -2.994443
v -0.616853 0.152824 -2.994443
v -0.616853 -0.053046 -2.994443
v -0.616853 -0.258914 -2.994443
v -0.616853 -0.464784 -2.994443
v -0.616853 -0.670654 -2.994443
v -0.616853 -0.876523 -2.994443
v -0.616853 -1.082392 -2.994443
v -0.616853 -1.288262 -2.994443
v -0.616853 -1.494131 -2.994443
v -0.629289 1.593910 -2.979289
v -0.629289 1.388040 -2.979289
v -0.629289 1.182171 -2.979289
v -0.629289 0.976301 -2.979289
v -0.629289 0.770432 -2.979289
v -0.629289 0.564562 -2.979289
v -0.629289 0.358693 -2.979289
v -0.629289 0.152824 -2.979289
v -0.629289 -0.053046 -2.979289
v -0.629289 -0.258914 -2.979289
v -0.629289 -0.464784 -2.979289
v -0.629289 -0.670654 -2.979289
v -0.629289 -0.876523 -2.979289
v -0.629289 -1.082392 -2.979289
v -0.629289 -1.288262 -2.979289
v -0.629289 -1.494131 -2.979289
v -0.644443 1.593910 -2.966853
v -0.644443 1.388040 -2.966853
v -0.644443 1.182171 -2.966853
v -0.644443 0.976301 -2.966853
v -0.644443 0.770432 -2.966853
v -0.644443 0.564562 -2.966853
v -0.644443 0.358693 -2.966853
v -0.644443 0.152824 -2.966853
v -0.644443 -0.053046 -2.966853
v -0.644443 -0.258914 -2.966853
v -0.644443 -0.464784 -2.966853
v -0.644443 -0.670654 -2.966853
v -0.644443 -0.876523 -2.966853
v -0.644443 -1.082392 -2.966853
v -0.644443 -1.288262 -2.966853
v -0.644443 -1.494131 -2.966853
v -0.661731 1.593910 -2.957612
v -0.661731 1.388040 -2.957612
v -0.661731 1.182171 -2.957612
v -0.661731 0.976301 -2.957612
v -0.661731 0.770432 -2.957612
v -0.661731 0.564562 -2.957612
v -0.661731 0.358693 -2.957612
v -0.661731 0.152824 -2.957612
v -0.661731 -0.053046 -2.957612
v -0.661731 -0.258914 -2.957612
v -0.661731 -0.464784 -2.957612
v -0.661731 -0.670654 -2.957612
v -0.661731 -0.876523 -2.957612
v -0.661731 -1.082392 -2.957612
v -0.661731 -1.288262 -2.957612
v -0.661731 -1.494131 -2.957612
v -0.680491 1.593910 -2.951922
v -0.680491 1.388040 -2.951922
v -0.680491 1.182171 -2.951922
v -0.680491 0.976301 -2.951922
v -0.680491 0.770432 -2.951922
v -0.680491 0.564562 -2.951922
v -0.680491 0.358693 -2.951922
v -0.680491 0.152824 -2.951922
v -0.680491 -0.053046 -2.951922
v -0.680491 -0.258914 -2.951922
v -0.680491 -0.464784 -2.951922
v -0.680491 -0.670654 -2.951922
v -0.680491 -0.876523 -2.951922
v -0.680491 -1.082392 -2.951922
v -0.680491 -1.288262 -2.951922
v -0.680491 -1.494131 -2.951922
v -0.700000 1.593910 -2.950000
v -0.700000 1.388040 -2.950000
v -0.700000 1.182171 -2.950000
v -0.700000 0.976301 -2.950000
v -0.700000 0.770432 -2.950000
v -0.700000 0.564562 -2.950000
v -0.700000 0.358693 -2.950000
v -0.700000 0.152824 -2.950000
v -0.700000 -0.053046 -2.950000
v -0.700000 -0.258914 -2.950000
v -0.700000 -0.464784 -2.950000
v -0.700000 -0.670654 -2.950000
v -0.700000 -0.876523 -2.950000
v -0.700000 -1.082392 -2.950000
v -0.700000 -1.288262 -2.950000
v -0.700000 -1.494131 -2.950000
v -0.719509 1.593910 -2.951922
v -0.719509 1.388040 -2.951922
v -0.719509 1.182171 -2.951922
v -0.719509 0.976301 -2.951922
v -0.719509 0.770432 -2.951922
v -0.719509 0.564562 -2.951922
v -0.719509 0.358693 -2.951922
v -0.719509 0.152824 -2.951922
v -0.719509 -0.053046 -2.951922
v -0.719509 -0.258914 -2.951922
v -0.719509 -0.464784 -2.951922
v -0.719509 -0.670654 -2.951922
v -0.719509 -0.876523 -2.951922
v -0.719509 -1.082392 -2.951922
v -0.719509 -1.288262 -2.951922
v -0.719509 -1.494131 -2.951922
v -0.738268 1.593910 -2.957612
v -0.738268 1.388040 -2.957612
v -0.738268 1.182171 -2.957612
v -0.738268 0.976301 -2.957612
v -0.738268 0.770432 -2.957612
v -0.738268 0.564562 -2.957612
v -0.738268 0.358693 -2.957612
v -0.738268 0.152824 -2.957612
v -0.738268 -0.053046 -2.957612
v -0.738268 -0.258914 -2.957612
v -0.738268 -0.464784 -2.957612
v -0.738268 -0.670654 -2.957612
v -0.738268 -0.876523 -2.957612
v -0.738268 -1.082392 -2.957612
v -0.738268 -1.288262 -2.957612
v -0.738268 -1.494131 -2.957612
v -0.755557 1.593910 -2.966853
v -0.755557 1.388040 -2.966853
v -0.755557 1.182171 -2.966853
v -0.755557 0.976301 -2.966853
v -0.755557 0.770432 -2.966853
v -0.755557 0.564562 -2.966853
v -0.755557 0.358693 -2.966853
v -0.755557 0.152824 -2.966853
v -0.755557 -0.053046 -2.966853
v -0.755557 -0.258914 -2.966853
v -0.755557 -0.464784 -2.966853
v -0.755557 -0.670654 -2.966853
v -0.755557 -0.876523 -2.966853
v -0.755557 -1.082392 -2.966853
v -0.755557 -1.288262 -2.966853
v -0.755557 -1.494131 -2.966853
v -0.770710 1.593910 -2.979289
v -0.770710 1.388040 -2.979289
v -0.770710 1.182171 -2.979289
v -0.770710 0.976301 -2.979289
v -0.770710 0.770432 -2.979289
v -0.770710 0.564562 -2.979289
v -0.770710 0.358693 -2.979289
v -0.770710 0.152824 -2.979289
v -0.770710 -0.053046 -2.979289
v -0.770710 -0.258914 -2.979289
v -0.770710 -0.464784 -2.979289
v -0.770710 -0.670654 -2.979289
v -0.770710 -0.876523 -2.979289
v -0.770710 -1.082392 -2.979289
v -0.770710 -1.288262 -2.979289
v -0.770710 -1.494131 -2.979289
v -0.783147 1.593910 -2.994443
v -0.783147 1.388040 -2.994443
v -0.783147 1.182171 -2.994443
v -0.783147 0.976301 -2.994443
v -0.783147 0.770432 -2.994443
v -0.783147 0.564562 -2.994443
v -0.783147 0.358693 -2.994443
v -0.783147 0.152824 -2.994443
v -0.783147 -0.053046 -2.994443
v -0.783147 -0.258914 -2.994443
v -0.783147 -0.464784 -2.994443
v -0.783147 -0.670654 -2.994443
v -0.783147 -0.876523 -2.994443
v -0.783147 -1.082392 -2.994443
v -0.783147 -1.288262 -2.994443
v -0.783147 -1.494131 -2.994443
v -0.792388 1.593910 -3.011732
v -0.792388 1.388040 -3.011732
v -0.792388 1.182171 -3.011732
v -0.792388 0.976301 -3.011732
v -0.792388 0.770432 -3.011732
v -0.792388 0.564562 -3.011732
v -0.792388 0.358693 -3.011732
v -0.792388 0.152824 -3.011732
v -0.792388 -0.053046 -3.011732
v -0.792388 -0.258914 -3.011732
v -0.792388 -0.464784 -3.011732
v -0.792388 -0.670654 -3.011732
v -0.792388 -0.876523 -3.011732
v -0.792388 -1.082392 -3.011732
v -0.792388 -1.288262 -3.011732
v -0.792388 -1.494131 -3.011732
v -0.798078 1.593910 -3.030491
v -0.798078 1.388040 -3.030491
v -0.798078 1.182171 -3.030491
v -0.798078 0.976301 -3.030491
v -0.798078 0.770432 -3.030491
v -0.798078 0.564562 -3.030491
v -0.798078 0.358693 -3.030491
v -0.798078 0.152824 -3.030491
v -0.798078 -0.053046 -3.030491
v -0.798078 -0.258914 -3.030491
v -0.798078 -0.464784 -3.030491
v -0.798078 -0.670654 -3.030491
v -0.798078 -0.876523 -3.030491
v -0.798078 -1.082392 -3.030491
v -0.798078 -1.288262 -3.030491
v -0.798078 -1.494131 -3.030491
v -0.800000 1.593910 -3.050000
v -0.800000 1.388040 -3.050000
v -0.800000 1.182171 -3.050000
v -0.800000 0.976301 -3.050000
v -0.800000 0.770432 -3.050000
v -0.800000 0.564562 -3.050000
v -0.800000 0.358693 -3.050000
v -0.800000 0.152824 -3.050000
v -0.800000 -0.053046 -3.050000
v -0.800000 -0.258914 -3.050000
v -0.800000 -0.464784 -3.050000
v -0.800000 -0.670654 -3.050000
v -0.800000 -0.876523 -3.050000
v -0.800000 -1.082392 -3.050000
v -0.800000 -1.288262 -3.050000
v -0.800000 -1.494131 -3.050000
v -0.798078 1.593910 -3.069509
v -0.798078 1.388040 -3.069509
v -0.798078 1.182171 -3.069509
v -0.798078 0.976301 -3.069509
v -0.798078 0.770432 -3.069509
v -0.798078 0.564562 -3.069509
v -0.798078 0.358693 -3.069509
v -0.798078 0.152824 -3.069509
v -0.798078 -0.053046 -3.069509
v -0.798078 -0.258914 -3.069509
v -0.798078 -0.464784 -3.069509
v -0.798078 -0.670654 -3.069509
v -0.798078 -0.876523 -3.069509
v -0.798078 -1.082392 -3.069509
v -0.798078 -1.288262 -3.069509
v -0.798078 -1.494131 -3.069509
v -0.792388 1.593910 -3.088269
v -0.792388 1.388040 -3.088269
v -0.792388 1.182171 -3.088269
v -0.792388 0.976301 -3.088269
v -0.792388 0.770432 -3.088269
v -0.792388 0.564562 -3.088269
v -0.792388 0.358693 -3.088269
v -0.792388 0.152824 -3.088269
v -0.792388 -0.053046 -3.088269
v -0.792388 -0.258914 -3.088269
v -0.792388 -0.464784 -3.088269
v -0.792388 -0.670654 -3.088269
v -0.792388 -0.876523 -3.088269
v -0.792388 -1.082392 -3.088269
v -0.792388 -1.288262 -3.088269
v -0.792388 -1.494131 -3.088269
v -0.783147 1.593910 -3.105557
v -0.783147 1.388040 -3.105557
v -0.783147 1.182171 -3.105557
v -0.783147 0.976301 -3.105557
v -0.783147 0.770432 -3.105557
v -0.783147 0.564562 -3.105557
v -0.783147 0.358693 -3.105557
v -0.783147 0.152824 -3.105557
v -0.783147 -0.053046 -3.105557
v -0.783147 -0.258914 -3.105557
v -0.783147 -0.464784 -3.105557
v -0.783147 -0.670654 -3.105557
v -0.783147 -0.876523 -3.105557
v -0.783147 -1.082392 -3.105557
v -0.783147 -1.288262 -3.105557
v -0.783147 -1.494131 -3.105557
v -0.770710 1.593910 -3.120711
v -0.770710 1.388040 -3.120711
v -0.770710 1.182171 -3.120711
v -0.770710 0.976301 -3.120711
v -0.770710 0.770432 -3.120711
v -0.770710 0.564562 -3.120711
v -0.770710 0.358693 -3.120711
v -0.770710 0.152824 -3.120711
v -0.770710 -0.053046 -3.120711
v -0.770710 -0.258914 -3.120711
v -0.770710 -0.464784 -3.120711
v -0.770710 -0.670654 -3.120711
v -0.770710 -0.876523 -3.120711
v -0.770710 -1.082392 -3.120711
v -0.770710 -1.288262 -3.120711
v -0.770710 -1.494131 -3.120711
v -0.755557 1.593910 -3.133147
v -0.755557 1.388040 -3.133147
v -0.755557 1.182171 -3.133147
v -0.755557 0.976301 -3.133147
v -0.755557 0.770432 -3.133147
v -0.755557 0.564562 -3.133147
v -0.755557 0.358693 -3.133147
v -0.755557 0.152824 -3.133147
v -0.755557 -0.053046 -3.133147
v -0.755557 -0.258914 -3.133147
v -0.755557 -0.464784 -3.133147
v -0.755557 -0.670654 -3.133147
v -0.755557 -0.876523 -3.133147
v -0.755557 -1.082392 -3.133147
v -0.755557 -1.288262 -3.133147
v -0.755557 -1.494131 -3.133147
v -0.738268 1.593910 -3.142388
v -0.738268 1.388040 -3.142388
v -0.738268 1.182171 -3.142388
v -0.738268 0.976301 -3.142388
v -0.738268 0.770432 -3.142388
v -0.738268 0.564562 -3.142388
v -0.738268 0.358693 -3.142388
v -0.738268 0.152824 -3.142388
v -0.738268 -0.053046 -3.142388
v -0.738268 -0.258914 -3.142388
v -0.738268 -0.464784 -3.142388
v -0.738268 -0.670654 -3.142388
v -0.738268 -0.876523 -3.142388
v -0.738268 -1.082392 -3.142388
v -0.738268 -1.288262 -3.142388
v -0.738268 -1.494131 -3.142388
v -0.719509 1.593910 -3.148078
v -0.719509 1.388040 -3.148078
v -0.719509 1.182171 -3.148078
v -0.719509 0.976301 -3.148078
v -0.719509 0.770432 -3.148078
v -0.719509 0.564562 -3.148078
v -0.719509 0.358693 -3.148078
v -0.719509 0.152824 -3.148078
v -0.719509 -0.053046 -3.148078
v -0.719509 -0.258914 -3.148078
v -0.719509 -0.464784 -3.148078
v -0.719509 -0.670654 -3.148078
v -0.719509 -0.876523 -3.148078
v -0.719509 -1.082392 -3.148078
v -0.719509 -1.288262 -3.148078
v -0.719509 -1.494131 -3.148078
v -0.700000 -1.494131 -3.150000
v -0.700000 -1.288262 -3.150000
v -0.700000 -1.082392 -3.150000
v -0.700000 -0.876523 -3.150000
v -0.700000 -0.670654 -3.150000
v -0.700000 -0.464784 -3.150000
v -0.700000 -0.258914 -3.150000
v -0.700000 -0.053046 -3.150000
v -0.700000 0.152824 -3.150000
v -0.700000 0.358693 -3.150000
v -0.700000 0.564562 -3.150000
v -0.700000 0.770432 -3.150000
v -0.700000 0.976301 -3.150000
v -0.700000 1.182171 -3.150000
v -0.700000 1.388040 -3.150000
v -0.700000 1.593910 -3.150000
v 0.719509 -2.111765 -3.148079
v 0.719509 -2.523530 -3.148079
v 0.719509 -2.935295 -3.148079
v 0.719509 -3.347059 -3.148079
v 0.719509 -3.758824 -3.148079
v 0.719509 -4.170588 -3.148079
v 0.719509 -4.582354 -3.148079
v 0.719509 -4.994118 -3.148079
v 0.738268 -2.111765 -3.142388
v 0.738268 -2.523530 -3.142388
v 0.738268 -2.935295 -3.142388
v 0.738268 -3.347059 -3.142388
v 0.738268 -3.758824 -3.142388
v 0.738268 -4.170588 -3.142388
v 0.738268 -4.582354 -3.142388
v 0.738268 -4.994118 -3.142388
v 0.755557 -2.111765 -3.133147
v 0.755557 -2.523530 -3.133147
v 0.755557 -2.935295 -3.133147
v 0.755557 -3.347059 -3.133147
v 0.755557 -3.758824 -3.133147
v 0.755557 -4.170588 -3.133147
v 0.755557 -4.582354 -3.133147
v 0.755557 -4.994118 -3.133147
v 0.770711 -2.111765 -3.120711
v 0.770711 -2.523530 -3.120711
v 0.770711 -2.935295 -3.120711
v 0.770711 -3.347059 -3.120711
v 0.770711 -3.758824 -3.120711
v 0.770711 -4.170588 -3.120711
v 0.770711 -4.582354 -3.120711
v 0.770711 -4.994118 -3.120711
v 0.783147 -2.111765 -3.105558
v 0.783147 -2.523530 -3.105558
v 0.783147 -2.935295 -3.105558
v 0.783147 -3.347059 -3.105558
v 0.783147 -3.758824 -3.105558
v 0.783147 -4.170588 -3.105558
v 0.783147 -4.582354 -3.105558
v 0.783147 -4.994118 -3.105558
v 0.792388 -2.111765 -3.088269
v 0.792388 -2.523530 -3.088269
v 0.792388 -2.935295 -3.088269
v 0.792388 -3.347059 -3.088269
v 0.792388 -3.758824 -3.088269
v 0.792388 -4.170588 -3.088269
v 0.792388 -4.582354 -3.088269
v 0.792388 -4.994118 -3.088269
v 0.798079 -2.111765 -3.069510
v 0.798079 -2.523530 -3.069510
v 0.798079 -2.935295 -3.069510
v 0.798079 -3.347059 -3.069510
v 0.798079 -3.758824 -3.069510
v 0.798079 -4.170588 -3.069510
v 0.798079 -4.582354 -3.069510
v 0.798079 -4.994118 -3.069510
v 0.800000 -2.111765 -3.050000
v 0.800000 -2.523530 -3.050000
v 0.800000 -2.935295 -3.050000
v 0.800000 -3.347059 -3.050000
v 0.800000 -3.758824 -3.050000
v 0.800000 -4.170588 -3.050000
v 0.800000 -4.582354 -3.050000
v 0.800000 -4.994118 -3.050000
v 0.798079 -2.111765 -3.030491
v 0.798079 -2.523530 -3.030491
v 0.798079 -2.935295 -3.030491
v 0.798079 -3.347059 -3.030491
v 0.798079 -3.758824 -3.030491
v 0.798079 -4.170588 -3.030491
v 0.798079 -4.582354 -3.030491
v 0.798079 -4.994118 -3.030491
v 0.792388 -2.111765 -3.011732
v 0.792388 -2.523530 -3.011732
v 0.792388 -2.935295 -3.011732
v 0.792388 -3.347059 -3.011732
v 0.792388 -3.758824 -3.011732
v 0.792388 -4.170588 -3.011732
v 0.792388 -4.582354 -3.011732
v 0.792388 -4.994118 -3.011732
v 0.783147 -2.111765 -2.994443
v 0.783147 -2.523530 -2.994443
v 0.783147 -2.935295 -2.994443
v 0.783147 -3.347059 -2.994443
v 0.783147 -3.758824 -2.994443
v 0.783147 -4.170588 -2.994443
v 0.783147 -4.582354 -2.994443
v 0.783147 -4.994118 -2.994443
v 0.770711 -2.111765 -2.979290
v 0.770711 -2.523530 -2.979290
v 0.770711 -2.935295 -2.979290
v 0.770711 -3.347059 -2.979290
v 0.770711 -3.758824 -2.979290
v 0.770711 -4.170588 -2.979290
v 0.770711 -4.582354 -2.979290
v 0.770711 -4.994118 -2.979290
v 0.755557 -2.111765 -2.966853
v 0.755557 -2.523530 -2.966853
v 0.755557 -2.935295 -2.966853
v 0.755557 -3.347059 -2.966853
v 0.755557 -3.758824 -2.966853
v 0.755557 -4.170588 -2.966853
v 0.755557 -4.582354 -2.966853
v 0.755557 -4.994118 -2.966853
v 0.738268 -2.111765 -2.957613
v 0.738268 -2.523530 -2.957613
v 0.738268 -2.935295 -2.957613
v 0.738268 -3.347059 -2.957613
v 0.738268 -3.758824 -2.957613
v 0.738268 -4.170588 -2.957613
v 0.738268 -4.582354 -2.957613
v 0.738268 -4.994118 -2.957613
v 0.719509 -2.111765 -2.951922
v 0.719509 -2.523530 -2.951922
v 0.719509 -2.935295 -2.951922
v 0.719509 -3.347059 -2.951922
v 0.719509 -3.758824 -2.951922
v 0.719509 -4.170588 -2.951922
v 0.719509 -4.582354 -2.951922
v 0.719509 -4.994118 -2.951922
v 0.700000 -2.111765 -2.950001
v 0.700000 -2.523530 -2.950001
v 0.700000 -2.935295 -2.950001
v 0.700000 -3.347059 -2.950001
v 0.700000 -3.758824 -2.950001
v 0.700000 -4.170588 -2.950001
v 0.700000 -4.582354 -2.950001
v 0.700000 -4.994118 -2.950001
v 0.680491 -2.111765 -2.951922
v 0.680491 -2.523530 -2.951922
v 0.680491 -2.935295 -2.951922
v 0.680491 -3.347059 -2.951922
v 0.680491 -3.758824 -2.951922
v 0.680491 -4.170588 -2.951922
v 0.680491 -4.582354 -2.951922
v 0.680491 -4.994118 -2.951922
v 0.661732 -2.111765 -2.957613
v 0.661732 -2.523530 -2.957613
v 0.661732 -2.935295 -2.957613
v 0.661732 -3.347059 -2.957613
v 0.661732 -3.758824 -2.957613
v 0.661732 -4.170588 -2.957613
v 0.661732 -4.582354 -2.957613
v 0.661732 -4.994118 -2.957613
v 0.644443 -2.111765 -2.966853
v 0.644443 -2.523530 -2.966853
v 0.644443 -2.935295 -2.966853
v 0.644443 -3.347059 -2.966853
v 0.644443 -3.758824 -2.966853
v 0.644443 -4.170588 -2.966853
v 0.644443 -4.582354 -2.966853
v 0.644443 -4.994118 -2.966853
v 0.629290 -2.111765 -2.979290
v 0.629290 -2.523530 -2.979290
v 0.629290 -2.935295 -2.979290
v 0.629290 -3.347059 -2.979290
v 0.629290 -3.758824 -2.979290
v 0.629290 -4.170588 -2.979290
v 0.629290 -4.582354 -2.979290
v 0.629290 -4.994118 -2.979290
v 0.616853 -2.111765 -2.994443
v 0.616853 -2.523530 -2.994443
v 0.616853 -2.935295 -2.994443
v 0.616853 -3.347059 -2.994443
v 0.616853 -3.758824 -2.994443
v 0.616853 -4.170588 -2.994443
v 0.616853 -4.582354 -2.994443
v 0.616853 -4.994118 -2.994443
v 0.607612 -2.111765 -3.011732
v 0.607612 -2.523530 -3.011732
v 0.607612 -2.935295 -3.011732
v 0.607612 -3.347059 -3.011732
v 0.607612 -3.758824 -3.011732
v 0.607612 -4.170588 -3.011732
v 0.607612 -4.582354 -3.011732
v 0.607612 -4.994118 -3.011732
v 0.601922 -2.111765 -3.030491
v 0.601922 -2.523530 -3.030491
v 0.601922 -2.935295 -3.030491
v 0.601922 -3.347059 -3.030491
v 0.601922 -3.758824 -3.030491
v 0.601922 -4.170588 -3.030491
v 0.601922 -4.582354 -3.030491
v 0.601922 -4.994118 -3.030491
v 0.600000 -2.111765 -3.050000
v 0.600000 -2.523530 -3.050000
v 0.600000 -2.935295 -3.050000
v 0.600000 -3.347059 -3.050000
v 0.600000 -3.758824 -3.050000
v 0.600000 -4.170588 -3.050000
v 0.600000 -4.582354 -3.050000
v 0.600000 -4.994118 -3.050000
v 0.601922 -2.111765 -3.069510
v 0.601922 -2.523530 -3.069510
v 0.601922 -2.935295 -3.069510
v 0.601922 -3.347059 -3.069510
v 0.601922 -3.758824 -3.069510
v 0.601922 -4.170588 -3.069510
v 0.601922 -4.582354 -3.069510
v 0.601922 -4.994118 -3.069510
v 0.607612 -2.111765 -3.088269
v 0.607612 -2.523530 -3.088269
v 0.607612 -2.935295 -3.088269
v 0.607612 -3.347059 -3.088269
v 0.607612 -3.758824 -3.088269
v 0.607612 -4.170588 -3.088269
v 0.607612 -4.582354 -3.088269
v 0.607612 -4.994118 -3.088269
v 0.616853 -2.111765 -3.105558
v 0.616853 -2.523530 -3.105558
v 0.616853 -2.935295 -3.105558
v 0.616853 -3.347059 -3.105558
v 0.616853 -3.758824 -3.105558
v 0.616853 -4.170588 -3.105558
v 0.616853 -4.582354 -3.105558
v 0.616853 -4.994118 -3.105558
v 0.629290 -2.111765 -3.120711
v 0.629290 -2.523530 -3.120711
v 0.629290 -2.935295 -3.120711
v 0.629290 -3.347059 -3.120711
v 0.629290 -3.758824 -3.120711
v 0.629290 -4.170588 -3.120711
v 0.629290 -4.582354 -3.120711
v 0.629290 -4.994118 -3.120711
v 0.644443 -2.111765 -3.133147
v 0.644443 -2.523530 -3.133147
v 0.644443 -2.935295 -3.133147
v 0.644443 -3.347059 -3.133147
v 0.644443 -3.758824 -3.133147
v 0.644443 -4.170588 -3.133147
v 0.644443 -4.582354 -3.133147
v 0.644443 -4.994118 -3.133147
v 0.661732 -2.111765 -3.142388
v 0.661732 -2.523530 -3.142388
v 0.661732 -2.935295 -3.142388
v 0.661732 -3.347059 -3.142388
v 0.661732 -3.758824 -3.142388
v 0.661732 -4.170588 -3.142388
v 0.661732 -4.582354 -3.142388
v 0.661732 -4.994118 -3.142388
v 0.680491 -2.111765 -3.148079
v 0.680491 -2.523530 -3.148079
v 0.680491 -2.935295 -3.148079
v 0.680491 -3.347059 -3.148079
v 0.680491 -3.758824 -3.148079
v 0.680491 -4.170588 -3.148079
v 0.680491 -4.582354 -3.148079
v 0.680491 -4.994118 -3.148079
v 0.700000 -4.994119 -3.150000
v 0.700000 -4.582354 -3.150000
v 0.700000 -4.170589 -3.150000
v 0.700000 -3.758824 -3.150000
v 0.700000 -3.347059 -3.150000
v 0.700000 -2.935295 -3.150000
v 0.700000 -2.523530 -3.150000
v 0.700000 -2.111765 -3.150000
v -0.680491 -2.111765 -3.148078
v -0.680491 -2.523530 -3.148078
v -0.680491 -2.935295 -3.148078
v -0.680491 -3.347059 -3.148078
v -0.680491 -3.758824 -3.148078
v -0.680491 -4.170588 -3.148078
v -0.680491 -4.582354 -3.148078
v -0.680491 -4.994118 -3.148078
v -0.661731 -2.111765 -3.142388
v -0.661731 -2.523530 -3.142388
v -0.661731 -2.935295 -3.142388
v -0.661731 -3.347059 -3.142388
v -0.661731 -3.758824 -3.142388
v -0.661731 -4.170588 -3.142388
v -0.661731 -4.582354 -3.142388
v -0.661731 -4.994118 -3.142388
v -0.644443 -2.111765 -3.133147
v -0.644443 -2.523530 -3.133147
v -0.644443 -2.935295 -3.133147
v -0.644443 -3.347059 -3.133147
v -0.644443 -3.758824 -3.133147
v -0.644443 -4.170588 -3.133147
v -0.644443 -4.582354 -3.133147
v -0.644443 -4.994118 -3.133147
v -0.629289 -2.111765 -3.120711
v -0.629289 -2.523530 -3.120711
v -0.629289 -2.935295 -3.120711
v -0.629289 -3.347059 -3.120711
v -0.629289 -3.758824 -3.120711
v -0.629289 -4.170588 -3.120711
v -0.629289 -4.582354 -3.120711
v -0.629289 -4.994118 -3.120711
v -0.616853 -2.111765 -3.105557
v -0.616853 -2.523530 -3.105557
v -0.616853 -2.935295 -3.105557
v -0.616853 -3.347059 -3.105557
v -0.616853 -3.758824 -3.105557
v -0.616853 -4.170588 -3.105557
v -0.616853 -4.582354 -3.105557
v -0.616853 -4.994118 -3.105557
v -0.607612 -2.111765 -3.088269
v -0.607612 -2.523530 -3.088269
v -0.607612 -2.935295 -3.088269
v -0.607612 -3.347059 -3.088269
v -0.607612 -3.758824 -3.088269
v -0.607612 -4.170588 -3.088269
v -0.607612 -4.582354 -3.088269
v -0.607612 -4.994118 -3.088269
v -0.601921 -2.111765 -3.069509
v -0.601921 -2.523530 -3.069509
v -0.601921 -2.935295 -3.069509
v -0.601921 -3.347059 -3.069509
v -0.601921 -3.758824 -3.069509
v -0.601921 -4.170588 -3.069509
v -0.601921 -4.582354 -3.069509
v -0.601921 -4.994118 -3.069509
v -0.600000 -2.111765 -3.050000
v -0.600000 -2.523530 -3.050000
v -0.600000 -2.935295 -3.050000
v -0.600000 -3.347059 -3.050000
v -0.600000 -3.758824 -3.050000
v -0.600000 -4.170588 -3.050000
v -0.600000 -4.582354 -3.050000
v -0.600000 -4.994118 -3.050000
v -0.601921 -2.111765 -3.030491
v -0.601921 -2.523530 -3.030491
v -0.601921 -2.935295 -3.030491
v -0.601921 -3.347059 -3.030491
v -0.601921 -3.758824 -3.030491
v -0.601921 -4.170588 -3.030491
v -0.601921 -4.582354 -3.030491
v -0.601921 -4.994118 -3.030491
v -0.607612 -2.111765 -3.011732
v -0.607612 -2.523530 -3.011732
v -0.607612 -2.935295 -3.011732
v -0.607612 -3.347059 -3.011732
v -0.607612 -3.758824 -3.011732
v -0.607612 -4.170588 -3.011732
v -0.607612 -4.582354 -3.011732
v -0.607612 -4.994118 -3.011732
v -0.616853 -2.111765 -2.994443
v -0.616853 -2.523530 -2.994443
v -0.616853 -2.935295 -2.994443
v -0.616853 -3.347059 -2.994443
v -0.616853 -3.758824 -2.994443
v -0.616853 -4.170588 -2.994443
v -0.616853 -4.582354 -2.994443
v -0.616853 -4.994118 -2.994443
v -0.629289 -2.111765 -2.979289
v -0.629289 -2.523530 -2.979289
v -0.629289 -2.935295 -2.979289
v -0.629289 -3.347059 -2.979289
v -0.629289 -3.758824 -2.979289
v -0.629289 -4.170588 -2.979289
v -0.629289 -4.582354 -2.979289
v -0.629289 -4.994118 -2.979289
v -0.644443 -2.111765 -2.966853
v -0.644443 -2.523530 -2.966853
v -0.644443 -2.935295 -2.966853
v -0.644443 -3.347059 -2.966853
v -0.644443 -3.758824 -2.966853
v -0.644443 -4.170588 -2.966853
v -0.644443 -4.582354 -2.966853
v -0.644443 -4.994118 -2.966853
v -0.661731 -2.111765 -2.957612
v -0.661731 -2.523530 -2.957612
v -0.661731 -2.935295 -2.957612
v -0.661731 -3.347059 -2.957612
v -0.661731 -3.758824 -2.957612
v -0.661731 -4.170588 -2.957612
v -0.661731 -4.582354 -2.957612
v -0.661731 -4.994118 -2.957612
v -0.680491 -2.111765 -2.951922
v -0.680491 -2.523530 -2.951922
v -0.680491 -2.935295 -2.951922
v -0.680491 -3.347059 -2.951922
v -0.680491 -3.758824 -2.951922
v -0.680491 -4.170588 -2.951922
v -0.680491 -4.582354 -2.951922
v -0.680491 -4.994118 -2.951922
v -0.700000 -2.111765 -2.950000
v -0.700000 -2.523530 -2.950000
v -0.700000 -2.935295 -2.950000
v -0.700000 -3.347059 -2.950000
v -0.700000 -3.758824 -2.950000
v -0.700000 -4.170588 -2.950000
v -0.700000 -4.582354 -2.950000
v -0.700000 -4.994118 -2.950000
v -0.719509 -2.111765 -2.951922
v -0.719509 -2.523530 -2.951922
v -0.719509 -2.935295 -2.951922
v -0.719509 -3.347059 -2.951922
v -0.719509 -3.758824 -2.951922
v -0.719509 -4.170588 -2.951922
v -0.719509 -4.582354 -2.951922
v -0.719509 -4.994118 -2.951922
v -0.738268 -2.111765 -2.957612
v -0.738268 -2.523530 -2.957612
v -0.738268 -2.935295 -2.957612
v -0.738268 -3.347059 -2.957612
v -0.738268 -3.758824 -2.957612
v -0.738268 -4.170588 -2.957612
v -0.738268 -4.582354 -2.957612
v -0.738268 -4.994118 -2.957612
v -0.755557 -2.111765 -2.966853
v -0.755557 -2.523530 -2.966853
v -0.755557 -2.935295 -2.966853
v -0.755557 -3.347059 -2.966853
v -0.755557 -3.758824 -2.966853
v -0.755557 -4.170588 -2.966853
v -0.755557 -4.582354 -2.966853
v -0.755557 -4.994118 -2.966853
v -0.770710 -2.111765 -2.979289
v -0.770710 -2.523530 -2.979289
v -0.770710 -2.935295 -2.979289
v -0.770710 -3.347059 -2.979289
v -0.770710 -3.758824 -2.979289
v -0.770710 -4.170588 -2.979289
v -0.770710 -4.582354 -2.979289
v -0.770710 -4.994118 -2.979289
v -0.783147 -2.111765 -2.994443
v -0.783147 -2.523530 -2.994443
v -0.783147 -2.935295 -2.994443
v -0.783147 -3.347059 -2.994443
v -0.783147 -3.758824 -2.994443
v -0.783147 -4.170588 -2.994443
v -0.783147 -4.582354 -2.994443
v -0.783147 -4.994118 -2.994443
v -0.792388 -2.111765 -3.011732
v -0.792388 -2.523530 -3.011732
v -0.792388 -2.935295 -3.011732
v -0.792388 -3.347059 -3.011732
v -0.792388 -3.758824 -3.011732
v -0.792388 -4.170588 -3.011732
v -0.792388 -4.582354 -3.011732
v -0.792388 -4.994118 -3.011732
v -0.798078 -2.111765 -3.030491
v -0.798078 -2.523530 -3.030491
v -0.798078 -2.935295 -3.030491
v -0.798078 -3.347059 -3.030491
v -0.798078 -3.758824 -3.030491
v -0.798078 -4.170588 -3.030491
v -0.798078 -4.582354 -3.030491
v -0.798078 -4.994118 -3.030491
v -0.800000 -2.111765 -3.050000
v -0.800000 -2.523530 -3.050000
v -0.800000 -2.935295 -3.050000
v -0.800000 -3.347059 -3.050000
v -0.800000 -3.758824 -3.050000
v -0.800000 -4.170588 -3.050000
v -0.800000 -4.582354 -3.050000
v -0.800000 -4.994118 -3.050000
v -0.798078 -2.111765 -3.069509
v -0.798078 -2.523530 -3.069509
v -0.798078 -2.935295 -3.069509
v -0.798078 -3.347059 -3.069509
v -0.798078 -3.758824 -3.069509
v -0.798078 -4.170588 -3.069509
v -0.798078 -4.582354 -3.069509
v -0.798078 -4.994118 -3.069509
v -0.792388 -2.111765 -3.088269
v -0.792388 -2.523530 -3.088269
v -0.792388 -2.935295 -3.088269
v -0.792388 -3.347059 -3.088269
v -0.792388 -3.758824 -3.088269
v -0.792388 -4.170588 -3.088269
v -0.792388 -4.582354 -3.088269
v -0.792388 -4.994118 -3.088269
v -0.783147 -2.111765 -3.105557
v -0.783147 -2.523530 -3.105557
v -0.783147 -2.935295 -3.105557
v -0.783147 -3.347059 -3.105557
v -0.783147 -3.758824 -3.105557
v -0.783147 -4.170588 -3.105557
v -0.783147 -4.582354 -3.105557
v -0.783147 -4.994118 -3.105557
v -0.770710 -2.111765 -3.120711
v -0.770710 -2.523530 -3.120711
v -0.770710 -2.935295 -3.120711
v -0.770710 -3.347059 -3.120711
v -0.770710 -3.758824 -3.120711
v -0.770710 -4.170588 -3.120711
v -0.770710 -4.582354 -3.120711
v -0.770710 -4.994118 -3.120711
v -0.755557 -2.111765 -3.133147
v -0.755557 -2.523530 -3.133147
v -0.755557 -2.935295 -3.133147
v -0.755557 -3.347059 -3.133147
v -0.755557 -3.758824 -3.133147
v -0.755557 -4.170588 -3.133147
v -0.755557 -4.582354 -3.133147
v -0.755557 -4.994118 -3.133147
v -0.738268 -2.111765 -3.142388
v -0.738268 -2.523530 -3.142388
v -0.738268 -2.935295 -3.142388
v -0.738268 -3.347059 -3.142388
v -0.738268 -3.758824 -3.142388
v -0.738268 -4.170588 -3.142388
v -0.738268 -4.582354 -3.142388
v -0.738268 -4.994118 -3.142388
v -0.719509 -2.111765 -3.148078
v -0.719509 -2.523530 -3.148078
v -0.719509 -2.935295 -3.148078
v -0.719509 -3.347059 -3.148078
v -0.719509 -3.758824 -3.148078
v -0.719509 -4.170588 -3.148078
v -0.719509 -4.582354 -3.148078
v -0.719509 -4.994118 -3.148078
v -0.700000 -4.994119 -3.150000
v -0.700000 -4.582354 -3.150000
v -0.700000 -4.170589 -3.150000
v -0.700000 -3.758824 -3.150000
v -0.700000 -3.347059 -3.150000
v -0.700000 -2.935295 -3.150000
v -0.700000 -2.523530 -3.150000
v -0.700000 -2.111765 -3.150000
vn -1.0000 -0.0000 -0.0000
vn -0.0000 -0.0000 -1.0000
vn 1.0000 -0.0000 -0.0000
vn -0.0000 -0.0000 1.0000
vn -0.0000 -1.0000 -0.0000
vn -0.0000 1.0000 -0.0000
vn -0.0980 -0.0000 -0.9952
vn -0.2903 -0.0000 -0.9569
vn -0.4714 -0.0000 -0.8819
vn -0.6344 -0.0000 -0.7730
vn -0.7730 -0.0000 -0.6344
vn -0.8819 -0.0000 -0.4714
vn -0.9569 -0.0000 -0.2903
vn -0.9952 -0.0000 -0.0980
vn -0.9952 -0.0000 0.0980
vn -0.9569 -0.0000 0.2903
vn -0.8819 -0.0000 0.4714
vn -0.7730 -0.0000 0.6344
vn -0.6344 -0.0000 0.7730
vn -0.4714 -0.0000 0.8819
vn -0.2903 -0.0000 0.9569
vn -0.0980 -0.0000 0.9952
vn 0.0980 -0.0000 0.9952
vn 0.2903 -0.0000 0.9569
vn 0.4714 -0.0000 0.8819
vn 0.6344 -0.0000 0.7730
vn 0.7730 -0.0000 0.6344
vn 0.8819 -0.0000 0.4714
vn 0.9569 -0.0000 0.2903
vn 0.9952 -0.0000 0.0980
vn 0.9952 -0.0000 -0.0980
vn 0.9569 -0.0000 -0.2903
vn 0.8819 -0.0000 -0.4714
vn 0.7730 -0.0000 -0.6344
vn 0.6344 -0.0000 -0.7730
vn 0.4714 -0.0000 -0.8819
vn 0.0980 -0.0000 -0.9952
vn 0.0555 -0.8241 -0.5637
vn 0.1644 -0.8241 -0.5420
vn 0.2670 -0.8241 -0.4995
vn 0.3593 -0.8241 -0.4378
vn 0.4378 -0.8241 -0.3593
vn 0.4995 -0.8241 -0.2670
vn 0.5420 -0.8241 -0.1644
vn 0.5637 -0.8241 -0.0555
vn 0.5637 -0.8241 0.0555
vn 0.5420 -0.8241 0.1644
vn 0.4995 -0.8241 0.2670
vn 0.4378 -0.8241 0.3593
vn 0.3593 -0.8241 0.4378
vn 0.2670 -0.8241 0.4995
vn 0.1644 -0.8241 0.5420
vn 0.0555 -0.8241 0.5637
vn -0.0555 -0.8241 0.5637
vn -0.1644 -0.8241 0.5420
vn -0.2670 -0.8241 0.4995
vn -0.3593 -0.8241 0.4378
vn -0.4378 -0.8241 0.3593
vn -0.4995 -0.8241 0.2670
vn -0.5420 -0.8241 0.1644
vn -0.5637 -0.8241 0.0555
vn -0.5637 -0.8241 -0.0555
vn -0.5420 -0.8241 -0.1644
vn -0.4995 -0.8241 -0.2670
vn -0.4378 -0.8241 -0.3593
vn -0.3593 -0.8241 -0.4378
vn -0.2670 -0.8241 -0.4995
vn -0.1644 -0.8241 -0.5420
vn -0.0555 -0.8241 -0.5637
vn 0.0385 -0.9197 -0.3908
vn 0.1140 -0.9197 -0.3758
vn 0.1851 -0.9197 -0.3464
vn 0.2491 -0.9197 -0.3036
vn 0.3036 -0.9197 -0.2491
vn 0.3464 -0.9197 -0.1851
vn 0.3758 -0.9197 -0.1140
vn 0.3908 -0.9197 -0.0385
vn 0.3908 -0.9197 0.0385
vn 0.3758 -0.9197 0.1140
vn 0.3464 -0.9197 0.1851
vn 0.3036 -0.9197 0.2491
vn 0.2491 -0.9197 0.3036
vn 0.1851 -0.9197 0.3464
vn 0.1140 -0.9197 0.3758
vn 0.0385 -0.9197 0.3908
vn -0.0385 -0.9197 0.3908
vn -0.1140 -0.9197 0.3758
vn -0.1851 -0.9197 0.3464
vn -0.2491 -0.9197 0.3036
vn -0.3036 -0.9197 0.2491
vn -0.3464 -0.9197 0.1851
vn -0.3758 -0.9197 0.1140
vn -0.3908 -0.9197 0.0385
vn -0.3908 -0.9197 -0.0385
vn -0.3758 -0.9197 -0.1140
vn -0.3464 -0.9197 -0.1851
vn -0.3036 -0.9197 -0.2491
vn -0.2491 -0.9197 -0.3036
vn -0.1851 -0.9197 -0.3464
vn -0.1140 -0.9197 -0.3758
vn -0.0385 -0.9197 -0.3908
vn 0.0841 0.5131 -0.8542
vn 0.0841 -0.5131 -0.8542
vn 0.2492 0.5131 -0.8214
vn 0.2903 -0.0000 -0.9569
vn 0.2492 -0.5131 -0.8214
vn 0.4046 0.5131 -0.7570
vn 0.4046 -0.5131 -0.7570
vn 0.5445 0.5131 -0.6635
vn 0.5445 -0.5131 -0.6635
vn 0.6635 0.5131 -0.5445
vn 0.6635 -0.5131 -0.5445
vn 0.7570 0.5131 -0.4046
vn 0.7570 -0.5131 -0.4046
vn 0.8214 0.5131 -0.2492
vn 0.8214 -0.5131 -0.2492
vn 0.8542 0.5131 -0.0841
vn 0.8542 -0.5131 -0.0841
vn 0.8542 0.5131 0.0841
vn 0.8542 -0.5131 0.0841
vn 0.8214 0.5131 0.2492
vn 0.8214 -0.5131 0.2492
vn 0.7570 0.5131 0.4046
vn 0.7570 -0.5131 0.4046
vn 0.6635 0.5131 0.5445
vn 0.6635 -0.5131 0.5445
vn 0.5445 0.5131 0.6635
vn 0.5445 -0.5131 0.6635
vn 0.4046 0.5131 0.7570
vn 0.4046 -0.5131 0.7570
vn 0.2492 0.5131 0.8214
vn 0.2492 -0.5131 0.8214
vn 0.0841 0.5131 0.8542
vn 0.0841 -0.5131 0.8542
vn -0.0841 0.5131 0.8542
vn -0.0841 -0.5131 0.8542
vn -0.2492 0.5131 0.8214
vn -0.2492 -0.5131 0.8214
vn -0.4046 0.5131 0.7570
vn -0.4046 -0.5131 0.7570
vn -0.5445 0.5131 0.6635
vn -0.5445 -0.5131 0.6635
vn -0.6635 0.5131 0.5445
vn -0.6635 -0.5131 0.5445
vn -0.7570 0.5131 0.4046
vn -0.7570 -0.5131 0.4046
vn -0.8214 0.5131 0.2492
vn -0.8214 -0.5131 0.2492
vn -0.8542 0.5131 0.0841
vn -0.8542 -0.5131 0.0841
vn -0.8542 0.5131 -0.0841
vn -0.8542 -0.5131 -0.0841
vn -0.8214 0.5131 -0.2492
vn -0.8214 -0.5131 -0.2492
vn -0.7570 0.5131 -0.4046
vn -0.7570 -0.5131 -0.4046
vn -0.6635 0.5131 -0.5445
vn -0.6635 -0.5131 -0.5445
vn -0.5445 0.5131 -0.6635
vn -0.5445 -0.5131 -0.6635
vn -0.4046 0.5131 -0.7570
vn -0.4046 -0.5131 -0.7570
vn -0.2492 0.5131 -0.8214
vn -0.2492 -0.5131 -0.8214
vn -0.0841 0.5131 -0.8542
vn -0.0841 -0.5131 -0.8542
vn 0.0555 0.8241 -0.5636
vn 0.1644 0.8241 -0.5420
vn 0.2670 0.8241 -0.4995
vn 0.3593 0.8241 -0.4378
vn 0.4378 0.8241 -0.3593
vn 0.4995 0.8241 -0.2670
vn 0.5420 0.8241 -0.1644
vn 0.5637 0.8241 -0.0555
vn 0.5636 0.8241 0.0555
vn 0.5420 0.8241 0.1644
vn 0.4995 0.8241 0.2670
vn 0.4378 0.8241 0.3593
vn 0.3593 0.8241 0.4378
vn 0.2670 0.8241 0.4995
vn 0.1644 0.8241 0.5420
vn 0.0555 0.8241 0.5636
vn -0.0555 0.8241 0.5636
vn -0.1644 0.8241 0.5420
vn -0.2670 0.8241 0.4995
vn -0.3593 0.8241 0.4378
vn -0.4378 0.8241 0.3593
vn -0.4995 0.8241 0.2670
vn -0.5420 0.8241 0.1644
vn -0.5636 0.8241 0.0555
vn -0.5636 0.8241 -0.0555
vn -0.5420 0.8241 -0.1644
vn -0.4995 0.8241 -0.2670
vn -0.4378 0.8241 -0.3593
vn -0.3593 0.8241 -0.4378
vn -0.2670 0.8241 -0.4995
vn -0.1644 0.8241 -0.5420
vn -0.0555 0.8241 -0.5636
vn 0.0385 0.9197 -0.3908
vn 0.1140 0.9197 -0.3758
vn 0.1851 0.9197 -0.3464
vn 0.2491 0.9197 -0.3036
vn 0.3036 0.9197 -0.2491
vn 0.3464 0.9197 -0.1851
vn 0.3758 0.9197 -0.1140
vn 0.3908 0.9197 -0.0385
vn 0.3908 0.9197 0.0385
vn 0.3758 0.9197 0.1140
vn 0.3464 0.9197 0.1851
vn 0.3036 0.9197 0.2491
vn 0.2491 0.9197 0.3036
vn 0.1851 0.9197 0.3464
vn 0.1140 0.9197 0.3758
vn 0.0385 0.9197 0.3908
vn -0.0385 0.9197 0.3908
vn -0.1140 0.9197 0.3758
vn -0.1851 0.9197 0.3464
vn -0.2491 0.9197 0.3036
vn -0.3036 0.9197 0.2491
vn -0.3464 0.9197 0.1851
vn -0.3758 0.9197 0.1140
vn -0.3908 0.9197 0.0385
vn -0.3908 0.9197 -0.0385
vn -0.3758 0.9197 -0.1140
vn -0.3464 0.9197 -0.1851
vn -0.3036 0.9197 -0.2491
vn -0.2491 0.9197 -0.3036
vn -0.1851 0.9197 -0.3464
vn -0.1140 0.9197 -0.3758
vn -0.0385 0.9197 -0.3908
vn -0.0774 0.6134 -0.7859
vn -0.0774 -0.6134 -0.7859
vn -0.2293 0.6134 -0.7557
vn -0.2293 -0.6134 -0.7557
vn -0.3723 0.6134 -0.6965
vn -0.3723 -0.6134 -0.6965
vn -0.5010 0.6134 -0.6105
vn -0.5010 -0.6134 -0.6105
vn -0.6105 0.6134 -0.5010
vn -0.6105 -0.6134 -0.5010
vn -0.6965 0.6134 -0.3723
vn -0.6965 -0.6134 -0.3723
vn -0.7557 0.6134 -0.2293
vn -0.7557 -0.6134 -0.2293
vn -0.7859 0.6134 -0.0774
vn -0.7859 -0.6134 -0.0774
vn -0.7859 0.6134 0.0774
vn -0.7859 -0.6134 0.0774
vn -0.7557 0.6134 0.2293
vn -0.7557 -0.6134 0.2293
vn -0.6965 0.6134 0.3723
vn -0.6965 -0.6134 0.3723
vn -0.6105 0.6134 0.5010
vn -0.6105 -0.6134 0.5010
vn -0.5010 0.6134 0.6105
vn -0.5010 -0.6134 0.6105
vn -0.3723 0.6134 0.6965
vn -0.3723 -0.6134 0.6965
vn -0.2293 0.6134 0.7557
vn -0.2293 -0.6134 0.7557
vn -0.0774 0.6134 0.7859
vn -0.0774 -0.6134 0.7859
vn 0.0774 0.6134 0.7859
vn 0.0774 -0.6134 0.7859
vn 0.2293 0.6134 0.7557
vn 0.2293 -0.6134 0.7557
vn 0.3723 0.6134 0.6965
vn 0.3723 -0.6134 0.6965
vn 0.5010 0.6134 0.6105
vn 0.5010 -0.6134 0.6105
vn 0.6105 0.6134 0.5010
vn 0.6105 -0.6134 0.5010
vn 0.6965 0.6134 0.3723
vn 0.6965 -0.6134 0.3723
vn 0.7557 0.6134 0.2293
vn 0.7557 -0.6134 0.2293
vn 0.7859 0.6134 0.0774
vn 0.7859 -0.6134 0.0774
vn 0.7859 0.6134 -0.0774
vn 0.7859 -0.6134 -0.0774
vn 0.7557 0.6134 -0.2293
vn 0.7557 -0.6134 -0.2293
vn 0.6965 0.6134 -0.3723
vn 0.6965 -0.6134 -0.3723
vn 0.6105 0.6134 -0.5010
vn 0.6105 -0.6134 -0.5010
vn 0.5010 0.6134 -0.6105
vn 0.5010 -0.6134 -0.6105
vn 0.3723 0.6134 -0.6965
vn 0.3723 -0.6134 -0.6965
vn 0.2293 0.6134 -0.7557
vn 0.2293 -0.6134 -0.7557
vn 0.0774 0.6134 -0.7859
vn 0.0774 -0.6134 -0.7859
vn 0.0742 0.6531 -0.7536
vn 0.2198 0.6531 -0.7247
vn 0.3570 0.6531 -0.6679
vn 0.4804 0.6531 -0.5854
vn 0.5854 0.6531 -0.4804
vn 0.6679 0.6531 -0.3570
vn 0.7247 0.6531 -0.2198
vn 0.7536 0.6531 -0.0742
vn 0.7536 0.6531 0.0742
vn 0.7247 0.6531 0.2198
vn 0.6679 0.6531 0.3570
vn 0.5854 0.6531 0.4804
vn 0.4804 0.6531 0.5854
vn 0.3570 0.6531 0.6679
vn 0.2198 0.6531 0.7247
vn 0.0742 0.6531 0.7536
vn -0.0742 0.6531 0.7536
vn -0.2198 0.6531 0.7247
vn -0.3570 0.6531 0.6679
vn -0.4804 0.6531 0.5854
vn -0.5854 0.6531 0.4804
vn -0.6679 0.6531 0.3570
vn -0.7247 0.6531 0.2198
vn -0.7536 0.6531 0.0742
vn -0.7536 0.6531 -0.0742
vn -0.7247 0.6531 -0.2198
vn -0.6678 0.6531 -0.3570
vn -0.5854 0.6531 -0.4804
vn -0.4804 0.6531 -0.5854
vn -0.3570 0.6531 -0.6679
vn -0.2198 0.6531 -0.7247
vn -0.0742 0.6531 -0.7536
vn 0.8944 0.4472 -0.0000
vn -0.0000 0.4472 0.8944
vn -0.8944 0.4472 -0.0000
vn -0.0000 0.4472 -0.8944
vn -0.0000 -0.0980 -0.9952
vn -0.0000 -0.2904 -0.9569
vn -0.0000 -0.4714 -0.8819
vn -0.0000 -0.6344 -0.7730
vn -0.0000 -0.7730 -0.6344
vn -0.0000 -0.8819 -0.4714
vn -0.0000 -0.9569 -0.2903
vn -0.0000 -0.9952 -0.0980
vn -0.0000 -0.9952 0.0980
vn -0.0000 -0.9569 0.2903
vn -0.0000 -0.8819 0.4714
vn -0.0000 -0.7730 0.6344
vn -0.0000 -0.6344 0.7730
vn -0.0000 -0.4714 0.8819
vn -0.0000 -0.2904 0.9569
vn -0.0000 -0.0980 0.9952
vn -0.0000 0.0980 0.9952
vn -0.0000 0.2903 0.9569
vn -0.0000 0.4714 0.8819
vn -0.0000 0.6344 0.7730
vn -0.0000 0.7730 0.6344
vn -0.0000 0.8819 0.4714
vn -0.0000 0.9569 0.2903
vn -0.0000 0.9952 0.0980
vn -0.0000 0.9952 -0.0980
vn -0.0000 0.9569 -0.2903
vn -0.0000 0.8819 -0.4714
vn -0.0000 0.7730 -0.6344
vn -0.0000 0.6344 -0.7730
vn -0.0000 0.4714 -0.8819
vn -0.0000 0.2903 -0.9569
vn -0.0000 0.0980 -0.9952
vn -0.0000 -0.2903 -0.9569
vn -0.0000 -0.6345 -0.7730
vn -0.0000 -0.2903 0.9569
vn -0.0000 0.2902 -0.9570
vn -0.0000 -0.7731 -0.6343
vn -0.0000 -0.9569 -0.2904
vn -0.0000 -0.9952 -0.0979
vn -0.0000 -0.9569 0.2904
vn -0.0000 0.9569 0.2904
vn -0.0000 0.9569 -0.2904
vn -0.0000 0.8819 0.4713
vn -0.0000 0.8819 -0.4713
vn -0.0000 -0.6345 -0.7729
vn -0.0000 -0.9570 -0.2902
vn -0.0000 -0.9952 -0.0981
vn -0.0000 -0.9952 0.0981
vn -0.0000 -0.9570 0.2902
vn -0.0000 -0.8819 0.4713
vn -0.0000 0.9570 0.2902
vn -0.0000 0.9952 0.0981
vn -0.0000 0.9952 -0.0981
vn -0.0000 0.9570 -0.2902
vn -0.0000 0.4713 -0.8820
vn 0.0555 0.8241 -0.5637
vn 0.5636 0.8241 -0.0555
vn 0.0555 0.8241 0.5637
vn -0.0555 0.8241 0.5637
vn -0.5637 0.8241 0.0555
vn -0.5637 0.8241 -0.0555
vn -0.0555 0.8241 -0.5637
vn 0.6678 0.6531 -0.3570
vn -0.6678 0.6531 0.3570
vn -0.6679 0.6531 -0.3570
vn -0.0000 -0.4713 -0.8820
vn -0.0002 1.0000 -0.0000
vn 0.0001 1.0000 -0.0000
vn 0.0002 1.0000 -0.0000
vn -0.0001 1.0000 -0.0000
vn -0.0000 -0.2902 -0.9570
vn -0.0000 0.7731 -0.6343
vn -0.0000 0.4715 -0.8819
vn -0.0000 0.8820 0.4713
vn -0.0000 -0.7730 0.6343
vt 0.101904 0.029418
vt 0.074355 0.056967
vt 0.074355 0.029418
vt 0.101904 0.056967
vt 0.074355 0.084515
vt 0.101904 0.084515
vt 0.074355 0.112064
vt 0.101904 0.112064
vt 0.074355 0.139613
vt 0.046806 0.112064
vt 0.046806 0.084515
vt 0.129452 0.084515
vt 0.184702 0.029418
vt 0.157154 0.056967
vt 0.157154 0.029418
vt 0.184702 0.056967
vt 0.157154 0.084515
vt 0.184702 0.084515
vt 0.157154 0.112064
vt 0.184702 0.112064
vt 0.157154 0.139613
vt 0.129605 0.112064
vt 0.129605 0.084515
vt 0.212251 0.084515
vt 0.101904 0.139766
vt 0.074355 0.167314
vt 0.074355 0.139766
vt 0.101904 0.167314
vt 0.074355 0.194863
vt 0.101904 0.194863
vt 0.074355 0.222412
vt 0.101904 0.222412
vt 0.074355 0.249960
vt 0.046806 0.222412
vt 0.046806 0.194863
vt 0.129452 0.194863
vt 0.184702 0.139766
vt 0.157154 0.167314
vt 0.157154 0.139766
vt 0.184702 0.167314
vt 0.157154 0.194863
vt 0.184702 0.194863
vt 0.157154 0.222412
vt 0.184702 0.222412
vt 0.157154 0.249960
vt 0.129605 0.222412
vt 0.129605 0.194863
vt 0.212251 0.194863
vt 0.267501 0.029418
vt 0.239952 0.056967
vt 0.239952 0.029418
vt 0.267501 0.056967
vt 0.239952 0.084515
vt 0.267501 0.084515
vt 0.239952 0.112064
vt 0.267501 0.112064
vt 0.239952 0.139613
vt 0.212404 0.112064
vt 0.212404 0.084515
vt 0.295050 0.084515
vt 0.267501 0.139766
vt 0.239952 0.167314
vt 0.239952 0.139766
vt 0.267501 0.167314
vt 0.239952 0.194863
vt 0.267501 0.194863
vt 0.239952 0.222412
vt 0.267501 0.222412
vt 0.239952 0.249960
vt 0.212404 0.222412
vt 0.212404 0.194863
vt 0.295050 0.194863
vt 0.101904 0.250113
vt 0.074355 0.277662
vt 0.074355 0.250113
vt 0.101904 0.277662
vt 0.074355 0.305210
vt 0.101904 0.305210
vt 0.074355 0.332759
vt 0.101904 0.332759
vt 0.074355 0.360308
vt 0.046806 0.332759
vt 0.046806 0.305210
vt 0.129452 0.305210
vt 0.184702 0.250113
vt 0.157154 0.277662
vt 0.157154 0.250113
vt 0.184702 0.277662
vt 0.157154 0.305210
vt 0.184702 0.305210
vt 0.157154 0.332759
vt 0.184702 0.332759
vt 0.157154 0.360308
vt 0.129605 0.332759
vt 0.129605 0.305210
vt 0.212251 0.305210
vt 0.919554 0.089371
vt 0.939729 0.064788
vt 0.915146 0.044614
vt 0.867779 0.163792
vt 0.852745 0.167936
vt 0.852745 0.163792
vt 0.867779 0.159647
vt 0.852745 0.159647
vt 0.867779 0.155503
vt 0.852745 0.155503
vt 0.867779 0.151359
vt 0.852745 0.151359
vt 0.867779 0.147214
vt 0.852745 0.147214
vt 0.867779 0.143070
vt 0.852745 0.143070
vt 0.867779 0.138926
vt 0.852745 0.138926
vt 0.867779 0.134781
vt 0.852745 0.134781
vt 0.867779 0.130637
vt 0.852745 0.130637
vt 0.867779 0.126493
vt 0.852745 0.126493
vt 0.867779 0.122348
vt 0.852745 0.122348
vt 0.867779 0.118204
vt 0.852745 0.118204
vt 0.867779 0.114060
vt 0.852745 0.114060
vt 0.867779 0.109915
vt 0.852745 0.109915
vt 0.867779 0.105771
vt 0.852745 0.105771
vt 0.867779 0.101627
vt 0.852745 0.101627
vt 0.867779 0.097482
vt 0.852745 0.097482
vt 0.867779 0.093338
vt 0.852745 0.093338
vt 0.867779 0.089194
vt 0.852745 0.089194
vt 0.867779 0.085049
vt 0.852745 0.085049
vt 0.867779 0.080905
vt 0.852745 0.080905
vt 0.867779 0.076761
vt 0.852745 0.076761
vt 0.867779 0.072616
vt 0.852745 0.072616
vt 0.867779 0.068472
vt 0.852745 0.068472
vt 0.867779 0.064328
vt 0.852745 0.064328
vt 0.867779 0.060183
vt 0.852745 0.060183
vt 0.867779 0.056039
vt 0.852745 0.056039
vt 0.867779 0.051895
vt 0.852745 0.051895
vt 0.867779 0.047750
vt 0.852745 0.047750
vt 0.884976 0.163792
vt 0.870523 0.167936
vt 0.870523 0.163792
vt 0.867779 0.043606
vt 0.852745 0.043606
vt 0.870523 0.047750
vt 0.884976 0.043606
vt 0.870523 0.043606
vt 0.867779 0.035317
vt 0.852745 0.039462
vt 0.852745 0.035317
vt 0.870523 0.051895
vt 0.884976 0.047750
vt 0.870523 0.056039
vt 0.884976 0.051895
vt 0.870523 0.060183
vt 0.884976 0.056039
vt 0.870523 0.064328
vt 0.884976 0.060183
vt 0.870523 0.068472
vt 0.884976 0.064328
vt 0.870523 0.072616
vt 0.884976 0.068472
vt 0.870523 0.076761
vt 0.884976 0.072616
vt 0.870523 0.080905
vt 0.884976 0.076761
vt 0.870523 0.085049
vt 0.884976 0.080905
vt 0.870523 0.089194
vt 0.884976 0.085049
vt 0.870523 0.093338
vt 0.884976 0.089194
vt 0.870523 0.097482
vt 0.884976 0.093338
vt 0.870523 0.101627
vt 0.884976 0.097482
vt 0.870523 0.105771
vt 0.884976 0.101627
vt 0.870523 0.109915
vt 0.884976 0.105771
vt 0.870523 0.114060
vt 0.884976 0.109915
vt 0.870523 0.118204
vt 0.884976 0.114060
vt 0.870523 0.122348
vt 0.884976 0.118204
vt 0.870523 0.126493
vt 0.884976 0.122348
vt 0.870523 0.130637
vt 0.884976 0.126493
vt 0.870523 0.134781
vt 0.884976 0.130637
vt 0.870523 0.138926
vt 0.884976 0.134781
vt 0.870523 0.143070
vt 0.884976 0.138926
vt 0.870523 0.147214
vt 0.884976 0.143070
vt 0.870523 0.151359
vt 0.884976 0.147214
vt 0.870523 0.155503
vt 0.884976 0.151359
vt 0.870523 0.159647
vt 0.884976 0.155503
vt 0.884976 0.159647
vt 0.870523 0.039462
vt 0.884976 0.035317
vt 0.870523 0.035317
vt 0.891436 0.074853
vt 0.889280 0.081996
vt 0.893468 0.079758
vt 0.892746 0.087184
vt 0.896417 0.084172
vt 0.900171 0.087926
vt 0.897158 0.091596
vt 0.904585 0.090875
vt 0.902346 0.095063
vt 0.908111 0.097451
vt 0.909489 0.092906
vt 0.914696 0.093942
vt 0.914230 0.098668
vt 0.920470 0.098668
vt 0.920004 0.093942
vt 0.925211 0.092906
vt 0.926589 0.097451
vt 0.932354 0.095063
vt 0.930115 0.090875
vt 0.934529 0.087925
vt 0.937542 0.091596
vt 0.941954 0.087184
vt 0.938283 0.084172
vt 0.941232 0.079758
vt 0.945420 0.081996
vt 0.947808 0.076232
vt 0.943264 0.074853
vt 0.949025 0.070112
vt 0.944299 0.069647
vt 0.944299 0.064338
vt 0.949025 0.063873
vt 0.943264 0.059132
vt 0.947808 0.057753
vt 0.945420 0.051989
vt 0.941232 0.054227
vt 0.941954 0.046801
vt 0.938283 0.049813
vt 0.934529 0.046060
vt 0.937542 0.042389
vt 0.930115 0.043110
vt 0.932354 0.038922
vt 0.925211 0.041079
vt 0.926589 0.036535
vt 0.920004 0.040043
vt 0.920470 0.035317
vt 0.914230 0.035317
vt 0.914696 0.040043
vt 0.909489 0.041079
vt 0.908111 0.036535
vt 0.902346 0.038922
vt 0.904585 0.043110
vt 0.900171 0.046060
vt 0.897158 0.042389
vt 0.892746 0.046801
vt 0.896417 0.049813
vt 0.889280 0.051989
vt 0.893468 0.054227
vt 0.886892 0.057753
vt 0.891436 0.059132
vt 0.885675 0.063873
vt 0.890401 0.064338
vt 0.890401 0.069647
vt 0.885675 0.070112
vt 0.886892 0.076232
vt 0.895831 0.073520
vt 0.897518 0.077593
vt 0.899967 0.081258
vt 0.903085 0.084375
vt 0.906750 0.086824
vt 0.910822 0.088511
vt 0.915146 0.089371
vt 0.923878 0.088511
vt 0.927950 0.086824
vt 0.931616 0.084375
vt 0.934733 0.081258
vt 0.937182 0.077593
vt 0.938869 0.073520
vt 0.939729 0.069197
vt 0.938869 0.060465
vt 0.937182 0.056392
vt 0.934733 0.052727
vt 0.931616 0.049610
vt 0.927950 0.047161
vt 0.923878 0.045474
vt 0.919554 0.044614
vt 0.910822 0.045474
vt 0.906750 0.047161
vt 0.903085 0.049610
vt 0.899967 0.052727
vt 0.897518 0.056392
vt 0.895831 0.060465
vt 0.894971 0.064788
vt 0.894971 0.069197
vt 0.869723 0.035317
vt 0.869723 0.039462
vt 0.868808 0.035317
vt 0.867779 0.039462
vt 0.869723 0.043606
vt 0.868808 0.039462
vt 0.869723 0.047750
vt 0.868808 0.043606
vt 0.868808 0.047750
vt 0.869723 0.051895
vt 0.868808 0.051895
vt 0.869723 0.056039
vt 0.868808 0.056039
vt 0.869723 0.060183
vt 0.868808 0.060183
vt 0.869723 0.064328
vt 0.868808 0.064328
vt 0.869723 0.068472
vt 0.868808 0.068472
vt 0.869723 0.072616
vt 0.869723 0.076761
vt 0.868808 0.072616
vt 0.869723 0.080905
vt 0.868808 0.076761
vt 0.869723 0.085049
vt 0.868808 0.080905
vt 0.869723 0.089194
vt 0.868808 0.085049
vt 0.869723 0.093338
vt 0.868808 0.089194
vt 0.869723 0.097482
vt 0.868808 0.093338
vt 0.868808 0.097482
vt 0.869723 0.101627
vt 0.868808 0.101627
vt 0.869723 0.105771
vt 0.869723 0.109915
vt 0.868808 0.105771
vt 0.868808 0.109915
vt 0.869723 0.114060
vt 0.868808 0.114060
vt 0.869723 0.118204
vt 0.868808 0.118204
vt 0.869723 0.122348
vt 0.868808 0.122348
vt 0.869723 0.126493
vt 0.868808 0.126493
vt 0.869723 0.130637
vt 0.868808 0.130637
vt 0.869723 0.134781
vt 0.869723 0.138926
vt 0.868808 0.134781
vt 0.868808 0.138926
vt 0.869723 0.143070
vt 0.869723 0.147214
vt 0.868808 0.143070
vt 0.869723 0.151359
vt 0.868808 0.147214
vt 0.869723 0.155503
vt 0.868808 0.151359
vt 0.869723 0.159647
vt 0.868808 0.155503
vt 0.869723 0.163792
vt 0.868808 0.159647
vt 0.868808 0.163792
vt 0.869723 0.167936
vt 0.868808 0.167936
vt 0.937182 0.119825
vt 0.927950 0.150257
vt 0.897518 0.141026
vt 0.884976 0.039462
vt 0.884976 0.043606
vt 0.889280 0.145430
vt 0.891436 0.138287
vt 0.893468 0.143191
vt 0.892746 0.150618
vt 0.896417 0.147605
vt 0.900171 0.151359
vt 0.904585 0.154308
vt 0.897158 0.155030
vt 0.908111 0.160884
vt 0.909489 0.156339
vt 0.914696 0.157375
vt 0.920470 0.162101
vt 0.920004 0.157375
vt 0.926589 0.160884
vt 0.925211 0.156339
vt 0.932354 0.158496
vt 0.930115 0.154308
vt 0.934529 0.151359
vt 0.941954 0.150618
vt 0.938283 0.147605
vt 0.941232 0.143191
vt 0.947808 0.139665
vt 0.943264 0.138287
vt 0.949025 0.133545
vt 0.944299 0.133080
vt 0.944299 0.127771
vt 0.943264 0.122565
vt 0.949025 0.127306
vt 0.945420 0.115422
vt 0.941232 0.117660
vt 0.941954 0.110234
vt 0.938283 0.113246
vt 0.934529 0.109493
vt 0.930115 0.106543
vt 0.937542 0.105822
vt 0.925211 0.104512
vt 0.932354 0.102355
vt 0.920004 0.103476
vt 0.926589 0.099968
vt 0.914230 0.098750
vt 0.914696 0.103476
vt 0.909489 0.104512
vt 0.902346 0.102355
vt 0.904585 0.106543
vt 0.900171 0.109493
vt 0.892746 0.110234
vt 0.896417 0.113246
vt 0.889280 0.115422
vt 0.893468 0.117660
vt 0.886892 0.121186
vt 0.891436 0.122565
vt 0.885675 0.127306
vt 0.890401 0.127771
vt 0.890401 0.133080
vt 0.885675 0.133545
vt 0.895831 0.136953
vt 0.899967 0.144691
vt 0.903085 0.147808
vt 0.906750 0.150257
vt 0.910822 0.151944
vt 0.915146 0.152804
vt 0.919554 0.152804
vt 0.923878 0.151944
vt 0.931616 0.147808
vt 0.934733 0.144691
vt 0.937182 0.141026
vt 0.938869 0.136953
vt 0.939729 0.132630
vt 0.939729 0.128222
vt 0.938869 0.123898
vt 0.934733 0.116160
vt 0.931616 0.113043
vt 0.927950 0.110594
vt 0.923878 0.108907
vt 0.919554 0.108047
vt 0.915146 0.108047
vt 0.910822 0.108907
vt 0.906750 0.110594
vt 0.903085 0.113043
vt 0.899967 0.116160
vt 0.897518 0.119825
vt 0.895831 0.123898
vt 0.894971 0.128222
vt 0.894971 0.132630
vt 0.885592 0.167936
vt 0.885592 0.163792
vt 0.885592 0.159647
vt 0.885592 0.155503
vt 0.885592 0.151359
vt 0.885592 0.147214
vt 0.885592 0.143070
vt 0.885592 0.138926
vt 0.885592 0.134781
vt 0.885592 0.130637
vt 0.885592 0.126493
vt 0.885592 0.122348
vt 0.885592 0.118204
vt 0.885592 0.114060
vt 0.885592 0.109915
vt 0.885592 0.105771
vt 0.885592 0.101627
vt 0.885592 0.097482
vt 0.885592 0.093338
vt 0.885592 0.089194
vt 0.885592 0.085049
vt 0.885592 0.080905
vt 0.885592 0.076761
vt 0.885592 0.072616
vt 0.885592 0.068472
vt 0.885592 0.064328
vt 0.885592 0.060183
vt 0.885592 0.056039
vt 0.885592 0.051895
vt 0.885592 0.047750
vt 0.885592 0.043606
vt 0.885592 0.039462
vt 0.885592 0.035317
vt 0.852663 0.035317
vt 0.786353 0.039462
vt 0.786353 0.035317
vt 0.852663 0.039462
vt 0.786353 0.043606
vt 0.852663 0.043606
vt 0.786353 0.047750
vt 0.852663 0.047750
vt 0.786353 0.051895
vt 0.852663 0.051895
vt 0.786353 0.056039
vt 0.852663 0.056039
vt 0.786353 0.060183
vt 0.852663 0.060183
vt 0.786353 0.064328
vt 0.852663 0.064328
vt 0.786353 0.068472
vt 0.852663 0.068472
vt 0.786353 0.072616
vt 0.852663 0.072616
vt 0.786353 0.076761
vt 0.852663 0.076761
vt 0.786353 0.080905
vt 0.852663 0.080905
vt 0.786353 0.085049
vt 0.852663 0.085049
vt 0.786353 0.089194
vt 0.852663 0.089194
vt 0.786353 0.093338
vt 0.852663 0.093338
vt 0.786353 0.097482
vt 0.852663 0.097482
vt 0.786353 0.101627
vt 0.852663 0.101627
vt 0.786353 0.105771
vt 0.852663 0.105771
vt 0.786353 0.109915
vt 0.852663 0.109915
vt 0.786353 0.114060
vt 0.852663 0.114060
vt 0.786353 0.118204
vt 0.852663 0.118204
vt 0.786353 0.122348
vt 0.852663 0.122348
vt 0.786353 0.126493
vt 0.852663 0.126493
vt 0.786353 0.130637
vt 0.852663 0.130637
vt 0.786353 0.134781
vt 0.852663 0.134781
vt 0.786353 0.138926
vt 0.852663 0.138926
vt 0.786353 0.143070
vt 0.852663 0.143070
vt 0.786353 0.147214
vt 0.852663 0.147214
vt 0.786353 0.151359
vt 0.852663 0.151359
vt 0.786353 0.155503
vt 0.852663 0.155503
vt 0.786353 0.159647
vt 0.830530 0.176306
vt 0.843406 0.191996
vt 0.825727 0.225072
vt 0.852663 0.159647
vt 0.786353 0.163792
vt 0.852663 0.163792
vt 0.786353 0.167936
vt 0.949025 0.190739
vt 0.914230 0.162184
vt 0.885675 0.196979
vt 0.820892 0.228770
vt 0.814909 0.231369
vt 0.815165 0.228770
vt 0.826510 0.227652
vt 0.821148 0.231369
vt 0.833032 0.227764
vt 0.827268 0.230152
vt 0.836563 0.222279
vt 0.831801 0.225461
vt 0.840613 0.218229
vt 0.838220 0.224298
vt 0.843795 0.213467
vt 0.842632 0.219886
vt 0.848487 0.208933
vt 0.846099 0.214698
vt 0.847104 0.202558
vt 0.845987 0.208175
vt 0.849704 0.196574
vt 0.849704 0.202814
vt 0.845987 0.191213
vt 0.847104 0.196830
vt 0.843795 0.185922
vt 0.848487 0.190455
vt 0.842632 0.179502
vt 0.846099 0.184690
vt 0.840613 0.181159
vt 0.838220 0.175090
vt 0.831801 0.173927
vt 0.836563 0.177109
vt 0.827268 0.169236
vt 0.833032 0.171624
vt 0.826510 0.171736
vt 0.821148 0.168019
vt 0.815165 0.170618
vt 0.820892 0.170618
vt 0.809548 0.171736
vt 0.814909 0.168019
vt 0.803025 0.171624
vt 0.808789 0.169236
vt 0.804256 0.173927
vt 0.797837 0.175090
vt 0.799494 0.177109
vt 0.793425 0.179502
vt 0.792262 0.185922
vt 0.795444 0.181159
vt 0.790070 0.191213
vt 0.789958 0.184690
vt 0.788953 0.196830
vt 0.787571 0.190455
vt 0.786353 0.202814
vt 0.786353 0.196574
vt 0.790070 0.208175
vt 0.788953 0.202558
vt 0.789958 0.214698
vt 0.787571 0.208933
vt 0.795444 0.218229
vt 0.792262 0.213467
vt 0.799494 0.222279
vt 0.793425 0.219886
vt 0.804256 0.225461
vt 0.797837 0.224298
vt 0.808789 0.230152
vt 0.803025 0.227764
vt 0.809548 0.227652
vt 0.815429 0.226086
vt 0.820628 0.226086
vt 0.830530 0.223082
vt 0.838529 0.216518
vt 0.834852 0.220194
vt 0.841417 0.212195
vt 0.843406 0.207392
vt 0.844421 0.197095
vt 0.844421 0.202293
vt 0.841417 0.187193
vt 0.834853 0.179194
vt 0.838529 0.182870
vt 0.825727 0.174316
vt 0.820628 0.173302
vt 0.815429 0.173302
vt 0.810330 0.174316
vt 0.801205 0.179194
vt 0.805527 0.176306
vt 0.797529 0.182870
vt 0.792651 0.191996
vt 0.794640 0.187193
vt 0.791637 0.202293
vt 0.791637 0.197095
vt 0.794640 0.212195
vt 0.792651 0.207392
vt 0.797529 0.216518
vt 0.805527 0.223082
vt 0.801205 0.220194
vt 0.810330 0.225072
vt 0.051915 0.752344
vt 0.094817 0.666540
vt 0.094817 0.752344
vt 0.094817 0.795246
vt 0.051915 0.795246
vt 0.051915 0.623638
vt 0.051915 0.666540
vt 0.137718 0.752344
vt 0.266521 0.709442
vt 0.180717 0.666540
vt 0.266521 0.666540
vt 0.309423 0.666540
vt 0.309423 0.709442
vt 0.137816 0.709442
vt 0.180717 0.709442
vt 0.266521 0.623638
vt 0.051915 0.924048
vt 0.094817 0.838244
vt 0.094817 0.924048
vt 0.094817 0.966950
vt 0.051915 0.966950
vt 0.051915 0.795343
vt 0.051915 0.838244
vt 0.137718 0.924048
vt 0.137816 0.924048
vt 0.180717 0.838244
vt 0.180717 0.924048
vt 0.180717 0.966950
vt 0.137816 0.966950
vt 0.137816 0.795343
vt 0.137816 0.838244
vt 0.223619 0.924048
vt 0.855905 0.660136
vt 0.841838 0.661015
vt 0.841838 0.660136
vt 0.855905 0.661015
vt 0.841838 0.661895
vt 0.855905 0.661895
vt 0.841838 0.662774
vt 0.855905 0.662774
vt 0.841838 0.663653
vt 0.855905 0.663653
vt 0.841838 0.664532
vt 0.855905 0.664532
vt 0.841838 0.665411
vt 0.855905 0.665411
vt 0.841838 0.666291
vt 0.855905 0.666291
vt 0.841838 0.667170
vt 0.855905 0.667170
vt 0.841838 0.668049
vt 0.855905 0.668049
vt 0.841838 0.668928
vt 0.855905 0.668928
vt 0.841838 0.669807
vt 0.855905 0.669807
vt 0.841838 0.670687
vt 0.855905 0.670687
vt 0.841838 0.671566
vt 0.855905 0.671566
vt 0.841838 0.672445
vt 0.855905 0.672445
vt 0.841838 0.673324
vt 0.855905 0.673324
vt 0.841838 0.674203
vt 0.855905 0.674203
vt 0.841838 0.675083
vt 0.855905 0.675083
vt 0.841838 0.675962
vt 0.855905 0.675962
vt 0.841838 0.676841
vt 0.855905 0.676841
vt 0.841838 0.677720
vt 0.855905 0.677720
vt 0.841838 0.678599
vt 0.855905 0.678599
vt 0.841838 0.679479
vt 0.855905 0.679479
vt 0.841838 0.680358
vt 0.855905 0.680358
vt 0.841838 0.681237
vt 0.855905 0.681237
vt 0.841838 0.682116
vt 0.855905 0.682116
vt 0.841838 0.682995
vt 0.855905 0.682995
vt 0.841838 0.683874
vt 0.855905 0.683874
vt 0.841838 0.684754
vt 0.855905 0.684754
vt 0.841838 0.685633
vt 0.855905 0.685633
vt 0.841838 0.686512
vt 0.922750 0.721378
vt 0.922244 0.726521
vt 0.918249 0.729800
vt 0.855905 0.686512
vt 0.841838 0.687391
vt 0.855905 0.687391
vt 0.841838 0.688271
vt 0.843338 0.719055
vt 0.841838 0.724000
vt 0.855277 0.722676
vt 0.838119 0.947840
vt 0.838403 0.942964
vt 0.838388 0.942937
vt 0.838229 0.948087
vt 0.838419 0.942985
vt 0.838320 0.948401
vt 0.838436 0.942996
vt 0.838402 0.949368
vt 0.838452 0.942990
vt 0.838480 0.948775
vt 0.838469 0.942972
vt 0.838587 0.948326
vt 0.838484 0.942946
vt 0.838705 0.947955
vt 0.838498 0.942914
vt 0.838793 0.947665
vt 0.838509 0.942878
vt 0.838901 0.947437
vt 0.838518 0.942841
vt 0.838970 0.947211
vt 0.838522 0.942803
vt 0.839057 0.947043
vt 0.838522 0.942765
vt 0.838981 0.946811
vt 0.838519 0.942729
vt 0.838913 0.946617
vt 0.838512 0.942696
vt 0.838853 0.946460
vt 0.838502 0.942666
vt 0.838806 0.946347
vt 0.838490 0.942641
vt 0.838709 0.946233
vt 0.838477 0.942621
vt 0.838621 0.946156
vt 0.838462 0.942607
vt 0.838529 0.946107
vt 0.838447 0.942598
vt 0.838439 0.946095
vt 0.838431 0.942595
vt 0.838369 0.946061
vt 0.838416 0.942597
vt 0.838298 0.946065
vt 0.838402 0.942605
vt 0.838233 0.946085
vt 0.838388 0.942619
vt 0.838163 0.946143
vt 0.838376 0.942638
vt 0.838111 0.946215
vt 0.838366 0.942663
vt 0.838050 0.946327
vt 0.838359 0.942691
vt 0.837983 0.946475
vt 0.838353 0.942724
vt 0.837909 0.946658
vt 0.838351 0.942759
vt 0.837921 0.946795
vt 0.838352 0.942796
vt 0.837917 0.946980
vt 0.838356 0.942833
vt 0.837926 0.947190
vt 0.838364 0.942870
vt 0.837914 0.947453
vt 0.838374 0.942905
vt 0.838025 0.947615
vt 0.834558 0.949518
vt 0.834523 0.943674
vt 0.834506 0.943693
vt 0.834691 0.949044
vt 0.834538 0.943646
vt 0.834836 0.948647
vt 0.834550 0.943612
vt 0.834863 0.948342
vt 0.834560 0.943576
vt 0.834911 0.948096
vt 0.834567 0.943537
vt 0.834918 0.947849
vt 0.834572 0.943499
vt 0.834942 0.947655
vt 0.834573 0.943462
vt 0.834940 0.947465
vt 0.834572 0.943428
vt 0.834944 0.947314
vt 0.834567 0.943396
vt 0.834955 0.947202
vt 0.834560 0.943368
vt 0.834977 0.947137
vt 0.834549 0.943343
vt 0.834867 0.946999
vt 0.834535 0.943324
vt 0.834767 0.946898
vt 0.834520 0.943309
vt 0.834655 0.946820
vt 0.834503 0.943300
vt 0.834548 0.946778
vt 0.834486 0.943296
vt 0.834440 0.946760
vt 0.834469 0.943299
vt 0.834332 0.946774
vt 0.834453 0.943307
vt 0.834222 0.946822
vt 0.834439 0.943321
vt 0.834106 0.946905
vt 0.834427 0.943339
vt 0.834081 0.946956
vt 0.834417 0.943363
vt 0.834047 0.947049
vt 0.834411 0.943391
vt 0.834033 0.947151
vt 0.834406 0.943423
vt 0.834007 0.947297
vt 0.834405 0.943458
vt 0.834016 0.947448
vt 0.834406 0.943496
vt 0.834010 0.947647
vt 0.834410 0.943534
vt 0.833994 0.947888
vt 0.834418 0.943572
vt 0.833971 0.948171
vt 0.834428 0.943608
vt 0.834075 0.948352
vt 0.834441 0.943641
vt 0.834162 0.948596
vt 0.834456 0.943668
vt 0.834266 0.948862
vt 0.834472 0.943689
vt 0.834349 0.949197
vt 0.834489 0.943700
vt 0.834455 0.950138
vt 0.839141 0.802371
vt 0.839226 0.785467
vt 0.839141 0.802371
vt 0.835201 0.802724
vt 0.835287 0.785778
vt 0.870079 0.660136
vt 0.856012 0.661015
vt 0.856012 0.660136
vt 0.870079 0.661015
vt 0.856012 0.661895
vt 0.870079 0.661895
vt 0.856012 0.662774
vt 0.870079 0.662774
vt 0.856012 0.663653
vt 0.870079 0.663653
vt 0.856012 0.664532
vt 0.870079 0.664532
vt 0.856012 0.665411
vt 0.870079 0.665411
vt 0.856012 0.666291
vt 0.870079 0.666291
vt 0.856012 0.667170
vt 0.870079 0.667170
vt 0.856012 0.668049
vt 0.870079 0.668049
vt 0.856012 0.668928
vt 0.870079 0.668928
vt 0.856012 0.669807
vt 0.870079 0.669807
vt 0.856012 0.670687
vt 0.870079 0.670687
vt 0.856012 0.671566
vt 0.870079 0.671566
vt 0.856012 0.672445
vt 0.870079 0.672445
vt 0.856012 0.673324
vt 0.870079 0.673324
vt 0.856012 0.674203
vt 0.870079 0.674203
vt 0.856012 0.675083
vt 0.870079 0.675083
vt 0.856012 0.675962
vt 0.870079 0.675962
vt 0.856012 0.676841
vt 0.870079 0.676841
vt 0.856012 0.677720
vt 0.870079 0.677720
vt 0.856012 0.678599
vt 0.870079 0.678599
vt 0.856012 0.679479
vt 0.870079 0.679479
vt 0.856012 0.680358
vt 0.870079 0.680358
vt 0.856012 0.681237
vt 0.870079 0.681237
vt 0.856012 0.682116
vt 0.870079 0.682116
vt 0.856012 0.682995
vt 0.870079 0.682995
vt 0.856012 0.683874
vt 0.870079 0.683874
vt 0.856012 0.684754
vt 0.870079 0.684754
vt 0.856012 0.685633
vt 0.870079 0.685633
vt 0.856012 0.686512
vt 0.909827 0.738844
vt 0.914329 0.730423
vt 0.922750 0.734924
vt 0.870079 0.686512
vt 0.856012 0.687391
vt 0.870079 0.687391
vt 0.856012 0.688271
vt 0.862765 0.730058
vt 0.868823 0.722676
vt 0.861442 0.716618
vt 0.884253 0.660136
vt 0.870186 0.661015
vt 0.870186 0.660136
vt 0.884253 0.661015
vt 0.870186 0.661895
vt 0.884253 0.661895
vt 0.870186 0.662774
vt 0.884253 0.662774
vt 0.870186 0.663653
vt 0.884253 0.663653
vt 0.870186 0.664532
vt 0.884253 0.664532
vt 0.870186 0.665411
vt 0.884253 0.665411
vt 0.870186 0.666291
vt 0.884253 0.666291
vt 0.870186 0.667170
vt 0.884253 0.667170
vt 0.870186 0.668049
vt 0.884253 0.668049
vt 0.870186 0.668928
vt 0.884253 0.668928
vt 0.870186 0.669807
vt 0.884253 0.669807
vt 0.870186 0.670687
vt 0.884253 0.670687
vt 0.870186 0.671566
vt 0.884253 0.671566
vt 0.870186 0.672445
vt 0.884253 0.672445
vt 0.870186 0.673324
vt 0.884253 0.673324
vt 0.870186 0.674203
vt 0.884253 0.674203
vt 0.870186 0.675083
vt 0.884253 0.675083
vt 0.870186 0.675962
vt 0.884253 0.675962
vt 0.870186 0.676841
vt 0.884253 0.676841
vt 0.870186 0.677720
vt 0.884253 0.677720
vt 0.870186 0.678599
vt 0.884253 0.678599
vt 0.870186 0.679479
vt 0.884253 0.679479
vt 0.870186 0.680358
vt 0.884253 0.680358
vt 0.870186 0.681237
vt 0.884253 0.681237
vt 0.870186 0.682116
vt 0.884253 0.682116
vt 0.870186 0.682995
vt 0.884253 0.682995
vt 0.870186 0.683874
vt 0.884253 0.683874
vt 0.870186 0.684754
vt 0.884253 0.684754
vt 0.870186 0.685633
vt 0.884253 0.685633
vt 0.870186 0.686512
vt 0.912966 0.668816
vt 0.917467 0.660394
vt 0.925889 0.664896
vt 0.884253 0.686512
vt 0.870186 0.687391
vt 0.884253 0.687391
vt 0.870186 0.688271
vt 0.870430 0.719055
vt 0.868930 0.724000
vt 0.882370 0.722676
vt 0.855905 0.688377
vt 0.841838 0.689257
vt 0.841838 0.688377
vt 0.855905 0.689257
vt 0.841838 0.690136
vt 0.855905 0.690136
vt 0.841838 0.691015
vt 0.855905 0.691015
vt 0.841838 0.691894
vt 0.855905 0.691894
vt 0.841838 0.692773
vt 0.855905 0.692773
vt 0.841838 0.693653
vt 0.855905 0.693653
vt 0.841838 0.694532
vt 0.855905 0.694532
vt 0.841838 0.695411
vt 0.855905 0.695411
vt 0.841838 0.696290
vt 0.855905 0.696290
vt 0.841838 0.697169
vt 0.855905 0.697169
vt 0.841838 0.698048
vt 0.855905 0.698048
vt 0.841838 0.698928
vt 0.855905 0.698928
vt 0.841838 0.699807
vt 0.855905 0.699807
vt 0.841838 0.700686
vt 0.855905 0.700686
vt 0.841838 0.701565
vt 0.855905 0.701565
vt 0.841838 0.702444
vt 0.855905 0.702444
vt 0.841838 0.703324
vt 0.855905 0.703324
vt 0.841838 0.704203
vt 0.855905 0.704203
vt 0.841838 0.705082
vt 0.855905 0.705082
vt 0.841838 0.705961
vt 0.855905 0.705961
vt 0.841838 0.706840
vt 0.855905 0.706840
vt 0.841838 0.707720
vt 0.855905 0.707720
vt 0.841838 0.708599
vt 0.855905 0.708599
vt 0.841838 0.709478
vt 0.855905 0.709478
vt 0.841838 0.710357
vt 0.855905 0.710357
vt 0.841838 0.711236
vt 0.855905 0.711236
vt 0.841838 0.712116
vt 0.855905 0.712116
vt 0.841838 0.712995
vt 0.855905 0.712995
vt 0.841838 0.713874
vt 0.855905 0.713874
vt 0.841838 0.714753
vt 0.912966 0.682362
vt 0.917467 0.673941
vt 0.925889 0.678442
vt 0.855905 0.714753
vt 0.841838 0.715632
vt 0.855905 0.715632
vt 0.841838 0.716512
vt 0.893480 0.718119
vt 0.888534 0.716618
vt 0.882476 0.724000
vt 0.870079 0.688377
vt 0.856012 0.689257
vt 0.856012 0.688377
vt 0.870079 0.689257
vt 0.856012 0.690136
vt 0.870079 0.690136
vt 0.856012 0.691015
vt 0.870079 0.691015
vt 0.856012 0.691894
vt 0.870079 0.691894
vt 0.856012 0.692773
vt 0.870079 0.692773
vt 0.856012 0.693653
vt 0.870079 0.693653
vt 0.856012 0.694532
vt 0.870079 0.694532
vt 0.856012 0.695411
vt 0.870079 0.695411
vt 0.856012 0.696290
vt 0.870079 0.696290
vt 0.856012 0.697169
vt 0.870079 0.697169
vt 0.856012 0.698048
vt 0.870079 0.698048
vt 0.856012 0.698928
vt 0.870079 0.698928
vt 0.856012 0.699807
vt 0.870079 0.699807
vt 0.856012 0.700686
vt 0.870079 0.700686
vt 0.856012 0.701565
vt 0.870079 0.701565
vt 0.856012 0.702444
vt 0.870079 0.702444
vt 0.856012 0.703324
vt 0.870079 0.703324
vt 0.856012 0.704203
vt 0.870079 0.704203
vt 0.856012 0.705082
vt 0.870079 0.705082
vt 0.856012 0.705961
vt 0.870079 0.705961
vt 0.856012 0.706840
vt 0.870079 0.706840
vt 0.856012 0.707720
vt 0.870079 0.707720
vt 0.856012 0.708599
vt 0.870079 0.708599
vt 0.856012 0.709478
vt 0.870079 0.709478
vt 0.856012 0.710357
vt 0.870079 0.710357
vt 0.856012 0.711236
vt 0.870079 0.711236
vt 0.856012 0.712116
vt 0.870079 0.712116
vt 0.856012 0.712995
vt 0.870079 0.712995
vt 0.856012 0.713874
vt 0.870079 0.713874
vt 0.856012 0.714753
vt 0.912966 0.695909
vt 0.917467 0.687487
vt 0.925889 0.691988
vt 0.870079 0.714753
vt 0.856012 0.715632
vt 0.870079 0.715632
vt 0.856012 0.716512
vt 0.902081 0.716618
vt 0.897523 0.719055
vt 0.896023 0.724000
vt 0.884253 0.688377
vt 0.870186 0.689257
vt 0.870186 0.688377
vt 0.884253 0.689257
vt 0.870186 0.690136
vt 0.884253 0.690136
vt 0.870186 0.691015
vt 0.884253 0.691015
vt 0.870186 0.691894
vt 0.884253 0.691894
vt 0.870186 0.692773
vt 0.884253 0.692773
vt 0.870186 0.693653
vt 0.884253 0.693653
vt 0.870186 0.694532
vt 0.884253 0.694532
vt 0.870186 0.695411
vt 0.884253 0.695411
vt 0.870186 0.696290
vt 0.884253 0.696290
vt 0.870186 0.697169
vt 0.884253 0.697169
vt 0.870186 0.698048
vt 0.884253 0.698048
vt 0.870186 0.698928
vt 0.884253 0.698928
vt 0.870186 0.699807
vt 0.884253 0.699807
vt 0.870186 0.700686
vt 0.884253 0.700686
vt 0.870186 0.701565
vt 0.884253 0.701565
vt 0.870186 0.702444
vt 0.884253 0.702444
vt 0.870186 0.703324
vt 0.884253 0.703324
vt 0.870186 0.704203
vt 0.884253 0.704203
vt 0.870186 0.705082
vt 0.884253 0.705082
vt 0.870186 0.705961
vt 0.884253 0.705961
vt 0.870186 0.706840
vt 0.884253 0.706840
vt 0.870186 0.707720
vt 0.884253 0.707720
vt 0.870186 0.708599
vt 0.884253 0.708599
vt 0.870186 0.709478
vt 0.884253 0.709478
vt 0.870186 0.710357
vt 0.884253 0.710357
vt 0.870186 0.711236
vt 0.884253 0.711236
vt 0.870186 0.712116
vt 0.884253 0.712116
vt 0.870186 0.712995
vt 0.884253 0.712995
vt 0.870186 0.713874
vt 0.884253 0.713874
vt 0.870186 0.714753
vt 0.922610 0.701540
vt 0.925889 0.705535
vt 0.921387 0.713956
vt 0.884253 0.714753
vt 0.870186 0.715632
vt 0.884253 0.715632
vt 0.870186 0.716512
vt 0.849219 0.743604
vt 0.855277 0.736223
vt 0.847896 0.730165
vt 0.898427 0.660136
vt 0.884360 0.661015
vt 0.884360 0.660136
vt 0.898427 0.661015
vt 0.884360 0.661895
vt 0.898427 0.661895
vt 0.884360 0.662774
vt 0.898427 0.662774
vt 0.884360 0.663653
vt 0.898427 0.663653
vt 0.884360 0.664532
vt 0.898427 0.664532
vt 0.884360 0.665411
vt 0.898427 0.665411
vt 0.884360 0.666291
vt 0.898427 0.666291
vt 0.884360 0.667170
vt 0.898427 0.667170
vt 0.884360 0.668049
vt 0.898427 0.668049
vt 0.884360 0.668928
vt 0.898427 0.668928
vt 0.884360 0.669807
vt 0.898427 0.669807
vt 0.884360 0.670687
vt 0.898427 0.670687
vt 0.884360 0.671566
vt 0.898427 0.671566
vt 0.884360 0.672445
vt 0.898427 0.672445
vt 0.884360 0.673324
vt 0.898427 0.673324
vt 0.884360 0.674203
vt 0.898427 0.674203
vt 0.884360 0.675083
vt 0.898427 0.675083
vt 0.884360 0.675962
vt 0.898427 0.675962
vt 0.884360 0.676841
vt 0.898427 0.676841
vt 0.884360 0.677720
vt 0.898427 0.677720
vt 0.884360 0.678599
vt 0.898427 0.678599
vt 0.884360 0.679479
vt 0.898427 0.679479
vt 0.884360 0.680358
vt 0.898427 0.680358
vt 0.884360 0.681237
vt 0.898427 0.681237
vt 0.884360 0.682116
vt 0.898427 0.682116
vt 0.884360 0.682995
vt 0.898427 0.682995
vt 0.884360 0.683874
vt 0.898427 0.683874
vt 0.884360 0.684754
vt 0.898427 0.684754
vt 0.884360 0.685633
vt 0.898427 0.685633
vt 0.884360 0.686512
vt 0.842096 0.752391
vt 0.846597 0.743969
vt 0.855019 0.748471
vt 0.898427 0.686512
vt 0.884360 0.687391
vt 0.898427 0.687391
vt 0.884360 0.688270
vt 0.856884 0.732601
vt 0.855384 0.737546
vt 0.868823 0.736223
vt 0.898427 0.688377
vt 0.884360 0.689257
vt 0.884360 0.688377
vt 0.898427 0.689257
vt 0.884360 0.690136
vt 0.898427 0.690136
vt 0.884360 0.691015
vt 0.898427 0.691015
vt 0.884360 0.691894
vt 0.898427 0.691894
vt 0.884360 0.692773
vt 0.898427 0.692773
vt 0.884360 0.693653
vt 0.898427 0.693653
vt 0.884360 0.694532
vt 0.898427 0.694532
vt 0.884360 0.695411
vt 0.898427 0.695411
vt 0.884360 0.696290
vt 0.898427 0.696290
vt 0.884360 0.697169
vt 0.898427 0.697169
vt 0.884360 0.698048
vt 0.898427 0.698048
vt 0.884360 0.698928
vt 0.898427 0.698928
vt 0.884360 0.699807
vt 0.898427 0.699807
vt 0.884360 0.700686
vt 0.898427 0.700686
vt 0.884360 0.701565
vt 0.898427 0.701565
vt 0.884360 0.702444
vt 0.898427 0.702444
vt 0.884360 0.703324
vt 0.898427 0.703324
vt 0.884360 0.704203
vt 0.898427 0.704203
vt 0.884360 0.705082
vt 0.898427 0.705082
vt 0.884360 0.705961
vt 0.898427 0.705961
vt 0.884360 0.706840
vt 0.898427 0.706840
vt 0.884360 0.707720
vt 0.898427 0.707720
vt 0.884360 0.708599
vt 0.898427 0.708599
vt 0.884360 0.709478
vt 0.898427 0.709478
vt 0.884360 0.710357
vt 0.898427 0.710357
vt 0.884360 0.711236
vt 0.898427 0.711236
vt 0.884360 0.712116
vt 0.898427 0.712116
vt 0.884360 0.712995
vt 0.898427 0.712995
vt 0.884360 0.713874
vt 0.898427 0.713874
vt 0.884360 0.714753
vt 0.855642 0.752391
vt 0.860144 0.743969
vt 0.868565 0.748471
vt 0.898427 0.714753
vt 0.884360 0.715632
vt 0.898427 0.715632
vt 0.884360 0.716512
vt 0.876312 0.743604
vt 0.882370 0.736223
vt 0.874988 0.730165
vt 0.912601 0.660136
vt 0.898534 0.661015
vt 0.898534 0.660136
vt 0.912601 0.661015
vt 0.898534 0.661895
vt 0.912601 0.661895
vt 0.898534 0.662774
vt 0.912601 0.662774
vt 0.898534 0.663653
vt 0.912601 0.663653
vt 0.898534 0.664532
vt 0.912601 0.664532
vt 0.898534 0.665411
vt 0.912601 0.665411
vt 0.898534 0.666291
vt 0.912601 0.666291
vt 0.898534 0.667170
vt 0.912601 0.667170
vt 0.898534 0.668049
vt 0.912601 0.668049
vt 0.898534 0.668928
vt 0.912601 0.668928
vt 0.898534 0.669807
vt 0.912601 0.669807
vt 0.898534 0.670687
vt 0.912601 0.670687
vt 0.898534 0.671566
vt 0.912601 0.671566
vt 0.898534 0.672445
vt 0.912601 0.672445
vt 0.898534 0.673324
vt 0.912601 0.673324
vt 0.898534 0.674203
vt 0.912601 0.674203
vt 0.898534 0.675083
vt 0.912601 0.675083
vt 0.898534 0.675962
vt 0.912601 0.675962
vt 0.898534 0.676841
vt 0.912601 0.676841
vt 0.898534 0.677720
vt 0.912601 0.677720
vt 0.898534 0.678599
vt 0.912601 0.678599
vt 0.898534 0.679479
vt 0.912601 0.679479
vt 0.898534 0.680358
vt 0.912601 0.680358
vt 0.898534 0.681237
vt 0.912601 0.681237
vt 0.898534 0.682116
vt 0.912601 0.682116
vt 0.898534 0.682995
vt 0.912601 0.682995
vt 0.898534 0.683874
vt 0.912601 0.683874
vt 0.898534 0.684754
vt 0.912601 0.684754
vt 0.898534 0.685633
vt 0.912601 0.685633
vt 0.898534 0.686512
vt 0.881605 0.753614
vt 0.877610 0.756892
vt 0.873690 0.743969
vt 0.912601 0.686512
vt 0.898534 0.687391
vt 0.912601 0.687391
vt 0.898534 0.688271
vt 0.895916 0.736223
vt 0.888534 0.730165
vt 0.882476 0.737546
vt 0.912601 0.688377
vt 0.898534 0.689257
vt 0.898534 0.688377
vt 0.912601 0.689257
vt 0.898534 0.690136
vt 0.912601 0.690136
vt 0.898534 0.691015
vt 0.912601 0.691015
vt 0.898534 0.691894
vt 0.912601 0.691894
vt 0.898534 0.692773
vt 0.912601 0.692773
vt 0.898534 0.693653
vt 0.912601 0.693653
vt 0.898534 0.694532
vt 0.912601 0.694532
vt 0.898534 0.695411
vt 0.912601 0.695411
vt 0.898534 0.696290
vt 0.912601 0.696290
vt 0.898534 0.697169
vt 0.912601 0.697169
vt 0.898534 0.698048
vt 0.912601 0.698048
vt 0.898534 0.698928
vt 0.912601 0.698928
vt 0.898534 0.699807
vt 0.912601 0.699807
vt 0.898534 0.700686
vt 0.912601 0.700686
vt 0.898534 0.701565
vt 0.912601 0.701565
vt 0.898534 0.702444
vt 0.912601 0.702444
vt 0.898534 0.703324
vt 0.912601 0.703324
vt 0.898534 0.704203
vt 0.912601 0.704203
vt 0.898534 0.705082
vt 0.912601 0.705082
vt 0.898534 0.705961
vt 0.912601 0.705961
vt 0.898534 0.706840
vt 0.912601 0.706840
vt 0.898534 0.707720
vt 0.912601 0.707720
vt 0.898534 0.708599
vt 0.912601 0.708599
vt 0.898534 0.709478
vt 0.912601 0.709478
vt 0.898534 0.710357
vt 0.912601 0.710357
vt 0.898534 0.711236
vt 0.912601 0.711236
vt 0.898534 0.712116
vt 0.912601 0.712116
vt 0.898534 0.712995
vt 0.912601 0.712995
vt 0.898534 0.713874
vt 0.912601 0.713874
vt 0.898534 0.714753
vt 0.882735 0.752391
vt 0.887236 0.743969
vt 0.895658 0.748471
vt 0.912601 0.714753
vt 0.898534 0.715632
vt 0.912601 0.715632
vt 0.898534 0.716512
vt 0.897523 0.732601
vt 0.896023 0.737546
vt 0.909462 0.736223
vt 0.838777 0.874701
vt 0.838799 0.870447
vt 0.834834 0.875225
vt 0.834855 0.870960
vt 0.838756 0.878956
vt 0.838734 0.883211
vt 0.838713 0.887465
vt 0.838692 0.891720
vt 0.838670 0.895975
vt 0.838649 0.900229
vt 0.838627 0.904484
vt 0.838649 0.900229
vt 0.838606 0.908739
vt 0.838585 0.912993
vt 0.838606 0.908739
vt 0.838563 0.917248
vt 0.838585 0.912993
vt 0.838542 0.921503
vt 0.838563 0.917248
vt 0.838520 0.925758
vt 0.838499 0.930013
vt 0.838520 0.925758
vt 0.838476 0.934271
vt 0.838499 0.930013
vt 0.838449 0.938548
vt 0.838476 0.934271
vt 0.838447 0.938544
vt 0.838499 0.930013
vt 0.838476 0.934270
vt 0.838445 0.938539
vt 0.838520 0.925758
vt 0.838499 0.930013
vt 0.838476 0.934269
vt 0.838444 0.938533
vt 0.838499 0.930012
vt 0.838475 0.934268
vt 0.838443 0.938527
vt 0.838520 0.925758
vt 0.838499 0.930012
vt 0.838475 0.934267
vt 0.838442 0.938520
vt 0.838499 0.930012
vt 0.838475 0.934266
vt 0.838443 0.938514
vt 0.838499 0.930012
vt 0.838476 0.934265
vt 0.838443 0.938508
vt 0.838520 0.925758
vt 0.838499 0.930012
vt 0.838476 0.934264
vt 0.838445 0.938503
vt 0.838499 0.930012
vt 0.838476 0.934263
vt 0.838446 0.938499
vt 0.838520 0.925757
vt 0.838499 0.930012
vt 0.838476 0.934263
vt 0.838448 0.938495
vt 0.838499 0.930012
vt 0.838477 0.934262
vt 0.838451 0.938492
vt 0.838499 0.930011
vt 0.838477 0.934262
vt 0.838453 0.938491
vt 0.838520 0.925757
vt 0.838499 0.930011
vt 0.838478 0.934262
vt 0.838456 0.938490
vt 0.838499 0.930011
vt 0.838478 0.934262
vt 0.838459 0.938491
vt 0.838499 0.930012
vt 0.838479 0.934262
vt 0.838461 0.938493
vt 0.838521 0.925757
vt 0.838499 0.930012
vt 0.838479 0.934263
vt 0.838464 0.938496
vt 0.838521 0.925758
vt 0.838499 0.930012
vt 0.838479 0.934263
vt 0.838466 0.938499
vt 0.838499 0.930012
vt 0.838480 0.934264
vt 0.838468 0.938504
vt 0.838521 0.925758
vt 0.838499 0.930012
vt 0.838480 0.934265
vt 0.838469 0.938509
vt 0.838499 0.930012
vt 0.838480 0.934266
vt 0.838470 0.938515
vt 0.838499 0.930012
vt 0.838480 0.934267
vt 0.838470 0.938521
vt 0.838521 0.925758
vt 0.838499 0.930012
vt 0.838480 0.934268
vt 0.838470 0.938528
vt 0.838499 0.930013
vt 0.838480 0.934269
vt 0.838470 0.938534
vt 0.838521 0.925758
vt 0.838499 0.930013
vt 0.838480 0.934270
vt 0.838468 0.938540
vt 0.838499 0.930013
vt 0.838479 0.934271
vt 0.838467 0.938545
vt 0.838499 0.930013
vt 0.838479 0.934271
vt 0.838464 0.938549
vt 0.838499 0.930013
vt 0.838479 0.934272
vt 0.838462 0.938552
vt 0.838499 0.930013
vt 0.838478 0.934272
vt 0.838459 0.938554
vt 0.838499 0.930013
vt 0.838478 0.934272
vt 0.838457 0.938555
vt 0.838499 0.930013
vt 0.838477 0.934272
vt 0.838454 0.938554
vt 0.838499 0.930013
vt 0.838477 0.934272
vt 0.838451 0.938552
vt 0.834812 0.879490
vt 0.834791 0.883756
vt 0.834812 0.879490
vt 0.834769 0.888022
vt 0.834791 0.883756
vt 0.834747 0.892288
vt 0.834726 0.896554
vt 0.834704 0.900819
vt 0.834683 0.905085
vt 0.834661 0.909351
vt 0.834640 0.913617
vt 0.834618 0.917883
vt 0.834596 0.922148
vt 0.834575 0.926414
vt 0.834553 0.930681
vt 0.834532 0.934951
vt 0.834553 0.930681
vt 0.834510 0.939245
vt 0.834532 0.934951
vt 0.834513 0.939244
vt 0.834553 0.930681
vt 0.834531 0.934951
vt 0.834507 0.939244
vt 0.834553 0.930681
vt 0.834531 0.934951
vt 0.834505 0.939242
vt 0.834553 0.930681
vt 0.834530 0.934950
vt 0.834502 0.939238
vt 0.834575 0.926414
vt 0.834553 0.930681
vt 0.834530 0.934949
vt 0.834500 0.939234
vt 0.834575 0.926414
vt 0.834553 0.930680
vt 0.834530 0.934949
vt 0.834498 0.939228
vt 0.834553 0.930680
vt 0.834529 0.934948
vt 0.834497 0.939223
vt 0.834553 0.930680
vt 0.834529 0.934947
vt 0.834496 0.939216
vt 0.834575 0.926414
vt 0.834553 0.930680
vt 0.834529 0.934946
vt 0.834496 0.939210
vt 0.834553 0.930680
vt 0.834529 0.934945
vt 0.834496 0.939204
vt 0.834575 0.926414
vt 0.834553 0.930680
vt 0.834529 0.934944
vt 0.834497 0.939198
vt 0.834553 0.930679
vt 0.834530 0.934943
vt 0.834498 0.939193
vt 0.834575 0.926414
vt 0.834553 0.930679
vt 0.834530 0.934942
vt 0.834500 0.939188
vt 0.834575 0.926414
vt 0.834553 0.930679
vt 0.834530 0.934941
vt 0.834502 0.939185
vt 0.834553 0.930679
vt 0.834531 0.934941
vt 0.834504 0.939182
vt 0.834596 0.922148
vt 0.834553 0.930679
vt 0.834531 0.934941
vt 0.834507 0.939181
vt 0.834553 0.930679
vt 0.834532 0.934940
vt 0.834510 0.939180
vt 0.834553 0.930679
vt 0.834532 0.934941
vt 0.834513 0.939181
vt 0.834575 0.926414
vt 0.834553 0.930679
vt 0.834532 0.934941
vt 0.834515 0.939183
vt 0.834553 0.930679
vt 0.834533 0.934941
vt 0.834518 0.939185
vt 0.834553 0.930679
vt 0.834533 0.934942
vt 0.834520 0.939189
vt 0.834575 0.926414
vt 0.834553 0.930679
vt 0.834534 0.934943
vt 0.834522 0.939194
vt 0.834575 0.926414
vt 0.834554 0.930680
vt 0.834534 0.934944
vt 0.834523 0.939199
vt 0.834575 0.926414
vt 0.834554 0.930680
vt 0.834534 0.934945
vt 0.834524 0.939205
vt 0.834554 0.930680
vt 0.834534 0.934946
vt 0.834524 0.939211
vt 0.834575 0.926414
vt 0.834554 0.930680
vt 0.834534 0.934947
vt 0.834524 0.939217
vt 0.834554 0.930680
vt 0.834534 0.934948
vt 0.834523 0.939223
vt 0.834553 0.930680
vt 0.834534 0.934949
vt 0.834522 0.939229
vt 0.834575 0.926414
vt 0.834553 0.930681
vt 0.834533 0.934949
vt 0.834520 0.939234
vt 0.834575 0.926414
vt 0.834553 0.930681
vt 0.834533 0.934950
vt 0.834518 0.939239
vt 0.834553 0.930681
vt 0.834532 0.934951
vt 0.834516 0.939242
vt 0.839119 0.806626
vt 0.839098 0.810881
vt 0.839077 0.815135
vt 0.839055 0.819390
vt 0.839034 0.823645
vt 0.839012 0.827900
vt 0.838991 0.832154
vt 0.838970 0.836409
vt 0.838991 0.832154
vt 0.838948 0.840664
vt 0.838927 0.844918
vt 0.838905 0.849173
vt 0.838884 0.853428
vt 0.838863 0.857682
vt 0.838841 0.861937
vt 0.838820 0.866192
vt 0.838820 0.866192
vt 0.838948 0.840664
vt 0.835179 0.806989
vt 0.835158 0.811254
vt 0.835136 0.815518
vt 0.835114 0.819783
vt 0.835093 0.824048
vt 0.835071 0.828313
vt 0.835050 0.832577
vt 0.835028 0.836842
vt 0.835007 0.841107
vt 0.834985 0.845372
vt 0.834963 0.849636
vt 0.834942 0.853901
vt 0.834920 0.858166
vt 0.834942 0.853901
vt 0.834899 0.862430
vt 0.834877 0.866695
vt 0.834920 0.858166
vt 0.834963 0.849636
vt 0.839737 0.683788
vt 0.839285 0.661333
vt 0.839856 0.660136
vt 0.839651 0.700934
vt 0.839715 0.683796
vt 0.839566 0.717850
vt 0.839649 0.700934
vt 0.839481 0.734755
vt 0.839565 0.717850
vt 0.839396 0.751659
vt 0.839311 0.768563
vt 0.838825 0.662476
vt 0.839695 0.683815
vt 0.839648 0.700935
vt 0.838466 0.663562
vt 0.839676 0.683844
vt 0.839648 0.700936
vt 0.839565 0.717850
vt 0.839481 0.734755
vt 0.838203 0.664586
vt 0.839661 0.683880
vt 0.839647 0.700938
vt 0.839565 0.717850
vt 0.838027 0.665543
vt 0.839648 0.683921
vt 0.839646 0.700940
vt 0.839565 0.717850
vt 0.837931 0.666430
vt 0.839640 0.683965
vt 0.839646 0.700942
vt 0.839565 0.717851
vt 0.837909 0.667243
vt 0.839635 0.684011
vt 0.839645 0.700944
vt 0.839565 0.717851
vt 0.837953 0.667979
vt 0.839634 0.684056
vt 0.839645 0.700947
vt 0.839565 0.717851
vt 0.838055 0.668635
vt 0.839637 0.684099
vt 0.839645 0.700949
vt 0.839565 0.717851
vt 0.838208 0.669208
vt 0.839644 0.684140
vt 0.839646 0.700951
vt 0.839565 0.717851
vt 0.838406 0.669698
vt 0.839653 0.684176
vt 0.839646 0.700954
vt 0.839565 0.717851
vt 0.838641 0.670101
vt 0.839666 0.684206
vt 0.839647 0.700955
vt 0.839565 0.717851
vt 0.838905 0.670416
vt 0.839681 0.684231
vt 0.839648 0.700957
vt 0.839565 0.717851
vt 0.839191 0.670643
vt 0.839698 0.684249
vt 0.839648 0.700958
vt 0.839565 0.717851
vt 0.839481 0.734755
vt 0.839493 0.670780
vt 0.839716 0.684260
vt 0.839649 0.700959
vt 0.839565 0.717851
vt 0.839802 0.670827
vt 0.839734 0.684264
vt 0.839650 0.700959
vt 0.839566 0.717851
vt 0.840112 0.670783
vt 0.839753 0.684260
vt 0.839651 0.700959
vt 0.839566 0.717851
vt 0.840414 0.670649
vt 0.839771 0.684249
vt 0.839652 0.700958
vt 0.839566 0.717851
vt 0.840703 0.670425
vt 0.839788 0.684231
vt 0.839653 0.700957
vt 0.839566 0.717851
vt 0.840970 0.670113
vt 0.839803 0.684207
vt 0.839654 0.700955
vt 0.839566 0.717851
vt 0.841209 0.669712
vt 0.839816 0.684176
vt 0.839655 0.700954
vt 0.839566 0.717851
vt 0.841412 0.669225
vt 0.839826 0.684141
vt 0.839655 0.700952
vt 0.839566 0.717851
vt 0.841571 0.668652
vt 0.839833 0.684100
vt 0.839656 0.700949
vt 0.839566 0.717851
vt 0.841680 0.667997
vt 0.839837 0.684057
vt 0.839656 0.700947
vt 0.839566 0.717851
vt 0.841731 0.667262
vt 0.839836 0.684012
vt 0.839656 0.700944
vt 0.839566 0.717851
vt 0.841717 0.666449
vt 0.839832 0.683966
vt 0.839656 0.700942
vt 0.839566 0.717851
vt 0.841630 0.665561
vt 0.839824 0.683922
vt 0.839655 0.700940
vt 0.839566 0.717850
vt 0.841464 0.664603
vt 0.839812 0.683881
vt 0.839654 0.700938
vt 0.839566 0.717850
vt 0.841211 0.663576
vt 0.839797 0.683844
vt 0.839654 0.700936
vt 0.839566 0.717850
vt 0.840863 0.662487
vt 0.839779 0.683815
vt 0.839653 0.700935
vt 0.839566 0.717850
vt 0.840414 0.661338
vt 0.839758 0.683796
vt 0.839652 0.700934
vt 0.839566 0.717850
vt 0.835802 0.683847
vt 0.835351 0.661336
vt 0.835922 0.660136
vt 0.835715 0.701035
vt 0.835781 0.683854
vt 0.835630 0.717993
vt 0.835714 0.701035
vt 0.835544 0.734940
vt 0.835630 0.717993
vt 0.835458 0.751886
vt 0.835372 0.768832
vt 0.834889 0.662482
vt 0.835760 0.683874
vt 0.835713 0.701036
vt 0.835630 0.717993
vt 0.834529 0.663571
vt 0.835742 0.683903
vt 0.835712 0.701037
vt 0.835629 0.717993
vt 0.834265 0.664597
vt 0.835726 0.683939
vt 0.835712 0.701039
vt 0.835629 0.717993
vt 0.834089 0.665557
vt 0.835714 0.683980
vt 0.835711 0.701041
vt 0.835629 0.717994
vt 0.833993 0.666446
vt 0.835705 0.684025
vt 0.835710 0.701043
vt 0.835629 0.717994
vt 0.833971 0.667260
vt 0.835700 0.684070
vt 0.835710 0.701046
vt 0.835629 0.717994
vt 0.834014 0.667998
vt 0.835699 0.684115
vt 0.835710 0.701048
vt 0.835629 0.717994
vt 0.835544 0.734940
vt 0.834117 0.668656
vt 0.835702 0.684159
vt 0.835710 0.701051
vt 0.835629 0.717994
vt 0.834271 0.669231
vt 0.835709 0.684199
vt 0.835710 0.701053
vt 0.835629 0.717994
vt 0.835544 0.734940
vt 0.834469 0.669721
vt 0.835719 0.684235
vt 0.835711 0.701055
vt 0.835629 0.717994
vt 0.834704 0.670126
vt 0.835731 0.684266
vt 0.835712 0.701057
vt 0.835629 0.717994
vt 0.834969 0.670442
vt 0.835746 0.684291
vt 0.835712 0.701058
vt 0.835629 0.717995
vt 0.835256 0.670669
vt 0.835763 0.684309
vt 0.835713 0.701059
vt 0.835630 0.717995
vt 0.835558 0.670806
vt 0.835781 0.684320
vt 0.835714 0.701060
vt 0.835868 0.670853
vt 0.835800 0.684324
vt 0.835715 0.701060
vt 0.835630 0.717995
vt 0.836179 0.670809
vt 0.835819 0.684320
vt 0.835716 0.701060
vt 0.835630 0.717995
vt 0.836482 0.670675
vt 0.835837 0.684309
vt 0.835717 0.701059
vt 0.835630 0.717995
vt 0.836772 0.670451
vt 0.835854 0.684291
vt 0.835718 0.701058
vt 0.835630 0.717995
vt 0.837040 0.670137
vt 0.835869 0.684267
vt 0.835719 0.701057
vt 0.835630 0.717994
vt 0.837279 0.669736
vt 0.835882 0.684236
vt 0.835720 0.701055
vt 0.835630 0.717994
vt 0.837482 0.669247
vt 0.835892 0.684200
vt 0.835720 0.701053
vt 0.835630 0.717994
vt 0.837642 0.668674
vt 0.835899 0.684160
vt 0.835721 0.701051
vt 0.835630 0.717994
vt 0.837751 0.668017
vt 0.835903 0.684116
vt 0.835721 0.701048
vt 0.835630 0.717994
vt 0.837802 0.667280
vt 0.835902 0.684071
vt 0.835721 0.701046
vt 0.835630 0.717994
vt 0.837788 0.666465
vt 0.835898 0.684026
vt 0.835720 0.701043
vt 0.835630 0.717994
vt 0.837701 0.665575
vt 0.835890 0.683981
vt 0.835720 0.701041
vt 0.835630 0.717994
vt 0.837535 0.664614
vt 0.835878 0.683940
vt 0.835719 0.701039
vt 0.835630 0.717993
vt 0.837281 0.663585
vt 0.835863 0.683903
vt 0.835719 0.701038
vt 0.835630 0.717993
vt 0.836932 0.662493
vt 0.835844 0.683874
vt 0.835718 0.701036
vt 0.835630 0.717993
vt 0.836482 0.661341
vt 0.835824 0.683855
vt 0.835717 0.701035
vt 0.835630 0.717993
vt 0.101904 0.139613
vt 0.129452 0.112064
vt 0.184702 0.139613
vt 0.212251 0.112064
vt 0.101904 0.249960
vt 0.129452 0.222412
vt 0.184702 0.249960
vt 0.212251 0.222412
vt 0.267501 0.139613
vt 0.295050 0.112064
vt 0.267501 0.249960
vt 0.295050 0.222412
vt 0.101904 0.360308
vt 0.129452 0.332759
vt 0.184702 0.360308
vt 0.212251 0.332759
vt 0.867779 0.167936
vt 0.884976 0.167936
vt 0.886892 0.139665
vt 0.902346 0.158496
vt 0.914230 0.162101
vt 0.937542 0.155030
vt 0.945420 0.145430
vt 0.947808 0.121186
vt 0.920470 0.098750
vt 0.908111 0.099968
vt 0.897158 0.105822
vt 0.852663 0.167936
vt 0.886892 0.203098
vt 0.889280 0.208863
vt 0.892746 0.214051
vt 0.897158 0.218463
vt 0.902346 0.221929
vt 0.908111 0.224317
vt 0.914230 0.225534
vt 0.920470 0.225534
vt 0.926589 0.224317
vt 0.932354 0.221929
vt 0.937542 0.218463
vt 0.941954 0.214051
vt 0.945420 0.208863
vt 0.947808 0.203098
vt 0.949025 0.196979
vt 0.947808 0.184620
vt 0.945420 0.178855
vt 0.941954 0.173667
vt 0.937542 0.169255
vt 0.932354 0.165789
vt 0.926589 0.163401
vt 0.920470 0.162184
vt 0.908111 0.163401
vt 0.902346 0.165789
vt 0.897158 0.169255
vt 0.892746 0.173667
vt 0.889280 0.178855
vt 0.886892 0.184620
vt 0.885675 0.190739
vt 0.094817 0.623638
vt 0.137718 0.666540
vt 0.137816 0.666540
vt 0.180717 0.623638
vt 0.094817 0.795343
vt 0.137718 0.838244
vt 0.180717 0.795343
vt 0.223619 0.838244
vt 0.916951 0.730058
vt 0.915627 0.730058
vt 0.914329 0.729800
vt 0.913106 0.729293
vt 0.912005 0.728558
vt 0.909827 0.725298
vt 0.911069 0.727622
vt 0.910334 0.726521
vt 0.909569 0.724000
vt 0.909569 0.722676
vt 0.909827 0.721378
vt 0.910334 0.720155
vt 0.911069 0.719055
vt 0.912005 0.718119
vt 0.913106 0.717383
vt 0.914329 0.716877
vt 0.915627 0.716618
vt 0.916951 0.716618
vt 0.918249 0.716877
vt 0.919472 0.717383
vt 0.920572 0.718119
vt 0.921508 0.719055
vt 0.922244 0.720155
vt 0.923008 0.722676
vt 0.923008 0.724000
vt 0.922750 0.725298
vt 0.921508 0.727622
vt 0.920572 0.728558
vt 0.919472 0.729293
vt 0.855905 0.688271
vt 0.842096 0.725298
vt 0.842602 0.726521
vt 0.843338 0.727622
vt 0.844274 0.728558
vt 0.845374 0.729293
vt 0.846597 0.729800
vt 0.847896 0.730058
vt 0.849219 0.730058
vt 0.850517 0.729800
vt 0.853777 0.727622
vt 0.851740 0.729293
vt 0.852841 0.728558
vt 0.854512 0.726521
vt 0.855019 0.725298
vt 0.855277 0.724000
vt 0.855019 0.721378
vt 0.852841 0.718119
vt 0.854512 0.720155
vt 0.853777 0.719055
vt 0.851740 0.717383
vt 0.850517 0.716877
vt 0.849219 0.716618
vt 0.847896 0.716618
vt 0.846597 0.716877
vt 0.845374 0.717383
vt 0.844274 0.718119
vt 0.842602 0.720155
vt 0.842096 0.721378
vt 0.841838 0.722676
vt 0.918249 0.743346
vt 0.916951 0.743604
vt 0.915627 0.743604
vt 0.914329 0.743346
vt 0.913106 0.742839
vt 0.912005 0.742104
vt 0.911069 0.741168
vt 0.910334 0.740067
vt 0.909569 0.737546
vt 0.909569 0.736223
vt 0.909827 0.734924
vt 0.910334 0.733701
vt 0.911069 0.732601
vt 0.912005 0.731665
vt 0.913106 0.730929
vt 0.915627 0.730165
vt 0.916951 0.730165
vt 0.918249 0.730423
vt 0.919472 0.730929
vt 0.920572 0.731665
vt 0.921508 0.732601
vt 0.922244 0.733701
vt 0.923008 0.736223
vt 0.922244 0.740067
vt 0.923008 0.737546
vt 0.922750 0.738844
vt 0.921508 0.741168
vt 0.920572 0.742104
vt 0.919472 0.742839
vt 0.870079 0.688271
vt 0.855384 0.724000
vt 0.855642 0.725298
vt 0.857820 0.728558
vt 0.856149 0.726521
vt 0.856884 0.727622
vt 0.858921 0.729293
vt 0.860144 0.729800
vt 0.861442 0.730058
vt 0.864064 0.729800
vt 0.865287 0.729293
vt 0.866387 0.728558
vt 0.867323 0.727622
vt 0.868059 0.726521
vt 0.868565 0.725298
vt 0.868823 0.724000
vt 0.868565 0.721378
vt 0.866387 0.718119
vt 0.868059 0.720155
vt 0.867323 0.719055
vt 0.865287 0.717383
vt 0.864064 0.716877
vt 0.862765 0.716618
vt 0.860144 0.716877
vt 0.858921 0.717383
vt 0.857820 0.718119
vt 0.856884 0.719055
vt 0.856149 0.720155
vt 0.855642 0.721378
vt 0.855384 0.722676
vt 0.921387 0.673317
vt 0.920089 0.673576
vt 0.918765 0.673576
vt 0.917467 0.673317
vt 0.916244 0.672811
vt 0.915144 0.672075
vt 0.914208 0.671139
vt 0.913472 0.670039
vt 0.912708 0.667518
vt 0.912708 0.666194
vt 0.912966 0.664896
vt 0.913472 0.663673
vt 0.914208 0.662572
vt 0.915144 0.661636
vt 0.916244 0.660901
vt 0.918765 0.660136
vt 0.920089 0.660136
vt 0.921387 0.660394
vt 0.922610 0.660901
vt 0.923711 0.661636
vt 0.924647 0.662572
vt 0.925382 0.663673
vt 0.926147 0.666194
vt 0.926147 0.667518
vt 0.925889 0.668816
vt 0.925382 0.670039
vt 0.924647 0.671140
vt 0.923711 0.672076
vt 0.922610 0.672811
vt 0.884253 0.688270
vt 0.869188 0.725298
vt 0.871366 0.728558
vt 0.869695 0.726521
vt 0.870430 0.727622
vt 0.872467 0.729293
vt 0.873690 0.729800
vt 0.874988 0.730058
vt 0.876312 0.730058
vt 0.877610 0.729800
vt 0.880869 0.727622
vt 0.878833 0.729293
vt 0.879933 0.728558
vt 0.881605 0.726521
vt 0.882111 0.725298
vt 0.882370 0.724000
vt 0.882111 0.721378
vt 0.879933 0.718119
vt 0.881605 0.720155
vt 0.880869 0.719055
vt 0.878833 0.717383
vt 0.877610 0.716877
vt 0.876312 0.716618
vt 0.874988 0.716618
vt 0.873690 0.716877
vt 0.872467 0.717383
vt 0.871366 0.718119
vt 0.869695 0.720155
vt 0.869188 0.721378
vt 0.868930 0.722676
vt 0.921387 0.686864
vt 0.920089 0.687122
vt 0.918765 0.687122
vt 0.917467 0.686864
vt 0.916244 0.686357
vt 0.915144 0.685622
vt 0.914208 0.684686
vt 0.913472 0.683585
vt 0.912708 0.681064
vt 0.912708 0.679740
vt 0.912966 0.678442
vt 0.913472 0.677219
vt 0.914208 0.676119
vt 0.915144 0.675183
vt 0.916244 0.674447
vt 0.918765 0.673683
vt 0.920089 0.673683
vt 0.921387 0.673941
vt 0.922610 0.674447
vt 0.923711 0.675183
vt 0.924647 0.676119
vt 0.925382 0.677219
vt 0.926147 0.679740
vt 0.926147 0.681064
vt 0.925889 0.682362
vt 0.925382 0.683585
vt 0.924647 0.684686
vt 0.923711 0.685622
vt 0.922610 0.686357
vt 0.855905 0.716512
vt 0.882735 0.725298
vt 0.884913 0.728558
vt 0.883241 0.726521
vt 0.883977 0.727622
vt 0.886013 0.729293
vt 0.887236 0.729800
vt 0.888534 0.730058
vt 0.889858 0.730058
vt 0.891156 0.729800
vt 0.892379 0.729293
vt 0.893480 0.728558
vt 0.894416 0.727622
vt 0.895151 0.726521
vt 0.895916 0.722676
vt 0.895658 0.725298
vt 0.895916 0.724000
vt 0.895658 0.721378
vt 0.895151 0.720155
vt 0.894416 0.719055
vt 0.892379 0.717383
vt 0.891156 0.716877
vt 0.889858 0.716618
vt 0.887236 0.716877
vt 0.886013 0.717383
vt 0.884913 0.718119
vt 0.883977 0.719055
vt 0.883241 0.720155
vt 0.882735 0.721378
vt 0.882476 0.722676
vt 0.921387 0.700410
vt 0.920089 0.700668
vt 0.918765 0.700668
vt 0.917467 0.700410
vt 0.916244 0.699903
vt 0.915144 0.699168
vt 0.914208 0.698232
vt 0.913472 0.697131
vt 0.912708 0.694610
vt 0.912708 0.693287
vt 0.912966 0.691988
vt 0.913472 0.690766
vt 0.914208 0.689665
vt 0.915144 0.688729
vt 0.916244 0.687994
vt 0.918765 0.687229
vt 0.920089 0.687229
vt 0.921387 0.687487
vt 0.922610 0.687994
vt 0.923711 0.688729
vt 0.924647 0.689665
vt 0.925382 0.690766
vt 0.926147 0.693287
vt 0.926147 0.694610
vt 0.925889 0.695909
vt 0.925382 0.697131
vt 0.924647 0.698232
vt 0.923711 0.699168
vt 0.922610 0.699903
vt 0.870079 0.716512
vt 0.896281 0.725298
vt 0.898459 0.728558
vt 0.896788 0.726521
vt 0.897523 0.727622
vt 0.899559 0.729293
vt 0.900782 0.729800
vt 0.902081 0.730058
vt 0.903404 0.730058
vt 0.904703 0.729800
vt 0.907962 0.727622
vt 0.905925 0.729293
vt 0.907026 0.728558
vt 0.908697 0.726521
vt 0.909462 0.722676
vt 0.909204 0.725298
vt 0.909462 0.724000
vt 0.909204 0.721378
vt 0.907026 0.718119
vt 0.908697 0.720155
vt 0.907962 0.719055
vt 0.905925 0.717383
vt 0.904703 0.716877
vt 0.903404 0.716618
vt 0.900782 0.716877
vt 0.899559 0.717383
vt 0.898459 0.718119
vt 0.896788 0.720155
vt 0.896281 0.721378
vt 0.896023 0.722676
vt 0.920089 0.714214
vt 0.918765 0.714214
vt 0.917467 0.713956
vt 0.916244 0.713450
vt 0.915144 0.712714
vt 0.914208 0.711778
vt 0.913472 0.710678
vt 0.912966 0.709455
vt 0.912708 0.708157
vt 0.913472 0.704312
vt 0.912708 0.706833
vt 0.912966 0.705535
vt 0.914208 0.703211
vt 0.917467 0.701033
vt 0.915144 0.702275
vt 0.916244 0.701540
vt 0.918765 0.700775
vt 0.920089 0.700775
vt 0.921387 0.701033
vt 0.923711 0.702275
vt 0.924647 0.703211
vt 0.925382 0.704312
vt 0.926147 0.706833
vt 0.926147 0.708157
vt 0.925889 0.709455
vt 0.925382 0.710678
vt 0.924647 0.711778
vt 0.923711 0.712714
vt 0.922610 0.713450
vt 0.884253 0.716512
vt 0.841838 0.737546
vt 0.842096 0.738844
vt 0.844274 0.742104
vt 0.842602 0.740067
vt 0.843338 0.741168
vt 0.845374 0.742839
vt 0.846597 0.743346
vt 0.847896 0.743604
vt 0.850517 0.743346
vt 0.851740 0.742839
vt 0.852841 0.742104
vt 0.853777 0.741168
vt 0.854512 0.740067
vt 0.855019 0.738844
vt 0.855277 0.737546
vt 0.855019 0.734924
vt 0.852841 0.731665
vt 0.854512 0.733701
vt 0.853777 0.732601
vt 0.851740 0.730929
vt 0.850517 0.730423
vt 0.849219 0.730165
vt 0.846597 0.730423
vt 0.845374 0.730929
vt 0.844274 0.731665
vt 0.843338 0.732601
vt 0.842602 0.733701
vt 0.842096 0.734924
vt 0.841838 0.736223
vt 0.850517 0.756892
vt 0.849219 0.757150
vt 0.847896 0.757150
vt 0.846597 0.756892
vt 0.845374 0.756386
vt 0.844274 0.755650
vt 0.843338 0.754714
vt 0.842602 0.753614
vt 0.841838 0.751092
vt 0.841838 0.749769
vt 0.842096 0.748471
vt 0.842602 0.747248
vt 0.843338 0.746147
vt 0.844274 0.745211
vt 0.845374 0.744476
vt 0.847896 0.743711
vt 0.849219 0.743711
vt 0.850517 0.743969
vt 0.851740 0.744476
vt 0.852841 0.745211
vt 0.853777 0.746147
vt 0.854512 0.747248
vt 0.855277 0.749769
vt 0.854512 0.753614
vt 0.855277 0.751092
vt 0.855019 0.752391
vt 0.853777 0.754714
vt 0.852841 0.755650
vt 0.851740 0.756386
vt 0.898427 0.688270
vt 0.855642 0.738844
vt 0.857820 0.742104
vt 0.856149 0.740067
vt 0.856884 0.741168
vt 0.858921 0.742839
vt 0.862765 0.743604
vt 0.860144 0.743346
vt 0.861442 0.743604
vt 0.864064 0.743346
vt 0.865287 0.742839
vt 0.866387 0.742104
vt 0.867323 0.741168
vt 0.868059 0.740067
vt 0.868565 0.738844
vt 0.868823 0.737546
vt 0.868565 0.734924
vt 0.866387 0.731665
vt 0.868059 0.733701
vt 0.867323 0.732601
vt 0.865287 0.730929
vt 0.864064 0.730423
vt 0.862765 0.730165
vt 0.861442 0.730165
vt 0.860144 0.730423
vt 0.858921 0.730929
vt 0.857820 0.731665
vt 0.856149 0.733701
vt 0.855642 0.734924
vt 0.855384 0.736223
vt 0.864064 0.756892
vt 0.862765 0.757150
vt 0.861442 0.757150
vt 0.860144 0.756892
vt 0.858921 0.756386
vt 0.857820 0.755650
vt 0.856884 0.754714
vt 0.856149 0.753614
vt 0.855384 0.751092
vt 0.856149 0.747248
vt 0.855384 0.749769
vt 0.855642 0.748471
vt 0.856884 0.746147
vt 0.857820 0.745211
vt 0.858921 0.744476
vt 0.861442 0.743711
vt 0.862765 0.743711
vt 0.864064 0.743969
vt 0.865287 0.744476
vt 0.866387 0.745211
vt 0.867323 0.746147
vt 0.868059 0.747248
vt 0.868823 0.749769
vt 0.868059 0.753614
vt 0.868823 0.751092
vt 0.868565 0.752391
vt 0.867323 0.754714
vt 0.866387 0.755650
vt 0.865287 0.756386
vt 0.898427 0.716512
vt 0.868930 0.737546
vt 0.869188 0.738844
vt 0.871366 0.742104
vt 0.869695 0.740067
vt 0.870430 0.741168
vt 0.872467 0.742839
vt 0.873690 0.743346
vt 0.874988 0.743604
vt 0.877610 0.743346
vt 0.878833 0.742839
vt 0.879933 0.742104
vt 0.880869 0.741168
vt 0.881605 0.740067
vt 0.882111 0.738844
vt 0.882370 0.737546
vt 0.882111 0.734924
vt 0.879933 0.731665
vt 0.881605 0.733701
vt 0.880869 0.732601
vt 0.878833 0.730929
vt 0.877610 0.730423
vt 0.876312 0.730165
vt 0.873690 0.730423
vt 0.872467 0.730929
vt 0.871366 0.731665
vt 0.870430 0.732601
vt 0.869695 0.733701
vt 0.869188 0.734924
vt 0.868930 0.736223
vt 0.876312 0.757150
vt 0.874988 0.757150
vt 0.873690 0.756892
vt 0.872467 0.756386
vt 0.871366 0.755650
vt 0.870430 0.754714
vt 0.869695 0.753614
vt 0.869188 0.752391
vt 0.868930 0.751092
vt 0.868930 0.749769
vt 0.869188 0.748471
vt 0.869695 0.747248
vt 0.870430 0.746147
vt 0.871366 0.745211
vt 0.872467 0.744476
vt 0.874988 0.743711
vt 0.876312 0.743711
vt 0.877610 0.743969
vt 0.878833 0.744476
vt 0.879933 0.745211
vt 0.880869 0.746147
vt 0.881605 0.747248
vt 0.882111 0.748471
vt 0.882370 0.749769
vt 0.882370 0.751092
vt 0.882111 0.752391
vt 0.880869 0.754714
vt 0.879933 0.755650
vt 0.878833 0.756386
vt 0.912601 0.688271
vt 0.882735 0.738844
vt 0.883241 0.740067
vt 0.883977 0.741168
vt 0.884913 0.742104
vt 0.886013 0.742839
vt 0.887236 0.743346
vt 0.888534 0.743604
vt 0.889858 0.743604
vt 0.891156 0.743346
vt 0.894416 0.741168
vt 0.892379 0.742839
vt 0.893480 0.742104
vt 0.895151 0.740067
vt 0.895658 0.738844
vt 0.895916 0.737546
vt 0.895658 0.734924
vt 0.895151 0.733701
vt 0.894416 0.732601
vt 0.893480 0.731665
vt 0.892379 0.730929
vt 0.891156 0.730423
vt 0.889858 0.730165
vt 0.887236 0.730423
vt 0.886013 0.730929
vt 0.884913 0.731665
vt 0.883977 0.732601
vt 0.883241 0.733701
vt 0.882735 0.734924
vt 0.882476 0.736223
vt 0.891156 0.756892
vt 0.889858 0.757150
vt 0.888534 0.757150
vt 0.887236 0.756892
vt 0.886013 0.756386
vt 0.884913 0.755650
vt 0.883977 0.754714
vt 0.883241 0.753614
vt 0.882476 0.751092
vt 0.882476 0.749769
vt 0.882735 0.748471
vt 0.883241 0.747248
vt 0.883977 0.746147
vt 0.884913 0.745211
vt 0.886013 0.744476
vt 0.888534 0.743711
vt 0.889858 0.743711
vt 0.891156 0.743969
vt 0.892379 0.744476
vt 0.893480 0.745211
vt 0.894416 0.746147
vt 0.895151 0.747248
vt 0.895916 0.749769
vt 0.895916 0.751092
vt 0.895658 0.752391
vt 0.895151 0.753614
vt 0.894416 0.754714
vt 0.893480 0.755650
vt 0.892379 0.756386
vt 0.912601 0.716512
vt 0.896281 0.738844
vt 0.896788 0.740067
vt 0.897523 0.741168
vt 0.898459 0.742104
vt 0.899559 0.742839
vt 0.900782 0.743346
vt 0.902081 0.743604
vt 0.903404 0.743604
vt 0.904703 0.743346
vt 0.905925 0.742839
vt 0.907026 0.742104
vt 0.907962 0.741168
vt 0.908697 0.740067
vt 0.909204 0.738844
vt 0.909462 0.737546
vt 0.909204 0.734924
vt 0.907026 0.731665
vt 0.908697 0.733701
vt 0.907962 0.732601
vt 0.905925 0.730929
vt 0.902081 0.730165
vt 0.904703 0.730423
vt 0.903404 0.730165
vt 0.900782 0.730423
vt 0.899559 0.730929
vt 0.898459 0.731665
vt 0.896788 0.733701
vt 0.896281 0.734924
vt 0.896023 0.736223
s 0
usemtl マテリアル
f 2/1/1 3/2/1 1/3/1
f 4/4/2 7/5/2 3/2/2
f 8/6/3 5/7/3 7/5/3
f 6/8/4 1/9/4 5/7/4
f 7/5/5 1/10/5 3/11/5
f 4/12/6 6/8/6 8/6/6
f 10/13/1 11/14/1 9/15/1
f 12/16/2 15/17/2 11/14/2
f 16/18/3 13/19/3 15/17/3
f 14/20/4 9/21/4 13/19/4
f 15/17/5 9/22/5 11/23/5
f 12/24/6 14/20/6 16/18/6
f 18/25/1 19/26/1 17/27/1
f 20/28/2 23/29/2 19/26/2
f 24/30/3 21/31/3 23/29/3
f 22/32/4 17/33/4 21/31/4
f 23/29/5 17/34/5 19/35/5
f 20/36/6 22/32/6 24/30/6
f 26/37/1 27/38/1 25/39/1
f 28/40/2 31/41/2 27/38/2
f 32/42/3 29/43/3 31/41/3
f 30/44/4 25/45/4 29/43/4
f 31/41/5 25/46/5 27/47/5
f 28/48/6 30/44/6 32/42/6
f 34/49/1 35/50/1 33/51/1
f 36/52/2 39/53/2 35/50/2
f 40/54/3 37/55/3 39/53/3
f 38/56/4 33/57/4 37/55/4
f 39/53/5 33/58/5 35/59/5
f 36/60/6 38/56/6 40/54/6
f 42/61/1 43/62/1 41/63/1
f 44/64/2 47/65/2 43/62/2
f 48/66/3 45/67/3 47/65/3
f 46/68/4 41/69/4 45/67/4
f 47/65/5 41/70/5 43/71/5
f 44/72/6 46/68/6 48/66/6
f 50/73/1 51/74/1 49/75/1
f 52/76/2 55/77/2 51/74/2
f 56/78/3 53/79/3 55/77/3
f 54/80/4 49/81/4 53/79/4
f 55/77/5 49/82/5 51/83/5
f 52/84/6 54/80/6 56/78/6
f 58/85/1 59/86/1 57/87/1
f 60/88/2 63/89/2 59/86/2
f 64/90/3 61/91/3 63/89/3
f 62/92/4 57/93/4 61/91/4
f 63/89/5 57/94/5 59/95/5
f 60/96/6 62/92/6 64/90/6
f 72/97/5 80/98/5 88/99/5
f 282/100/7 97/101/7 128/102/7
f 278/103/8 128/102/8 127/104/8
f 274/105/9 127/104/9 126/106/9
f 270/107/10 126/106/10 125/108/10
f 266/109/11 125/108/11 124/110/11
f 262/111/12 124/110/12 123/112/12
f 258/113/13 123/112/13 122/114/13
f 254/115/14 122/114/14 121/116/14
f 250/117/15 121/116/15 120/118/15
f 246/119/16 120/118/16 119/120/16
f 242/121/17 119/120/17 118/122/17
f 238/123/18 118/122/18 117/124/18
f 234/125/19 117/124/19 116/126/19
f 230/127/20 116/126/20 115/128/20
f 226/129/21 115/128/21 114/130/21
f 222/131/22 114/130/22 113/132/22
f 218/133/23 113/132/23 112/134/23
f 214/135/24 112/134/24 111/136/24
f 210/137/25 111/136/25 110/138/25
f 206/139/26 110/138/26 109/140/26
f 202/141/27 109/140/27 108/142/27
f 198/143/28 108/142/28 107/144/28
f 194/145/29 107/144/29 106/146/29
f 190/147/30 106/146/30 105/148/30
f 186/149/31 105/148/31 104/150/31
f 182/151/32 104/150/32 103/152/32
f 178/153/33 103/152/33 102/154/33
f 174/155/34 102/154/34 101/156/34
f 170/157/35 101/156/35 100/158/35
f 637/159/7 286/160/7 281/161/7
f 166/162/36 100/158/36 99/163/36
f 393/164/36 522/165/36 389/166/36
f 285/167/37 98/168/37 97/169/37
f 397/170/35 526/171/35 393/164/35
f 401/172/34 530/173/34 397/170/34
f 405/174/33 534/175/33 401/172/33
f 409/176/32 538/177/32 405/174/32
f 413/178/31 542/179/31 409/176/31
f 417/180/30 546/181/30 413/178/30
f 421/182/29 550/183/29 417/180/29
f 425/184/28 554/185/28 421/182/28
f 429/186/27 558/187/27 425/184/27
f 433/188/26 562/189/26 429/186/26
f 437/190/25 566/191/25 433/188/25
f 441/192/24 570/193/24 437/190/24
f 445/194/23 574/195/23 441/192/23
f 449/196/22 578/197/22 445/194/22
f 453/198/21 582/199/21 449/196/21
f 457/200/20 586/201/20 453/198/20
f 461/202/19 590/203/19 457/200/19
f 465/204/18 594/205/18 461/202/18
f 469/206/17 598/207/17 465/204/17
f 473/208/16 602/209/16 469/206/16
f 477/210/15 606/211/15 473/208/15
f 481/212/14 610/213/14 477/210/14
f 485/214/13 614/215/13 481/212/13
f 489/216/12 618/217/12 485/214/12
f 493/218/11 622/219/11 489/216/11
f 497/220/10 626/221/10 493/218/10
f 501/222/9 630/223/9 497/220/9
f 505/161/8 634/224/8 501/222/8
f 385/225/37 513/226/37 510/227/37
f 129/228/38 98/229/38 130/230/38
f 130/230/39 99/231/39 131/232/39
f 132/233/40 99/231/40 100/234/40
f 133/235/41 100/234/41 101/236/41
f 133/235/42 102/237/42 134/238/42
f 135/239/43 102/237/43 103/240/43
f 135/239/44 104/241/44 136/242/44
f 137/243/45 104/241/45 105/244/45
f 137/243/46 106/245/46 138/246/46
f 139/247/47 106/245/47 107/248/47
f 139/247/48 108/249/48 140/250/48
f 141/251/49 108/249/49 109/252/49
f 141/251/50 110/253/50 142/254/50
f 142/254/51 111/255/51 143/256/51
f 144/257/52 111/255/52 112/258/52
f 145/259/53 112/258/53 113/260/53
f 145/259/54 114/261/54 146/262/54
f 146/262/55 115/263/55 147/264/55
f 148/265/56 115/263/56 116/266/56
f 149/267/57 116/266/57 117/268/57
f 150/269/58 117/268/58 118/270/58
f 151/271/59 118/270/59 119/272/59
f 151/271/60 120/273/60 152/274/60
f 153/275/61 120/273/61 121/276/61
f 153/275/62 122/277/62 154/278/62
f 155/279/63 122/277/63 123/280/63
f 155/279/64 124/281/64 156/282/64
f 156/282/65 125/283/65 157/284/65
f 157/284/66 126/285/66 158/286/66
f 158/286/67 127/287/67 159/288/67
f 160/289/68 127/287/68 128/290/68
f 129/228/69 128/290/69 97/291/69
f 65/292/70 130/230/70 66/293/70
f 66/293/71 131/232/71 67/294/71
f 67/294/72 132/233/72 68/295/72
f 68/295/73 133/235/73 69/296/73
f 70/297/74 133/235/74 134/238/74
f 71/298/75 134/238/75 135/239/75
f 71/298/76 136/242/76 72/97/76
f 73/299/77 136/242/77 137/243/77
f 73/299/78 138/246/78 74/300/78
f 75/301/79 138/246/79 139/247/79
f 75/301/80 140/250/80 76/302/80
f 76/302/81 141/251/81 77/303/81
f 78/304/82 141/251/82 142/254/82
f 79/305/83 142/254/83 143/256/83
f 80/98/84 143/256/84 144/257/84
f 80/98/85 145/259/85 81/306/85
f 81/306/86 146/262/86 82/307/86
f 83/308/87 146/262/87 147/264/87
f 84/309/88 147/264/88 148/265/88
f 84/309/89 149/267/89 85/310/89
f 85/310/90 150/269/90 86/311/90
f 87/312/91 150/269/91 151/271/91
f 87/312/92 152/274/92 88/99/92
f 89/313/93 152/274/93 153/275/93
f 89/313/94 154/278/94 90/314/94
f 91/315/95 154/278/95 155/279/95
f 91/315/96 156/282/96 92/316/96
f 93/317/97 156/282/97 157/284/97
f 94/318/98 157/284/98 158/286/98
f 94/318/99 159/288/99 95/319/99
f 95/319/100 160/289/100 96/320/100
f 65/292/101 160/289/101 129/228/101
f 161/225/102 288/321/102 286/227/102
f 163/322/37 287/323/37 288/321/37
f 287/323/103 162/324/103 285/167/103
f 165/166/104 163/322/104 161/225/104
f 167/325/105 164/326/105 163/322/105
f 164/326/106 166/162/106 162/324/106
f 165/166/107 171/327/107 167/325/107
f 171/327/36 168/328/36 167/325/36
f 172/329/108 166/162/108 168/328/108
f 169/164/109 175/330/109 171/327/109
f 175/330/35 172/329/35 171/327/35
f 176/331/110 170/157/110 172/329/110
f 173/170/111 179/332/111 175/330/111
f 179/332/34 176/331/34 175/330/34
f 180/333/112 174/155/112 176/331/112
f 177/172/113 183/334/113 179/332/113
f 183/334/33 180/333/33 179/332/33
f 184/335/114 178/153/114 180/333/114
f 181/174/115 187/336/115 183/334/115
f 187/336/32 184/335/32 183/334/32
f 188/337/116 182/151/116 184/335/116
f 185/176/117 191/338/117 187/336/117
f 191/338/31 188/337/31 187/336/31
f 192/339/118 186/149/118 188/337/118
f 193/180/119 191/338/119 189/178/119
f 195/340/30 192/339/30 191/338/30
f 192/339/120 194/145/120 190/147/120
f 197/182/121 195/340/121 193/180/121
f 199/341/29 196/342/29 195/340/29
f 196/342/122 198/143/122 194/145/122
f 201/184/123 199/341/123 197/182/123
f 203/343/28 200/344/28 199/341/28
f 200/344/124 202/141/124 198/143/124
f 205/186/125 203/343/125 201/184/125
f 207/345/27 204/346/27 203/343/27
f 204/346/126 206/139/126 202/141/126
f 209/188/127 207/345/127 205/186/127
f 211/347/26 208/348/26 207/345/26
f 208/348/128 210/137/128 206/139/128
f 213/190/129 211/347/129 209/188/129
f 215/349/25 212/350/25 211/347/25
f 212/350/130 214/135/130 210/137/130
f 213/190/131 219/351/131 215/349/131
f 219/351/24 216/352/24 215/349/24
f 220/353/132 214/135/132 216/352/132
f 217/192/133 223/354/133 219/351/133
f 223/354/23 220/353/23 219/351/23
f 224/355/134 218/133/134 220/353/134
f 225/196/135 223/354/135 221/194/135
f 227/356/22 224/355/22 223/354/22
f 224/355/136 226/129/136 222/131/136
f 229/198/137 227/356/137 225/196/137
f 231/357/21 228/358/21 227/356/21
f 232/359/138 226/129/138 228/358/138
f 229/198/139 235/360/139 231/357/139
f 235/360/20 232/359/20 231/357/20
f 236/361/140 230/127/140 232/359/140
f 233/200/141 239/362/141 235/360/141
f 239/362/19 236/361/19 235/360/19
f 240/363/142 234/125/142 236/361/142
f 237/202/143 243/364/143 239/362/143
f 243/364/18 240/363/18 239/362/18
f 244/365/144 238/123/144 240/363/144
f 241/204/145 247/366/145 243/364/145
f 247/366/17 244/365/17 243/364/17
f 248/367/146 242/121/146 244/365/146
f 245/206/147 251/368/147 247/366/147
f 251/368/16 248/367/16 247/366/16
f 252/369/148 246/119/148 248/367/148
f 253/210/149 251/368/149 249/208/149
f 255/370/15 252/369/15 251/368/15
f 252/369/150 254/115/150 250/117/150
f 253/210/151 259/371/151 255/370/151
f 259/371/14 256/372/14 255/370/14
f 260/373/152 254/115/152 256/372/152
f 261/214/153 259/371/153 257/212/153
f 263/374/13 260/373/13 259/371/13
f 260/373/154 262/111/154 258/113/154
f 265/216/155 263/374/155 261/214/155
f 267/375/12 264/376/12 263/374/12
f 264/376/156 266/109/156 262/111/156
f 269/218/157 267/375/157 265/216/157
f 271/377/11 268/378/11 267/375/11
f 268/378/158 270/107/158 266/109/158
f 273/220/159 271/377/159 269/218/159
f 275/379/10 272/380/10 271/377/10
f 272/380/160 274/105/160 270/107/160
f 277/222/161 275/379/161 273/220/161
f 279/381/9 276/382/9 275/379/9
f 276/382/162 278/103/162 274/105/162
f 281/161/163 279/381/163 277/222/163
f 283/383/8 280/384/8 279/381/8
f 284/385/164 278/103/164 280/384/164
f 281/161/165 288/386/165 283/383/165
f 288/386/7 284/385/7 283/383/7
f 287/387/166 282/100/166 284/385/166
f 162/324/105 99/163/105 98/168/105
f 306/388/6 298/389/6 290/390/6
f 321/101/7 506/100/7 352/102/7
f 352/102/8 502/103/8 351/104/8
f 351/104/9 498/105/9 350/106/9
f 350/106/10 494/107/10 349/108/10
f 349/108/11 490/109/11 348/110/11
f 348/110/12 486/111/12 347/112/12
f 347/112/13 482/113/13 346/114/13
f 346/114/14 478/115/14 345/116/14
f 345/116/15 474/117/15 344/118/15
f 344/118/16 470/119/16 343/120/16
f 343/120/17 466/121/17 342/122/17
f 342/122/18 462/123/18 341/124/18
f 341/124/19 458/125/19 340/126/19
f 340/126/20 454/127/20 339/128/20
f 339/128/21 450/129/21 338/130/21
f 338/130/22 446/131/22 337/132/22
f 337/132/23 442/133/23 336/134/23
f 336/134/24 438/135/24 335/136/24
f 335/136/25 434/137/25 334/138/25
f 334/138/26 430/139/26 333/140/26
f 333/140/27 426/141/27 332/142/27
f 332/142/28 422/143/28 331/144/28
f 331/144/29 418/145/29 330/146/29
f 330/146/30 414/147/30 329/148/30
f 329/148/31 410/149/31 328/150/31
f 328/150/32 406/151/32 327/152/32
f 327/152/33 402/153/33 326/154/33
f 326/154/34 398/155/34 325/156/34
f 325/156/35 394/157/35 324/158/35
f 389/166/105 518/391/105 385/225/105
f 324/158/36 390/162/36 323/163/36
f 517/391/105 165/166/105 161/225/105
f 322/168/37 509/167/37 321/169/37
f 521/392/36 169/164/36 165/166/36
f 525/171/35 173/170/35 169/164/35
f 529/173/34 177/172/34 173/170/34
f 533/175/33 181/174/33 177/172/33
f 537/177/32 185/176/32 181/174/32
f 541/179/31 189/178/31 185/176/31
f 545/181/30 193/180/30 189/178/30
f 549/183/29 197/182/29 193/180/29
f 553/185/28 201/184/28 197/182/28
f 557/187/27 205/186/27 201/184/27
f 561/189/26 209/188/26 205/186/26
f 565/191/25 213/190/25 209/188/25
f 569/193/24 217/192/24 213/190/24
f 573/195/23 221/194/23 217/192/23
f 577/197/22 225/196/22 221/194/22
f 581/199/21 229/198/21 225/196/21
f 585/201/20 233/200/20 229/198/20
f 589/203/19 237/202/19 233/200/19
f 593/205/18 241/204/18 237/202/18
f 597/207/17 245/206/17 241/204/17
f 601/209/16 249/208/16 245/206/16
f 605/211/15 253/210/15 249/208/15
f 609/213/14 257/212/14 253/210/14
f 613/215/13 261/214/13 257/212/13
f 617/217/12 265/216/12 261/214/12
f 621/219/11 269/218/11 265/216/11
f 625/221/10 273/220/10 269/218/10
f 629/223/9 277/222/9 273/220/9
f 633/224/8 281/161/8 277/222/8
f 514/226/37 161/225/37 286/227/37
f 322/393/167 353/394/167 354/395/167
f 323/396/168 354/395/168 355/397/168
f 356/398/169 323/396/169 355/397/169
f 357/399/170 324/400/170 356/398/170
f 326/401/171 357/399/171 358/402/171
f 359/403/172 326/401/172 358/402/172
f 328/404/173 359/403/173 360/405/173
f 329/406/174 360/405/174 361/407/174
f 330/408/175 361/407/175 362/409/175
f 363/410/176 330/408/176 362/409/176
f 332/411/177 363/410/177 364/412/177
f 365/413/178 332/411/178 364/412/178
f 334/414/179 365/413/179 366/415/179
f 335/416/180 366/415/180 367/417/180
f 368/418/181 335/416/181 367/417/181
f 369/419/182 336/420/182 368/418/182
f 338/421/183 369/419/183 370/422/183
f 339/423/184 370/422/184 371/424/184
f 372/425/185 339/423/185 371/424/185
f 373/426/186 340/427/186 372/425/186
f 374/428/187 341/429/187 373/426/187
f 375/430/188 342/431/188 374/428/188
f 344/432/189 375/430/189 376/433/189
f 377/434/190 344/432/190 376/433/190
f 346/435/191 377/434/191 378/436/191
f 379/437/192 346/435/192 378/436/192
f 348/438/193 379/437/193 380/439/193
f 349/440/194 380/439/194 381/441/194
f 350/442/195 381/441/195 382/443/195
f 351/444/196 382/443/196 383/445/196
f 384/446/197 351/444/197 383/445/197
f 353/394/198 352/447/198 384/446/198
f 354/395/199 289/448/199 290/390/199
f 355/397/200 290/390/200 291/449/200
f 356/398/201 291/449/201 292/450/201
f 357/399/202 292/450/202 293/451/202
f 294/452/203 357/399/203 293/451/203
f 295/453/204 358/402/204 294/452/204
f 360/405/205 295/453/205 296/454/205
f 297/455/206 360/405/206 296/454/206
f 362/409/207 297/455/207 298/389/207
f 299/456/208 362/409/208 298/389/208
f 364/412/209 299/456/209 300/457/209
f 365/413/210 300/457/210 301/458/210
f 302/459/211 365/413/211 301/458/211
f 303/460/212 366/415/212 302/459/212
f 304/461/213 367/417/213 303/460/213
f 369/419/214 304/461/214 305/462/214
f 370/422/215 305/462/215 306/388/215
f 307/463/216 370/422/216 306/388/216
f 308/464/217 371/424/217 307/463/217
f 373/426/218 308/464/218 309/465/218
f 374/428/219 309/465/219 310/466/219
f 311/467/220 374/428/220 310/466/220
f 376/433/221 311/467/221 312/468/221
f 313/469/222 376/433/222 312/468/222
f 378/436/223 313/469/223 314/470/223
f 315/471/224 378/436/224 314/470/224
f 380/439/225 315/471/225 316/472/225
f 317/473/226 380/439/226 316/472/226
f 318/474/227 381/441/227 317/473/227
f 383/445/228 318/474/228 319/475/228
f 384/446/229 319/475/229 320/476/229
f 289/448/230 384/446/230 320/476/230
f 512/321/103 385/225/103 510/227/103
f 511/323/37 387/322/37 512/321/37
f 511/323/102 386/324/102 388/326/102
f 387/322/106 389/166/106 385/225/106
f 388/326/105 391/325/105 387/322/105
f 388/326/104 390/162/104 392/328/104
f 389/166/108 395/327/108 393/164/108
f 392/328/36 395/327/36 391/325/36
f 390/162/107 396/329/107 392/328/107
f 393/164/110 399/330/110 397/170/110
f 396/329/35 399/330/35 395/327/35
f 394/157/109 400/331/109 396/329/109
f 397/170/112 403/332/112 401/172/112
f 400/331/34 403/332/34 399/330/34
f 398/155/111 404/333/111 400/331/111
f 401/172/114 407/334/114 405/174/114
f 404/333/33 407/334/33 403/332/33
f 402/153/113 408/335/113 404/333/113
f 405/174/116 411/336/116 409/176/116
f 408/335/32 411/336/32 407/334/32
f 406/151/115 412/337/115 408/335/115
f 411/336/118 413/178/118 409/176/118
f 412/337/31 415/338/31 411/336/31
f 410/149/117 416/339/117 412/337/117
f 415/338/120 417/180/120 413/178/120
f 416/339/30 419/340/30 415/338/30
f 416/339/119 418/145/119 420/342/119
f 419/340/122 421/182/122 417/180/122
f 420/342/29 423/341/29 419/340/29
f 420/342/121 422/143/121 424/344/121
f 423/341/124 425/184/124 421/182/124
f 424/344/28 427/343/28 423/341/28
f 424/344/123 426/141/123 428/346/123
f 427/343/126 429/186/126 425/184/126
f 428/346/27 431/345/27 427/343/27
f 428/346/125 430/139/125 432/348/125
f 431/345/128 433/188/128 429/186/128
f 432/348/26 435/347/26 431/345/26
f 432/348/127 434/137/127 436/350/127
f 435/347/130 437/190/130 433/188/130
f 436/350/25 439/349/25 435/347/25
f 436/350/129 438/135/129 440/352/129
f 437/190/132 443/351/132 441/192/132
f 440/352/24 443/351/24 439/349/24
f 438/135/131 444/353/131 440/352/131
f 441/192/134 447/354/134 445/194/134
f 444/353/23 447/354/23 443/351/23
f 442/133/133 448/355/133 444/353/133
f 447/354/136 449/196/136 445/194/136
f 448/355/22 451/356/22 447/354/22
f 448/355/135 450/129/135 452/358/135
f 451/356/138 453/198/138 449/196/138
f 452/358/21 455/357/21 451/356/21
f 450/129/137 456/359/137 452/358/137
f 453/198/140 459/360/140 457/200/140
f 456/359/20 459/360/20 455/357/20
f 454/127/139 460/361/139 456/359/139
f 457/200/142 463/362/142 461/202/142
f 460/361/19 463/362/19 459/360/19
f 458/125/141 464/363/141 460/361/141
f 461/202/144 467/364/144 465/204/144
f 464/363/18 467/364/18 463/362/18
f 462/123/143 468/365/143 464/363/143
f 465/204/146 471/366/146 469/206/146
f 468/365/17 471/366/17 467/364/17
f 466/121/145 472/367/145 468/365/145
f 469/206/148 475/368/148 473/208/148
f 472/367/16 475/368/16 471/366/16
f 470/119/147 476/369/147 472/367/147
f 475/368/150 477/210/150 473/208/150
f 476/369/15 479/370/15 475/368/15
f 476/369/149 478/115/149 480/372/149
f 477/210/152 483/371/152 481/212/152
f 480/372/14 483/371/14 479/370/14
f 478/115/151 484/373/151 480/372/151
f 483/371/154 485/214/154 481/212/154
f 484/373/13 487/374/13 483/371/13
f 484/373/153 486/111/153 488/376/153
f 487/374/156 489/216/156 485/214/156
f 488/376/12 491/375/12 487/374/12
f 488/376/155 490/109/155 492/378/155
f 491/375/158 493/218/158 489/216/158
f 492/378/11 495/377/11 491/375/11
f 492/378/157 494/107/157 496/380/157
f 495/377/160 497/220/160 493/218/160
f 496/380/10 499/379/10 495/377/10
f 496/380/159 498/105/159 500/382/159
f 499/379/162 501/222/162 497/220/162
f 500/382/9 503/381/9 499/379/9
f 500/382/161 502/103/161 504/384/161
f 503/381/164 505/161/164 501/222/164
f 504/384/8 507/383/8 503/381/8
f 502/103/163 508/385/163 504/384/163
f 505/161/166 512/386/166 510/160/166
f 508/385/7 512/386/7 507/383/7
f 506/100/165 511/387/165 508/385/165
f 323/163/105 386/324/105 322/168/105
f 638/159/231 515/477/231 640/478/231
f 515/477/7 639/478/7 640/478/7
f 516/477/232 637/159/232 639/478/232
f 638/159/233 636/479/233 634/224/233
f 640/478/8 635/479/8 636/479/8
f 639/478/234 633/224/234 635/479/234
f 634/224/235 632/480/235 630/223/235
f 636/479/9 631/480/9 632/480/9
f 631/480/236 633/224/236 629/223/236
f 630/223/237 628/481/237 626/221/237
f 632/480/10 627/481/10 628/481/10
f 627/481/238 629/223/238 625/221/238
f 626/221/239 624/482/239 622/219/239
f 628/481/11 623/482/11 624/482/11
f 623/482/240 625/221/240 621/219/240
f 622/219/241 620/483/241 618/217/241
f 624/482/12 619/483/12 620/483/12
f 619/483/242 621/219/242 617/217/242
f 618/217/243 616/484/243 614/215/243
f 620/483/13 615/484/13 616/484/13
f 615/484/244 617/217/244 613/215/244
f 610/213/245 616/484/245 612/485/245
f 616/484/14 611/485/14 612/485/14
f 615/484/246 609/213/246 611/485/246
f 610/213/247 608/486/247 606/211/247
f 612/485/15 607/486/15 608/486/15
f 607/486/248 609/213/248 605/211/248
f 602/209/249 608/486/249 604/487/249
f 608/486/16 603/487/16 604/487/16
f 607/486/250 601/209/250 603/487/250
f 598/207/251 604/487/251 600/488/251
f 604/487/17 599/488/17 600/488/17
f 603/487/252 597/207/252 599/488/252
f 594/205/253 600/488/253 596/489/253
f 600/488/18 595/489/18 596/489/18
f 599/488/254 593/205/254 595/489/254
f 590/203/255 596/489/255 592/490/255
f 596/489/19 591/490/19 592/490/19
f 595/489/256 589/203/256 591/490/256
f 586/201/257 592/490/257 588/491/257
f 592/490/20 587/491/20 588/491/20
f 591/490/258 585/201/258 587/491/258
f 586/201/259 584/492/259 582/199/259
f 588/491/21 583/492/21 584/492/21
f 587/491/260 581/199/260 583/492/260
f 582/199/261 580/493/261 578/197/261
f 584/492/22 579/493/22 580/493/22
f 579/493/262 581/199/262 577/197/262
f 574/195/263 580/493/263 576/494/263
f 580/493/23 575/494/23 576/494/23
f 579/493/264 573/195/264 575/494/264
f 570/193/265 576/494/265 572/495/265
f 576/494/24 571/495/24 572/495/24
f 575/494/266 569/193/266 571/495/266
f 570/193/267 568/496/267 566/191/267
f 572/495/25 567/496/25 568/496/25
f 567/496/268 569/193/268 565/191/268
f 566/191/269 564/497/269 562/189/269
f 568/496/26 563/497/26 564/497/26
f 563/497/270 565/191/270 561/189/270
f 562/189/271 560/498/271 558/187/271
f 564/497/27 559/498/27 560/498/27
f 559/498/272 561/189/272 557/187/272
f 558/187/273 556/499/273 554/185/273
f 560/498/28 555/499/28 556/499/28
f 555/499/274 557/187/274 553/185/274
f 554/185/275 552/500/275 550/183/275
f 556/499/29 551/500/29 552/500/29
f 551/500/276 553/185/276 549/183/276
f 550/183/277 548/501/277 546/181/277
f 552/500/30 547/501/30 548/501/30
f 547/501/278 549/183/278 545/181/278
f 542/179/279 548/501/279 544/502/279
f 548/501/31 543/502/31 544/502/31
f 547/501/280 541/179/280 543/502/280
f 538/177/281 544/502/281 540/503/281
f 544/502/32 539/503/32 540/503/32
f 543/502/282 537/177/282 539/503/282
f 534/175/283 540/503/283 536/504/283
f 540/503/33 535/504/33 536/504/33
f 539/503/284 533/175/284 535/504/284
f 530/173/285 536/504/285 532/505/285
f 536/504/34 531/505/34 532/505/34
f 535/504/286 529/173/286 531/505/286
f 526/171/287 532/505/287 528/506/287
f 532/505/35 527/506/35 528/506/35
f 531/505/288 525/171/288 527/506/288
f 522/165/289 528/506/289 524/507/289
f 528/506/36 523/507/36 524/507/36
f 527/506/290 521/392/290 523/507/290
f 522/165/291 520/508/291 518/391/291
f 524/507/105 519/508/105 520/508/105
f 519/508/292 521/392/292 517/391/292
f 518/391/293 515/509/293 513/226/293
f 520/508/37 516/509/37 515/509/37
f 516/509/294 517/391/294 514/226/294
f 510/160/7 638/159/7 505/161/7
f 706/510/37 643/511/37 641/512/37
f 705/513/105 645/514/105 643/511/105
f 707/515/36 647/516/36 645/514/36
f 708/517/35 649/518/35 647/516/35
f 709/519/34 651/520/34 649/518/34
f 710/521/33 653/522/33 651/520/33
f 711/523/32 655/524/32 653/522/32
f 712/525/31 657/526/31 655/524/31
f 713/527/30 659/528/30 657/526/30
f 714/529/29 661/530/29 659/528/29
f 715/531/28 663/532/28 661/530/28
f 716/533/27 665/534/27 663/532/27
f 717/535/26 667/536/26 665/534/26
f 718/537/25 669/538/25 667/536/25
f 719/539/24 671/540/24 669/538/24
f 720/541/23 673/542/23 671/540/23
f 721/543/22 675/544/22 673/542/22
f 722/545/21 677/546/21 675/544/21
f 723/547/20 679/548/20 677/546/20
f 724/549/19 681/550/19 679/548/19
f 725/551/18 683/552/18 681/550/18
f 726/553/17 685/554/17 683/552/17
f 727/555/16 687/556/16 685/554/16
f 728/557/15 689/558/15 687/556/15
f 729/559/14 691/560/14 689/558/14
f 730/561/13 693/562/13 691/560/13
f 731/563/12 695/564/12 693/562/12
f 732/565/11 697/566/11 695/564/11
f 733/567/10 699/568/10 697/566/10
f 734/569/9 701/570/9 699/568/9
f 670/571/6 662/572/6 646/573/6
f 735/574/8 703/575/8 701/570/8
f 736/576/7 641/577/7 703/575/7
f 671/578/5 687/579/5 703/580/5
f 737/581/295 706/582/295 738/583/295
f 739/584/296 705/585/296 737/581/296
f 739/584/297 708/586/297 707/587/297
f 741/588/298 708/586/298 740/589/298
f 742/590/299 709/591/299 741/588/299
f 743/592/300 710/593/300 742/590/300
f 743/592/301 712/594/301 711/595/301
f 745/596/302 712/594/302 744/597/302
f 745/596/303 714/598/303 713/599/303
f 747/600/304 714/598/304 746/601/304
f 748/602/305 715/603/305 747/600/305
f 748/602/306 717/604/306 716/605/306
f 749/606/307 718/607/307 717/604/307
f 751/608/308 718/607/308 750/609/308
f 751/608/309 720/610/309 719/611/309
f 752/612/310 721/613/310 720/610/310
f 754/614/311 721/613/311 753/615/311
f 755/616/312 722/617/312 754/614/312
f 755/616/313 724/618/313 723/619/313
f 756/620/314 725/621/314 724/618/314
f 757/622/315 726/623/315 725/621/315
f 759/624/316 726/623/316 758/625/316
f 760/626/317 727/627/317 759/624/317
f 761/628/318 728/629/318 760/626/318
f 761/628/319 730/630/319 729/631/319
f 763/632/320 730/630/320 762/633/320
f 763/632/321 732/634/321 731/635/321
f 765/636/322 732/634/322 764/637/322
f 766/638/323 733/639/323 765/636/323
f 767/640/324 734/641/324 766/638/324
f 767/640/325 736/642/325 735/643/325
f 768/644/326 706/582/326 736/642/326
f 642/645/6 737/581/6 738/583/6
f 644/646/6 739/584/6 737/581/6
f 646/573/6 740/589/6 739/584/6
f 648/647/6 741/588/6 740/589/6
f 652/648/6 741/588/6 650/649/6
f 652/648/6 743/592/6 742/590/6
f 654/650/6 744/597/6 743/592/6
f 656/651/6 745/596/6 744/597/6
f 660/652/6 745/596/6 658/653/6
f 662/572/6 746/601/6 660/652/6
f 664/654/6 747/600/6 662/572/6
f 664/654/6 749/606/6 748/602/6
f 668/655/6 749/606/6 666/656/6
f 670/571/6 750/609/6 668/655/6
f 672/657/6 751/608/6 670/571/6
f 674/658/6 752/612/6 672/657/6
f 674/658/6 754/614/6 753/615/6
f 676/659/6 755/616/6 754/614/6
f 678/660/6 756/620/6 755/616/6
f 682/661/6 756/620/6 680/662/6
f 682/661/6 758/625/6 757/622/6
f 684/663/6 759/624/6 758/625/6
f 688/664/6 759/624/6 686/665/6
f 688/664/6 761/628/6 760/626/6
f 692/666/6 761/628/6 690/667/6
f 692/666/6 763/632/6 762/633/6
f 696/668/6 763/632/6 694/669/6
f 698/670/6 764/637/6 696/668/6
f 698/670/6 766/638/6 765/636/6
f 702/671/6 766/638/6 700/672/6
f 704/673/6 767/640/6 702/671/6
f 642/645/6 768/644/6 704/673/6
f 771/674/327 770/675/327 769/676/327
f 771/674/5 773/677/5 776/678/5
f 775/679/6 770/675/6 772/680/6
f 770/675/328 773/681/328 769/676/328
f 779/674/329 778/675/329 780/680/329
f 773/677/5 779/674/5 776/678/5
f 778/675/6 775/679/6 780/680/6
f 773/681/328 778/675/328 777/676/328
f 771/674/327 782/675/327 772/680/327
f 783/677/5 771/674/5 776/678/5
f 782/675/6 775/679/6 772/680/6
f 783/681/330 782/675/330 781/676/330
f 779/674/329 786/675/329 785/676/329
f 779/674/5 783/677/5 776/678/5
f 775/679/6 786/675/6 780/680/6
f 786/675/330 783/681/330 785/676/330
f 789/682/327 788/683/327 787/684/327
f 789/682/5 791/685/5 794/686/5
f 793/687/6 788/683/6 790/688/6
f 788/683/328 791/689/328 787/684/328
f 797/682/329 796/683/329 798/688/329
f 791/685/5 797/682/5 794/686/5
f 796/683/6 793/687/6 798/688/6
f 791/689/328 796/683/328 795/684/328
f 789/682/327 800/683/327 790/688/327
f 801/685/5 789/682/5 794/686/5
f 800/683/6 793/687/6 790/688/6
f 801/689/330 800/683/330 799/684/330
f 797/682/329 804/683/329 803/684/329
f 797/682/5 801/685/5 794/686/5
f 793/687/6 804/683/6 798/688/6
f 804/683/330 801/689/330 803/684/330
f 807/690/327 806/691/327 805/692/327
f 807/690/5 809/693/5 812/694/5
f 811/695/6 806/691/6 808/696/6
f 806/691/328 809/697/328 805/692/328
f 815/690/329 814/691/329 816/696/329
f 809/693/5 815/690/5 812/694/5
f 814/691/6 811/695/6 816/696/6
f 809/697/328 814/691/328 813/692/328
f 807/690/327 818/691/327 808/696/327
f 819/693/5 807/690/5 812/694/5
f 818/691/6 811/695/6 808/696/6
f 819/697/330 818/691/330 817/692/330
f 815/690/329 822/691/329 821/692/329
f 815/690/5 819/693/5 812/694/5
f 811/695/6 822/691/6 816/696/6
f 822/691/330 819/697/330 821/692/330
f 825/698/327 824/699/327 823/700/327
f 825/698/5 827/701/5 830/702/5
f 829/703/6 824/699/6 826/704/6
f 824/699/328 827/705/328 823/700/328
f 833/698/329 832/699/329 834/704/329
f 827/701/5 833/698/5 830/702/5
f 832/699/6 829/703/6 834/704/6
f 827/705/328 832/699/328 831/700/328
f 825/698/327 836/699/327 826/704/327
f 837/701/5 825/698/5 830/702/5
f 836/699/6 829/703/6 826/704/6
f 837/705/330 836/699/330 835/700/330
f 833/698/329 840/699/329 839/700/329
f 833/698/5 837/701/5 830/702/5
f 829/703/6 840/699/6 834/704/6
f 840/699/330 837/705/330 839/700/330
f 842/706/331 843/707/331 841/708/331
f 844/709/332 845/710/332 843/707/332
f 846/711/333 847/712/333 845/710/333
f 848/713/334 849/714/334 847/712/334
f 850/715/335 851/716/335 849/714/335
f 852/717/336 853/718/336 851/716/336
f 854/719/337 855/720/337 853/718/337
f 856/721/338 857/722/338 855/720/338
f 858/723/339 859/724/339 857/722/339
f 860/725/340 861/726/340 859/724/340
f 862/727/341 863/728/341 861/726/341
f 864/729/342 865/730/342 863/728/342
f 866/731/343 867/732/343 865/730/343
f 868/733/344 869/734/344 867/732/344
f 870/735/345 871/736/345 869/734/345
f 872/737/346 873/738/346 871/736/346
f 874/739/347 875/740/347 873/738/347
f 876/741/348 877/742/348 875/740/348
f 878/743/349 879/744/349 877/742/349
f 880/745/350 881/746/350 879/744/350
f 882/747/351 883/748/351 881/746/351
f 884/749/352 885/750/352 883/748/352
f 886/751/353 887/752/353 885/750/353
f 888/753/354 889/754/354 887/752/354
f 890/755/355 891/756/355 889/754/355
f 892/757/356 893/758/356 891/756/356
f 894/759/357 895/760/357 893/758/357
f 896/761/358 897/762/358 895/760/358
f 898/763/359 899/764/359 897/762/359
f 900/765/360 901/766/360 899/764/360
f 862/767/3 854/768/3 846/769/3
f 902/770/361 903/771/361 901/766/361
f 904/772/362 841/773/362 903/771/362
f 895/774/1 903/775/1 871/776/1
f 905/777/37 1689/778/37 1688/779/37
f 906/780/105 1705/781/105 1689/778/105
f 907/782/36 1721/783/36 1705/781/36
f 908/784/35 1737/785/35 1721/783/35
f 909/786/34 1753/787/34 1737/785/34
f 910/788/33 1769/789/33 1753/787/33
f 911/790/32 1785/791/32 1769/789/32
f 912/792/31 1801/793/31 1785/791/31
f 913/794/30 1817/795/30 1801/793/30
f 914/796/29 1833/797/29 1817/795/29
f 915/798/28 1849/799/28 1833/797/28
f 916/800/27 1865/801/27 1849/799/27
f 917/802/26 1881/803/26 1865/801/26
f 918/804/25 1897/805/25 1881/803/25
f 919/806/24 1913/807/24 1897/805/24
f 920/808/23 1929/809/23 1913/807/23
f 921/810/22 1945/811/22 1929/809/22
f 922/812/21 1961/813/21 1945/811/21
f 923/814/20 1977/815/20 1961/813/20
f 924/816/19 1993/817/19 1977/815/19
f 925/818/18 2009/819/18 1993/817/18
f 926/820/17 2025/821/17 2009/819/17
f 927/822/16 2041/823/16 2025/821/16
f 928/824/15 2057/825/15 2041/823/15
f 929/826/14 2073/827/14 2057/825/14
f 930/828/13 2089/829/13 2073/827/13
f 931/830/12 2105/831/12 2089/829/12
f 932/832/11 2121/833/11 2105/831/11
f 933/834/10 2137/835/10 2121/833/10
f 934/836/9 2153/837/9 2137/835/9
f 907/782/6 931/830/6 923/814/6
f 935/838/8 2169/839/8 2153/837/8
f 936/840/7 1688/779/7 2169/839/7
f 937/841/37 2201/842/37 2200/843/37
f 938/844/105 2217/845/105 2201/842/105
f 939/846/36 2233/847/36 2217/845/36
f 940/848/35 2249/849/35 2233/847/35
f 941/850/34 2265/851/34 2249/849/34
f 942/852/33 2281/853/33 2265/851/33
f 943/854/32 2297/855/32 2281/853/32
f 944/856/31 2313/857/31 2297/855/31
f 945/858/30 2329/859/30 2313/857/30
f 946/860/29 2345/861/29 2329/859/29
f 947/862/28 2361/863/28 2345/861/28
f 948/864/27 2377/865/27 2361/863/27
f 949/866/26 2393/867/26 2377/865/26
f 950/868/25 2409/869/25 2393/867/25
f 951/870/24 2425/871/24 2409/869/24
f 952/872/23 2441/873/23 2425/871/23
f 953/874/22 2457/875/22 2441/873/22
f 954/876/21 2473/877/21 2457/875/21
f 955/878/20 2489/879/20 2473/877/20
f 956/880/19 2505/881/19 2489/879/19
f 957/882/18 2521/883/18 2505/881/18
f 958/884/17 2537/885/17 2521/883/17
f 959/886/16 2553/887/16 2537/885/16
f 960/888/15 2569/889/15 2553/887/15
f 961/890/14 2585/891/14 2569/889/14
f 962/892/13 2601/893/13 2585/891/13
f 963/894/12 2617/895/12 2601/893/12
f 964/896/11 2633/897/11 2617/895/11
f 965/898/10 2649/899/10 2633/897/10
f 966/900/9 2665/901/9 2649/899/9
f 947/862/6 943/854/6 939/846/6
f 967/902/8 2681/903/8 2665/901/8
f 968/904/7 2200/843/7 2681/903/7
f 1000/905/7 3976/906/7 3961/906/7
f 999/905/8 3961/906/8 3953/906/8
f 998/905/9 3953/906/9 3945/906/9
f 997/905/10 3945/906/10 3937/906/10
f 996/905/11 3937/906/11 3929/906/11
f 995/905/12 3929/906/12 3921/906/12
f 994/905/13 3921/906/13 3913/906/13
f 993/905/14 3913/906/14 3905/906/14
f 992/905/15 3905/906/15 3897/906/15
f 991/905/16 3897/906/16 3889/906/16
f 990/905/17 3889/906/17 3881/906/17
f 989/905/18 3881/906/18 3873/906/18
f 988/905/19 3873/906/19 3865/906/19
f 987/905/20 3865/906/20 3857/906/20
f 986/905/21 3857/906/21 3849/906/21
f 985/905/22 3849/906/22 3841/906/22
f 984/905/23 3841/906/23 3833/906/23
f 983/905/24 3833/906/24 3825/906/24
f 982/905/25 3825/906/25 3817/906/25
f 981/905/26 3817/906/26 3809/906/26
f 980/905/27 3809/906/27 3801/906/27
f 979/905/28 3801/906/28 3793/906/28
f 978/905/29 3793/906/29 3785/906/29
f 977/905/30 3785/906/30 3777/906/30
f 976/905/31 3777/906/31 3769/906/31
f 975/905/32 3769/906/32 3761/906/32
f 974/905/33 3761/906/33 3753/906/33
f 973/907/34 3753/906/34 3745/906/34
f 972/907/35 3745/906/35 3737/906/35
f 971/907/36 3737/906/36 3729/906/36
f 970/907/105 3729/906/105 3721/906/105
f 969/905/37 3721/906/37 3976/906/37
f 1032/908/7 4232/909/7 4217/909/7
f 1031/908/8 4217/909/8 4209/909/8
f 1030/908/9 4209/909/9 4201/909/9
f 1029/908/10 4201/909/10 4193/909/10
f 1028/908/11 4193/909/11 4185/909/11
f 1027/908/12 4185/909/12 4177/909/12
f 1026/908/13 4177/909/13 4169/909/13
f 1025/908/14 4169/909/14 4161/909/14
f 1024/908/15 4161/909/15 4153/909/15
f 1023/908/16 4153/909/16 4145/909/16
f 1022/908/17 4145/909/17 4137/909/17
f 1021/908/18 4137/909/18 4129/909/18
f 1020/908/19 4129/909/19 4121/909/19
f 1019/908/20 4121/909/20 4113/909/20
f 1018/908/21 4113/909/21 4105/909/21
f 1017/908/22 4105/909/22 4097/909/22
f 1016/908/23 4097/909/23 4089/909/23
f 1015/908/24 4089/909/24 4081/909/24
f 1014/908/25 4081/909/25 4073/909/25
f 1013/908/26 4073/909/26 4065/909/26
f 1012/908/27 4065/909/27 4057/909/27
f 1011/908/28 4057/909/28 4049/909/28
f 1010/908/29 4049/909/29 4041/909/29
f 1009/908/30 4041/909/30 4033/909/30
f 1008/908/31 4033/909/31 4025/909/31
f 1007/908/32 4025/909/32 4017/909/32
f 1006/908/33 4017/909/33 4009/909/33
f 1005/908/34 4009/909/34 4001/909/34
f 1004/908/35 4001/909/35 3993/909/35
f 1003/908/36 3993/909/36 3985/909/36
f 1002/908/105 3985/909/105 3977/909/105
f 1001/908/37 3977/909/37 4232/909/37
f 1034/910/331 1035/911/331 1033/912/331
f 1036/913/363 1037/914/363 1035/911/363
f 1038/915/333 1039/916/333 1037/914/333
f 1040/917/364 1041/918/364 1039/916/364
f 1042/919/335 1043/920/335 1041/918/335
f 1044/921/336 1045/922/336 1043/920/336
f 1046/923/337 1047/924/337 1045/922/337
f 1048/925/338 1049/926/338 1047/924/338
f 1050/927/339 1051/928/339 1049/926/339
f 1052/929/340 1053/930/340 1051/928/340
f 1054/931/341 1055/932/341 1053/930/341
f 1056/933/342 1057/934/342 1055/932/342
f 1058/935/343 1059/936/343 1057/934/343
f 1060/937/344 1061/938/344 1059/936/344
f 1062/939/365 1063/940/365 1061/938/365
f 1064/941/346 1065/942/346 1063/940/346
f 1066/943/347 1067/944/347 1065/942/347
f 1068/945/348 1069/946/348 1067/944/348
f 1070/947/349 1071/948/349 1069/946/349
f 1072/949/350 1073/950/350 1071/948/350
f 1074/951/351 1075/952/351 1073/950/351
f 1076/953/352 1077/954/352 1075/952/352
f 1078/955/353 1079/956/353 1077/954/353
f 1080/957/354 1081/958/354 1079/956/354
f 1082/959/355 1083/960/355 1081/958/355
f 1084/961/356 1085/962/356 1083/960/356
f 1086/963/357 1087/964/357 1085/962/357
f 1088/965/358 1089/966/358 1087/964/358
f 1090/967/359 1091/968/359 1089/966/359
f 1092/969/360 1093/970/360 1091/968/360
f 1086/971/3 1070/972/3 1054/973/3
f 1094/974/366 1095/975/366 1093/970/366
f 1096/976/362 1033/977/362 1095/975/362
f 1047/978/1 1063/979/1 1079/980/1
f 1098/981/331 1099/982/331 1097/983/331
f 1100/984/363 1101/985/363 1099/982/363
f 1102/986/333 1103/987/333 1101/985/333
f 1104/988/334 1105/989/334 1103/987/334
f 1106/990/367 1107/991/367 1105/989/367
f 1108/992/336 1109/993/336 1107/991/336
f 1110/994/368 1111/995/368 1109/993/368
f 1112/996/369 1113/997/369 1111/995/369
f 1114/998/339 1115/999/339 1113/997/339
f 1116/1000/370 1117/1001/370 1115/999/370
f 1118/1002/341 1119/1003/341 1117/1001/341
f 1120/1004/342 1121/1005/342 1119/1003/342
f 1122/1006/343 1123/1007/343 1121/1005/343
f 1124/1008/344 1125/1009/344 1123/1007/344
f 1126/1010/365 1127/1011/365 1125/1009/365
f 1128/1012/346 1129/1013/346 1127/1011/346
f 1130/1014/347 1131/1015/347 1129/1013/347
f 1132/1016/348 1133/1017/348 1131/1015/348
f 1134/1018/349 1135/1019/349 1133/1017/349
f 1136/1020/350 1137/1021/350 1135/1019/350
f 1138/1022/351 1139/1023/351 1137/1021/351
f 1140/1024/352 1141/1025/352 1139/1023/352
f 1142/1026/371 1143/1027/371 1141/1025/371
f 1144/1028/354 1145/1029/354 1143/1027/354
f 1146/1030/355 1147/1031/355 1145/1029/355
f 1148/1032/372 1149/1033/372 1147/1031/372
f 1150/1034/357 1151/1035/357 1149/1033/357
f 1152/1036/358 1153/1037/358 1151/1035/358
f 1154/1038/359 1155/1039/359 1153/1037/359
f 1156/1040/360 1157/1041/360 1155/1039/360
f 1150/1042/3 1134/1043/3 1118/1044/3
f 1158/1045/366 1159/1046/366 1157/1041/366
f 1160/1047/362 1097/1048/362 1159/1046/362
f 1151/1049/1 1159/1050/1 1127/1051/1
f 1162/1052/331 1163/1053/331 1161/1054/331
f 1164/1055/363 1165/1056/363 1163/1053/363
f 1166/1057/333 1167/1058/333 1165/1056/333
f 1168/1059/334 1169/1060/334 1167/1058/334
f 1170/1061/335 1171/1062/335 1169/1060/335
f 1172/1063/336 1173/1064/336 1171/1062/336
f 1174/1065/337 1175/1066/337 1173/1064/337
f 1176/1067/338 1177/1068/338 1175/1066/338
f 1178/1069/339 1179/1070/339 1177/1068/339
f 1180/1071/340 1181/1072/340 1179/1070/340
f 1182/1073/341 1183/1074/341 1181/1072/341
f 1184/1075/342 1185/1076/342 1183/1074/342
f 1186/1077/343 1187/1078/343 1185/1076/343
f 1188/1079/344 1189/1080/344 1187/1078/344
f 1190/1081/365 1191/1082/365 1189/1080/365
f 1192/1083/346 1193/1084/346 1191/1082/346
f 1194/1085/347 1195/1086/347 1193/1084/347
f 1196/1087/348 1197/1088/348 1195/1086/348
f 1198/1089/349 1199/1090/349 1197/1088/349
f 1200/1091/350 1201/1092/350 1199/1090/350
f 1202/1093/351 1203/1094/351 1201/1092/351
f 1204/1095/373 1205/1096/373 1203/1094/373
f 1206/1097/371 1207/1098/371 1205/1096/371
f 1208/1099/354 1209/1100/354 1207/1098/354
f 1210/1101/355 1211/1102/355 1209/1100/355
f 1212/1103/372 1213/1104/372 1211/1102/372
f 1214/1105/374 1215/1106/374 1213/1104/374
f 1216/1107/358 1217/1108/358 1215/1106/358
f 1218/1109/359 1219/1110/359 1217/1108/359
f 1220/1111/360 1221/1112/360 1219/1110/360
f 1214/1113/3 1198/1114/3 1182/1115/3
f 1222/1116/366 1223/1117/366 1221/1112/366
f 1224/1118/362 1161/1119/362 1223/1117/362
f 1199/1120/1 1207/1121/1 1223/1122/1
f 1226/1123/331 1227/1124/331 1225/1125/331
f 1228/1126/363 1229/1127/363 1227/1124/363
f 1230/1128/333 1231/1129/333 1229/1127/333
f 1232/1130/375 1233/1131/375 1231/1129/375
f 1234/1132/335 1235/1133/335 1233/1131/335
f 1236/1134/336 1237/1135/336 1235/1133/336
f 1238/1136/337 1239/1137/337 1237/1135/337
f 1240/1138/338 1241/1139/338 1239/1137/338
f 1242/1140/339 1243/1141/339 1241/1139/339
f 1244/1142/340 1245/1143/340 1243/1141/340
f 1246/1144/341 1247/1145/341 1245/1143/341
f 1248/1146/342 1249/1147/342 1247/1145/342
f 1250/1148/343 1251/1149/343 1249/1147/343
f 1252/1150/344 1253/1151/344 1251/1149/344
f 1254/1152/365 1255/1153/365 1253/1151/365
f 1256/1154/346 1257/1155/346 1255/1153/346
f 1258/1156/347 1259/1157/347 1257/1155/347
f 1260/1158/348 1261/1159/348 1259/1157/348
f 1262/1160/349 1263/1161/349 1261/1159/349
f 1264/1162/350 1265/1163/350 1263/1161/350
f 1266/1164/351 1267/1165/351 1265/1163/351
f 1268/1166/352 1269/1167/352 1267/1165/352
f 1270/1168/353 1271/1169/353 1269/1167/353
f 1272/1170/354 1273/1171/354 1271/1169/354
f 1274/1172/355 1275/1173/355 1273/1171/355
f 1276/1174/356 1277/1175/356 1275/1173/356
f 1278/1176/357 1279/1177/357 1277/1175/357
f 1280/1178/358 1281/1179/358 1279/1177/358
f 1282/1180/359 1283/1181/359 1281/1179/359
f 1284/1182/360 1285/1183/360 1283/1181/360
f 1278/1184/3 1262/1185/3 1246/1186/3
f 1286/1187/366 1287/1188/366 1285/1183/366
f 1288/1189/362 1225/1190/362 1287/1188/362
f 1271/1191/1 1279/1192/1 1287/1193/1
f 1290/1194/331 1291/1195/331 1289/1196/331
f 1292/1197/363 1293/1198/363 1291/1195/363
f 1294/1199/333 1295/1200/333 1293/1198/333
f 1296/1201/334 1297/1202/334 1295/1200/334
f 1298/1203/335 1299/1204/335 1297/1202/335
f 1300/1205/336 1301/1206/336 1299/1204/336
f 1302/1207/376 1303/1208/376 1301/1206/376
f 1304/1209/377 1305/1210/377 1303/1208/377
f 1306/1211/378 1307/1212/378 1305/1210/378
f 1308/1213/379 1309/1214/379 1307/1212/379
f 1310/1215/341 1311/1216/341 1309/1214/341
f 1312/1217/342 1313/1218/342 1311/1216/342
f 1314/1219/343 1315/1220/343 1313/1218/343
f 1316/1221/344 1317/1222/344 1315/1220/344
f 1318/1223/365 1319/1224/365 1317/1222/365
f 1320/1225/346 1321/1226/346 1319/1224/346
f 1322/1227/347 1323/1228/347 1321/1226/347
f 1324/1229/348 1325/1230/348 1323/1228/348
f 1326/1231/349 1327/1232/349 1325/1230/349
f 1328/1233/350 1329/1234/350 1327/1232/350
f 1330/1235/351 1331/1236/351 1329/1234/351
f 1332/1237/352 1333/1238/352 1331/1236/352
f 1334/1239/353 1335/1240/353 1333/1238/353
f 1336/1241/354 1337/1242/354 1335/1240/354
f 1338/1243/355 1339/1244/355 1337/1242/355
f 1340/1245/356 1341/1246/356 1339/1244/356
f 1342/1247/357 1343/1248/357 1341/1246/357
f 1344/1249/358 1345/1250/358 1343/1248/358
f 1346/1251/359 1347/1252/359 1345/1250/359
f 1348/1253/360 1349/1254/360 1347/1252/360
f 1318/1255/3 1310/1256/3 1294/1257/3
f 1350/1258/366 1351/1259/366 1349/1254/366
f 1352/1260/362 1289/1261/362 1351/1259/362
f 1303/1262/1 1319/1263/1 1335/1264/1
f 1354/1265/331 1355/1266/331 1353/1267/331
f 1356/1268/363 1357/1269/363 1355/1266/363
f 1358/1270/333 1359/1271/333 1357/1269/333
f 1360/1272/334 1361/1273/334 1359/1271/334
f 1362/1274/335 1363/1275/335 1361/1273/335
f 1364/1276/336 1365/1277/336 1363/1275/336
f 1366/1278/337 1367/1279/337 1365/1277/337
f 1368/1280/338 1369/1281/338 1367/1279/338
f 1370/1282/339 1371/1283/339 1369/1281/339
f 1372/1284/340 1373/1285/340 1371/1283/340
f 1374/1286/341 1375/1287/341 1373/1285/341
f 1376/1288/342 1377/1289/342 1375/1287/342
f 1378/1290/343 1379/1291/343 1377/1289/343
f 1380/1292/344 1381/1293/344 1379/1291/344
f 1382/1294/365 1383/1295/365 1381/1293/365
f 1384/1296/346 1385/1297/346 1383/1295/346
f 1386/1298/347 1387/1299/347 1385/1297/347
f 1388/1300/348 1389/1301/348 1387/1299/348
f 1390/1302/349 1391/1303/349 1389/1301/349
f 1392/1304/350 1393/1305/350 1391/1303/350
f 1394/1306/351 1395/1307/351 1393/1305/351
f 1396/1308/352 1397/1309/352 1395/1307/352
f 1398/1310/353 1399/1311/353 1397/1309/353
f 1400/1312/354 1401/1313/354 1399/1311/354
f 1402/1314/355 1403/1315/355 1401/1313/355
f 1404/1316/356 1405/1317/356 1403/1315/356
f 1406/1318/357 1407/1319/357 1405/1317/357
f 1408/1320/358 1409/1321/358 1407/1319/358
f 1410/1322/359 1411/1323/359 1409/1321/359
f 1412/1324/360 1413/1325/360 1411/1323/360
f 1406/1326/3 1390/1327/3 1374/1328/3
f 1414/1329/361 1415/1330/361 1413/1325/361
f 1416/1331/362 1353/1332/362 1415/1330/362
f 1407/1333/1 1415/1334/1 1383/1335/1
f 1418/1336/331 1419/1337/331 1417/1338/331
f 1420/1339/363 1421/1340/363 1419/1337/363
f 1422/1341/333 1423/1342/333 1421/1340/333
f 1424/1343/334 1425/1344/334 1423/1342/334
f 1426/1345/335 1427/1346/335 1425/1344/335
f 1428/1347/336 1429/1348/336 1427/1346/336
f 1430/1349/337 1431/1350/337 1429/1348/337
f 1432/1351/338 1433/1352/338 1431/1350/338
f 1434/1353/339 1435/1354/339 1433/1352/339
f 1436/1355/340 1437/1356/340 1435/1354/340
f 1438/1357/380 1439/1358/380 1437/1356/380
f 1440/1359/342 1441/1360/342 1439/1358/342
f 1442/1361/343 1443/1362/343 1441/1360/343
f 1444/1363/344 1445/1364/344 1443/1362/344
f 1446/1365/365 1447/1366/365 1445/1364/365
f 1448/1367/346 1449/1368/346 1447/1366/346
f 1450/1369/347 1451/1370/347 1449/1368/347
f 1452/1371/348 1453/1372/348 1451/1370/348
f 1454/1373/349 1455/1374/349 1453/1372/349
f 1456/1375/350 1457/1376/350 1455/1374/350
f 1458/1377/351 1459/1378/351 1457/1376/351
f 1460/1379/352 1461/1380/352 1459/1378/352
f 1462/1381/353 1463/1382/353 1461/1380/353
f 1464/1383/354 1465/1384/354 1463/1382/354
f 1466/1385/355 1467/1386/355 1465/1384/355
f 1468/1387/356 1469/1388/356 1467/1386/356
f 1470/1389/357 1471/1390/357 1469/1388/357
f 1472/1391/358 1473/1392/358 1471/1390/358
f 1474/1393/359 1475/1394/359 1473/1392/359
f 1476/1395/360 1477/1396/360 1475/1394/360
f 1470/1397/3 1454/1398/3 1438/1399/3
f 1478/1400/361 1479/1401/361 1477/1396/361
f 1480/1402/362 1417/1403/362 1479/1401/362
f 1431/1404/1 1447/1405/1 1463/1406/1
f 1482/1407/331 1483/1408/331 1481/1409/331
f 1484/1410/363 1485/1411/363 1483/1408/363
f 1486/1412/333 1487/1413/333 1485/1411/333
f 1488/1414/334 1489/1415/334 1487/1413/334
f 1490/1416/367 1491/1417/367 1489/1415/367
f 1492/1418/336 1493/1419/336 1491/1417/336
f 1494/1420/337 1495/1421/337 1493/1419/337
f 1496/1422/338 1497/1423/338 1495/1421/338
f 1498/1424/339 1499/1425/339 1497/1423/339
f 1500/1426/340 1501/1427/340 1499/1425/340
f 1502/1428/341 1503/1429/341 1501/1427/341
f 1504/1430/342 1505/1431/342 1503/1429/342
f 1506/1432/343 1507/1433/343 1505/1431/343
f 1508/1434/344 1509/1435/344 1507/1433/344
f 1510/1436/365 1511/1437/365 1509/1435/365
f 1512/1438/346 1513/1439/346 1511/1437/346
f 1514/1440/347 1515/1441/347 1513/1439/347
f 1516/1442/348 1517/1443/348 1515/1441/348
f 1518/1444/349 1519/1445/349 1517/1443/349
f 1520/1446/350 1521/1447/350 1519/1445/350
f 1522/1448/351 1523/1449/351 1521/1447/351
f 1524/1450/352 1525/1451/352 1523/1449/352
f 1526/1452/381 1527/1453/381 1525/1451/381
f 1528/1454/382 1529/1455/382 1527/1453/382
f 1530/1456/383 1531/1457/383 1529/1455/383
f 1532/1458/384 1533/1459/384 1531/1457/384
f 1534/1460/357 1535/1461/357 1533/1459/357
f 1536/1462/358 1537/1463/358 1535/1461/358
f 1538/1464/359 1539/1465/359 1537/1463/359
f 1540/1466/385 1541/1467/385 1539/1465/385
f 1494/1468/3 1486/1469/3 1518/1470/3
f 1542/1471/361 1543/1472/361 1541/1467/361
f 1544/1473/362 1481/1474/362 1543/1472/362
f 1511/1475/1 1527/1476/1 1543/1477/1
f 1546/1478/331 1547/1479/331 1545/1480/331
f 1548/1481/363 1549/1482/363 1547/1479/363
f 1550/1483/333 1551/1484/333 1549/1482/333
f 1552/1485/334 1553/1486/334 1551/1484/334
f 1554/1487/335 1555/1488/335 1553/1486/335
f 1556/1489/336 1557/1490/336 1555/1488/336
f 1558/1491/337 1559/1492/337 1557/1490/337
f 1560/1493/338 1561/1494/338 1559/1492/338
f 1562/1495/339 1563/1496/339 1561/1494/339
f 1564/1497/340 1565/1498/340 1563/1496/340
f 1566/1499/341 1567/1500/341 1565/1498/341
f 1568/1501/342 1569/1502/342 1567/1500/342
f 1570/1503/343 1571/1504/343 1569/1502/343
f 1572/1505/344 1573/1506/344 1571/1504/344
f 1574/1507/365 1575/1508/365 1573/1506/365
f 1576/1509/346 1577/1510/346 1575/1508/346
f 1578/1511/347 1579/1512/347 1577/1510/347
f 1580/1513/348 1581/1514/348 1579/1512/348
f 1582/1515/349 1583/1516/349 1581/1514/349
f 1584/1517/350 1585/1518/350 1583/1516/350
f 1586/1519/351 1587/1520/351 1585/1518/351
f 1588/1521/352 1589/1522/352 1587/1520/352
f 1590/1523/353 1591/1524/353 1589/1522/353
f 1592/1525/354 1593/1526/354 1591/1524/354
f 1594/1527/355 1595/1528/355 1593/1526/355
f 1596/1529/356 1597/1530/356 1595/1528/356
f 1598/1531/357 1599/1532/357 1597/1530/357
f 1600/1533/358 1601/1534/358 1599/1532/358
f 1602/1535/359 1603/1536/359 1601/1534/359
f 1604/1537/360 1605/1538/360 1603/1536/360
f 1598/1539/3 1582/1540/3 1566/1541/3
f 1606/1542/366 1607/1543/366 1605/1538/366
f 1608/1544/362 1545/1545/362 1607/1543/362
f 1599/1546/1 1607/1547/1 1575/1548/1
f 1640/1549/7 3208/1550/7 3177/1550/7
f 1639/1549/8 3177/1550/8 3161/1550/8
f 1638/1549/9 3161/1550/9 3145/1550/9
f 1637/1549/10 3145/1550/10 3129/1550/10
f 1636/1549/11 3129/1550/11 3113/1550/11
f 1635/1549/12 3113/1550/12 3097/1550/12
f 1634/1549/13 3097/1550/13 3081/1550/13
f 1633/1549/14 3081/1550/14 3065/1550/14
f 1632/1549/15 3065/1550/15 3049/1550/15
f 1631/1549/16 3049/1550/16 3033/1550/16
f 1630/1549/17 3033/1550/17 3017/1550/17
f 1629/1549/18 3017/1550/18 3001/1550/18
f 1628/1549/19 3001/1550/19 2985/1550/19
f 1627/1549/20 2985/1550/20 2969/1550/20
f 1626/1549/21 2969/1550/21 2953/1550/21
f 1625/1549/22 2953/1550/22 2937/1550/22
f 1624/1549/23 2937/1550/23 2921/1550/23
f 1623/1549/24 2921/1550/24 2905/1550/24
f 1622/1549/25 2905/1550/25 2889/1550/25
f 1621/1549/26 2889/1550/26 2873/1550/26
f 1620/1549/27 2873/1550/27 2857/1550/27
f 1619/1549/28 2857/1550/28 2841/1550/28
f 1618/1549/29 2841/1550/29 2825/1550/29
f 1617/1549/30 2825/1550/30 2809/1550/30
f 1616/1549/31 2809/1550/31 2793/1550/31
f 1615/1549/32 2793/1550/32 2777/1550/32
f 1614/1549/33 2777/1550/33 2761/1550/33
f 1613/1549/34 2761/1550/34 2745/1550/34
f 1612/1549/35 2745/1550/35 2729/1550/35
f 1611/1549/36 2729/1550/36 2713/1550/36
f 1610/1549/105 2713/1550/105 2697/1550/105
f 1609/1549/37 2697/1550/37 3208/1550/37
f 1672/1551/7 3720/1552/7 3689/1552/7
f 1671/1551/8 3689/1552/8 3673/1552/8
f 1670/1551/9 3673/1552/9 3657/1552/9
f 1669/1551/10 3657/1552/10 3641/1552/10
f 1668/1551/11 3641/1552/11 3625/1552/11
f 1667/1551/12 3625/1552/12 3609/1552/12
f 1666/1551/13 3609/1552/13 3593/1552/13
f 1665/1551/14 3593/1552/14 3577/1552/14
f 1664/1551/15 3577/1552/15 3561/1552/15
f 1663/1551/16 3561/1552/16 3545/1552/16
f 1662/1551/17 3545/1552/17 3529/1552/17
f 1661/1551/18 3529/1552/18 3513/1552/18
f 1660/1551/19 3513/1552/19 3497/1552/19
f 1659/1551/20 3497/1552/20 3481/1552/20
f 1658/1551/21 3481/1552/21 3465/1552/21
f 1657/1551/22 3465/1552/22 3449/1552/22
f 1656/1551/23 3449/1552/23 3433/1552/23
f 1655/1551/24 3433/1552/24 3417/1552/24
f 1654/1551/25 3417/1552/25 3401/1552/25
f 1653/1551/26 3401/1552/26 3385/1552/26
f 1652/1551/27 3385/1552/27 3369/1552/27
f 1651/1551/28 3369/1552/28 3353/1552/28
f 1650/1551/29 3353/1552/29 3337/1552/29
f 1649/1551/30 3337/1552/30 3321/1552/30
f 1648/1551/31 3321/1552/31 3305/1552/31
f 1647/1551/32 3305/1552/32 3289/1552/32
f 1646/1551/33 3289/1552/33 3273/1552/33
f 1645/1551/34 3273/1552/34 3257/1552/34
f 1644/1551/35 3257/1552/35 3241/1552/35
f 1643/1551/36 3241/1552/36 3225/1552/36
f 1642/1551/105 3225/1552/105 3209/1552/105
f 1641/1551/37 3209/1552/37 3720/1552/37
f 2184/1553/7 1609/1549/7 1640/1549/7
f 2183/1554/7 1673/1553/7 2184/1553/7
f 2182/1555/7 1674/1554/7 2183/1554/7
f 2181/1556/7 1675/1555/7 2182/1555/7
f 2180/1557/7 1676/1556/7 2181/1556/7
f 2179/1558/7 1677/1557/7 2180/1557/7
f 2178/1559/7 1678/1560/7 2179/1558/7
f 2177/1561/7 1679/1559/7 2178/1559/7
f 2176/1562/7 1680/1563/7 2177/1561/7
f 2175/1564/7 1681/1565/7 2176/1562/7
f 2174/1566/7 1682/1567/7 2175/1564/7
f 2173/1568/7 1683/1566/7 2174/1566/7
f 2172/1569/7 1684/1570/7 2173/1568/7
f 2171/1571/7 1685/1572/7 2172/1569/7
f 2171/1571/7 1687/1573/7 1686/1574/7
f 2169/839/7 1687/1573/7 2170/1575/7
f 2168/1553/8 1640/1549/8 1639/1549/8
f 2168/1553/8 2183/1554/8 2184/1553/8
f 2166/1555/8 2183/1554/8 2167/1554/8
f 2165/1556/8 2182/1555/8 2166/1555/8
f 2164/1557/8 2181/1556/8 2165/1556/8
f 2163/1558/8 2180/1557/8 2164/1557/8
f 2162/1559/8 2179/1558/8 2163/1558/8
f 2161/1561/8 2178/1559/8 2162/1559/8
f 2160/1565/8 2177/1561/8 2161/1561/8
f 2159/1564/8 2176/1562/8 2160/1565/8
f 2158/1566/8 2175/1564/8 2159/1564/8
f 2157/1568/8 2174/1566/8 2158/1566/8
f 2156/1576/8 2173/1568/8 2157/1568/8
f 2155/1577/8 2172/1569/8 2156/1576/8
f 2154/1578/8 2171/1571/8 2155/1577/8
f 2153/837/8 2170/1575/8 2154/1578/8
f 1638/1549/9 2168/1553/9 1639/1549/9
f 2152/1553/9 2167/1554/9 2168/1553/9
f 2150/1555/9 2167/1554/9 2151/1554/9
f 2150/1555/9 2165/1556/9 2166/1555/9
f 2148/1557/9 2165/1556/9 2149/1556/9
f 2147/1558/9 2164/1557/9 2148/1557/9
f 2146/1559/9 2163/1558/9 2147/1558/9
f 2145/1561/9 2162/1559/9 2146/1559/9
f 2144/1565/9 2161/1561/9 2145/1561/9
f 2143/1564/9 2160/1565/9 2144/1565/9
f 2142/1566/9 2159/1564/9 2143/1564/9
f 2141/1579/9 2158/1566/9 2142/1566/9
f 2140/1580/9 2157/1568/9 2141/1579/9
f 2139/1581/9 2156/1576/9 2140/1580/9
f 2138/1582/9 2155/1577/9 2139/1581/9
f 2137/835/9 2154/1578/9 2138/1582/9
f 1637/1549/10 2152/1553/10 1638/1549/10
f 2135/1554/10 2152/1553/10 2136/1553/10
f 2134/1555/10 2151/1554/10 2135/1554/10
f 2134/1555/10 2149/1556/10 2150/1555/10
f 2132/1557/10 2149/1556/10 2133/1556/10
f 2131/1558/10 2148/1557/10 2132/1557/10
f 2130/1559/10 2147/1558/10 2131/1558/10
f 2129/1561/10 2146/1559/10 2130/1559/10
f 2128/1565/10 2145/1561/10 2129/1561/10
f 2127/1564/10 2144/1565/10 2128/1565/10
f 2126/1566/10 2143/1564/10 2127/1564/10
f 2125/1579/10 2142/1566/10 2126/1566/10
f 2124/1583/10 2141/1579/10 2125/1579/10
f 2123/1584/10 2140/1580/10 2124/1583/10
f 2122/1585/10 2139/1581/10 2123/1584/10
f 2121/833/10 2138/1582/10 2122/1585/10
f 2120/1553/11 1637/1549/11 1636/1549/11
f 2120/1553/11 2135/1554/11 2136/1553/11
f 2118/1555/11 2135/1554/11 2119/1554/11
f 2117/1556/11 2134/1555/11 2118/1555/11
f 2116/1557/11 2133/1556/11 2117/1556/11
f 2116/1557/11 2131/1558/11 2132/1557/11
f 2114/1559/11 2131/1558/11 2115/1558/11
f 2113/1561/11 2130/1559/11 2114/1559/11
f 2112/1565/11 2129/1561/11 2113/1561/11
f 2111/1564/11 2128/1565/11 2112/1565/11
f 2110/1566/11 2127/1564/11 2111/1564/11
f 2109/1586/11 2126/1566/11 2110/1566/11
f 2108/1587/11 2125/1579/11 2109/1586/11
f 2107/1588/11 2124/1583/11 2108/1587/11
f 2106/1589/11 2123/1584/11 2107/1588/11
f 2105/831/11 2122/1585/11 2106/1589/11
f 2104/1553/12 1636/1549/12 1635/1549/12
f 2104/1553/12 2119/1554/12 2120/1553/12
f 2102/1555/12 2119/1554/12 2103/1554/12
f 2101/1556/12 2118/1555/12 2102/1555/12
f 2100/1557/12 2117/1556/12 2101/1556/12
f 2100/1557/12 2115/1558/12 2116/1557/12
f 2098/1559/12 2115/1558/12 2099/1558/12
f 2097/1561/12 2114/1559/12 2098/1559/12
f 2096/1565/12 2113/1561/12 2097/1561/12
f 2095/1564/12 2112/1565/12 2096/1565/12
f 2094/1566/12 2111/1564/12 2095/1564/12
f 2093/1586/12 2110/1566/12 2094/1566/12
f 2092/1590/12 2109/1586/12 2093/1586/12
f 2091/1591/12 2108/1587/12 2092/1590/12
f 2090/1592/12 2107/1588/12 2091/1591/12
f 2089/829/12 2106/1589/12 2090/1592/12
f 2088/1553/13 1635/1549/13 1634/1549/13
f 2087/1554/13 2104/1553/13 2088/1553/13
f 2086/1555/13 2103/1554/13 2087/1554/13
f 2085/1556/13 2102/1555/13 2086/1555/13
f 2084/1557/13 2101/1556/13 2085/1556/13
f 2083/1558/13 2100/1557/13 2084/1557/13
f 2082/1559/13 2099/1558/13 2083/1558/13
f 2081/1561/13 2098/1559/13 2082/1559/13
f 2080/1565/13 2097/1561/13 2081/1561/13
f 2079/1564/13 2096/1565/13 2080/1565/13
f 2078/1566/13 2095/1564/13 2079/1564/13
f 2077/1586/13 2094/1566/13 2078/1566/13
f 2076/1593/13 2093/1586/13 2077/1586/13
f 2075/1594/13 2092/1590/13 2076/1593/13
f 2074/1595/13 2091/1591/13 2075/1594/13
f 2073/827/13 2090/1592/13 2074/1595/13
f 2072/1553/14 1634/1549/14 1633/1549/14
f 2071/1554/14 2088/1553/14 2072/1553/14
f 2070/1555/14 2087/1554/14 2071/1554/14
f 2069/1556/14 2086/1555/14 2070/1555/14
f 2068/1557/14 2085/1556/14 2069/1556/14
f 2067/1558/14 2084/1557/14 2068/1557/14
f 2066/1559/14 2083/1558/14 2067/1558/14
f 2065/1561/14 2082/1559/14 2066/1559/14
f 2064/1565/14 2081/1561/14 2065/1561/14
f 2063/1564/14 2080/1565/14 2064/1565/14
f 2062/1566/14 2079/1564/14 2063/1564/14
f 2061/1596/14 2078/1566/14 2062/1566/14
f 2060/1597/14 2077/1586/14 2061/1596/14
f 2059/1598/14 2076/1593/14 2060/1597/14
f 2058/1599/14 2075/1594/14 2059/1598/14
f 2057/825/14 2074/1595/14 2058/1599/14
f 2056/1553/15 1633/1549/15 1632/1549/15
f 2055/1554/15 2072/1553/15 2056/1553/15
f 2054/1555/15 2071/1554/15 2055/1554/15
f 2053/1556/15 2070/1555/15 2054/1555/15
f 2052/1557/15 2069/1556/15 2053/1556/15
f 2051/1558/15 2068/1557/15 2052/1557/15
f 2050/1559/15 2067/1558/15 2051/1558/15
f 2049/1561/15 2066/1559/15 2050/1559/15
f 2048/1565/15 2065/1561/15 2049/1561/15
f 2047/1564/15 2064/1565/15 2048/1565/15
f 2046/1566/15 2063/1564/15 2047/1564/15
f 2045/1596/15 2062/1566/15 2046/1566/15
f 2044/1600/15 2061/1596/15 2045/1596/15
f 2043/1601/15 2060/1597/15 2044/1600/15
f 2042/1602/15 2059/1598/15 2043/1601/15
f 2041/823/15 2058/1599/15 2042/1602/15
f 2040/1553/16 1632/1549/16 1631/1549/16
f 2039/1554/16 2056/1553/16 2040/1553/16
f 2038/1555/16 2055/1554/16 2039/1554/16
f 2037/1556/16 2054/1555/16 2038/1555/16
f 2036/1557/16 2053/1556/16 2037/1556/16
f 2035/1558/16 2052/1557/16 2036/1557/16
f 2034/1559/16 2051/1558/16 2035/1558/16
f 2033/1561/16 2050/1559/16 2034/1559/16
f 2032/1565/16 2049/1561/16 2033/1561/16
f 2031/1564/16 2048/1565/16 2032/1565/16
f 2030/1566/16 2047/1564/16 2031/1564/16
f 2029/1603/16 2046/1566/16 2030/1566/16
f 2028/1604/16 2045/1596/16 2029/1603/16
f 2027/1605/16 2044/1600/16 2028/1604/16
f 2026/1606/16 2043/1601/16 2027/1605/16
f 2025/821/16 2042/1602/16 2026/1606/16
f 2024/1553/17 1631/1549/17 1630/1549/17
f 2023/1554/17 2040/1553/17 2024/1553/17
f 2023/1554/17 2038/1555/17 2039/1554/17
f 2021/1556/17 2038/1555/17 2022/1555/17
f 2020/1557/17 2037/1556/17 2021/1556/17
f 2019/1558/17 2036/1557/17 2020/1557/17
f 2018/1559/17 2035/1558/17 2019/1558/17
f 2017/1561/17 2034/1559/17 2018/1559/17
f 2016/1565/17 2033/1561/17 2017/1561/17
f 2015/1564/17 2032/1565/17 2016/1565/17
f 2014/1566/17 2031/1564/17 2015/1564/17
f 2013/1603/17 2030/1566/17 2014/1566/17
f 2012/1607/17 2029/1603/17 2013/1603/17
f 2011/1608/17 2028/1604/17 2012/1607/17
f 2010/1609/17 2027/1605/17 2011/1608/17
f 2010/1609/17 2025/821/17 2026/1606/17
f 2008/1553/18 1630/1549/18 1629/1549/18
f 2007/1554/18 2024/1553/18 2008/1553/18
f 2007/1554/18 2022/1555/18 2023/1554/18
f 2005/1556/18 2022/1555/18 2006/1555/18
f 2004/1557/18 2021/1556/18 2005/1556/18
f 2003/1558/18 2020/1557/18 2004/1557/18
f 2002/1559/18 2019/1558/18 2003/1558/18
f 2001/1561/18 2018/1559/18 2002/1559/18
f 2000/1562/18 2017/1561/18 2001/1561/18
f 1999/1564/18 2016/1565/18 2000/1562/18
f 1998/1566/18 2015/1564/18 1999/1564/18
f 1997/1603/18 2014/1566/18 1998/1566/18
f 1996/1610/18 2013/1603/18 1997/1603/18
f 1995/1611/18 2012/1607/18 1996/1610/18
f 1994/1612/18 2011/1608/18 1995/1611/18
f 1994/1612/18 2009/819/18 2010/1609/18
f 1992/1553/19 1629/1549/19 1628/1549/19
f 1991/1554/19 2008/1553/19 1992/1553/19
f 1991/1554/19 2006/1555/19 2007/1554/19
f 1989/1556/19 2006/1555/19 1990/1555/19
f 1988/1557/19 2005/1556/19 1989/1556/19
f 1987/1558/19 2004/1557/19 1988/1557/19
f 1986/1559/19 2003/1558/19 1987/1558/19
f 1985/1561/19 2002/1559/19 1986/1559/19
f 1984/1562/19 2001/1561/19 1985/1561/19
f 1983/1564/19 2000/1562/19 1984/1562/19
f 1982/1566/19 1999/1564/19 1983/1564/19
f 1981/1613/19 1998/1566/19 1982/1566/19
f 1980/1614/19 1997/1603/19 1981/1613/19
f 1979/1615/19 1996/1610/19 1980/1614/19
f 1978/1616/19 1995/1611/19 1979/1615/19
f 1978/1616/19 1993/817/19 1994/1612/19
f 1976/1553/20 1628/1549/20 1627/1549/20
f 1975/1554/20 1992/1553/20 1976/1553/20
f 1975/1554/20 1990/1555/20 1991/1554/20
f 1973/1556/20 1990/1555/20 1974/1555/20
f 1972/1557/20 1989/1556/20 1973/1556/20
f 1971/1558/20 1988/1557/20 1972/1557/20
f 1970/1559/20 1987/1558/20 1971/1558/20
f 1969/1561/20 1986/1559/20 1970/1559/20
f 1969/1561/20 1984/1562/20 1985/1561/20
f 1967/1564/20 1984/1562/20 1968/1562/20
f 1966/1566/20 1983/1564/20 1967/1564/20
f 1965/1603/20 1982/1566/20 1966/1566/20
f 1964/1617/20 1981/1613/20 1965/1603/20
f 1963/1618/20 1980/1614/20 1964/1617/20
f 1962/1619/20 1979/1615/20 1963/1618/20
f 1962/1619/20 1977/815/20 1978/1616/20
f 1960/1553/21 1627/1549/21 1626/1549/21
f 1959/1554/21 1976/1553/21 1960/1553/21
f 1958/1555/21 1975/1554/21 1959/1554/21
f 1957/1556/21 1974/1555/21 1958/1555/21
f 1956/1557/21 1973/1556/21 1957/1556/21
f 1955/1558/21 1972/1557/21 1956/1557/21
f 1954/1559/21 1971/1558/21 1955/1558/21
f 1953/1563/21 1970/1559/21 1954/1559/21
f 1953/1563/21 1968/1562/21 1969/1561/21
f 1951/1564/21 1968/1562/21 1952/1565/21
f 1950/1566/21 1967/1564/21 1951/1564/21
f 1949/1603/21 1966/1566/21 1950/1566/21
f 1948/1620/21 1965/1603/21 1949/1603/21
f 1947/1621/21 1964/1617/21 1948/1620/21
f 1946/1622/21 1963/1618/21 1947/1621/21
f 1945/811/21 1962/1619/21 1946/1622/21
f 1944/1553/22 1626/1549/22 1625/1549/22
f 1943/1554/22 1960/1553/22 1944/1553/22
f 1942/1555/22 1959/1554/22 1943/1554/22
f 1941/1556/22 1958/1555/22 1942/1555/22
f 1940/1557/22 1957/1556/22 1941/1556/22
f 1939/1558/22 1956/1557/22 1940/1557/22
f 1938/1559/22 1955/1558/22 1939/1558/22
f 1937/1561/22 1954/1559/22 1938/1559/22
f 1936/1562/22 1953/1563/22 1937/1561/22
f 1935/1564/22 1952/1565/22 1936/1562/22
f 1934/1566/22 1951/1564/22 1935/1564/22
f 1933/1623/22 1950/1566/22 1934/1566/22
f 1932/1624/22 1949/1603/22 1933/1623/22
f 1931/1625/22 1948/1620/22 1932/1624/22
f 1930/1626/22 1947/1621/22 1931/1625/22
f 1929/809/22 1946/1622/22 1930/1626/22
f 1928/1553/23 1625/1549/23 1624/1549/23
f 1927/1554/23 1944/1553/23 1928/1553/23
f 1926/1555/23 1943/1554/23 1927/1554/23
f 1925/1556/23 1942/1555/23 1926/1555/23
f 1924/1557/23 1941/1556/23 1925/1556/23
f 1923/1558/23 1940/1557/23 1924/1557/23
f 1922/1559/23 1939/1558/23 1923/1558/23
f 1921/1561/23 1938/1559/23 1922/1559/23
f 1920/1562/23 1937/1561/23 1921/1561/23
f 1919/1564/23 1936/1562/23 1920/1562/23
f 1918/1566/23 1935/1564/23 1919/1564/23
f 1917/1627/23 1934/1566/23 1918/1566/23
f 1916/1628/23 1933/1623/23 1917/1627/23
f 1915/1629/23 1932/1624/23 1916/1628/23
f 1914/1630/23 1931/1625/23 1915/1629/23
f 1913/807/23 1930/1626/23 1914/1630/23
f 1912/1553/24 1624/1549/24 1623/1549/24
f 1911/1554/24 1928/1553/24 1912/1553/24
f 1910/1555/24 1927/1554/24 1911/1554/24
f 1909/1556/24 1926/1555/24 1910/1555/24
f 1908/1557/24 1925/1556/24 1909/1556/24
f 1907/1558/24 1924/1557/24 1908/1557/24
f 1906/1559/24 1923/1558/24 1907/1558/24
f 1905/1561/24 1922/1559/24 1906/1559/24
f 1905/1561/24 1920/1562/24 1921/1561/24
f 1903/1564/24 1920/1562/24 1904/1562/24
f 1902/1566/24 1919/1564/24 1903/1564/24
f 1901/1627/24 1918/1566/24 1902/1566/24
f 1900/1631/24 1917/1627/24 1901/1627/24
f 1899/1632/24 1916/1628/24 1900/1631/24
f 1898/1633/24 1915/1629/24 1899/1632/24
f 1897/805/24 1914/1630/24 1898/1633/24
f 1896/1553/25 1623/1549/25 1622/1549/25
f 1895/1554/25 1912/1553/25 1896/1553/25
f 1894/1555/25 1911/1554/25 1895/1554/25
f 1893/1556/25 1910/1555/25 1894/1555/25
f 1892/1557/25 1909/1556/25 1893/1556/25
f 1891/1558/25 1908/1557/25 1892/1557/25
f 1890/1559/25 1907/1558/25 1891/1558/25
f 1889/1561/25 1906/1559/25 1890/1559/25
f 1889/1561/25 1904/1562/25 1905/1561/25
f 1887/1564/25 1904/1562/25 1888/1562/25
f 1886/1566/25 1903/1564/25 1887/1564/25
f 1885/1634/25 1902/1566/25 1886/1566/25
f 1884/1635/25 1901/1627/25 1885/1634/25
f 1883/1636/25 1900/1631/25 1884/1635/25
f 1882/1637/25 1899/1632/25 1883/1636/25
f 1881/803/25 1898/1633/25 1882/1637/25
f 1880/1553/26 1622/1549/26 1621/1549/26
f 1879/1554/26 1896/1553/26 1880/1553/26
f 1878/1555/26 1895/1554/26 1879/1554/26
f 1877/1556/26 1894/1555/26 1878/1555/26
f 1876/1557/26 1893/1556/26 1877/1556/26
f 1875/1558/26 1892/1557/26 1876/1557/26
f 1874/1559/26 1891/1558/26 1875/1558/26
f 1873/1561/26 1890/1559/26 1874/1559/26
f 1872/1562/26 1889/1561/26 1873/1561/26
f 1871/1564/26 1888/1562/26 1872/1562/26
f 1870/1566/26 1887/1564/26 1871/1564/26
f 1869/1634/26 1886/1566/26 1870/1566/26
f 1868/1638/26 1885/1634/26 1869/1634/26
f 1867/1639/26 1884/1635/26 1868/1638/26
f 1866/1640/26 1883/1636/26 1867/1639/26
f 1865/801/26 1882/1637/26 1866/1640/26
f 1864/1553/27 1621/1549/27 1620/1549/27
f 1863/1554/27 1880/1553/27 1864/1553/27
f 1862/1555/27 1879/1554/27 1863/1554/27
f 1861/1556/27 1878/1555/27 1862/1555/27
f 1860/1557/27 1877/1556/27 1861/1556/27
f 1859/1560/27 1876/1557/27 1860/1557/27
f 1858/1559/27 1875/1558/27 1859/1560/27
f 1857/1561/27 1874/1559/27 1858/1559/27
f 1856/1562/27 1873/1561/27 1857/1561/27
f 1855/1564/27 1872/1562/27 1856/1562/27
f 1854/1566/27 1871/1564/27 1855/1564/27
f 1853/1634/27 1870/1566/27 1854/1566/27
f 1852/1641/27 1869/1634/27 1853/1634/27
f 1851/1642/27 1868/1638/27 1852/1641/27
f 1850/1643/27 1867/1639/27 1851/1642/27
f 1849/799/27 1866/1640/27 1850/1643/27
f 1848/1553/28 1620/1549/28 1619/1549/28
f 1847/1554/28 1864/1553/28 1848/1553/28
f 1846/1555/28 1863/1554/28 1847/1554/28
f 1845/1556/28 1862/1555/28 1846/1555/28
f 1844/1557/28 1861/1556/28 1845/1556/28
f 1843/1560/28 1860/1557/28 1844/1557/28
f 1842/1559/28 1859/1560/28 1843/1560/28
f 1841/1561/28 1858/1559/28 1842/1559/28
f 1840/1562/28 1857/1561/28 1841/1561/28
f 1839/1564/28 1856/1562/28 1840/1562/28
f 1838/1566/28 1855/1564/28 1839/1564/28
f 1837/1644/28 1854/1566/28 1838/1566/28
f 1836/1645/28 1853/1634/28 1837/1644/28
f 1835/1646/28 1852/1641/28 1836/1645/28
f 1834/1647/28 1851/1642/28 1835/1646/28
f 1834/1647/28 1849/799/28 1850/1643/28
f 1832/1553/29 1619/1549/29 1618/1549/29
f 1831/1554/29 1848/1553/29 1832/1553/29
f 1830/1555/29 1847/1554/29 1831/1554/29
f 1829/1556/29 1846/1555/29 1830/1555/29
f 1828/1557/29 1845/1556/29 1829/1556/29
f 1827/1560/29 1844/1557/29 1828/1557/29
f 1826/1559/29 1843/1560/29 1827/1560/29
f 1825/1561/29 1842/1559/29 1826/1559/29
f 1824/1562/29 1841/1561/29 1825/1561/29
f 1823/1564/29 1840/1562/29 1824/1562/29
f 1822/1566/29 1839/1564/29 1823/1564/29
f 1821/1644/29 1838/1566/29 1822/1566/29
f 1820/1648/29 1837/1644/29 1821/1644/29
f 1819/1649/29 1836/1645/29 1820/1648/29
f 1818/1650/29 1835/1646/29 1819/1649/29
f 1818/1650/29 1833/797/29 1834/1647/29
f 1816/1553/30 1618/1549/30 1617/1549/30
f 1815/1554/30 1832/1553/30 1816/1553/30
f 1814/1555/30 1831/1554/30 1815/1554/30
f 1813/1556/30 1830/1555/30 1814/1555/30
f 1812/1557/30 1829/1556/30 1813/1556/30
f 1811/1560/30 1828/1557/30 1812/1557/30
f 1810/1559/30 1827/1560/30 1811/1560/30
f 1809/1561/30 1826/1559/30 1810/1559/30
f 1808/1562/30 1825/1561/30 1809/1561/30
f 1807/1564/30 1824/1562/30 1808/1562/30
f 1806/1566/30 1823/1564/30 1807/1564/30
f 1805/1651/30 1822/1566/30 1806/1566/30
f 1804/1652/30 1821/1644/30 1805/1651/30
f 1803/1653/30 1820/1648/30 1804/1652/30
f 1802/1654/30 1819/1649/30 1803/1653/30
f 1802/1654/30 1817/795/30 1818/1650/30
f 1616/1549/31 1816/1553/31 1617/1549/31
f 1799/1554/31 1816/1553/31 1800/1553/31
f 1798/1555/31 1815/1554/31 1799/1554/31
f 1797/1556/31 1814/1555/31 1798/1555/31
f 1796/1557/31 1813/1556/31 1797/1556/31
f 1795/1560/31 1812/1557/31 1796/1557/31
f 1794/1559/31 1811/1560/31 1795/1560/31
f 1793/1561/31 1810/1559/31 1794/1559/31
f 1792/1562/31 1809/1561/31 1793/1561/31
f 1791/1564/31 1808/1562/31 1792/1562/31
f 1790/1566/31 1807/1564/31 1791/1564/31
f 1789/1651/31 1806/1566/31 1790/1566/31
f 1788/1655/31 1805/1651/31 1789/1651/31
f 1787/1656/31 1804/1652/31 1788/1655/31
f 1786/1657/31 1803/1653/31 1787/1656/31
f 1785/791/31 1802/1654/31 1786/1657/31
f 1615/1549/32 1800/1553/32 1616/1549/32
f 1783/1554/32 1800/1553/32 1784/1553/32
f 1782/1555/32 1799/1554/32 1783/1554/32
f 1781/1556/32 1798/1555/32 1782/1555/32
f 1780/1557/32 1797/1556/32 1781/1556/32
f 1779/1560/32 1796/1557/32 1780/1557/32
f 1778/1559/32 1795/1560/32 1779/1560/32
f 1777/1561/32 1794/1559/32 1778/1559/32
f 1776/1562/32 1793/1561/32 1777/1561/32
f 1775/1564/32 1792/1562/32 1776/1562/32
f 1774/1566/32 1791/1564/32 1775/1564/32
f 1773/1651/32 1790/1566/32 1774/1566/32
f 1772/1658/32 1789/1651/32 1773/1651/32
f 1771/1659/32 1788/1655/32 1772/1658/32
f 1770/1660/32 1787/1656/32 1771/1659/32
f 1769/789/32 1786/1657/32 1770/1660/32
f 1614/1549/33 1784/1553/33 1615/1549/33
f 1767/1554/33 1784/1553/33 1768/1553/33
f 1766/1555/33 1783/1554/33 1767/1554/33
f 1765/1556/33 1782/1555/33 1766/1555/33
f 1764/1557/33 1781/1556/33 1765/1556/33
f 1763/1560/33 1780/1557/33 1764/1557/33
f 1762/1559/33 1779/1560/33 1763/1560/33
f 1761/1561/33 1778/1559/33 1762/1559/33
f 1760/1565/33 1777/1561/33 1761/1561/33
f 1759/1564/33 1776/1562/33 1760/1565/33
f 1758/1566/33 1775/1564/33 1759/1564/33
f 1757/1651/33 1774/1566/33 1758/1566/33
f 1756/1661/33 1773/1651/33 1757/1651/33
f 1755/1662/33 1772/1658/33 1756/1661/33
f 1754/1663/33 1771/1659/33 1755/1662/33
f 1753/787/33 1770/1660/33 1754/1663/33
f 1752/1553/34 1614/1549/34 1613/1549/34
f 1751/1554/34 1768/1553/34 1752/1553/34
f 1750/1555/34 1767/1554/34 1751/1554/34
f 1749/1556/34 1766/1555/34 1750/1555/34
f 1748/1557/34 1765/1556/34 1749/1556/34
f 1747/1560/34 1764/1557/34 1748/1557/34
f 1746/1559/34 1763/1560/34 1747/1560/34
f 1745/1561/34 1762/1559/34 1746/1559/34
f 1744/1565/34 1761/1561/34 1745/1561/34
f 1743/1564/34 1760/1565/34 1744/1565/34
f 1742/1566/34 1759/1564/34 1743/1564/34
f 1741/1570/34 1758/1566/34 1742/1566/34
f 1740/1664/34 1757/1651/34 1741/1570/34
f 1739/1665/34 1756/1661/34 1740/1664/34
f 1738/1666/34 1755/1662/34 1739/1665/34
f 1737/785/34 1754/1663/34 1738/1666/34
f 1736/1553/35 1613/1549/35 1612/1549/35
f 1735/1554/35 1752/1553/35 1736/1553/35
f 1734/1555/35 1751/1554/35 1735/1554/35
f 1733/1556/35 1750/1555/35 1734/1555/35
f 1732/1557/35 1749/1556/35 1733/1556/35
f 1731/1560/35 1748/1557/35 1732/1557/35
f 1730/1559/35 1747/1560/35 1731/1560/35
f 1729/1561/35 1746/1559/35 1730/1559/35
f 1728/1565/35 1745/1561/35 1729/1561/35
f 1727/1564/35 1744/1565/35 1728/1565/35
f 1726/1566/35 1743/1564/35 1727/1564/35
f 1725/1570/35 1742/1566/35 1726/1566/35
f 1724/1667/35 1741/1570/35 1725/1570/35
f 1723/1668/35 1740/1664/35 1724/1667/35
f 1722/1669/35 1739/1665/35 1723/1668/35
f 1721/783/35 1738/1666/35 1722/1669/35
f 1720/1553/36 1612/1549/36 1611/1549/36
f 1720/1553/36 1735/1554/36 1736/1553/36
f 1718/1555/36 1735/1554/36 1719/1554/36
f 1717/1556/36 1734/1555/36 1718/1555/36
f 1716/1557/36 1733/1556/36 1717/1556/36
f 1715/1560/36 1732/1557/36 1716/1557/36
f 1714/1559/36 1731/1560/36 1715/1560/36
f 1713/1561/36 1730/1559/36 1714/1559/36
f 1712/1565/36 1729/1561/36 1713/1561/36
f 1711/1564/36 1728/1565/36 1712/1565/36
f 1710/1566/36 1727/1564/36 1711/1564/36
f 1709/1570/36 1726/1566/36 1710/1566/36
f 1708/1670/36 1725/1570/36 1709/1570/36
f 1707/1671/36 1724/1667/36 1708/1670/36
f 1706/1672/36 1723/1668/36 1707/1671/36
f 1705/781/36 1722/1669/36 1706/1672/36
f 1704/1553/105 1611/1549/105 1610/1549/105
f 1704/1553/105 1719/1554/105 1720/1553/105
f 1702/1555/105 1719/1554/105 1703/1554/105
f 1701/1556/105 1718/1555/105 1702/1555/105
f 1700/1557/105 1717/1556/105 1701/1556/105
f 1699/1560/105 1716/1557/105 1700/1557/105
f 1698/1559/105 1715/1560/105 1699/1560/105
f 1697/1561/105 1714/1559/105 1698/1559/105
f 1696/1565/105 1713/1561/105 1697/1561/105
f 1695/1564/105 1712/1565/105 1696/1565/105
f 1694/1566/105 1711/1564/105 1695/1564/105
f 1693/1570/105 1710/1566/105 1694/1566/105
f 1692/1673/105 1709/1570/105 1693/1570/105
f 1691/1674/105 1708/1670/105 1692/1673/105
f 1690/1675/105 1707/1671/105 1691/1674/105
f 1689/778/105 1706/1672/105 1690/1675/105
f 1673/1553/37 1610/1549/37 1609/1549/37
f 1674/1554/37 1704/1553/37 1673/1553/37
f 1675/1555/37 1703/1554/37 1674/1554/37
f 1676/1556/37 1702/1555/37 1675/1555/37
f 1677/1557/37 1701/1556/37 1676/1556/37
f 1678/1560/37 1700/1557/37 1677/1557/37
f 1679/1559/37 1699/1560/37 1678/1560/37
f 1680/1563/37 1698/1559/37 1679/1559/37
f 1681/1565/37 1697/1561/37 1680/1563/37
f 1682/1567/37 1696/1565/37 1681/1565/37
f 1683/1566/37 1695/1564/37 1682/1567/37
f 1684/1570/37 1694/1566/37 1683/1566/37
f 1685/1572/37 1693/1570/37 1684/1570/37
f 1686/1574/37 1692/1673/37 1685/1572/37
f 1686/1574/37 1690/1675/37 1691/1674/37
f 1688/779/37 1690/1675/37 1687/1573/37
f 2696/1676/7 1641/1551/7 1672/1551/7
f 2695/1677/7 2185/1678/7 2696/1676/7
f 2694/1679/7 2186/1680/7 2695/1677/7
f 2694/1679/7 2188/1681/7 2187/1679/7
f 2693/1681/7 2189/1682/7 2188/1681/7
f 2691/1683/7 2189/1682/7 2692/1682/7
f 2690/1684/7 2190/1683/7 2691/1683/7
f 2689/1685/7 2191/1684/7 2690/1684/7
f 2688/1686/7 2192/1685/7 2689/1685/7
f 2687/1687/7 2193/1686/7 2688/1686/7
f 2686/1688/7 2194/1687/7 2687/1687/7
f 2685/1689/7 2195/1688/7 2686/1688/7
f 2684/1690/7 2196/1689/7 2685/1689/7
f 2683/1691/7 2197/1692/7 2684/1690/7
f 2682/1693/7 2198/1694/7 2683/1691/7
f 2681/903/7 2199/1695/7 2682/1693/7
f 2680/1678/8 1672/1551/8 1671/1551/8
f 2679/1677/8 2696/1676/8 2680/1678/8
f 2678/1679/8 2695/1677/8 2679/1677/8
f 2677/1681/8 2694/1679/8 2678/1679/8
f 2676/1682/8 2693/1681/8 2677/1681/8
f 2675/1683/8 2692/1682/8 2676/1682/8
f 2674/1684/8 2691/1683/8 2675/1683/8
f 2673/1685/8 2690/1684/8 2674/1684/8
f 2672/1686/8 2689/1685/8 2673/1685/8
f 2671/1687/8 2688/1686/8 2672/1686/8
f 2670/1688/8 2687/1687/8 2671/1687/8
f 2669/1689/8 2686/1688/8 2670/1688/8
f 2668/1696/8 2685/1689/8 2669/1689/8
f 2667/1697/8 2684/1690/8 2668/1696/8
f 2666/1698/8 2683/1691/8 2667/1697/8
f 2665/901/8 2682/1693/8 2666/1698/8
f 2664/1678/9 1671/1551/9 1670/1551/9
f 2664/1678/9 2679/1677/9 2680/1678/9
f 2662/1679/9 2679/1677/9 2663/1677/9
f 2661/1681/9 2678/1679/9 2662/1679/9
f 2660/1682/9 2677/1681/9 2661/1681/9
f 2659/1683/9 2676/1682/9 2660/1682/9
f 2658/1684/9 2675/1683/9 2659/1683/9
f 2657/1685/9 2674/1684/9 2658/1684/9
f 2656/1686/9 2673/1685/9 2657/1685/9
f 2655/1687/9 2672/1686/9 2656/1686/9
f 2654/1688/9 2671/1687/9 2655/1687/9
f 2653/1689/9 2670/1688/9 2654/1688/9
f 2652/1699/9 2669/1689/9 2653/1689/9
f 2651/1700/9 2668/1696/9 2652/1699/9
f 2650/1701/9 2667/1697/9 2651/1700/9
f 2649/899/9 2666/1698/9 2650/1701/9
f 2648/1678/10 1670/1551/10 1669/1551/10
f 2648/1678/10 2663/1677/10 2664/1678/10
f 2646/1679/10 2663/1677/10 2647/1677/10
f 2645/1681/10 2662/1679/10 2646/1679/10
f 2644/1682/10 2661/1681/10 2645/1681/10
f 2643/1683/10 2660/1682/10 2644/1682/10
f 2642/1684/10 2659/1683/10 2643/1683/10
f 2641/1685/10 2658/1684/10 2642/1684/10
f 2640/1686/10 2657/1685/10 2641/1685/10
f 2639/1687/10 2656/1686/10 2640/1686/10
f 2638/1688/10 2655/1687/10 2639/1687/10
f 2637/1689/10 2654/1688/10 2638/1688/10
f 2636/1702/10 2653/1689/10 2637/1689/10
f 2635/1703/10 2652/1699/10 2636/1702/10
f 2634/1704/10 2651/1700/10 2635/1703/10
f 2633/897/10 2650/1701/10 2634/1704/10
f 2632/1678/11 1669/1551/11 1668/1551/11
f 2632/1678/11 2647/1677/11 2648/1678/11
f 2630/1679/11 2647/1677/11 2631/1677/11
f 2629/1681/11 2646/1679/11 2630/1679/11
f 2628/1682/11 2645/1681/11 2629/1681/11
f 2627/1683/11 2644/1682/11 2628/1682/11
f 2626/1684/11 2643/1683/11 2627/1683/11
f 2625/1685/11 2642/1684/11 2626/1684/11
f 2624/1686/11 2641/1685/11 2625/1685/11
f 2623/1687/11 2640/1686/11 2624/1686/11
f 2622/1688/11 2639/1687/11 2623/1687/11
f 2621/1705/11 2638/1688/11 2622/1688/11
f 2620/1706/11 2637/1689/11 2621/1705/11
f 2619/1707/11 2636/1702/11 2620/1706/11
f 2618/1708/11 2635/1703/11 2619/1707/11
f 2617/895/11 2634/1704/11 2618/1708/11
f 2616/1678/12 1668/1551/12 1667/1551/12
f 2616/1678/12 2631/1677/12 2632/1678/12
f 2615/1677/12 2630/1679/12 2631/1677/12
f 2613/1681/12 2630/1679/12 2614/1679/12
f 2612/1682/12 2629/1681/12 2613/1681/12
f 2611/1683/12 2628/1682/12 2612/1682/12
f 2610/1684/12 2627/1683/12 2611/1683/12
f 2609/1685/12 2626/1684/12 2610/1684/12
f 2608/1686/12 2625/1685/12 2609/1685/12
f 2607/1687/12 2624/1686/12 2608/1686/12
f 2606/1688/12 2623/1687/12 2607/1687/12
f 2605/1709/12 2622/1688/12 2606/1688/12
f 2604/1710/12 2621/1705/12 2605/1709/12
f 2603/1711/12 2620/1706/12 2604/1710/12
f 2602/1712/12 2619/1707/12 2603/1711/12
f 2601/893/12 2618/1708/12 2602/1712/12
f 2600/1678/13 1667/1551/13 1666/1551/13
f 2599/1677/13 2616/1678/13 2600/1678/13
f 2598/1679/13 2615/1677/13 2599/1677/13
f 2597/1681/13 2614/1679/13 2598/1679/13
f 2596/1682/13 2613/1681/13 2597/1681/13
f 2595/1683/13 2612/1682/13 2596/1682/13
f 2594/1684/13 2611/1683/13 2595/1683/13
f 2593/1685/13 2610/1684/13 2594/1684/13
f 2592/1686/13 2609/1685/13 2593/1685/13
f 2591/1687/13 2608/1686/13 2592/1686/13
f 2590/1688/13 2607/1687/13 2591/1687/13
f 2589/1709/13 2606/1688/13 2590/1688/13
f 2588/1713/13 2605/1709/13 2589/1709/13
f 2587/1714/13 2604/1710/13 2588/1713/13
f 2586/1715/13 2603/1711/13 2587/1714/13
f 2585/891/13 2602/1712/13 2586/1715/13
f 2584/1678/14 1666/1551/14 1665/1551/14
f 2583/1677/14 2600/1678/14 2584/1678/14
f 2582/1679/14 2599/1677/14 2583/1677/14
f 2581/1681/14 2598/1679/14 2582/1679/14
f 2580/1682/14 2597/1681/14 2581/1681/14
f 2579/1683/14 2596/1682/14 2580/1682/14
f 2578/1684/14 2595/1683/14 2579/1683/14
f 2577/1685/14 2594/1684/14 2578/1684/14
f 2576/1686/14 2593/1685/14 2577/1685/14
f 2575/1687/14 2592/1686/14 2576/1686/14
f 2574/1688/14 2591/1687/14 2575/1687/14
f 2573/1709/14 2590/1688/14 2574/1688/14
f 2572/1716/14 2589/1709/14 2573/1709/14
f 2571/1717/14 2588/1713/14 2572/1716/14
f 2570/1718/14 2587/1714/14 2571/1717/14
f 2569/889/14 2586/1715/14 2570/1718/14
f 2568/1678/15 1665/1551/15 1664/1551/15
f 2567/1677/15 2584/1678/15 2568/1678/15
f 2566/1679/15 2583/1677/15 2567/1677/15
f 2565/1681/15 2582/1679/15 2566/1679/15
f 2564/1682/15 2581/1681/15 2565/1681/15
f 2563/1683/15 2580/1682/15 2564/1682/15
f 2562/1684/15 2579/1683/15 2563/1683/15
f 2561/1685/15 2578/1684/15 2562/1684/15
f 2560/1686/15 2577/1685/15 2561/1685/15
f 2559/1687/15 2576/1686/15 2560/1686/15
f 2558/1688/15 2575/1687/15 2559/1687/15
f 2557/1719/15 2574/1688/15 2558/1688/15
f 2556/1720/15 2573/1709/15 2557/1719/15
f 2555/1721/15 2572/1716/15 2556/1720/15
f 2554/1722/15 2571/1717/15 2555/1721/15
f 2553/887/15 2570/1718/15 2554/1722/15
f 2552/1678/16 1664/1551/16 1663/1551/16
f 2551/1677/16 2568/1678/16 2552/1678/16
f 2550/1679/16 2567/1677/16 2551/1677/16
f 2549/1681/16 2566/1679/16 2550/1679/16
f 2548/1682/16 2565/1681/16 2549/1681/16
f 2547/1683/16 2564/1682/16 2548/1682/16
f 2546/1684/16 2563/1683/16 2547/1683/16
f 2545/1685/16 2562/1684/16 2546/1684/16
f 2545/1685/16 2560/1686/16 2561/1685/16
f 2543/1687/16 2560/1686/16 2544/1686/16
f 2542/1688/16 2559/1687/16 2543/1687/16
f 2541/1719/16 2558/1688/16 2542/1688/16
f 2540/1723/16 2557/1719/16 2541/1719/16
f 2539/1724/16 2556/1720/16 2540/1723/16
f 2538/1725/16 2555/1721/16 2539/1724/16
f 2537/885/16 2554/1722/16 2538/1725/16
f 2536/1678/17 1663/1551/17 1662/1551/17
f 2535/1677/17 2552/1678/17 2536/1678/17
f 2534/1679/17 2551/1677/17 2535/1677/17
f 2533/1681/17 2550/1679/17 2534/1679/17
f 2532/1682/17 2549/1681/17 2533/1681/17
f 2531/1683/17 2548/1682/17 2532/1682/17
f 2530/1684/17 2547/1683/17 2531/1683/17
f 2529/1685/17 2546/1684/17 2530/1684/17
f 2529/1685/17 2544/1686/17 2545/1685/17
f 2527/1687/17 2544/1686/17 2528/1686/17
f 2526/1688/17 2543/1687/17 2527/1687/17
f 2525/1726/17 2542/1688/17 2526/1688/17
f 2524/1727/17 2541/1719/17 2525/1726/17
f 2523/1728/17 2540/1723/17 2524/1727/17
f 2522/1729/17 2539/1724/17 2523/1728/17
f 2522/1729/17 2537/885/17 2538/1725/17
f 2520/1676/18 1662/1551/18 1661/1551/18
f 2519/1677/18 2536/1678/18 2520/1676/18
f 2518/1679/18 2535/1677/18 2519/1677/18
f 2517/1681/18 2534/1679/18 2518/1679/18
f 2516/1682/18 2533/1681/18 2517/1681/18
f 2515/1683/18 2532/1682/18 2516/1682/18
f 2514/1684/18 2531/1683/18 2515/1683/18
f 2513/1685/18 2530/1684/18 2514/1684/18
f 2513/1685/18 2528/1686/18 2529/1685/18
f 2511/1687/18 2528/1686/18 2512/1686/18
f 2510/1688/18 2527/1687/18 2511/1687/18
f 2509/1726/18 2526/1688/18 2510/1688/18
f 2508/1730/18 2525/1726/18 2509/1726/18
f 2507/1731/18 2524/1727/18 2508/1730/18
f 2506/1732/18 2523/1728/18 2507/1731/18
f 2506/1732/18 2521/883/18 2522/1729/18
f 2504/1678/19 1661/1551/19 1660/1551/19
f 2503/1677/19 2520/1676/19 2504/1678/19
f 2502/1679/19 2519/1677/19 2503/1677/19
f 2501/1681/19 2518/1679/19 2502/1679/19
f 2500/1682/19 2517/1681/19 2501/1681/19
f 2499/1683/19 2516/1682/19 2500/1682/19
f 2498/1684/19 2515/1683/19 2499/1683/19
f 2497/1685/19 2514/1684/19 2498/1684/19
f 2497/1685/19 2512/1686/19 2513/1685/19
f 2495/1687/19 2512/1686/19 2496/1686/19
f 2494/1688/19 2511/1687/19 2495/1687/19
f 2493/1733/19 2510/1688/19 2494/1688/19
f 2492/1734/19 2509/1726/19 2493/1733/19
f 2491/1735/19 2508/1730/19 2492/1734/19
f 2490/1736/19 2507/1731/19 2491/1735/19
f 2490/1736/19 2505/881/19 2506/1732/19
f 2488/1678/20 1660/1551/20 1659/1551/20
f 2487/1677/20 2504/1678/20 2488/1678/20
f 2486/1679/20 2503/1677/20 2487/1677/20
f 2485/1681/20 2502/1679/20 2486/1679/20
f 2484/1682/20 2501/1681/20 2485/1681/20
f 2483/1683/20 2500/1682/20 2484/1682/20
f 2482/1684/20 2499/1683/20 2483/1683/20
f 2481/1685/20 2498/1684/20 2482/1684/20
f 2481/1685/20 2496/1686/20 2497/1685/20
f 2479/1687/20 2496/1686/20 2480/1686/20
f 2478/1688/20 2495/1687/20 2479/1687/20
f 2477/1737/20 2494/1688/20 2478/1688/20
f 2476/1738/20 2493/1733/20 2477/1737/20
f 2475/1739/20 2492/1734/20 2476/1738/20
f 2474/1740/20 2491/1735/20 2475/1739/20
f 2474/1740/20 2489/879/20 2490/1736/20
f 2472/1678/21 1659/1551/21 1658/1551/21
f 2471/1677/21 2488/1678/21 2472/1678/21
f 2470/1679/21 2487/1677/21 2471/1677/21
f 2469/1681/21 2486/1679/21 2470/1679/21
f 2468/1682/21 2485/1681/21 2469/1681/21
f 2467/1683/21 2484/1682/21 2468/1682/21
f 2466/1684/21 2483/1683/21 2467/1683/21
f 2465/1685/21 2482/1684/21 2466/1684/21
f 2464/1686/21 2481/1685/21 2465/1685/21
f 2463/1687/21 2480/1686/21 2464/1686/21
f 2462/1688/21 2479/1687/21 2463/1687/21
f 2461/1737/21 2478/1688/21 2462/1688/21
f 2460/1741/21 2477/1737/21 2461/1737/21
f 2459/1742/21 2476/1738/21 2460/1741/21
f 2458/1743/21 2475/1739/21 2459/1742/21
f 2458/1743/21 2473/877/21 2474/1740/21
f 2456/1678/22 1658/1551/22 1657/1551/22
f 2455/1677/22 2472/1678/22 2456/1678/22
f 2454/1679/22 2471/1677/22 2455/1677/22
f 2453/1681/22 2470/1679/22 2454/1679/22
f 2452/1682/22 2469/1681/22 2453/1681/22
f 2451/1683/22 2468/1682/22 2452/1682/22
f 2450/1684/22 2467/1683/22 2451/1683/22
f 2449/1685/22 2466/1684/22 2450/1684/22
f 2449/1685/22 2464/1686/22 2465/1685/22
f 2447/1687/22 2464/1686/22 2448/1686/22
f 2446/1744/22 2463/1687/22 2447/1687/22
f 2445/1737/22 2462/1688/22 2446/1744/22
f 2444/1745/22 2461/1737/22 2445/1737/22
f 2443/1746/22 2460/1741/22 2444/1745/22
f 2442/1747/22 2459/1742/22 2443/1746/22
f 2442/1747/22 2457/875/22 2458/1743/22
f 2440/1678/23 1657/1551/23 1656/1551/23
f 2439/1677/23 2456/1678/23 2440/1678/23
f 2438/1679/23 2455/1677/23 2439/1677/23
f 2437/1681/23 2454/1679/23 2438/1679/23
f 2436/1682/23 2453/1681/23 2437/1681/23
f 2435/1683/23 2452/1682/23 2436/1682/23
f 2434/1684/23 2451/1683/23 2435/1683/23
f 2433/1685/23 2450/1684/23 2434/1684/23
f 2433/1685/23 2448/1686/23 2449/1685/23
f 2431/1687/23 2448/1686/23 2432/1686/23
f 2430/1744/23 2447/1687/23 2431/1687/23
f 2429/1737/23 2446/1744/23 2430/1744/23
f 2428/1748/23 2445/1737/23 2429/1737/23
f 2427/1749/23 2444/1745/23 2428/1748/23
f 2426/1750/23 2443/1746/23 2427/1749/23
f 2426/1750/23 2441/873/23 2442/1747/23
f 2424/1676/24 1656/1551/24 1655/1551/24
f 2423/1677/24 2440/1678/24 2424/1676/24
f 2422/1679/24 2439/1677/24 2423/1677/24
f 2421/1681/24 2438/1679/24 2422/1679/24
f 2420/1682/24 2437/1681/24 2421/1681/24
f 2419/1683/24 2436/1682/24 2420/1682/24
f 2418/1684/24 2435/1683/24 2419/1683/24
f 2417/1685/24 2434/1684/24 2418/1684/24
f 2416/1686/24 2433/1685/24 2417/1685/24
f 2415/1687/24 2432/1686/24 2416/1686/24
f 2414/1744/24 2431/1687/24 2415/1687/24
f 2413/1737/24 2430/1744/24 2414/1744/24
f 2412/1751/24 2429/1737/24 2413/1737/24
f 2411/1752/24 2428/1748/24 2412/1751/24
f 2410/1753/24 2427/1749/24 2411/1752/24
f 2410/1753/24 2425/871/24 2426/1750/24
f 2408/1676/25 1655/1551/25 1654/1551/25
f 2407/1677/25 2424/1676/25 2408/1676/25
f 2407/1677/25 2422/1679/25 2423/1677/25
f 2405/1681/25 2422/1679/25 2406/1679/25
f 2404/1682/25 2421/1681/25 2405/1681/25
f 2403/1683/25 2420/1682/25 2404/1682/25
f 2402/1684/25 2419/1683/25 2403/1683/25
f 2401/1685/25 2418/1684/25 2402/1684/25
f 2401/1685/25 2416/1686/25 2417/1685/25
f 2399/1687/25 2416/1686/25 2400/1686/25
f 2398/1688/25 2415/1687/25 2399/1687/25
f 2397/1754/25 2414/1744/25 2398/1688/25
f 2396/1755/25 2413/1737/25 2397/1754/25
f 2395/1756/25 2412/1751/25 2396/1755/25
f 2394/1757/25 2411/1752/25 2395/1756/25
f 2394/1757/25 2409/869/25 2410/1753/25
f 2392/1678/26 1654/1551/26 1653/1551/26
f 2391/1677/26 2408/1676/26 2392/1678/26
f 2391/1677/26 2406/1679/26 2407/1677/26
f 2389/1681/26 2406/1679/26 2390/1679/26
f 2388/1682/26 2405/1681/26 2389/1681/26
f 2387/1683/26 2404/1682/26 2388/1682/26
f 2386/1684/26 2403/1683/26 2387/1683/26
f 2385/1685/26 2402/1684/26 2386/1684/26
f 2385/1685/26 2400/1686/26 2401/1685/26
f 2383/1687/26 2400/1686/26 2384/1686/26
f 2382/1688/26 2399/1687/26 2383/1687/26
f 2381/1754/26 2398/1688/26 2382/1688/26
f 2380/1758/26 2397/1754/26 2381/1754/26
f 2379/1759/26 2396/1755/26 2380/1758/26
f 2378/1760/26 2395/1756/26 2379/1759/26
f 2378/1760/26 2393/867/26 2394/1757/26
f 2376/1678/27 1653/1551/27 1652/1551/27
f 2375/1677/27 2392/1678/27 2376/1678/27
f 2374/1679/27 2391/1677/27 2375/1677/27
f 2373/1681/27 2390/1679/27 2374/1679/27
f 2372/1682/27 2389/1681/27 2373/1681/27
f 2371/1683/27 2388/1682/27 2372/1682/27
f 2370/1684/27 2387/1683/27 2371/1683/27
f 2369/1685/27 2386/1684/27 2370/1684/27
f 2368/1686/27 2385/1685/27 2369/1685/27
f 2367/1687/27 2384/1686/27 2368/1686/27
f 2366/1688/27 2383/1687/27 2367/1687/27
f 2365/1754/27 2382/1688/27 2366/1688/27
f 2364/1761/27 2381/1754/27 2365/1754/27
f 2363/1762/27 2380/1758/27 2364/1761/27
f 2362/1763/27 2379/1759/27 2363/1762/27
f 2361/863/27 2378/1760/27 2362/1763/27
f 2360/1678/28 1652/1551/28 1651/1551/28
f 2359/1677/28 2376/1678/28 2360/1678/28
f 2358/1679/28 2375/1677/28 2359/1677/28
f 2357/1681/28 2374/1679/28 2358/1679/28
f 2356/1682/28 2373/1681/28 2357/1681/28
f 2355/1683/28 2372/1682/28 2356/1682/28
f 2354/1684/28 2371/1683/28 2355/1683/28
f 2353/1685/28 2370/1684/28 2354/1684/28
f 2352/1686/28 2369/1685/28 2353/1685/28
f 2351/1687/28 2368/1686/28 2352/1686/28
f 2350/1688/28 2367/1687/28 2351/1687/28
f 2349/1764/28 2366/1688/28 2350/1688/28
f 2348/1765/28 2365/1754/28 2349/1764/28
f 2347/1766/28 2364/1761/28 2348/1765/28
f 2346/1767/28 2363/1762/28 2347/1766/28
f 2346/1767/28 2361/863/28 2362/1763/28
f 2344/1678/29 1651/1551/29 1650/1551/29
f 2343/1677/29 2360/1678/29 2344/1678/29
f 2342/1679/29 2359/1677/29 2343/1677/29
f 2341/1681/29 2358/1679/29 2342/1679/29
f 2340/1682/29 2357/1681/29 2341/1681/29
f 2339/1683/29 2356/1682/29 2340/1682/29
f 2338/1684/29 2355/1683/29 2339/1683/29
f 2337/1685/29 2354/1684/29 2338/1684/29
f 2336/1686/29 2353/1685/29 2337/1685/29
f 2335/1687/29 2352/1686/29 2336/1686/29
f 2334/1688/29 2351/1687/29 2335/1687/29
f 2333/1768/29 2350/1688/29 2334/1688/29
f 2332/1769/29 2349/1764/29 2333/1768/29
f 2331/1770/29 2348/1765/29 2332/1769/29
f 2330/1771/29 2347/1766/29 2331/1770/29
f 2330/1771/29 2345/861/29 2346/1767/29
f 2328/1678/30 1650/1551/30 1649/1551/30
f 2327/1677/30 2344/1678/30 2328/1678/30
f 2326/1679/30 2343/1677/30 2327/1677/30
f 2325/1681/30 2342/1679/30 2326/1679/30
f 2324/1682/30 2341/1681/30 2325/1681/30
f 2323/1683/30 2340/1682/30 2324/1682/30
f 2322/1684/30 2339/1683/30 2323/1683/30
f 2321/1685/30 2338/1684/30 2322/1684/30
f 2320/1686/30 2337/1685/30 2321/1685/30
f 2319/1687/30 2336/1686/30 2320/1686/30
f 2318/1688/30 2335/1687/30 2319/1687/30
f 2317/1772/30 2334/1688/30 2318/1688/30
f 2316/1773/30 2333/1768/30 2317/1772/30
f 2315/1774/30 2332/1769/30 2316/1773/30
f 2314/1775/30 2331/1770/30 2315/1774/30
f 2313/857/30 2330/1771/30 2314/1775/30
f 2312/1678/31 1649/1551/31 1648/1551/31
f 2311/1677/31 2328/1678/31 2312/1678/31
f 2310/1679/31 2327/1677/31 2311/1677/31
f 2309/1681/31 2326/1679/31 2310/1679/31
f 2308/1682/31 2325/1681/31 2309/1681/31
f 2307/1683/31 2324/1682/31 2308/1682/31
f 2306/1684/31 2323/1683/31 2307/1683/31
f 2305/1685/31 2322/1684/31 2306/1684/31
f 2304/1686/31 2321/1685/31 2305/1685/31
f 2303/1687/31 2320/1686/31 2304/1686/31
f 2302/1688/31 2319/1687/31 2303/1687/31
f 2301/1772/31 2318/1688/31 2302/1688/31
f 2300/1776/31 2317/1772/31 2301/1772/31
f 2299/1777/31 2316/1773/31 2300/1776/31
f 2298/1778/31 2315/1774/31 2299/1777/31
f 2297/855/31 2314/1775/31 2298/1778/31
f 2296/1678/32 1648/1551/32 1647/1551/32
f 2295/1677/32 2312/1678/32 2296/1678/32
f 2294/1679/32 2311/1677/32 2295/1677/32
f 2293/1681/32 2310/1679/32 2294/1679/32
f 2292/1682/32 2309/1681/32 2293/1681/32
f 2291/1683/32 2308/1682/32 2292/1682/32
f 2290/1684/32 2307/1683/32 2291/1683/32
f 2289/1685/32 2306/1684/32 2290/1684/32
f 2288/1686/32 2305/1685/32 2289/1685/32
f 2287/1687/32 2304/1686/32 2288/1686/32
f 2286/1688/32 2303/1687/32 2287/1687/32
f 2285/1779/32 2302/1688/32 2286/1688/32
f 2284/1780/32 2301/1772/32 2285/1779/32
f 2283/1781/32 2300/1776/32 2284/1780/32
f 2282/1782/32 2299/1777/32 2283/1781/32
f 2281/853/32 2298/1778/32 2282/1782/32
f 2280/1678/33 1647/1551/33 1646/1551/33
f 2280/1678/33 2295/1677/33 2296/1678/33
f 2278/1679/33 2295/1677/33 2279/1677/33
f 2277/1681/33 2294/1679/33 2278/1679/33
f 2276/1682/33 2293/1681/33 2277/1681/33
f 2275/1683/33 2292/1682/33 2276/1682/33
f 2274/1684/33 2291/1683/33 2275/1683/33
f 2273/1685/33 2290/1684/33 2274/1684/33
f 2272/1686/33 2289/1685/33 2273/1685/33
f 2271/1687/33 2288/1686/33 2272/1686/33
f 2270/1688/33 2287/1687/33 2271/1687/33
f 2269/1779/33 2286/1688/33 2270/1688/33
f 2268/1783/33 2285/1779/33 2269/1779/33
f 2267/1784/33 2284/1780/33 2268/1783/33
f 2266/1785/33 2283/1781/33 2267/1784/33
f 2265/851/33 2282/1782/33 2266/1785/33
f 2264/1678/34 1646/1551/34 1645/1551/34
f 2263/1677/34 2280/1678/34 2264/1678/34
f 2262/1679/34 2279/1677/34 2263/1677/34
f 2261/1681/34 2278/1679/34 2262/1679/34
f 2260/1682/34 2277/1681/34 2261/1681/34
f 2259/1683/34 2276/1682/34 2260/1682/34
f 2258/1684/34 2275/1683/34 2259/1683/34
f 2257/1685/34 2274/1684/34 2258/1684/34
f 2256/1686/34 2273/1685/34 2257/1685/34
f 2255/1687/34 2272/1686/34 2256/1686/34
f 2254/1688/34 2271/1687/34 2255/1687/34
f 2253/1779/34 2270/1688/34 2254/1688/34
f 2252/1786/34 2269/1779/34 2253/1779/34
f 2251/1787/34 2268/1783/34 2252/1786/34
f 2250/1788/34 2267/1784/34 2251/1787/34
f 2249/849/34 2266/1785/34 2250/1788/34
f 2248/1678/35 1645/1551/35 1644/1551/35
f 2248/1678/35 2263/1677/35 2264/1678/35
f 2246/1679/35 2263/1677/35 2247/1677/35
f 2245/1681/35 2262/1679/35 2246/1679/35
f 2244/1682/35 2261/1681/35 2245/1681/35
f 2244/1682/35 2259/1683/35 2260/1682/35
f 2243/1683/35 2258/1684/35 2259/1683/35
f 2241/1685/35 2258/1684/35 2242/1684/35
f 2240/1686/35 2257/1685/35 2241/1685/35
f 2239/1687/35 2256/1686/35 2240/1686/35
f 2238/1688/35 2255/1687/35 2239/1687/35
f 2237/1789/35 2254/1688/35 2238/1688/35
f 2236/1790/35 2253/1779/35 2237/1789/35
f 2235/1791/35 2252/1786/35 2236/1790/35
f 2234/1792/35 2251/1787/35 2235/1791/35
f 2233/847/35 2250/1788/35 2234/1792/35
f 2232/1678/36 1644/1551/36 1643/1551/36
f 2232/1678/36 2247/1677/36 2248/1678/36
f 2230/1679/36 2247/1677/36 2231/1677/36
f 2229/1681/36 2246/1679/36 2230/1679/36
f 2228/1682/36 2245/1681/36 2229/1681/36
f 2228/1682/36 2243/1683/36 2244/1682/36
f 2227/1683/36 2242/1684/36 2243/1683/36
f 2225/1685/36 2242/1684/36 2226/1684/36
f 2224/1686/36 2241/1685/36 2225/1685/36
f 2223/1687/36 2240/1686/36 2224/1686/36
f 2222/1688/36 2239/1687/36 2223/1687/36
f 2221/1793/36 2238/1688/36 2222/1688/36
f 2220/1794/36 2237/1789/36 2221/1793/36
f 2219/1795/36 2236/1790/36 2220/1794/36
f 2218/1796/36 2235/1791/36 2219/1795/36
f 2217/845/36 2234/1792/36 2218/1796/36
f 2216/1678/105 1643/1551/105 1642/1551/105
f 2216/1678/105 2231/1677/105 2232/1678/105
f 2214/1679/105 2231/1677/105 2215/1677/105
f 2213/1681/105 2230/1679/105 2214/1679/105
f 2212/1682/105 2229/1681/105 2213/1681/105
f 2211/1683/105 2228/1682/105 2212/1682/105
f 2210/1684/105 2227/1683/105 2211/1683/105
f 2209/1685/105 2226/1684/105 2210/1684/105
f 2208/1686/105 2225/1685/105 2209/1685/105
f 2207/1687/105 2224/1686/105 2208/1686/105
f 2206/1688/105 2223/1687/105 2207/1687/105
f 2205/1793/105 2222/1688/105 2206/1688/105
f 2204/1797/105 2221/1793/105 2205/1793/105
f 2203/1798/105 2220/1794/105 2204/1797/105
f 2202/1799/105 2219/1795/105 2203/1798/105
f 2201/842/105 2218/1796/105 2202/1799/105
f 2185/1678/37 1642/1551/37 1641/1551/37
f 2185/1678/37 2215/1677/37 2216/1678/37
f 2187/1679/37 2215/1677/37 2186/1680/37
f 2188/1681/37 2214/1679/37 2187/1679/37
f 2189/1682/37 2213/1681/37 2188/1681/37
f 2190/1683/37 2212/1682/37 2189/1682/37
f 2191/1684/37 2211/1683/37 2190/1683/37
f 2192/1685/37 2210/1684/37 2191/1684/37
f 2193/1686/37 2209/1685/37 2192/1685/37
f 2194/1687/37 2208/1686/37 2193/1686/37
f 2195/1688/37 2207/1687/37 2194/1687/37
f 2196/1689/37 2206/1688/37 2195/1688/37
f 2197/1692/37 2205/1793/37 2196/1689/37
f 2198/1694/37 2204/1797/37 2197/1692/37
f 2199/1695/37 2203/1798/37 2198/1694/37
f 2200/843/37 2202/1799/37 2199/1695/37
f 3193/1800/37 970/907/37 969/905/37
f 3194/1801/37 2712/1800/37 3193/1800/37
f 3195/1802/37 2711/1801/37 3194/1801/37
f 3196/1803/37 2710/1802/37 3195/1802/37
f 3197/1804/37 2709/1803/37 3196/1803/37
f 3198/1805/37 2708/1804/37 3197/1804/37
f 3199/1806/37 2707/1805/37 3198/1805/37
f 3200/1807/37 2706/1808/37 3199/1806/37
f 3201/1809/37 2705/1807/37 3200/1807/37
f 3202/1810/37 2704/1809/37 3201/1809/37
f 3203/1811/37 2703/1810/37 3202/1810/37
f 3204/1812/37 2702/1811/37 3203/1811/37
f 3205/1813/37 2701/1812/37 3204/1812/37
f 3206/1814/37 2700/1813/37 3205/1813/37
f 3207/1815/37 2699/1814/37 3206/1814/37
f 3208/1550/37 2698/1816/37 3207/1815/37
f 2712/1800/105 971/907/105 970/907/105
f 2712/1800/105 2727/1801/105 2728/1800/105
f 2710/1802/105 2727/1801/105 2711/1801/105
f 2709/1803/105 2726/1802/105 2710/1802/105
f 2708/1804/105 2725/1803/105 2709/1803/105
f 2707/1805/105 2724/1804/105 2708/1804/105
f 2706/1808/105 2723/1805/105 2707/1805/105
f 2705/1807/105 2722/1808/105 2706/1808/105
f 2704/1809/105 2721/1807/105 2705/1807/105
f 2703/1810/105 2720/1809/105 2704/1809/105
f 2702/1811/105 2719/1810/105 2703/1810/105
f 2701/1812/105 2718/1811/105 2702/1811/105
f 2700/1813/105 2717/1812/105 2701/1812/105
f 2699/1814/105 2716/1813/105 2700/1813/105
f 2698/1816/105 2715/1814/105 2699/1814/105
f 2697/1550/105 2714/1816/105 2698/1816/105
f 2728/1800/36 972/907/36 971/907/36
f 2728/1800/36 2743/1801/36 2744/1800/36
f 2726/1802/36 2743/1801/36 2727/1801/36
f 2725/1803/36 2742/1802/36 2726/1802/36
f 2724/1804/36 2741/1803/36 2725/1803/36
f 2723/1805/36 2740/1804/36 2724/1804/36
f 2722/1808/36 2739/1805/36 2723/1805/36
f 2721/1807/36 2738/1808/36 2722/1808/36
f 2720/1809/36 2737/1807/36 2721/1807/36
f 2719/1810/36 2736/1809/36 2720/1809/36
f 2718/1811/36 2735/1810/36 2719/1810/36
f 2717/1812/36 2734/1811/36 2718/1811/36
f 2716/1813/36 2733/1812/36 2717/1812/36
f 2715/1814/36 2732/1813/36 2716/1813/36
f 2714/1816/36 2731/1814/36 2715/1814/36
f 2713/1550/36 2730/1816/36 2714/1816/36
f 2744/1800/35 973/907/35 972/907/35
f 2743/1801/35 2760/1800/35 2744/1800/35
f 2743/1801/35 2758/1802/35 2759/1801/35
f 2741/1803/35 2758/1802/35 2742/1802/35
f 2740/1804/35 2757/1803/35 2741/1803/35
f 2739/1805/35 2756/1804/35 2740/1804/35
f 2738/1808/35 2755/1805/35 2739/1805/35
f 2737/1807/35 2754/1808/35 2738/1808/35
f 2736/1809/35 2753/1807/35 2737/1807/35
f 2735/1810/35 2752/1809/35 2736/1809/35
f 2734/1811/35 2751/1810/35 2735/1810/35
f 2733/1812/35 2750/1811/35 2734/1811/35
f 2732/1813/35 2749/1812/35 2733/1812/35
f 2731/1814/35 2748/1813/35 2732/1813/35
f 2730/1816/35 2747/1814/35 2731/1814/35
f 2729/1550/35 2746/1816/35 2730/1816/35
f 2760/1800/34 974/905/34 973/907/34
f 2759/1801/34 2776/1800/34 2760/1800/34
f 2759/1801/34 2774/1802/34 2775/1801/34
f 2758/1802/34 2773/1803/34 2774/1802/34
f 2756/1804/34 2773/1803/34 2757/1803/34
f 2755/1805/34 2772/1804/34 2756/1804/34
f 2754/1808/34 2771/1805/34 2755/1805/34
f 2753/1807/34 2770/1808/34 2754/1808/34
f 2752/1809/34 2769/1807/34 2753/1807/34
f 2751/1810/34 2768/1809/34 2752/1809/34
f 2750/1811/34 2767/1810/34 2751/1810/34
f 2749/1812/34 2766/1811/34 2750/1811/34
f 2748/1813/34 2765/1812/34 2749/1812/34
f 2747/1814/34 2764/1813/34 2748/1813/34
f 2746/1816/34 2763/1814/34 2747/1814/34
f 2745/1550/34 2762/1816/34 2746/1816/34
f 974/905/33 2792/1800/33 975/905/33
f 2775/1801/33 2792/1800/33 2776/1800/33
f 2774/1802/33 2791/1801/33 2775/1801/33
f 2774/1802/33 2789/1803/33 2790/1802/33
f 2772/1804/33 2789/1803/33 2773/1803/33
f 2771/1805/33 2788/1804/33 2772/1804/33
f 2770/1808/33 2787/1805/33 2771/1805/33
f 2769/1807/33 2786/1808/33 2770/1808/33
f 2768/1809/33 2785/1807/33 2769/1807/33
f 2767/1810/33 2784/1809/33 2768/1809/33
f 2766/1811/33 2783/1810/33 2767/1810/33
f 2765/1812/33 2782/1811/33 2766/1811/33
f 2764/1813/33 2781/1812/33 2765/1812/33
f 2763/1814/33 2780/1813/33 2764/1813/33
f 2762/1816/33 2779/1814/33 2763/1814/33
f 2761/1550/33 2778/1816/33 2762/1816/33
f 975/905/32 2808/1800/32 976/905/32
f 2791/1801/32 2808/1800/32 2792/1800/32
f 2790/1802/32 2807/1801/32 2791/1801/32
f 2789/1803/32 2806/1802/32 2790/1802/32
f 2788/1804/32 2805/1803/32 2789/1803/32
f 2787/1805/32 2804/1804/32 2788/1804/32
f 2786/1808/32 2803/1805/32 2787/1805/32
f 2785/1807/32 2802/1808/32 2786/1808/32
f 2784/1809/32 2801/1807/32 2785/1807/32
f 2783/1810/32 2800/1809/32 2784/1809/32
f 2782/1811/32 2799/1810/32 2783/1810/32
f 2781/1812/32 2798/1811/32 2782/1811/32
f 2780/1813/32 2797/1812/32 2781/1812/32
f 2779/1814/32 2796/1813/32 2780/1813/32
f 2778/1816/32 2795/1814/32 2779/1814/32
f 2777/1550/32 2794/1816/32 2778/1816/32
f 976/905/31 2824/1800/31 977/905/31
f 2807/1801/31 2824/1800/31 2808/1800/31
f 2806/1802/31 2823/1801/31 2807/1801/31
f 2805/1803/31 2822/1802/31 2806/1802/31
f 2804/1804/31 2821/1803/31 2805/1803/31
f 2803/1805/31 2820/1804/31 2804/1804/31
f 2802/1808/31 2819/1805/31 2803/1805/31
f 2801/1807/31 2818/1808/31 2802/1808/31
f 2800/1809/31 2817/1807/31 2801/1807/31
f 2799/1810/31 2816/1809/31 2800/1809/31
f 2798/1811/31 2815/1810/31 2799/1810/31
f 2797/1812/31 2814/1811/31 2798/1811/31
f 2796/1813/31 2813/1812/31 2797/1812/31
f 2795/1814/31 2812/1813/31 2796/1813/31
f 2794/1816/31 2811/1814/31 2795/1814/31
f 2793/1550/31 2810/1816/31 2794/1816/31
f 2824/1800/30 978/905/30 977/905/30
f 2823/1801/30 2840/1800/30 2824/1800/30
f 2822/1802/30 2839/1801/30 2823/1801/30
f 2821/1803/30 2838/1802/30 2822/1802/30
f 2820/1804/30 2837/1803/30 2821/1803/30
f 2819/1805/30 2836/1804/30 2820/1804/30
f 2818/1808/30 2835/1805/30 2819/1805/30
f 2817/1807/30 2834/1808/30 2818/1808/30
f 2816/1809/30 2833/1807/30 2817/1807/30
f 2815/1810/30 2832/1809/30 2816/1809/30
f 2814/1811/30 2831/1810/30 2815/1810/30
f 2813/1812/30 2830/1811/30 2814/1811/30
f 2813/1812/30 2828/1813/30 2829/1812/30
f 2811/1814/30 2828/1813/30 2812/1813/30
f 2810/1816/30 2827/1814/30 2811/1814/30
f 2809/1550/30 2826/1816/30 2810/1816/30
f 2840/1800/29 979/905/29 978/905/29
f 2839/1801/29 2856/1800/29 2840/1800/29
f 2838/1802/29 2855/1801/29 2839/1801/29
f 2837/1803/29 2854/1802/29 2838/1802/29
f 2836/1804/29 2853/1803/29 2837/1803/29
f 2835/1805/29 2852/1804/29 2836/1804/29
f 2834/1808/29 2851/1805/29 2835/1805/29
f 2833/1807/29 2850/1808/29 2834/1808/29
f 2832/1809/29 2849/1807/29 2833/1807/29
f 2831/1810/29 2848/1809/29 2832/1809/29
f 2830/1811/29 2847/1810/29 2831/1810/29
f 2829/1812/29 2846/1811/29 2830/1811/29
f 2829/1812/29 2844/1813/29 2845/1812/29
f 2827/1814/29 2844/1813/29 2828/1813/29
f 2826/1816/29 2843/1814/29 2827/1814/29
f 2825/1550/29 2842/1816/29 2826/1816/29
f 2856/1800/28 980/905/28 979/905/28
f 2855/1801/28 2872/1800/28 2856/1800/28
f 2854/1802/28 2871/1801/28 2855/1801/28
f 2853/1803/28 2870/1802/28 2854/1802/28
f 2852/1804/28 2869/1803/28 2853/1803/28
f 2852/1804/28 2867/1805/28 2868/1804/28
f 2850/1808/28 2867/1805/28 2851/1805/28
f 2849/1807/28 2866/1808/28 2850/1808/28
f 2848/1809/28 2865/1807/28 2849/1807/28
f 2847/1810/28 2864/1809/28 2848/1809/28
f 2846/1811/28 2863/1810/28 2847/1810/28
f 2845/1812/28 2862/1811/28 2846/1811/28
f 2845/1812/28 2860/1813/28 2861/1812/28
f 2843/1814/28 2860/1813/28 2844/1813/28
f 2842/1816/28 2859/1814/28 2843/1814/28
f 2841/1550/28 2858/1816/28 2842/1816/28
f 2872/1800/27 981/905/27 980/905/27
f 2871/1801/27 2888/1800/27 2872/1800/27
f 2870/1802/27 2887/1801/27 2871/1801/27
f 2869/1803/27 2886/1802/27 2870/1802/27
f 2868/1804/27 2885/1803/27 2869/1803/27
f 2868/1804/27 2883/1805/27 2884/1804/27
f 2866/1808/27 2883/1805/27 2867/1805/27
f 2865/1807/27 2882/1808/27 2866/1808/27
f 2864/1809/27 2881/1807/27 2865/1807/27
f 2863/1810/27 2880/1817/27 2864/1809/27
f 2862/1811/27 2879/1810/27 2863/1810/27
f 2861/1812/27 2878/1811/27 2862/1811/27
f 2860/1813/27 2877/1812/27 2861/1812/27
f 2859/1814/27 2876/1813/27 2860/1813/27
f 2858/1816/27 2875/1814/27 2859/1814/27
f 2857/1550/27 2874/1816/27 2858/1816/27
f 2888/1800/26 982/905/26 981/905/26
f 2887/1801/26 2904/1800/26 2888/1800/26
f 2886/1802/26 2903/1801/26 2887/1801/26
f 2885/1803/26 2902/1802/26 2886/1802/26
f 2884/1804/26 2901/1803/26 2885/1803/26
f 2884/1804/26 2899/1805/26 2900/1804/26
f 2882/1808/26 2899/1805/26 2883/1805/26
f 2881/1807/26 2898/1808/26 2882/1808/26
f 2880/1817/26 2897/1807/26 2881/1807/26
f 2879/1810/26 2896/1817/26 2880/1817/26
f 2878/1811/26 2895/1810/26 2879/1810/26
f 2877/1812/26 2894/1811/26 2878/1811/26
f 2876/1813/26 2893/1812/26 2877/1812/26
f 2875/1814/26 2892/1813/26 2876/1813/26
f 2874/1816/26 2891/1814/26 2875/1814/26
f 2873/1550/26 2890/1816/26 2874/1816/26
f 2904/1800/25 983/905/25 982/905/25
f 2903/1801/25 2920/1800/25 2904/1800/25
f 2902/1802/25 2919/1801/25 2903/1801/25
f 2901/1803/25 2918/1802/25 2902/1802/25
f 2900/1804/25 2917/1803/25 2901/1803/25
f 2899/1805/25 2916/1804/25 2900/1804/25
f 2898/1808/25 2915/1805/25 2899/1805/25
f 2897/1807/25 2914/1808/25 2898/1808/25
f 2896/1817/25 2913/1807/25 2897/1807/25
f 2895/1810/25 2912/1817/25 2896/1817/25
f 2894/1811/25 2911/1810/25 2895/1810/25
f 2893/1812/25 2910/1811/25 2894/1811/25
f 2893/1812/25 2908/1813/25 2909/1812/25
f 2891/1814/25 2908/1813/25 2892/1813/25
f 2890/1816/25 2907/1814/25 2891/1814/25
f 2889/1550/25 2906/1816/25 2890/1816/25
f 2920/1800/24 984/905/24 983/905/24
f 2919/1801/24 2936/1800/24 2920/1800/24
f 2918/1802/24 2935/1801/24 2919/1801/24
f 2917/1803/24 2934/1802/24 2918/1802/24
f 2916/1804/24 2933/1803/24 2917/1803/24
f 2915/1805/24 2932/1804/24 2916/1804/24
f 2914/1808/24 2931/1805/24 2915/1805/24
f 2913/1807/24 2930/1808/24 2914/1808/24
f 2912/1817/24 2929/1807/24 2913/1807/24
f 2911/1810/24 2928/1817/24 2912/1817/24
f 2910/1811/24 2927/1810/24 2911/1810/24
f 2909/1812/24 2926/1811/24 2910/1811/24
f 2909/1812/24 2924/1813/24 2925/1812/24
f 2907/1814/24 2924/1813/24 2908/1813/24
f 2906/1816/24 2923/1814/24 2907/1814/24
f 2905/1550/24 2922/1815/24 2906/1816/24
f 2936/1800/23 985/905/23 984/905/23
f 2935/1801/23 2952/1800/23 2936/1800/23
f 2934/1802/23 2951/1801/23 2935/1801/23
f 2933/1803/23 2950/1802/23 2934/1802/23
f 2932/1804/23 2949/1803/23 2933/1803/23
f 2931/1805/23 2948/1804/23 2932/1804/23
f 2930/1808/23 2947/1805/23 2931/1805/23
f 2929/1807/23 2946/1808/23 2930/1808/23
f 2928/1817/23 2945/1807/23 2929/1807/23
f 2927/1810/23 2944/1817/23 2928/1817/23
f 2926/1811/23 2943/1810/23 2927/1810/23
f 2925/1812/23 2942/1811/23 2926/1811/23
f 2924/1813/23 2941/1812/23 2925/1812/23
f 2923/1814/23 2940/1813/23 2924/1813/23
f 2922/1815/23 2939/1814/23 2923/1814/23
f 2921/1550/23 2938/1815/23 2922/1815/23
f 2952/1800/22 986/905/22 985/905/22
f 2951/1801/22 2968/1800/22 2952/1800/22
f 2950/1802/22 2967/1801/22 2951/1801/22
f 2949/1803/22 2966/1802/22 2950/1802/22
f 2948/1804/22 2965/1803/22 2949/1803/22
f 2947/1805/22 2964/1804/22 2948/1804/22
f 2946/1808/22 2963/1805/22 2947/1805/22
f 2945/1807/22 2962/1808/22 2946/1808/22
f 2944/1817/22 2961/1807/22 2945/1807/22
f 2943/1810/22 2960/1817/22 2944/1817/22
f 2942/1811/22 2959/1810/22 2943/1810/22
f 2941/1812/22 2958/1811/22 2942/1811/22
f 2940/1813/22 2957/1812/22 2941/1812/22
f 2939/1814/22 2956/1813/22 2940/1813/22
f 2938/1815/22 2955/1814/22 2939/1814/22
f 2937/1550/22 2954/1816/22 2938/1815/22
f 2968/1800/21 987/905/21 986/905/21
f 2967/1801/21 2984/1800/21 2968/1800/21
f 2966/1802/21 2983/1801/21 2967/1801/21
f 2965/1803/21 2982/1802/21 2966/1802/21
f 2964/1804/21 2981/1803/21 2965/1803/21
f 2963/1805/21 2980/1804/21 2964/1804/21
f 2962/1808/21 2979/1805/21 2963/1805/21
f 2961/1807/21 2978/1808/21 2962/1808/21
f 2960/1817/21 2977/1807/21 2961/1807/21
f 2959/1810/21 2976/1817/21 2960/1817/21
f 2958/1811/21 2975/1810/21 2959/1810/21
f 2957/1812/21 2974/1811/21 2958/1811/21
f 2957/1812/21 2972/1813/21 2973/1812/21
f 2955/1814/21 2972/1813/21 2956/1813/21
f 2954/1816/21 2971/1814/21 2955/1814/21
f 2953/1550/21 2970/1816/21 2954/1816/21
f 2984/1800/20 988/905/20 987/905/20
f 2983/1801/20 3000/1800/20 2984/1800/20
f 2982/1802/20 2999/1801/20 2983/1801/20
f 2981/1803/20 2998/1802/20 2982/1802/20
f 2980/1804/20 2997/1803/20 2981/1803/20
f 2979/1805/20 2996/1804/20 2980/1804/20
f 2978/1808/20 2995/1805/20 2979/1805/20
f 2977/1807/20 2994/1808/20 2978/1808/20
f 2976/1817/20 2993/1807/20 2977/1807/20
f 2975/1810/20 2992/1817/20 2976/1817/20
f 2974/1811/20 2991/1810/20 2975/1810/20
f 2973/1812/20 2990/1811/20 2974/1811/20
f 2973/1812/20 2988/1813/20 2989/1812/20
f 2971/1814/20 2988/1813/20 2972/1813/20
f 2970/1816/20 2987/1814/20 2971/1814/20
f 2969/1550/20 2986/1815/20 2970/1816/20
f 3000/1800/19 989/905/19 988/905/19
f 2999/1801/19 3016/1800/19 3000/1800/19
f 2998/1802/19 3015/1801/19 2999/1801/19
f 2997/1803/19 3014/1802/19 2998/1802/19
f 2996/1804/19 3013/1803/19 2997/1803/19
f 2995/1805/19 3012/1804/19 2996/1804/19
f 2994/1808/19 3011/1805/19 2995/1805/19
f 2993/1807/19 3010/1808/19 2994/1808/19
f 2992/1817/19 3009/1807/19 2993/1807/19
f 2991/1810/19 3008/1817/19 2992/1817/19
f 2990/1811/19 3007/1810/19 2991/1810/19
f 2989/1812/19 3006/1811/19 2990/1811/19
f 2989/1812/19 3004/1813/19 3005/1812/19
f 2987/1814/19 3004/1813/19 2988/1813/19
f 2986/1815/19 3003/1814/19 2987/1814/19
f 2985/1550/19 3002/1815/19 2986/1815/19
f 3016/1800/18 990/905/18 989/905/18
f 3015/1801/18 3032/1800/18 3016/1800/18
f 3014/1802/18 3031/1801/18 3015/1801/18
f 3013/1803/18 3030/1802/18 3014/1802/18
f 3012/1804/18 3029/1803/18 3013/1803/18
f 3011/1805/18 3028/1804/18 3012/1804/18
f 3010/1808/18 3027/1805/18 3011/1805/18
f 3009/1807/18 3026/1808/18 3010/1808/18
f 3008/1817/18 3025/1807/18 3009/1807/18
f 3007/1810/18 3024/1817/18 3008/1817/18
f 3006/1811/18 3023/1810/18 3007/1810/18
f 3005/1812/18 3022/1811/18 3006/1811/18
f 3005/1812/18 3020/1813/18 3021/1812/18
f 3003/1814/18 3020/1813/18 3004/1813/18
f 3002/1815/18 3019/1814/18 3003/1814/18
f 3001/1550/18 3018/1815/18 3002/1815/18
f 3032/1800/17 991/905/17 990/905/17
f 3031/1801/17 3048/1800/17 3032/1800/17
f 3030/1802/17 3047/1801/17 3031/1801/17
f 3029/1803/17 3046/1802/17 3030/1802/17
f 3028/1804/17 3045/1803/17 3029/1803/17
f 3027/1805/17 3044/1804/17 3028/1804/17
f 3026/1808/17 3043/1805/17 3027/1805/17
f 3025/1807/17 3042/1808/17 3026/1808/17
f 3024/1817/17 3041/1807/17 3025/1807/17
f 3023/1810/17 3040/1817/17 3024/1817/17
f 3022/1811/17 3039/1810/17 3023/1810/17
f 3021/1812/17 3038/1811/17 3022/1811/17
f 3021/1812/17 3036/1813/17 3037/1812/17
f 3019/1814/17 3036/1813/17 3020/1813/17
f 3018/1815/17 3035/1814/17 3019/1814/17
f 3017/1550/17 3034/1815/17 3018/1815/17
f 3048/1800/16 992/905/16 991/905/16
f 3047/1801/16 3064/1800/16 3048/1800/16
f 3046/1802/16 3063/1801/16 3047/1801/16
f 3045/1803/16 3062/1802/16 3046/1802/16
f 3044/1804/16 3061/1803/16 3045/1803/16
f 3043/1805/16 3060/1804/16 3044/1804/16
f 3042/1808/16 3059/1805/16 3043/1805/16
f 3041/1807/16 3058/1808/16 3042/1808/16
f 3040/1817/16 3057/1807/16 3041/1807/16
f 3039/1810/16 3056/1817/16 3040/1817/16
f 3038/1811/16 3055/1810/16 3039/1810/16
f 3037/1812/16 3054/1811/16 3038/1811/16
f 3036/1813/16 3053/1812/16 3037/1812/16
f 3035/1814/16 3052/1813/16 3036/1813/16
f 3034/1815/16 3051/1814/16 3035/1814/16
f 3033/1550/16 3050/1815/16 3034/1815/16
f 3064/1800/15 993/905/15 992/905/15
f 3063/1801/15 3080/1800/15 3064/1800/15
f 3062/1802/15 3079/1801/15 3063/1801/15
f 3061/1803/15 3078/1802/15 3062/1802/15
f 3060/1804/15 3077/1803/15 3061/1803/15
f 3059/1805/15 3076/1804/15 3060/1804/15
f 3058/1808/15 3075/1805/15 3059/1805/15
f 3057/1807/15 3074/1808/15 3058/1808/15
f 3056/1817/15 3073/1807/15 3057/1807/15
f 3055/1810/15 3072/1817/15 3056/1817/15
f 3054/1811/15 3071/1810/15 3055/1810/15
f 3053/1812/15 3070/1811/15 3054/1811/15
f 3052/1813/15 3069/1812/15 3053/1812/15
f 3051/1814/15 3068/1813/15 3052/1813/15
f 3050/1815/15 3067/1814/15 3051/1814/15
f 3049/1550/15 3066/1815/15 3050/1815/15
f 3080/1800/14 994/905/14 993/905/14
f 3079/1801/14 3096/1800/14 3080/1800/14
f 3078/1802/14 3095/1801/14 3079/1801/14
f 3077/1803/14 3094/1802/14 3078/1802/14
f 3076/1804/14 3093/1803/14 3077/1803/14
f 3075/1805/14 3092/1804/14 3076/1804/14
f 3074/1808/14 3091/1805/14 3075/1805/14
f 3073/1807/14 3090/1808/14 3074/1808/14
f 3072/1817/14 3089/1807/14 3073/1807/14
f 3071/1810/14 3088/1817/14 3072/1817/14
f 3070/1811/14 3087/1810/14 3071/1810/14
f 3069/1812/14 3086/1811/14 3070/1811/14
f 3068/1813/14 3085/1812/14 3069/1812/14
f 3067/1814/14 3084/1813/14 3068/1813/14
f 3066/1815/14 3083/1814/14 3067/1814/14
f 3065/1550/14 3082/1815/14 3066/1815/14
f 3096/1800/13 995/905/13 994/905/13
f 3095/1801/13 3112/1800/13 3096/1800/13
f 3094/1802/13 3111/1801/13 3095/1801/13
f 3093/1803/13 3110/1802/13 3094/1802/13
f 3092/1804/13 3109/1803/13 3093/1803/13
f 3091/1805/13 3108/1804/13 3092/1804/13
f 3090/1808/13 3107/1805/13 3091/1805/13
f 3089/1807/13 3106/1808/13 3090/1808/13
f 3088/1817/13 3105/1807/13 3089/1807/13
f 3087/1810/13 3104/1817/13 3088/1817/13
f 3086/1811/13 3103/1810/13 3087/1810/13
f 3085/1812/13 3102/1811/13 3086/1811/13
f 3084/1813/13 3101/1812/13 3085/1812/13
f 3083/1814/13 3100/1813/13 3084/1813/13
f 3082/1815/13 3099/1814/13 3083/1814/13
f 3081/1550/13 3098/1815/13 3082/1815/13
f 3112/1800/12 996/905/12 995/905/12
f 3111/1801/12 3128/1800/12 3112/1800/12
f 3111/1801/12 3126/1802/12 3127/1801/12
f 3109/1803/12 3126/1802/12 3110/1802/12
f 3108/1804/12 3125/1803/12 3109/1803/12
f 3107/1805/12 3124/1804/12 3108/1804/12
f 3106/1808/12 3123/1805/12 3107/1805/12
f 3105/1807/12 3122/1808/12 3106/1808/12
f 3104/1817/12 3121/1807/12 3105/1807/12
f 3103/1810/12 3120/1817/12 3104/1817/12
f 3102/1811/12 3119/1810/12 3103/1810/12
f 3101/1812/12 3118/1811/12 3102/1811/12
f 3100/1813/12 3117/1812/12 3101/1812/12
f 3099/1814/12 3116/1813/12 3100/1813/12
f 3098/1815/12 3115/1814/12 3099/1814/12
f 3097/1550/12 3114/1815/12 3098/1815/12
f 3128/1800/11 997/905/11 996/905/11
f 3128/1800/11 3143/1801/11 3144/1800/11
f 3127/1801/11 3142/1802/11 3143/1801/11
f 3125/1803/11 3142/1802/11 3126/1802/11
f 3124/1804/11 3141/1803/11 3125/1803/11
f 3123/1805/11 3140/1804/11 3124/1804/11
f 3122/1808/11 3139/1805/11 3123/1805/11
f 3121/1807/11 3138/1808/11 3122/1808/11
f 3120/1817/11 3137/1807/11 3121/1807/11
f 3119/1810/11 3136/1817/11 3120/1817/11
f 3118/1811/11 3135/1810/11 3119/1810/11
f 3117/1812/11 3134/1811/11 3118/1811/11
f 3116/1813/11 3133/1812/11 3117/1812/11
f 3115/1814/11 3132/1813/11 3116/1813/11
f 3114/1815/11 3131/1814/11 3115/1814/11
f 3113/1550/11 3130/1815/11 3114/1815/11
f 3144/1800/10 998/905/10 997/905/10
f 3144/1800/10 3159/1801/10 3160/1800/10
f 3142/1802/10 3159/1801/10 3143/1801/10
f 3142/1802/10 3157/1803/10 3158/1802/10
f 3140/1804/10 3157/1803/10 3141/1803/10
f 3139/1805/10 3156/1804/10 3140/1804/10
f 3138/1808/10 3155/1805/10 3139/1805/10
f 3137/1807/10 3154/1808/10 3138/1808/10
f 3136/1817/10 3153/1807/10 3137/1807/10
f 3135/1810/10 3152/1817/10 3136/1817/10
f 3134/1811/10 3151/1810/10 3135/1810/10
f 3133/1812/10 3150/1811/10 3134/1811/10
f 3132/1813/10 3149/1812/10 3133/1812/10
f 3131/1814/10 3148/1813/10 3132/1813/10
f 3130/1815/10 3147/1814/10 3131/1814/10
f 3129/1550/10 3146/1815/10 3130/1815/10
f 3160/1800/9 999/905/9 998/905/9
f 3160/1800/9 3175/1801/9 3176/1800/9
f 3158/1802/9 3175/1801/9 3159/1801/9
f 3158/1802/9 3173/1803/9 3174/1802/9
f 3156/1804/9 3173/1803/9 3157/1803/9
f 3155/1805/9 3172/1804/9 3156/1804/9
f 3154/1808/9 3171/1805/9 3155/1805/9
f 3153/1807/9 3170/1808/9 3154/1808/9
f 3152/1817/9 3169/1807/9 3153/1807/9
f 3151/1810/9 3168/1817/9 3152/1817/9
f 3150/1811/9 3167/1810/9 3151/1810/9
f 3149/1812/9 3166/1811/9 3150/1811/9
f 3148/1813/9 3165/1812/9 3149/1812/9
f 3147/1814/9 3164/1813/9 3148/1813/9
f 3146/1815/9 3163/1814/9 3147/1814/9
f 3145/1550/9 3162/1815/9 3146/1815/9
f 3176/1800/8 1000/905/8 999/905/8
f 3176/1800/8 3191/1801/8 3192/1800/8
f 3174/1802/8 3191/1801/8 3175/1801/8
f 3173/1803/8 3190/1802/8 3174/1802/8
f 3172/1804/8 3189/1803/8 3173/1803/8
f 3171/1805/8 3188/1804/8 3172/1804/8
f 3170/1808/8 3187/1805/8 3171/1805/8
f 3169/1807/8 3186/1808/8 3170/1808/8
f 3168/1817/8 3185/1807/8 3169/1807/8
f 3167/1810/8 3184/1817/8 3168/1817/8
f 3166/1811/8 3183/1810/8 3167/1810/8
f 3165/1812/8 3182/1811/8 3166/1811/8
f 3164/1813/8 3181/1812/8 3165/1812/8
f 3163/1814/8 3180/1813/8 3164/1813/8
f 3162/1815/8 3179/1814/8 3163/1814/8
f 3161/1550/8 3178/1815/8 3162/1815/8
f 1000/905/7 3193/1800/7 969/905/7
f 3192/1800/7 3194/1801/7 3193/1800/7
f 3191/1801/7 3195/1802/7 3194/1801/7
f 3190/1802/7 3196/1803/7 3195/1802/7
f 3189/1803/7 3197/1804/7 3196/1803/7
f 3188/1804/7 3198/1805/7 3197/1804/7
f 3187/1805/7 3199/1806/7 3198/1805/7
f 3186/1808/7 3200/1807/7 3199/1806/7
f 3185/1807/7 3201/1809/7 3200/1807/7
f 3184/1817/7 3202/1810/7 3201/1809/7
f 3183/1810/7 3203/1811/7 3202/1810/7
f 3182/1811/7 3204/1812/7 3203/1811/7
f 3181/1812/7 3205/1813/7 3204/1812/7
f 3180/1813/7 3206/1814/7 3205/1813/7
f 3179/1814/7 3207/1815/7 3206/1814/7
f 3178/1815/7 3208/1550/7 3207/1815/7
f 3705/1818/37 1002/908/37 1001/908/37
f 3705/1818/37 3223/1819/37 3224/1818/37
f 3707/1820/37 3223/1819/37 3706/1819/37
f 3708/1821/37 3222/1820/37 3707/1820/37
f 3709/1822/37 3221/1821/37 3708/1821/37
f 3710/1823/37 3220/1822/37 3709/1822/37
f 3711/1824/37 3219/1823/37 3710/1823/37
f 3712/1825/37 3218/1824/37 3711/1824/37
f 3713/1826/37 3217/1825/37 3712/1825/37
f 3714/1827/37 3216/1826/37 3713/1826/37
f 3715/1828/37 3215/1827/37 3714/1827/37
f 3716/1829/37 3214/1828/37 3715/1828/37
f 3717/1830/37 3213/1831/37 3716/1829/37
f 3718/1832/37 3212/1830/37 3717/1830/37
f 3719/1833/37 3211/1832/37 3718/1832/37
f 3719/1833/37 3209/1552/37 3210/1833/37
f 3224/1818/105 1003/908/105 1002/908/105
f 3224/1818/105 3239/1819/105 3240/1818/105
f 3222/1820/105 3239/1819/105 3223/1819/105
f 3221/1821/105 3238/1820/105 3222/1820/105
f 3220/1822/105 3237/1821/105 3221/1821/105
f 3219/1823/105 3236/1822/105 3220/1822/105
f 3218/1824/105 3235/1823/105 3219/1823/105
f 3217/1825/105 3234/1824/105 3218/1824/105
f 3216/1826/105 3233/1825/105 3217/1825/105
f 3215/1827/105 3232/1826/105 3216/1826/105
f 3214/1828/105 3231/1827/105 3215/1827/105
f 3213/1831/105 3230/1828/105 3214/1828/105
f 3212/1830/105 3229/1829/105 3213/1831/105
f 3211/1832/105 3228/1830/105 3212/1830/105
f 3210/1833/105 3227/1832/105 3211/1832/105
f 3209/1552/105 3226/1833/105 3210/1833/105
f 3240/1818/36 1004/908/36 1003/908/36
f 3239/1819/36 3256/1818/36 3240/1818/36
f 3239/1819/36 3254/1820/36 3255/1819/36
f 3237/1821/36 3254/1820/36 3238/1820/36
f 3236/1822/36 3253/1821/36 3237/1821/36
f 3235/1823/36 3252/1822/36 3236/1822/36
f 3234/1824/36 3251/1823/36 3235/1823/36
f 3233/1825/36 3250/1824/36 3234/1824/36
f 3232/1826/36 3249/1825/36 3233/1825/36
f 3231/1827/36 3248/1826/36 3232/1826/36
f 3230/1828/36 3247/1827/36 3231/1827/36
f 3229/1829/36 3246/1828/36 3230/1828/36
f 3228/1830/36 3245/1829/36 3229/1829/36
f 3227/1832/36 3244/1830/36 3228/1830/36
f 3226/1833/36 3243/1832/36 3227/1832/36
f 3225/1552/36 3242/1833/36 3226/1833/36
f 3256/1818/35 1005/908/35 1004/908/35
f 3255/1819/35 3272/1818/35 3256/1818/35
f 3255/1819/35 3270/1820/35 3271/1819/35
f 3253/1821/35 3270/1820/35 3254/1820/35
f 3252/1822/35 3269/1821/35 3253/1821/35
f 3251/1823/35 3268/1822/35 3252/1822/35
f 3250/1824/35 3267/1823/35 3251/1823/35
f 3249/1825/35 3266/1824/35 3250/1824/35
f 3248/1826/35 3265/1825/35 3249/1825/35
f 3247/1827/35 3264/1826/35 3248/1826/35
f 3246/1828/35 3263/1827/35 3247/1827/35
f 3245/1829/35 3262/1828/35 3246/1828/35
f 3244/1830/35 3261/1831/35 3245/1829/35
f 3243/1832/35 3260/1830/35 3244/1830/35
f 3242/1833/35 3259/1832/35 3243/1832/35
f 3241/1552/35 3258/1833/35 3242/1833/35
f 3272/1818/34 1006/908/34 1005/908/34
f 3271/1819/34 3288/1818/34 3272/1818/34
f 3270/1820/34 3287/1819/34 3271/1819/34
f 3269/1821/34 3286/1820/34 3270/1820/34
f 3268/1822/34 3285/1821/34 3269/1821/34
f 3267/1823/34 3284/1822/34 3268/1822/34
f 3266/1824/34 3283/1823/34 3267/1823/34
f 3265/1825/34 3282/1824/34 3266/1824/34
f 3264/1826/34 3281/1825/34 3265/1825/34
f 3263/1827/34 3280/1826/34 3264/1826/34
f 3262/1828/34 3279/1827/34 3263/1827/34
f 3261/1831/34 3278/1828/34 3262/1828/34
f 3260/1830/34 3277/1831/34 3261/1831/34
f 3259/1832/34 3276/1830/34 3260/1830/34
f 3258/1833/34 3275/1832/34 3259/1832/34
f 3257/1552/34 3274/1833/34 3258/1833/34
f 3288/1818/33 1007/908/33 1006/908/33
f 3287/1819/33 3304/1818/33 3288/1818/33
f 3287/1819/33 3302/1820/33 3303/1819/33
f 3285/1821/33 3302/1820/33 3286/1820/33
f 3284/1822/33 3301/1821/33 3285/1821/33
f 3283/1823/33 3300/1822/33 3284/1822/33
f 3282/1824/33 3299/1823/33 3283/1823/33
f 3281/1825/33 3298/1824/33 3282/1824/33
f 3280/1826/33 3297/1825/33 3281/1825/33
f 3279/1827/33 3296/1826/33 3280/1826/33
f 3278/1828/33 3295/1827/33 3279/1827/33
f 3277/1831/33 3294/1828/33 3278/1828/33
f 3276/1830/33 3293/1831/33 3277/1831/33
f 3275/1832/33 3292/1830/33 3276/1830/33
f 3274/1833/33 3291/1832/33 3275/1832/33
f 3273/1552/33 3290/1833/33 3274/1833/33
f 3304/1818/32 1008/908/32 1007/908/32
f 3303/1819/32 3320/1818/32 3304/1818/32
f 3302/1820/32 3319/1819/32 3303/1819/32
f 3301/1821/32 3318/1820/32 3302/1820/32
f 3300/1822/32 3317/1821/32 3301/1821/32
f 3299/1823/32 3316/1822/32 3300/1822/32
f 3298/1824/32 3315/1823/32 3299/1823/32
f 3297/1825/32 3314/1824/32 3298/1824/32
f 3296/1826/32 3313/1825/32 3297/1825/32
f 3295/1827/32 3312/1826/32 3296/1826/32
f 3294/1828/32 3311/1827/32 3295/1827/32
f 3293/1831/32 3310/1828/32 3294/1828/32
f 3292/1830/32 3309/1831/32 3293/1831/32
f 3291/1832/32 3308/1830/32 3292/1830/32
f 3290/1833/32 3307/1832/32 3291/1832/32
f 3289/1552/32 3306/1833/32 3290/1833/32
f 3320/1818/31 1009/908/31 1008/908/31
f 3319/1819/31 3336/1818/31 3320/1818/31
f 3318/1820/31 3335/1819/31 3319/1819/31
f 3317/1821/31 3334/1820/31 3318/1820/31
f 3316/1822/31 3333/1821/31 3317/1821/31
f 3315/1823/31 3332/1822/31 3316/1822/31
f 3314/1824/31 3331/1823/31 3315/1823/31
f 3313/1825/31 3330/1824/31 3314/1824/31
f 3312/1826/31 3329/1825/31 3313/1825/31
f 3311/1827/31 3328/1826/31 3312/1826/31
f 3310/1828/31 3327/1827/31 3311/1827/31
f 3309/1831/31 3326/1828/31 3310/1828/31
f 3308/1830/31 3325/1831/31 3309/1831/31
f 3307/1832/31 3324/1830/31 3308/1830/31
f 3306/1833/31 3323/1832/31 3307/1832/31
f 3305/1552/31 3322/1833/31 3306/1833/31
f 3336/1818/30 1010/908/30 1009/908/30
f 3335/1819/30 3352/1818/30 3336/1818/30
f 3334/1820/30 3351/1819/30 3335/1819/30
f 3333/1821/30 3350/1820/30 3334/1820/30
f 3332/1822/30 3349/1821/30 3333/1821/30
f 3331/1823/30 3348/1822/30 3332/1822/30
f 3330/1824/30 3347/1823/30 3331/1823/30
f 3329/1825/30 3346/1824/30 3330/1824/30
f 3328/1826/30 3345/1825/30 3329/1825/30
f 3327/1827/30 3344/1826/30 3328/1826/30
f 3326/1828/30 3343/1827/30 3327/1827/30
f 3325/1831/30 3342/1828/30 3326/1828/30
f 3324/1830/30 3341/1831/30 3325/1831/30
f 3323/1832/30 3340/1830/30 3324/1830/30
f 3322/1833/30 3339/1832/30 3323/1832/30
f 3321/1552/30 3338/1833/30 3322/1833/30
f 3352/1818/29 1011/908/29 1010/908/29
f 3351/1819/29 3368/1818/29 3352/1818/29
f 3350/1820/29 3367/1819/29 3351/1819/29
f 3349/1821/29 3366/1820/29 3350/1820/29
f 3348/1822/29 3365/1821/29 3349/1821/29
f 3347/1823/29 3364/1822/29 3348/1822/29
f 3346/1824/29 3363/1823/29 3347/1823/29
f 3345/1825/29 3362/1824/29 3346/1824/29
f 3344/1826/29 3361/1825/29 3345/1825/29
f 3343/1827/29 3360/1826/29 3344/1826/29
f 3342/1828/29 3359/1827/29 3343/1827/29
f 3341/1831/29 3358/1828/29 3342/1828/29
f 3341/1831/29 3356/1830/29 3357/1831/29
f 3339/1832/29 3356/1830/29 3340/1830/29
f 3338/1833/29 3355/1832/29 3339/1832/29
f 3337/1552/29 3354/1833/29 3338/1833/29
f 3368/1818/28 1012/908/28 1011/908/28
f 3367/1819/28 3384/1818/28 3368/1818/28
f 3366/1820/28 3383/1819/28 3367/1819/28
f 3365/1821/28 3382/1820/28 3366/1820/28
f 3364/1822/28 3381/1821/28 3365/1821/28
f 3363/1823/28 3380/1822/28 3364/1822/28
f 3362/1824/28 3379/1823/28 3363/1823/28
f 3361/1825/28 3378/1824/28 3362/1824/28
f 3360/1826/28 3377/1825/28 3361/1825/28
f 3359/1827/28 3376/1826/28 3360/1826/28
f 3358/1828/28 3375/1827/28 3359/1827/28
f 3357/1831/28 3374/1828/28 3358/1828/28
f 3357/1831/28 3372/1830/28 3373/1831/28
f 3355/1832/28 3372/1830/28 3356/1830/28
f 3354/1833/28 3371/1832/28 3355/1832/28
f 3353/1552/28 3370/1833/28 3354/1833/28
f 3384/1818/27 1013/908/27 1012/908/27
f 3383/1819/27 3400/1818/27 3384/1818/27
f 3382/1820/27 3399/1819/27 3383/1819/27
f 3381/1821/27 3398/1820/27 3382/1820/27
f 3380/1822/27 3397/1821/27 3381/1821/27
f 3379/1823/27 3396/1822/27 3380/1822/27
f 3378/1824/27 3395/1823/27 3379/1823/27
f 3377/1825/27 3394/1824/27 3378/1824/27
f 3376/1826/27 3393/1825/27 3377/1825/27
f 3375/1827/27 3392/1826/27 3376/1826/27
f 3374/1828/27 3391/1827/27 3375/1827/27
f 3373/1831/27 3390/1828/27 3374/1828/27
f 3372/1830/27 3389/1829/27 3373/1831/27
f 3371/1832/27 3388/1830/27 3372/1830/27
f 3370/1833/27 3387/1832/27 3371/1832/27
f 3369/1552/27 3386/1833/27 3370/1833/27
f 3400/1818/26 1014/908/26 1013/908/26
f 3399/1819/26 3416/1818/26 3400/1818/26
f 3398/1820/26 3415/1819/26 3399/1819/26
f 3397/1821/26 3414/1820/26 3398/1820/26
f 3396/1822/26 3413/1821/26 3397/1821/26
f 3395/1823/26 3412/1822/26 3396/1822/26
f 3394/1824/26 3411/1823/26 3395/1823/26
f 3393/1825/26 3410/1824/26 3394/1824/26
f 3392/1826/26 3409/1825/26 3393/1825/26
f 3391/1827/26 3408/1826/26 3392/1826/26
f 3390/1828/26 3407/1827/26 3391/1827/26
f 3389/1829/26 3406/1828/26 3390/1828/26
f 3389/1829/26 3404/1834/26 3405/1831/26
f 3387/1832/26 3404/1834/26 3388/1830/26
f 3386/1833/26 3403/1832/26 3387/1832/26
f 3385/1552/26 3402/1833/26 3386/1833/26
f 3416/1818/25 1015/908/25 1014/908/25
f 3415/1819/25 3432/1818/25 3416/1818/25
f 3414/1820/25 3431/1819/25 3415/1819/25
f 3413/1821/25 3430/1820/25 3414/1820/25
f 3412/1822/25 3429/1821/25 3413/1821/25
f 3411/1823/25 3428/1822/25 3412/1822/25
f 3410/1824/25 3427/1823/25 3411/1823/25
f 3409/1825/25 3426/1824/25 3410/1824/25
f 3408/1826/25 3425/1825/25 3409/1825/25
f 3407/1827/25 3424/1826/25 3408/1826/25
f 3406/1828/25 3423/1827/25 3407/1827/25
f 3405/1831/25 3422/1835/25 3406/1828/25
f 3405/1831/25 3420/1834/25 3421/1831/25
f 3403/1832/25 3420/1834/25 3404/1834/25
f 3402/1833/25 3419/1832/25 3403/1832/25
f 3401/1552/25 3418/1833/25 3402/1833/25
f 3432/1818/24 1016/908/24 1015/908/24
f 3431/1819/24 3448/1818/24 3432/1818/24
f 3430/1820/24 3447/1819/24 3431/1819/24
f 3429/1821/24 3446/1820/24 3430/1820/24
f 3428/1822/24 3445/1821/24 3429/1821/24
f 3427/1823/24 3444/1822/24 3428/1822/24
f 3426/1824/24 3443/1823/24 3427/1823/24
f 3425/1825/24 3442/1824/24 3426/1824/24
f 3424/1826/24 3441/1825/24 3425/1825/24
f 3423/1827/24 3440/1826/24 3424/1826/24
f 3422/1835/24 3439/1827/24 3423/1827/24
f 3421/1831/24 3438/1828/24 3422/1835/24
f 3421/1831/24 3436/1830/24 3437/1831/24
f 3419/1832/24 3436/1830/24 3420/1834/24
f 3418/1833/24 3435/1832/24 3419/1832/24
f 3417/1552/24 3434/1833/24 3418/1833/24
f 3448/1818/23 1017/908/23 1016/908/23
f 3447/1819/23 3464/1818/23 3448/1818/23
f 3446/1820/23 3463/1819/23 3447/1819/23
f 3445/1821/23 3462/1820/23 3446/1820/23
f 3444/1822/23 3461/1821/23 3445/1821/23
f 3443/1823/23 3460/1822/23 3444/1822/23
f 3442/1824/23 3459/1823/23 3443/1823/23
f 3441/1825/23 3458/1824/23 3442/1824/23
f 3440/1826/23 3457/1825/23 3441/1825/23
f 3439/1827/23 3456/1826/23 3440/1826/23
f 3438/1828/23 3455/1827/23 3439/1827/23
f 3437/1831/23 3454/1828/23 3438/1828/23
f 3437/1831/23 3452/1830/23 3453/1831/23
f 3435/1832/23 3452/1830/23 3436/1830/23
f 3434/1833/23 3451/1832/23 3435/1832/23
f 3433/1552/23 3450/1833/23 3434/1833/23
f 3464/1818/22 1018/908/22 1017/908/22
f 3463/1819/22 3480/1818/22 3464/1818/22
f 3462/1820/22 3479/1819/22 3463/1819/22
f 3461/1821/22 3478/1820/22 3462/1820/22
f 3460/1822/22 3477/1821/22 3461/1821/22
f 3459/1823/22 3476/1822/22 3460/1822/22
f 3458/1824/22 3475/1823/22 3459/1823/22
f 3457/1825/22 3474/1824/22 3458/1824/22
f 3456/1826/22 3473/1825/22 3457/1825/22
f 3455/1827/22 3472/1826/22 3456/1826/22
f 3454/1828/22 3471/1827/22 3455/1827/22
f 3453/1831/22 3470/1828/22 3454/1828/22
f 3453/1831/22 3468/1830/22 3469/1829/22
f 3451/1832/22 3468/1830/22 3452/1830/22
f 3450/1833/22 3467/1832/22 3451/1832/22
f 3449/1552/22 3466/1833/22 3450/1833/22
f 3480/1818/21 1019/908/21 1018/908/21
f 3479/1819/21 3496/1818/21 3480/1818/21
f 3478/1820/21 3495/1819/21 3479/1819/21
f 3477/1821/21 3494/1820/21 3478/1820/21
f 3476/1822/21 3493/1821/21 3477/1821/21
f 3475/1823/21 3492/1822/21 3476/1822/21
f 3474/1824/21 3491/1823/21 3475/1823/21
f 3473/1825/21 3490/1824/21 3474/1824/21
f 3472/1826/21 3489/1825/21 3473/1825/21
f 3471/1827/21 3488/1826/21 3472/1826/21
f 3470/1828/21 3487/1827/21 3471/1827/21
f 3469/1829/21 3486/1828/21 3470/1828/21
f 3468/1830/21 3485/1831/21 3469/1829/21
f 3467/1832/21 3484/1830/21 3468/1830/21
f 3466/1833/21 3483/1832/21 3467/1832/21
f 3465/1552/21 3482/1833/21 3466/1833/21
f 3496/1818/20 1020/908/20 1019/908/20
f 3495/1819/20 3512/1818/20 3496/1818/20
f 3494/1820/20 3511/1819/20 3495/1819/20
f 3493/1821/20 3510/1820/20 3494/1820/20
f 3492/1822/20 3509/1821/20 3493/1821/20
f 3491/1823/20 3508/1822/20 3492/1822/20
f 3490/1824/20 3507/1823/20 3491/1823/20
f 3489/1825/20 3506/1824/20 3490/1824/20
f 3488/1826/20 3505/1825/20 3489/1825/20
f 3487/1827/20 3504/1826/20 3488/1826/20
f 3486/1828/20 3503/1827/20 3487/1827/20
f 3485/1831/20 3502/1828/20 3486/1828/20
f 3485/1831/20 3500/1830/20 3501/1831/20
f 3483/1832/20 3500/1830/20 3484/1830/20
f 3482/1833/20 3499/1832/20 3483/1832/20
f 3481/1552/20 3498/1833/20 3482/1833/20
f 3512/1818/19 1021/908/19 1020/908/19
f 3511/1819/19 3528/1818/19 3512/1818/19
f 3510/1820/19 3527/1819/19 3511/1819/19
f 3509/1821/19 3526/1820/19 3510/1820/19
f 3508/1822/19 3525/1821/19 3509/1821/19
f 3508/1822/19 3523/1823/19 3524/1822/19
f 3506/1824/19 3523/1823/19 3507/1823/19
f 3505/1825/19 3522/1824/19 3506/1824/19
f 3504/1826/19 3521/1825/19 3505/1825/19
f 3503/1827/19 3520/1826/19 3504/1826/19
f 3502/1828/19 3519/1827/19 3503/1827/19
f 3501/1831/19 3518/1828/19 3502/1828/19
f 3501/1831/19 3516/1834/19 3517/1831/19
f 3499/1832/19 3516/1834/19 3500/1830/19
f 3498/1833/19 3515/1832/19 3499/1832/19
f 3497/1552/19 3514/1833/19 3498/1833/19
f 3528/1818/18 1022/908/18 1021/908/18
f 3527/1819/18 3544/1818/18 3528/1818/18
f 3526/1820/18 3543/1819/18 3527/1819/18
f 3525/1821/18 3542/1820/18 3526/1820/18
f 3524/1822/18 3541/1821/18 3525/1821/18
f 3524/1822/18 3539/1823/18 3540/1822/18
f 3522/1824/18 3539/1823/18 3523/1823/18
f 3521/1825/18 3538/1824/18 3522/1824/18
f 3520/1826/18 3537/1825/18 3521/1825/18
f 3519/1827/18 3536/1826/18 3520/1826/18
f 3518/1828/18 3535/1827/18 3519/1827/18
f 3517/1831/18 3534/1828/18 3518/1828/18
f 3517/1831/18 3532/1830/18 3533/1831/18
f 3515/1832/18 3532/1830/18 3516/1834/18
f 3514/1833/18 3531/1832/18 3515/1832/18
f 3513/1552/18 3530/1833/18 3514/1833/18
f 3544/1818/17 1023/908/17 1022/908/17
f 3543/1819/17 3560/1818/17 3544/1818/17
f 3542/1820/17 3559/1819/17 3543/1819/17
f 3541/1821/17 3558/1820/17 3542/1820/17
f 3540/1822/17 3557/1821/17 3541/1821/17
f 3540/1822/17 3555/1823/17 3556/1822/17
f 3538/1824/17 3555/1823/17 3539/1823/17
f 3537/1825/17 3554/1824/17 3538/1824/17
f 3536/1826/17 3553/1825/17 3537/1825/17
f 3535/1827/17 3552/1826/17 3536/1826/17
f 3534/1828/17 3551/1827/17 3535/1827/17
f 3533/1831/17 3550/1828/17 3534/1828/17
f 3533/1831/17 3548/1830/17 3549/1831/17
f 3531/1832/17 3548/1830/17 3532/1830/17
f 3530/1833/17 3547/1832/17 3531/1832/17
f 3529/1552/17 3546/1833/17 3530/1833/17
f 3560/1818/16 1024/908/16 1023/908/16
f 3559/1819/16 3576/1818/16 3560/1818/16
f 3558/1820/16 3575/1819/16 3559/1819/16
f 3557/1821/16 3574/1820/16 3558/1820/16
f 3556/1822/16 3573/1821/16 3557/1821/16
f 3556/1822/16 3571/1823/16 3572/1822/16
f 3554/1824/16 3571/1823/16 3555/1823/16
f 3553/1825/16 3570/1824/16 3554/1824/16
f 3552/1826/16 3569/1825/16 3553/1825/16
f 3551/1827/16 3568/1826/16 3552/1826/16
f 3550/1828/16 3567/1827/16 3551/1827/16
f 3549/1831/16 3566/1828/16 3550/1828/16
f 3548/1830/16 3565/1831/16 3549/1831/16
f 3547/1832/16 3564/1830/16 3548/1830/16
f 3546/1833/16 3563/1832/16 3547/1832/16
f 3545/1552/16 3562/1833/16 3546/1833/16
f 3576/1818/15 1025/908/15 1024/908/15
f 3575/1819/15 3592/1818/15 3576/1818/15
f 3574/1820/15 3591/1819/15 3575/1819/15
f 3573/1821/15 3590/1820/15 3574/1820/15
f 3572/1822/15 3589/1821/15 3573/1821/15
f 3571/1823/15 3588/1822/15 3572/1822/15
f 3570/1824/15 3587/1823/15 3571/1823/15
f 3569/1825/15 3586/1824/15 3570/1824/15
f 3568/1826/15 3585/1825/15 3569/1825/15
f 3567/1827/15 3584/1826/15 3568/1826/15
f 3566/1828/15 3583/1827/15 3567/1827/15
f 3565/1831/15 3582/1828/15 3566/1828/15
f 3564/1830/15 3581/1831/15 3565/1831/15
f 3563/1832/15 3580/1830/15 3564/1830/15
f 3562/1833/15 3579/1832/15 3563/1832/15
f 3561/1552/15 3578/1833/15 3562/1833/15
f 3592/1818/14 1026/908/14 1025/908/14
f 3591/1819/14 3608/1818/14 3592/1818/14
f 3590/1820/14 3607/1819/14 3591/1819/14
f 3589/1821/14 3606/1820/14 3590/1820/14
f 3588/1822/14 3605/1821/14 3589/1821/14
f 3587/1823/14 3604/1822/14 3588/1822/14
f 3586/1824/14 3603/1823/14 3587/1823/14
f 3585/1825/14 3602/1824/14 3586/1824/14
f 3584/1826/14 3601/1825/14 3585/1825/14
f 3583/1827/14 3600/1826/14 3584/1826/14
f 3582/1828/14 3599/1827/14 3583/1827/14
f 3581/1831/14 3598/1828/14 3582/1828/14
f 3580/1830/14 3597/1831/14 3581/1831/14
f 3579/1832/14 3596/1830/14 3580/1830/14
f 3578/1833/14 3595/1832/14 3579/1832/14
f 3577/1552/14 3594/1833/14 3578/1833/14
f 3608/1818/13 1027/908/13 1026/908/13
f 3607/1819/13 3624/1818/13 3608/1818/13
f 3606/1820/13 3623/1819/13 3607/1819/13
f 3605/1821/13 3622/1820/13 3606/1820/13
f 3604/1822/13 3621/1821/13 3605/1821/13
f 3603/1823/13 3620/1822/13 3604/1822/13
f 3602/1824/13 3619/1823/13 3603/1823/13
f 3601/1825/13 3618/1824/13 3602/1824/13
f 3600/1826/13 3617/1825/13 3601/1825/13
f 3599/1827/13 3616/1826/13 3600/1826/13
f 3598/1828/13 3615/1827/13 3599/1827/13
f 3597/1831/13 3614/1828/13 3598/1828/13
f 3596/1830/13 3613/1831/13 3597/1831/13
f 3595/1832/13 3612/1830/13 3596/1830/13
f 3594/1833/13 3611/1832/13 3595/1832/13
f 3593/1552/13 3610/1833/13 3594/1833/13
f 3624/1818/12 1028/908/12 1027/908/12
f 3624/1818/12 3639/1819/12 3640/1818/12
f 3623/1819/12 3638/1820/12 3639/1819/12
f 3621/1821/12 3638/1820/12 3622/1820/12
f 3620/1822/12 3637/1821/12 3621/1821/12
f 3619/1823/12 3636/1822/12 3620/1822/12
f 3618/1824/12 3635/1823/12 3619/1823/12
f 3617/1825/12 3634/1824/12 3618/1824/12
f 3616/1826/12 3633/1825/12 3617/1825/12
f 3615/1827/12 3632/1826/12 3616/1826/12
f 3614/1828/12 3631/1827/12 3615/1827/12
f 3613/1831/12 3630/1828/12 3614/1828/12
f 3612/1830/12 3629/1831/12 3613/1831/12
f 3611/1832/12 3628/1830/12 3612/1830/12
f 3610/1833/12 3627/1832/12 3611/1832/12
f 3609/1552/12 3626/1833/12 3610/1833/12
f 3640/1818/11 1029/908/11 1028/908/11
f 3640/1818/11 3655/1819/11 3656/1818/11
f 3639/1819/11 3654/1820/11 3655/1819/11
f 3637/1821/11 3654/1820/11 3638/1820/11
f 3636/1822/11 3653/1821/11 3637/1821/11
f 3635/1823/11 3652/1822/11 3636/1822/11
f 3634/1824/11 3651/1823/11 3635/1823/11
f 3633/1825/11 3650/1824/11 3634/1824/11
f 3632/1826/11 3649/1825/11 3633/1825/11
f 3631/1827/11 3648/1826/11 3632/1826/11
f 3630/1828/11 3647/1827/11 3631/1827/11
f 3629/1831/11 3646/1828/11 3630/1828/11
f 3628/1830/11 3645/1829/11 3629/1831/11
f 3627/1832/11 3644/1830/11 3628/1830/11
f 3626/1833/11 3643/1832/11 3627/1832/11
f 3625/1552/11 3642/1833/11 3626/1833/11
f 3656/1818/10 1030/908/10 1029/908/10
f 3656/1818/10 3671/1819/10 3672/1818/10
f 3655/1819/10 3670/1820/10 3671/1819/10
f 3653/1821/10 3670/1820/10 3654/1820/10
f 3652/1822/10 3669/1821/10 3653/1821/10
f 3651/1823/10 3668/1822/10 3652/1822/10
f 3650/1824/10 3667/1823/10 3651/1823/10
f 3649/1825/10 3666/1824/10 3650/1824/10
f 3648/1826/10 3665/1825/10 3649/1825/10
f 3647/1827/10 3664/1826/10 3648/1826/10
f 3646/1828/10 3663/1827/10 3647/1827/10
f 3645/1829/10 3662/1828/10 3646/1828/10
f 3644/1830/10 3661/1831/10 3645/1829/10
f 3643/1832/10 3660/1830/10 3644/1830/10
f 3642/1833/10 3659/1832/10 3643/1832/10
f 3641/1552/10 3658/1833/10 3642/1833/10
f 3672/1818/9 1031/908/9 1030/908/9
f 3672/1818/9 3687/1819/9 3688/1818/9
f 3671/1819/9 3686/1820/9 3687/1819/9
f 3669/1821/9 3686/1820/9 3670/1820/9
f 3668/1822/9 3685/1821/9 3669/1821/9
f 3667/1823/9 3684/1822/9 3668/1822/9
f 3666/1824/9 3683/1823/9 3667/1823/9
f 3665/1825/9 3682/1824/9 3666/1824/9
f 3664/1826/9 3681/1825/9 3665/1825/9
f 3663/1827/9 3680/1826/9 3664/1826/9
f 3662/1828/9 3679/1827/9 3663/1827/9
f 3661/1831/9 3678/1828/9 3662/1828/9
f 3660/1830/9 3677/1829/9 3661/1831/9
f 3659/1832/9 3676/1830/9 3660/1830/9
f 3658/1833/9 3675/1832/9 3659/1832/9
f 3657/1552/9 3674/1833/9 3658/1833/9
f 3688/1818/8 1032/908/8 1031/908/8
f 3688/1818/8 3703/1819/8 3704/1818/8
f 3686/1820/8 3703/1819/8 3687/1819/8
f 3685/1821/8 3702/1820/8 3686/1820/8
f 3684/1822/8 3701/1821/8 3685/1821/8
f 3683/1823/8 3700/1822/8 3684/1822/8
f 3682/1824/8 3699/1823/8 3683/1823/8
f 3681/1825/8 3698/1824/8 3682/1824/8
f 3680/1826/8 3697/1825/8 3681/1825/8
f 3679/1827/8 3696/1826/8 3680/1826/8
f 3678/1828/8 3695/1827/8 3679/1827/8
f 3677/1829/8 3694/1828/8 3678/1828/8
f 3676/1830/8 3693/1831/8 3677/1829/8
f 3675/1832/8 3692/1830/8 3676/1830/8
f 3674/1833/8 3691/1832/8 3675/1832/8
f 3673/1552/8 3690/1833/8 3674/1833/8
f 3704/1818/7 1001/908/7 1032/908/7
f 3704/1818/7 3706/1819/7 3705/1818/7
f 3702/1820/7 3706/1819/7 3703/1819/7
f 3701/1821/7 3707/1820/7 3702/1820/7
f 3700/1822/7 3708/1821/7 3701/1821/7
f 3699/1823/7 3709/1822/7 3700/1822/7
f 3698/1824/7 3710/1823/7 3699/1823/7
f 3697/1825/7 3711/1824/7 3698/1824/7
f 3696/1826/7 3712/1825/7 3697/1825/7
f 3695/1827/7 3713/1826/7 3696/1826/7
f 3694/1828/7 3714/1827/7 3695/1827/7
f 3693/1831/7 3715/1828/7 3694/1828/7
f 3692/1830/7 3716/1829/7 3693/1831/7
f 3691/1832/7 3717/1830/7 3692/1830/7
f 3690/1833/7 3718/1832/7 3691/1832/7
f 3690/1833/7 3720/1552/7 3719/1833/7
f 3970/1836/37 3728/1837/37 3969/1838/37
f 3971/1839/37 3727/1840/37 3970/1836/37
f 3972/1841/37 3726/1842/37 3971/1839/37
f 3973/1843/37 3725/1844/37 3972/1841/37
f 3974/1845/37 3724/1843/37 3973/1843/37
f 3975/1846/37 3723/1845/37 3974/1845/37
f 3976/906/37 3722/1846/37 3975/1846/37
f 3727/1840/105 3736/1847/105 3728/1837/105
f 3726/1842/105 3735/1848/105 3727/1840/105
f 3725/1844/105 3734/1849/105 3726/1842/105
f 3724/1843/105 3733/1844/105 3725/1844/105
f 3723/1845/105 3732/1843/105 3724/1843/105
f 3722/1846/105 3731/1845/105 3723/1845/105
f 3721/906/105 3730/1846/105 3722/1846/105
f 3735/1848/36 3744/1850/36 3736/1847/36
f 3734/1849/36 3743/1851/36 3735/1848/36
f 3733/1844/36 3742/1852/36 3734/1849/36
f 3732/1843/36 3741/1853/36 3733/1844/36
f 3731/1845/36 3740/1854/36 3732/1843/36
f 3730/1846/36 3739/1845/36 3731/1845/36
f 3729/906/36 3738/1846/36 3730/1846/36
f 3743/1851/35 3752/1855/35 3744/1850/35
f 3742/1852/35 3751/1856/35 3743/1851/35
f 3741/1853/35 3750/1857/35 3742/1852/35
f 3740/1854/35 3749/1858/35 3741/1853/35
f 3739/1845/35 3748/1854/35 3740/1854/35
f 3738/1846/35 3747/1845/35 3739/1845/35
f 3737/906/35 3746/1846/35 3738/1846/35
f 3751/1856/34 3760/1859/34 3752/1855/34
f 3750/1857/34 3759/1860/34 3751/1856/34
f 3749/1858/34 3758/1861/34 3750/1857/34
f 3748/1854/34 3757/1862/34 3749/1858/34
f 3747/1845/34 3756/1854/34 3748/1854/34
f 3746/1846/34 3755/1845/34 3747/1845/34
f 3745/906/34 3754/1846/34 3746/1846/34
f 3759/1860/33 3768/1863/33 3760/1859/33
f 3758/1861/33 3767/1864/33 3759/1860/33
f 3757/1862/33 3766/1865/33 3758/1861/33
f 3756/1854/33 3765/1866/33 3757/1862/33
f 3755/1845/33 3764/1854/33 3756/1854/33
f 3754/1846/33 3763/1845/33 3755/1845/33
f 3753/906/33 3762/1846/33 3754/1846/33
f 3767/1864/32 3776/1867/32 3768/1863/32
f 3766/1865/32 3775/1868/32 3767/1864/32
f 3765/1866/32 3774/1869/32 3766/1865/32
f 3764/1854/32 3773/1870/32 3765/1866/32
f 3763/1845/32 3772/1854/32 3764/1854/32
f 3762/1846/32 3771/1845/32 3763/1845/32
f 3761/906/32 3770/1846/32 3762/1846/32
f 3775/1868/31 3784/1871/31 3776/1867/31
f 3774/1869/31 3783/1872/31 3775/1868/31
f 3773/1870/31 3782/1873/31 3774/1869/31
f 3772/1854/31 3781/1874/31 3773/1870/31
f 3771/1845/31 3780/1854/31 3772/1854/31
f 3770/1846/31 3779/1845/31 3771/1845/31
f 3769/906/31 3778/1846/31 3770/1846/31
f 3783/1872/30 3792/1875/30 3784/1871/30
f 3782/1873/30 3791/1876/30 3783/1872/30
f 3781/1874/30 3790/1877/30 3782/1873/30
f 3780/1854/30 3789/1878/30 3781/1874/30
f 3779/1845/30 3788/1854/30 3780/1854/30
f 3778/1846/30 3787/1845/30 3779/1845/30
f 3777/906/30 3786/1846/30 3778/1846/30
f 3791/1876/29 3800/1879/29 3792/1875/29
f 3790/1877/29 3799/1880/29 3791/1876/29
f 3789/1878/29 3798/1881/29 3790/1877/29
f 3788/1854/29 3797/1882/29 3789/1878/29
f 3787/1845/29 3796/1854/29 3788/1854/29
f 3786/1846/29 3795/1845/29 3787/1845/29
f 3785/906/29 3794/1846/29 3786/1846/29
f 3799/1880/28 3808/1883/28 3800/1879/28
f 3798/1881/28 3807/1884/28 3799/1880/28
f 3797/1882/28 3806/1885/28 3798/1881/28
f 3796/1854/28 3805/1886/28 3797/1882/28
f 3795/1845/28 3804/1854/28 3796/1854/28
f 3794/1846/28 3803/1845/28 3795/1845/28
f 3793/906/28 3802/1846/28 3794/1846/28
f 3807/1884/27 3816/1887/27 3808/1883/27
f 3806/1885/27 3815/1888/27 3807/1884/27
f 3805/1886/27 3814/1889/27 3806/1885/27
f 3804/1854/27 3813/1890/27 3805/1886/27
f 3803/1845/27 3812/1854/27 3804/1854/27
f 3802/1846/27 3811/1845/27 3803/1845/27
f 3801/906/27 3810/1846/27 3802/1846/27
f 3815/1888/26 3824/1891/26 3816/1887/26
f 3814/1889/26 3823/1892/26 3815/1888/26
f 3813/1890/26 3822/1893/26 3814/1889/26
f 3812/1854/26 3821/1894/26 3813/1890/26
f 3811/1845/26 3820/1854/26 3812/1854/26
f 3810/1846/26 3819/1845/26 3811/1845/26
f 3809/906/26 3818/1846/26 3810/1846/26
f 3823/1892/25 3832/1895/25 3824/1891/25
f 3822/1893/25 3831/1896/25 3823/1892/25
f 3821/1894/25 3830/1897/25 3822/1893/25
f 3820/1854/25 3829/1898/25 3821/1894/25
f 3819/1845/25 3828/1899/25 3820/1854/25
f 3818/1846/25 3827/1845/25 3819/1845/25
f 3817/906/25 3826/1846/25 3818/1846/25
f 3831/1896/24 3840/1900/24 3832/1895/24
f 3830/1897/24 3839/1901/24 3831/1896/24
f 3829/1898/24 3838/1902/24 3830/1897/24
f 3828/1899/24 3837/1903/24 3829/1898/24
f 3827/1845/24 3836/1899/24 3828/1899/24
f 3826/1846/24 3835/1845/24 3827/1845/24
f 3825/906/24 3834/1846/24 3826/1846/24
f 3839/1901/23 3848/1904/23 3840/1900/23
f 3838/1902/23 3847/1905/23 3839/1901/23
f 3837/1903/23 3846/1906/23 3838/1902/23
f 3836/1899/23 3845/1907/23 3837/1903/23
f 3835/1845/23 3844/1899/23 3836/1899/23
f 3834/1846/23 3843/1845/23 3835/1845/23
f 3833/906/23 3842/1846/23 3834/1846/23
f 3847/1905/22 3856/1908/22 3848/1904/22
f 3846/1906/22 3855/1909/22 3847/1905/22
f 3845/1907/22 3854/1910/22 3846/1906/22
f 3844/1899/22 3853/1911/22 3845/1907/22
f 3843/1845/22 3852/1899/22 3844/1899/22
f 3842/1846/22 3851/1845/22 3843/1845/22
f 3841/906/22 3850/1846/22 3842/1846/22
f 3855/1909/21 3864/1912/21 3856/1908/21
f 3854/1910/21 3863/1913/21 3855/1909/21
f 3853/1911/21 3862/1914/21 3854/1910/21
f 3852/1899/21 3861/1915/21 3853/1911/21
f 3851/1845/21 3860/1899/21 3852/1899/21
f 3850/1846/21 3859/1845/21 3851/1845/21
f 3849/906/21 3858/1846/21 3850/1846/21
f 3863/1913/20 3872/1916/20 3864/1912/20
f 3862/1914/20 3871/1917/20 3863/1913/20
f 3861/1915/20 3870/1918/20 3862/1914/20
f 3860/1899/20 3869/1919/20 3861/1915/20
f 3859/1845/20 3868/1854/20 3860/1899/20
f 3858/1846/20 3867/1845/20 3859/1845/20
f 3857/906/20 3866/1846/20 3858/1846/20
f 3871/1917/19 3880/1920/19 3872/1916/19
f 3870/1918/19 3879/1921/19 3871/1917/19
f 3869/1919/19 3878/1922/19 3870/1918/19
f 3868/1854/19 3877/1923/19 3869/1919/19
f 3867/1845/19 3876/1854/19 3868/1854/19
f 3866/1846/19 3875/1845/19 3867/1845/19
f 3865/906/19 3874/1846/19 3866/1846/19
f 3879/1921/18 3888/1924/18 3880/1920/18
f 3878/1922/18 3887/1925/18 3879/1921/18
f 3877/1923/18 3886/1926/18 3878/1922/18
f 3876/1854/18 3885/1927/18 3877/1923/18
f 3875/1845/18 3884/1854/18 3876/1854/18
f 3874/1846/18 3883/1845/18 3875/1845/18
f 3873/906/18 3882/1846/18 3874/1846/18
f 3887/1925/17 3896/1928/17 3888/1924/17
f 3886/1926/17 3895/1929/17 3887/1925/17
f 3885/1927/17 3894/1930/17 3886/1926/17
f 3884/1854/17 3893/1931/17 3885/1927/17
f 3883/1845/17 3892/1854/17 3884/1854/17
f 3882/1846/17 3891/1845/17 3883/1845/17
f 3881/906/17 3890/1846/17 3882/1846/17
f 3895/1929/16 3904/1932/16 3896/1928/16
f 3894/1930/16 3903/1933/16 3895/1929/16
f 3893/1931/16 3902/1934/16 3894/1930/16
f 3892/1854/16 3901/1935/16 3893/1931/16
f 3891/1845/16 3900/1854/16 3892/1854/16
f 3890/1846/16 3899/1845/16 3891/1845/16
f 3889/906/16 3898/1846/16 3890/1846/16
f 3903/1933/15 3912/1936/15 3904/1932/15
f 3902/1934/15 3911/1937/15 3903/1933/15
f 3901/1935/15 3910/1938/15 3902/1934/15
f 3900/1854/15 3909/1939/15 3901/1935/15
f 3899/1845/15 3908/1854/15 3900/1854/15
f 3898/1846/15 3907/1845/15 3899/1845/15
f 3897/906/15 3906/1846/15 3898/1846/15
f 3911/1937/14 3920/1940/14 3912/1936/14
f 3910/1938/14 3919/1941/14 3911/1937/14
f 3909/1939/14 3918/1942/14 3910/1938/14
f 3908/1854/14 3917/1943/14 3909/1939/14
f 3907/1845/14 3916/1854/14 3908/1854/14
f 3906/1846/14 3915/1845/14 3907/1845/14
f 3905/906/14 3914/1846/14 3906/1846/14
f 3919/1941/13 3928/1944/13 3920/1940/13
f 3918/1942/13 3927/1945/13 3919/1941/13
f 3917/1943/13 3926/1946/13 3918/1942/13
f 3916/1854/13 3925/1947/13 3917/1943/13
f 3915/1845/13 3924/1854/13 3916/1854/13
f 3914/1846/13 3923/1845/13 3915/1845/13
f 3913/906/13 3922/1846/13 3914/1846/13
f 3927/1945/12 3936/1948/12 3928/1944/12
f 3926/1946/12 3935/1949/12 3927/1945/12
f 3925/1947/12 3934/1950/12 3926/1946/12
f 3924/1854/12 3933/1951/12 3925/1947/12
f 3923/1845/12 3932/1854/12 3924/1854/12
f 3922/1846/12 3931/1845/12 3923/1845/12
f 3921/906/12 3930/1846/12 3922/1846/12
f 3935/1949/11 3944/1952/11 3936/1948/11
f 3934/1950/11 3943/1953/11 3935/1949/11
f 3933/1951/11 3942/1954/11 3934/1950/11
f 3932/1854/11 3941/1955/11 3933/1951/11
f 3931/1845/11 3940/1854/11 3932/1854/11
f 3930/1846/11 3939/1845/11 3931/1845/11
f 3929/906/11 3938/1846/11 3930/1846/11
f 3943/1953/10 3952/1956/10 3944/1952/10
f 3942/1954/10 3951/1957/10 3943/1953/10
f 3941/1955/10 3950/1958/10 3942/1954/10
f 3940/1854/10 3949/1959/10 3941/1955/10
f 3939/1845/10 3948/1854/10 3940/1854/10
f 3938/1846/10 3947/1845/10 3939/1845/10
f 3937/906/10 3946/1846/10 3938/1846/10
f 3951/1957/9 3960/1960/9 3952/1956/9
f 3950/1958/9 3959/1961/9 3951/1957/9
f 3949/1959/9 3958/1962/9 3950/1958/9
f 3948/1854/9 3957/1963/9 3949/1959/9
f 3947/1845/9 3956/1843/9 3948/1854/9
f 3946/1846/9 3955/1845/9 3947/1845/9
f 3945/906/9 3954/1846/9 3946/1846/9
f 3959/1961/8 3968/1964/8 3960/1960/8
f 3958/1962/8 3967/1965/8 3959/1961/8
f 3957/1963/8 3966/1966/8 3958/1962/8
f 3956/1843/8 3965/1967/8 3957/1963/8
f 3955/1845/8 3964/1843/8 3956/1843/8
f 3954/1846/8 3963/1845/8 3955/1845/8
f 3953/906/8 3962/1846/8 3954/1846/8
f 3968/1964/7 3970/1836/7 3969/1838/7
f 3967/1965/7 3971/1839/7 3970/1836/7
f 3966/1966/7 3972/1841/7 3971/1839/7
f 3964/1843/7 3972/1841/7 3965/1967/7
f 3963/1845/7 3973/1843/7 3964/1843/7
f 3962/1846/7 3974/1845/7 3963/1845/7
f 3961/906/7 3975/1846/7 3962/1846/7
f 4226/1968/37 3984/1969/37 4225/1970/37
f 4227/1971/37 3983/1972/37 4226/1968/37
f 4228/1973/37 3982/1974/37 4227/1971/37
f 4229/1975/37 3981/1976/37 4228/1973/37
f 4230/1977/37 3980/1975/37 4229/1975/37
f 4231/1978/37 3979/1977/37 4230/1977/37
f 4232/909/37 3978/1978/37 4231/1978/37
f 3983/1972/105 3992/1979/105 3984/1969/105
f 3982/1974/105 3991/1980/105 3983/1972/105
f 3981/1976/105 3990/1981/105 3982/1974/105
f 3980/1975/105 3989/1982/105 3981/1976/105
f 3979/1977/105 3988/1975/105 3980/1975/105
f 3978/1978/105 3987/1977/105 3979/1977/105
f 3977/909/105 3986/1978/105 3978/1978/105
f 3991/1980/36 4000/1983/36 3992/1979/36
f 3990/1981/36 3999/1984/36 3991/1980/36
f 3989/1982/36 3998/1985/36 3990/1981/36
f 3988/1975/36 3997/1986/36 3989/1982/36
f 3987/1977/36 3996/1975/36 3988/1975/36
f 3986/1978/36 3995/1977/36 3987/1977/36
f 3985/909/36 3994/1978/36 3986/1978/36
f 3999/1984/35 4008/1987/35 4000/1983/35
f 3998/1985/35 4007/1988/35 3999/1984/35
f 3997/1986/35 4006/1989/35 3998/1985/35
f 3996/1975/35 4005/1990/35 3997/1986/35
f 3995/1977/35 4004/1975/35 3996/1975/35
f 3994/1978/35 4003/1977/35 3995/1977/35
f 3993/909/35 4002/1978/35 3994/1978/35
f 4007/1988/34 4016/1991/34 4008/1987/34
f 4006/1989/34 4015/1992/34 4007/1988/34
f 4005/1990/34 4014/1993/34 4006/1989/34
f 4004/1975/34 4013/1994/34 4005/1990/34
f 4003/1977/34 4012/1975/34 4004/1975/34
f 4002/1978/34 4011/1977/34 4003/1977/34
f 4001/909/34 4010/1978/34 4002/1978/34
f 4015/1992/33 4024/1995/33 4016/1991/33
f 4014/1993/33 4023/1996/33 4015/1992/33
f 4013/1994/33 4022/1997/33 4014/1993/33
f 4012/1975/33 4021/1998/33 4013/1994/33
f 4011/1977/33 4020/1975/33 4012/1975/33
f 4010/1978/33 4019/1977/33 4011/1977/33
f 4009/909/33 4018/1978/33 4010/1978/33
f 4023/1996/32 4032/1999/32 4024/1995/32
f 4022/1997/32 4031/2000/32 4023/1996/32
f 4021/1998/32 4030/2001/32 4022/1997/32
f 4020/1975/32 4029/2002/32 4021/1998/32
f 4019/1977/32 4028/1975/32 4020/1975/32
f 4018/1978/32 4027/1977/32 4019/1977/32
f 4017/909/32 4026/1978/32 4018/1978/32
f 4031/2000/31 4040/2003/31 4032/1999/31
f 4030/2001/31 4039/2004/31 4031/2000/31
f 4029/2002/31 4038/2005/31 4030/2001/31
f 4028/1975/31 4037/2006/31 4029/2002/31
f 4027/1977/31 4036/2007/31 4028/1975/31
f 4026/1978/31 4035/1977/31 4027/1977/31
f 4025/909/31 4034/1978/31 4026/1978/31
f 4039/2004/30 4048/2008/30 4040/2003/30
f 4038/2005/30 4047/2009/30 4039/2004/30
f 4037/2006/30 4046/2010/30 4038/2005/30
f 4036/2007/30 4045/2011/30 4037/2006/30
f 4035/1977/30 4044/2007/30 4036/2007/30
f 4034/1978/30 4043/1977/30 4035/1977/30
f 4033/909/30 4042/1978/30 4034/1978/30
f 4047/2009/29 4056/2012/29 4048/2008/29
f 4046/2010/29 4055/2013/29 4047/2009/29
f 4045/2011/29 4054/2014/29 4046/2010/29
f 4044/2007/29 4053/2015/29 4045/2011/29
f 4043/1977/29 4052/2016/29 4044/2007/29
f 4042/1978/29 4051/1977/29 4043/1977/29
f 4041/909/29 4050/1978/29 4042/1978/29
f 4055/2013/28 4064/2017/28 4056/2012/28
f 4054/2014/28 4063/2018/28 4055/2013/28
f 4053/2015/28 4062/2019/28 4054/2014/28
f 4052/2016/28 4061/2020/28 4053/2015/28
f 4051/1977/28 4060/2016/28 4052/2016/28
f 4050/1978/28 4059/1977/28 4051/1977/28
f 4049/909/28 4058/1978/28 4050/1978/28
f 4063/2018/27 4072/2021/27 4064/2017/27
f 4062/2019/27 4071/2022/27 4063/2018/27
f 4061/2020/27 4070/2023/27 4062/2019/27
f 4060/2016/27 4069/2024/27 4061/2020/27
f 4059/1977/27 4068/2016/27 4060/2016/27
f 4058/1978/27 4067/1977/27 4059/1977/27
f 4057/909/27 4066/1978/27 4058/1978/27
f 4071/2022/26 4080/2025/26 4072/2021/26
f 4070/2023/26 4079/2026/26 4071/2022/26
f 4069/2024/26 4078/2027/26 4070/2023/26
f 4068/2016/26 4077/2028/26 4069/2024/26
f 4067/1977/26 4076/2016/26 4068/2016/26
f 4066/1978/26 4075/1977/26 4067/1977/26
f 4065/909/26 4074/1978/26 4066/1978/26
f 4079/2026/25 4088/2029/25 4080/2025/25
f 4078/2027/25 4087/2030/25 4079/2026/25
f 4077/2028/25 4086/2031/25 4078/2027/25
f 4076/2016/25 4085/2032/25 4077/2028/25
f 4075/1977/25 4084/2016/25 4076/2016/25
f 4074/1978/25 4083/1977/25 4075/1977/25
f 4073/909/25 4082/1978/25 4074/1978/25
f 4087/2030/24 4096/2033/24 4088/2029/24
f 4086/2031/24 4095/2034/24 4087/2030/24
f 4085/2032/24 4094/2035/24 4086/2031/24
f 4084/2016/24 4093/2032/24 4085/2032/24
f 4083/1977/24 4092/2016/24 4084/2016/24
f 4082/1978/24 4091/1977/24 4083/1977/24
f 4081/909/24 4090/1978/24 4082/1978/24
f 4095/2034/23 4104/2036/23 4096/2033/23
f 4094/2035/23 4103/2037/23 4095/2034/23
f 4093/2032/23 4102/2038/23 4094/2035/23
f 4092/2016/23 4101/2039/23 4093/2032/23
f 4091/1977/23 4100/2016/23 4092/2016/23
f 4090/1978/23 4099/1977/23 4091/1977/23
f 4089/909/23 4098/1978/23 4090/1978/23
f 4103/2037/22 4112/2040/22 4104/2036/22
f 4102/2038/22 4111/2041/22 4103/2037/22
f 4101/2039/22 4110/2042/22 4102/2038/22
f 4100/2016/22 4109/2043/22 4101/2039/22
f 4099/1977/22 4108/2016/22 4100/2016/22
f 4098/1978/22 4107/1977/22 4099/1977/22
f 4097/909/22 4106/1978/22 4098/1978/22
f 4111/2041/21 4120/2044/21 4112/2040/21
f 4110/2042/21 4119/2045/21 4111/2041/21
f 4109/2043/21 4118/2046/21 4110/2042/21
f 4108/2016/21 4117/2047/21 4109/2043/21
f 4107/1977/21 4116/2016/21 4108/2016/21
f 4106/1978/21 4115/1977/21 4107/1977/21
f 4105/909/21 4114/1978/21 4106/1978/21
f 4119/2045/20 4128/2048/20 4120/2044/20
f 4118/2046/20 4127/2049/20 4119/2045/20
f 4117/2047/20 4126/2050/20 4118/2046/20
f 4116/2016/20 4125/2051/20 4117/2047/20
f 4115/1977/20 4124/2016/20 4116/2016/20
f 4114/1978/20 4123/1977/20 4115/1977/20
f 4113/909/20 4122/1978/20 4114/1978/20
f 4127/2049/19 4136/2052/19 4128/2048/19
f 4126/2050/19 4135/2053/19 4127/2049/19
f 4125/2051/19 4134/2054/19 4126/2050/19
f 4124/2016/19 4133/2055/19 4125/2051/19
f 4123/1977/19 4132/2016/19 4124/2016/19
f 4122/1978/19 4131/1977/19 4123/1977/19
f 4121/909/19 4130/1978/19 4122/1978/19
f 4135/2053/18 4144/2056/18 4136/2052/18
f 4134/2054/18 4143/2057/18 4135/2053/18
f 4133/2055/18 4142/2058/18 4134/2054/18
f 4132/2016/18 4141/2059/18 4133/2055/18
f 4131/1977/18 4140/2016/18 4132/2016/18
f 4130/1978/18 4139/1977/18 4131/1977/18
f 4129/909/18 4138/1978/18 4130/1978/18
f 4143/2057/17 4152/2060/17 4144/2056/17
f 4142/2058/17 4151/2061/17 4143/2057/17
f 4141/2059/17 4150/2062/17 4142/2058/17
f 4140/2016/17 4149/2063/17 4141/2059/17
f 4139/1977/17 4148/2016/17 4140/2016/17
f 4138/1978/17 4147/1977/17 4139/1977/17
f 4137/909/17 4146/1978/17 4138/1978/17
f 4151/2061/16 4160/2064/16 4152/2060/16
f 4150/2062/16 4159/2065/16 4151/2061/16
f 4149/2063/16 4158/2066/16 4150/2062/16
f 4148/2016/16 4157/2067/16 4149/2063/16
f 4147/1977/16 4156/2016/16 4148/2016/16
f 4146/1978/16 4155/1977/16 4147/1977/16
f 4145/909/16 4154/1978/16 4146/1978/16
f 4159/2065/15 4168/2068/15 4160/2064/15
f 4158/2066/15 4167/2069/15 4159/2065/15
f 4157/2067/15 4166/2070/15 4158/2066/15
f 4156/2016/15 4165/2071/15 4157/2067/15
f 4155/1977/15 4164/2016/15 4156/2016/15
f 4154/1978/15 4163/1977/15 4155/1977/15
f 4153/909/15 4162/1978/15 4154/1978/15
f 4167/2069/14 4176/2072/14 4168/2068/14
f 4166/2070/14 4175/2073/14 4167/2069/14
f 4165/2071/14 4174/2074/14 4166/2070/14
f 4164/2016/14 4173/2075/14 4165/2071/14
f 4163/1977/14 4172/1975/14 4164/2016/14
f 4162/1978/14 4171/1977/14 4163/1977/14
f 4161/909/14 4170/1978/14 4162/1978/14
f 4175/2073/13 4184/2076/13 4176/2072/13
f 4174/2074/13 4183/2077/13 4175/2073/13
f 4173/2075/13 4182/2078/13 4174/2074/13
f 4172/1975/13 4181/2079/13 4173/2075/13
f 4171/1977/13 4180/1975/13 4172/1975/13
f 4170/1978/13 4179/1977/13 4171/1977/13
f 4169/909/13 4178/1978/13 4170/1978/13
f 4183/2077/12 4192/2080/12 4184/2076/12
f 4182/2078/12 4191/2081/12 4183/2077/12
f 4181/2079/12 4190/2082/12 4182/2078/12
f 4180/1975/12 4189/2083/12 4181/2079/12
f 4179/1977/12 4188/1975/12 4180/1975/12
f 4178/1978/12 4187/1977/12 4179/1977/12
f 4177/909/12 4186/1978/12 4178/1978/12
f 4191/2081/11 4200/2084/11 4192/2080/11
f 4190/2082/11 4199/2085/11 4191/2081/11
f 4189/2083/11 4198/2086/11 4190/2082/11
f 4188/1975/11 4197/2087/11 4189/2083/11
f 4187/1977/11 4196/1975/11 4188/1975/11
f 4186/1978/11 4195/1977/11 4187/1977/11
f 4185/909/11 4194/1978/11 4186/1978/11
f 4199/2085/10 4208/2088/10 4200/2084/10
f 4198/2086/10 4207/2089/10 4199/2085/10
f 4197/2087/10 4206/2090/10 4198/2086/10
f 4196/1975/10 4205/2091/10 4197/2087/10
f 4195/1977/10 4204/1975/10 4196/1975/10
f 4194/1978/10 4203/1977/10 4195/1977/10
f 4193/909/10 4202/1978/10 4194/1978/10
f 4207/2089/9 4216/2092/9 4208/2088/9
f 4206/2090/9 4215/2093/9 4207/2089/9
f 4205/2091/9 4214/2094/9 4206/2090/9
f 4204/1975/9 4213/2095/9 4205/2091/9
f 4203/1977/9 4212/1975/9 4204/1975/9
f 4202/1978/9 4211/1977/9 4203/1977/9
f 4201/909/9 4210/1978/9 4202/1978/9
f 4215/2093/8 4224/2096/8 4216/2092/8
f 4214/2094/8 4223/2097/8 4215/2093/8
f 4213/2095/8 4222/2098/8 4214/2094/8
f 4212/1975/8 4221/2099/8 4213/2095/8
f 4211/1977/8 4220/1975/8 4212/1975/8
f 4210/1978/8 4219/1977/8 4211/1977/8
f 4209/909/8 4218/1978/8 4210/1978/8
f 4224/2096/7 4226/1968/7 4225/1970/7
f 4223/2097/7 4227/1971/7 4226/1968/7
f 4222/2098/7 4228/1973/7 4227/1971/7
f 4220/1975/7 4228/1973/7 4221/2099/7
f 4219/1977/7 4229/1975/7 4220/1975/7
f 4218/1978/7 4230/1977/7 4219/1977/7
f 4217/909/7 4231/1978/7 4218/1978/7
f 2/1/1 4/4/1 3/2/1
f 4/4/2 8/6/2 7/5/2
f 8/6/3 6/8/3 5/7/3
f 6/8/4 2/2100/4 1/9/4
f 7/5/5 5/7/5 1/10/5
f 4/12/6 2/2101/6 6/8/6
f 10/13/1 12/16/1 11/14/1
f 12/16/2 16/18/2 15/17/2
f 16/18/3 14/20/3 13/19/3
f 14/20/4 10/2102/4 9/21/4
f 15/17/5 13/19/5 9/22/5
f 12/24/6 10/2103/6 14/20/6
f 18/25/1 20/28/1 19/26/1
f 20/28/2 24/30/2 23/29/2
f 24/30/3 22/32/3 21/31/3
f 22/32/4 18/2104/4 17/33/4
f 23/29/5 21/31/5 17/34/5
f 20/36/6 18/2105/6 22/32/6
f 26/37/1 28/40/1 27/38/1
f 28/40/2 32/42/2 31/41/2
f 32/42/3 30/44/3 29/43/3
f 30/44/4 26/2106/4 25/45/4
f 31/41/5 29/43/5 25/46/5
f 28/48/6 26/2107/6 30/44/6
f 34/49/1 36/52/1 35/50/1
f 36/52/2 40/54/2 39/53/2
f 40/54/3 38/56/3 37/55/3
f 38/56/4 34/2108/4 33/57/4
f 39/53/5 37/55/5 33/58/5
f 36/60/6 34/2109/6 38/56/6
f 42/61/1 44/64/1 43/62/1
f 44/64/2 48/66/2 47/65/2
f 48/66/3 46/68/3 45/67/3
f 46/68/4 42/2110/4 41/69/4
f 47/65/5 45/67/5 41/70/5
f 44/72/6 42/2111/6 46/68/6
f 50/73/1 52/76/1 51/74/1
f 52/76/2 56/78/2 55/77/2
f 56/78/3 54/80/3 53/79/3
f 54/80/4 50/2112/4 49/81/4
f 55/77/5 53/79/5 49/82/5
f 52/84/6 50/2113/6 54/80/6
f 58/85/1 60/88/1 59/86/1
f 60/88/2 64/90/2 63/89/2
f 64/90/3 62/92/3 61/91/3
f 62/92/4 58/2114/4 57/93/4
f 63/89/5 61/91/5 57/94/5
f 60/96/6 58/2115/6 62/92/6
f 96/320/5 65/292/5 66/293/5
f 66/293/5 67/294/5 68/295/5
f 68/295/5 69/296/5 70/297/5
f 70/297/5 71/298/5 72/97/5
f 72/97/5 73/299/5 74/300/5
f 74/300/5 75/301/5 72/97/5
f 75/301/5 76/302/5 72/97/5
f 76/302/5 77/303/5 80/98/5
f 77/303/5 78/304/5 80/98/5
f 78/304/5 79/305/5 80/98/5
f 80/98/5 81/306/5 82/307/5
f 82/307/5 83/308/5 84/309/5
f 84/309/5 85/310/5 88/99/5
f 85/310/5 86/311/5 88/99/5
f 86/311/5 87/312/5 88/99/5
f 88/99/5 89/313/5 90/314/5
f 90/314/5 91/315/5 92/316/5
f 92/316/5 93/317/5 96/320/5
f 93/317/5 94/318/5 96/320/5
f 94/318/5 95/319/5 96/320/5
f 96/320/5 66/293/5 68/295/5
f 68/295/5 70/297/5 96/320/5
f 70/297/5 72/97/5 96/320/5
f 80/98/5 82/307/5 88/99/5
f 82/307/5 84/309/5 88/99/5
f 88/99/5 90/314/5 92/316/5
f 72/97/5 76/302/5 80/98/5
f 88/99/5 92/316/5 96/320/5
f 96/320/5 72/97/5 88/99/5
f 282/100/7 285/2116/7 97/101/7
f 278/103/8 282/100/8 128/102/8
f 274/105/9 278/103/9 127/104/9
f 270/107/10 274/105/10 126/106/10
f 266/109/11 270/107/11 125/108/11
f 262/111/12 266/109/12 124/110/12
f 258/113/13 262/111/13 123/112/13
f 254/115/14 258/113/14 122/114/14
f 250/117/15 254/115/15 121/116/15
f 246/119/16 250/117/16 120/118/16
f 242/121/17 246/119/17 119/120/17
f 238/123/18 242/121/18 118/122/18
f 234/125/19 238/123/19 117/124/19
f 230/127/20 234/125/20 116/126/20
f 226/129/21 230/127/21 115/128/21
f 222/131/22 226/129/22 114/130/22
f 218/133/23 222/131/23 113/132/23
f 214/135/24 218/133/24 112/134/24
f 210/137/25 214/135/25 111/136/25
f 206/139/26 210/137/26 110/138/26
f 202/141/27 206/139/27 109/140/27
f 198/143/28 202/141/28 108/142/28
f 194/145/29 198/143/29 107/144/29
f 190/147/30 194/145/30 106/146/30
f 186/149/31 190/147/31 105/148/31
f 182/151/32 186/149/32 104/150/32
f 178/153/33 182/151/33 103/152/33
f 174/155/34 178/153/34 102/154/34
f 170/157/35 174/155/35 101/156/35
f 637/159/7 514/2117/7 286/160/7
f 166/162/36 170/157/36 100/158/36
f 393/164/36 526/171/36 522/165/36
f 285/167/37 162/324/37 98/168/37
f 397/170/35 530/173/35 526/171/35
f 401/172/34 534/175/34 530/173/34
f 405/174/33 538/177/33 534/175/33
f 409/176/32 542/179/32 538/177/32
f 413/178/31 546/181/31 542/179/31
f 417/180/30 550/183/30 546/181/30
f 421/182/29 554/185/29 550/183/29
f 425/184/28 558/187/28 554/185/28
f 429/186/27 562/189/27 558/187/27
f 433/188/26 566/191/26 562/189/26
f 437/190/25 570/193/25 566/191/25
f 441/192/24 574/195/24 570/193/24
f 445/194/23 578/197/23 574/195/23
f 449/196/22 582/199/22 578/197/22
f 453/198/21 586/201/21 582/199/21
f 457/200/20 590/203/20 586/201/20
f 461/202/19 594/205/19 590/203/19
f 465/204/18 598/207/18 594/205/18
f 469/206/17 602/209/17 598/207/17
f 473/208/16 606/211/16 602/209/16
f 477/210/15 610/213/15 606/211/15
f 481/212/14 614/215/14 610/213/14
f 485/214/13 618/217/13 614/215/13
f 489/216/12 622/219/12 618/217/12
f 493/218/11 626/221/11 622/219/11
f 497/220/10 630/223/10 626/221/10
f 501/222/9 634/224/9 630/223/9
f 505/161/8 638/159/8 634/224/8
f 385/225/37 518/391/37 513/226/37
f 129/228/38 97/291/38 98/229/38
f 130/230/39 98/229/39 99/231/39
f 132/233/40 131/232/40 99/231/40
f 133/235/41 132/233/41 100/234/41
f 133/235/42 101/236/42 102/237/42
f 135/239/43 134/238/43 102/237/43
f 135/239/44 103/240/44 104/241/44
f 137/243/45 136/242/45 104/241/45
f 137/243/46 105/244/46 106/245/46
f 139/247/47 138/246/47 106/245/47
f 139/247/48 107/248/48 108/249/48
f 141/251/49 140/250/49 108/249/49
f 141/251/50 109/252/50 110/253/50
f 142/254/51 110/253/51 111/255/51
f 144/257/52 143/256/52 111/255/52
f 145/259/53 144/257/53 112/258/53
f 145/259/54 113/260/54 114/261/54
f 146/262/55 114/261/55 115/263/55
f 148/265/56 147/264/56 115/263/56
f 149/267/57 148/265/57 116/266/57
f 150/269/58 149/267/58 117/268/58
f 151/271/59 150/269/59 118/270/59
f 151/271/60 119/272/60 120/273/60
f 153/275/61 152/274/61 120/273/61
f 153/275/62 121/276/62 122/277/62
f 155/279/63 154/278/63 122/277/63
f 155/279/64 123/280/64 124/281/64
f 156/282/65 124/281/65 125/283/65
f 157/284/66 125/283/66 126/285/66
f 158/286/67 126/285/67 127/287/67
f 160/289/68 159/288/68 127/287/68
f 129/228/69 160/289/69 128/290/69
f 65/292/70 129/228/70 130/230/70
f 66/293/71 130/230/71 131/232/71
f 67/294/72 131/232/72 132/233/72
f 68/295/73 132/233/73 133/235/73
f 70/297/74 69/296/74 133/235/74
f 71/298/75 70/297/75 134/238/75
f 71/298/76 135/239/76 136/242/76
f 73/299/77 72/97/77 136/242/77
f 73/299/78 137/243/78 138/246/78
f 75/301/79 74/300/79 138/246/79
f 75/301/80 139/247/80 140/250/80
f 76/302/81 140/250/81 141/251/81
f 78/304/82 77/303/82 141/251/82
f 79/305/83 78/304/83 142/254/83
f 80/98/84 79/305/84 143/256/84
f 80/98/85 144/257/85 145/259/85
f 81/306/86 145/259/86 146/262/86
f 83/308/87 82/307/87 146/262/87
f 84/309/88 83/308/88 147/264/88
f 84/309/89 148/265/89 149/267/89
f 85/310/90 149/267/90 150/269/90
f 87/312/91 86/311/91 150/269/91
f 87/312/92 151/271/92 152/274/92
f 89/313/93 88/99/93 152/274/93
f 89/313/94 153/275/94 154/278/94
f 91/315/95 90/314/95 154/278/95
f 91/315/96 155/279/96 156/282/96
f 93/317/97 92/316/97 156/282/97
f 94/318/98 93/317/98 157/284/98
f 94/318/99 158/286/99 159/288/99
f 95/319/100 159/288/100 160/289/100
f 65/292/101 96/320/101 160/289/101
f 161/225/102 163/322/102 288/321/102
f 163/322/37 164/326/37 287/323/37
f 287/323/103 164/326/103 162/324/103
f 165/166/104 167/325/104 163/322/104
f 167/325/105 168/328/105 164/326/105
f 164/326/106 168/328/106 166/162/106
f 165/166/107 169/164/107 171/327/107
f 171/327/36 172/329/36 168/328/36
f 172/329/108 170/157/108 166/162/108
f 169/164/109 173/170/109 175/330/109
f 175/330/35 176/331/35 172/329/35
f 176/331/110 174/155/110 170/157/110
f 173/170/111 177/172/111 179/332/111
f 179/332/34 180/333/34 176/331/34
f 180/333/112 178/153/112 174/155/112
f 177/172/113 181/174/113 183/334/113
f 183/334/33 184/335/33 180/333/33
f 184/335/114 182/151/114 178/153/114
f 181/174/115 185/176/115 187/336/115
f 187/336/32 188/337/32 184/335/32
f 188/337/116 186/149/116 182/151/116
f 185/176/117 189/178/117 191/338/117
f 191/338/31 192/339/31 188/337/31
f 192/339/118 190/147/118 186/149/118
f 193/180/119 195/340/119 191/338/119
f 195/340/30 196/342/30 192/339/30
f 192/339/120 196/342/120 194/145/120
f 197/182/121 199/341/121 195/340/121
f 199/341/29 200/344/29 196/342/29
f 196/342/122 200/344/122 198/143/122
f 201/184/123 203/343/123 199/341/123
f 203/343/28 204/346/28 200/344/28
f 200/344/124 204/346/124 202/141/124
f 205/186/125 207/345/125 203/343/125
f 207/345/27 208/348/27 204/346/27
f 204/346/126 208/348/126 206/139/126
f 209/188/127 211/347/127 207/345/127
f 211/347/26 212/350/26 208/348/26
f 208/348/128 212/350/128 210/137/128
f 213/190/129 215/349/129 211/347/129
f 215/349/25 216/352/25 212/350/25
f 212/350/130 216/352/130 214/135/130
f 213/190/131 217/192/131 219/351/131
f 219/351/24 220/353/24 216/352/24
f 220/353/132 218/133/132 214/135/132
f 217/192/133 221/194/133 223/354/133
f 223/354/23 224/355/23 220/353/23
f 224/355/134 222/131/134 218/133/134
f 225/196/135 227/356/135 223/354/135
f 227/356/22 228/358/22 224/355/22
f 224/355/136 228/358/136 226/129/136
f 229/198/137 231/357/137 227/356/137
f 231/357/21 232/359/21 228/358/21
f 232/359/138 230/127/138 226/129/138
f 229/198/139 233/200/139 235/360/139
f 235/360/20 236/361/20 232/359/20
f 236/361/140 234/125/140 230/127/140
f 233/200/141 237/202/141 239/362/141
f 239/362/19 240/363/19 236/361/19
f 240/363/142 238/123/142 234/125/142
f 237/202/143 241/204/143 243/364/143
f 243/364/18 244/365/18 240/363/18
f 244/365/144 242/121/144 238/123/144
f 241/204/145 245/206/145 247/366/145
f 247/366/17 248/367/17 244/365/17
f 248/367/146 246/119/146 242/121/146
f 245/206/147 249/208/147 251/368/147
f 251/368/16 252/369/16 248/367/16
f 252/369/148 250/117/148 246/119/148
f 253/210/149 255/370/149 251/368/149
f 255/370/15 256/372/15 252/369/15
f 252/369/150 256/372/150 254/115/150
f 253/210/151 257/212/151 259/371/151
f 259/371/14 260/373/14 256/372/14
f 260/373/152 258/113/152 254/115/152
f 261/214/153 263/374/153 259/371/153
f 263/374/13 264/376/13 260/373/13
f 260/373/154 264/376/154 262/111/154
f 265/216/155 267/375/155 263/374/155
f 267/375/12 268/378/12 264/376/12
f 264/376/156 268/378/156 266/109/156
f 269/218/157 271/377/157 267/375/157
f 271/377/11 272/380/11 268/378/11
f 268/378/158 272/380/158 270/107/158
f 273/220/159 275/379/159 271/377/159
f 275/379/10 276/382/10 272/380/10
f 272/380/160 276/382/160 274/105/160
f 277/222/161 279/381/161 275/379/161
f 279/381/9 280/384/9 276/382/9
f 276/382/162 280/384/162 278/103/162
f 281/161/163 283/383/163 279/381/163
f 283/383/8 284/385/8 280/384/8
f 284/385/164 282/100/164 278/103/164
f 281/161/165 286/160/165 288/386/165
f 288/386/7 287/387/7 284/385/7
f 287/387/166 285/2116/166 282/100/166
f 162/324/105 166/162/105 99/163/105
f 290/390/6 289/448/6 320/476/6
f 320/476/6 319/475/6 290/390/6
f 319/475/6 318/474/6 290/390/6
f 318/474/6 317/473/6 316/472/6
f 316/472/6 315/471/6 314/470/6
f 314/470/6 313/469/6 312/468/6
f 312/468/6 311/467/6 310/466/6
f 310/466/6 309/465/6 306/388/6
f 309/465/6 308/464/6 306/388/6
f 308/464/6 307/463/6 306/388/6
f 306/388/6 305/462/6 304/461/6
f 304/461/6 303/460/6 302/459/6
f 302/459/6 301/458/6 300/457/6
f 300/457/6 299/456/6 298/389/6
f 298/389/6 297/455/6 296/454/6
f 296/454/6 295/453/6 298/389/6
f 295/453/6 294/452/6 298/389/6
f 294/452/6 293/451/6 290/390/6
f 293/451/6 292/450/6 290/390/6
f 292/450/6 291/449/6 290/390/6
f 318/474/6 316/472/6 290/390/6
f 316/472/6 314/470/6 290/390/6
f 314/470/6 312/468/6 310/466/6
f 306/388/6 304/461/6 302/459/6
f 302/459/6 300/457/6 306/388/6
f 300/457/6 298/389/6 306/388/6
f 314/470/6 310/466/6 306/388/6
f 298/389/6 294/452/6 290/390/6
f 290/390/6 314/470/6 306/388/6
f 321/101/7 509/2116/7 506/100/7
f 352/102/8 506/100/8 502/103/8
f 351/104/9 502/103/9 498/105/9
f 350/106/10 498/105/10 494/107/10
f 349/108/11 494/107/11 490/109/11
f 348/110/12 490/109/12 486/111/12
f 347/112/13 486/111/13 482/113/13
f 346/114/14 482/113/14 478/115/14
f 345/116/15 478/115/15 474/117/15
f 344/118/16 474/117/16 470/119/16
f 343/120/17 470/119/17 466/121/17
f 342/122/18 466/121/18 462/123/18
f 341/124/19 462/123/19 458/125/19
f 340/126/20 458/125/20 454/127/20
f 339/128/21 454/127/21 450/129/21
f 338/130/22 450/129/22 446/131/22
f 337/132/23 446/131/23 442/133/23
f 336/134/24 442/133/24 438/135/24
f 335/136/25 438/135/25 434/137/25
f 334/138/26 434/137/26 430/139/26
f 333/140/27 430/139/27 426/141/27
f 332/142/28 426/141/28 422/143/28
f 331/144/29 422/143/29 418/145/29
f 330/146/30 418/145/30 414/147/30
f 329/148/31 414/147/31 410/149/31
f 328/150/32 410/149/32 406/151/32
f 327/152/33 406/151/33 402/153/33
f 326/154/34 402/153/34 398/155/34
f 325/156/35 398/155/35 394/157/35
f 389/166/105 522/165/105 518/391/105
f 324/158/36 394/157/36 390/162/36
f 517/391/105 521/392/105 165/166/105
f 322/168/37 386/324/37 509/167/37
f 521/392/36 525/171/36 169/164/36
f 525/171/35 529/173/35 173/170/35
f 529/173/34 533/175/34 177/172/34
f 533/175/33 537/177/33 181/174/33
f 537/177/32 541/179/32 185/176/32
f 541/179/31 545/181/31 189/178/31
f 545/181/30 549/183/30 193/180/30
f 549/183/29 553/185/29 197/182/29
f 553/185/28 557/187/28 201/184/28
f 557/187/27 561/189/27 205/186/27
f 561/189/26 565/191/26 209/188/26
f 565/191/25 569/193/25 213/190/25
f 569/193/24 573/195/24 217/192/24
f 573/195/23 577/197/23 221/194/23
f 577/197/22 581/199/22 225/196/22
f 581/199/21 585/201/21 229/198/21
f 585/201/20 589/203/20 233/200/20
f 589/203/19 593/205/19 237/202/19
f 593/205/18 597/207/18 241/204/18
f 597/207/17 601/209/17 245/206/17
f 601/209/16 605/211/16 249/208/16
f 605/211/15 609/213/15 253/210/15
f 609/213/14 613/215/14 257/212/14
f 613/215/13 617/217/13 261/214/13
f 617/217/12 621/219/12 265/216/12
f 621/219/11 625/221/11 269/218/11
f 625/221/10 629/223/10 273/220/10
f 629/223/9 633/224/9 277/222/9
f 633/224/8 637/159/8 281/161/8
f 514/226/37 517/391/37 161/225/37
f 322/393/386 321/2118/386 353/394/386
f 323/396/168 322/393/168 354/395/168
f 356/398/169 324/400/169 323/396/169
f 357/399/170 325/2119/170 324/400/170
f 326/401/171 325/2119/171 357/399/171
f 359/403/172 327/2120/172 326/401/172
f 328/404/173 327/2120/173 359/403/173
f 329/406/387 328/404/387 360/405/387
f 330/408/175 329/406/175 361/407/175
f 363/410/176 331/2121/176 330/408/176
f 332/411/177 331/2121/177 363/410/177
f 365/413/178 333/2122/178 332/411/178
f 334/414/179 333/2122/179 365/413/179
f 335/416/180 334/414/180 366/415/180
f 368/418/181 336/420/181 335/416/181
f 369/419/388 337/2123/388 336/420/388
f 338/421/389 337/2123/389 369/419/389
f 339/423/184 338/421/184 370/422/184
f 372/425/185 340/427/185 339/423/185
f 373/426/186 341/429/186 340/427/186
f 374/428/187 342/431/187 341/429/187
f 375/430/188 343/2124/188 342/431/188
f 344/432/189 343/2124/189 375/430/189
f 377/434/390 345/2125/390 344/432/390
f 346/435/391 345/2125/391 377/434/391
f 379/437/192 347/2126/192 346/435/192
f 348/438/193 347/2126/193 379/437/193
f 349/440/194 348/438/194 380/439/194
f 350/442/195 349/440/195 381/441/195
f 351/444/196 350/442/196 382/443/196
f 384/446/197 352/447/197 351/444/197
f 353/394/392 321/2118/392 352/447/392
f 354/395/199 353/394/199 289/448/199
f 355/397/200 354/395/200 290/390/200
f 356/398/201 355/397/201 291/449/201
f 357/399/202 356/398/202 292/450/202
f 294/452/203 358/402/203 357/399/203
f 295/453/204 359/403/204 358/402/204
f 360/405/205 359/403/205 295/453/205
f 297/455/206 361/407/206 360/405/206
f 362/409/207 361/407/207 297/455/207
f 299/456/208 363/410/208 362/409/208
f 364/412/209 363/410/209 299/456/209
f 365/413/210 364/412/210 300/457/210
f 302/459/211 366/415/211 365/413/211
f 303/460/212 367/417/212 366/415/212
f 304/461/213 368/418/213 367/417/213
f 369/419/214 368/418/214 304/461/214
f 370/422/215 369/419/215 305/462/215
f 307/463/216 371/424/216 370/422/216
f 308/464/217 372/425/217 371/424/217
f 373/426/218 372/425/218 308/464/218
f 374/428/219 373/426/219 309/465/219
f 311/467/220 375/430/220 374/428/220
f 376/433/221 375/430/221 311/467/221
f 313/469/222 377/434/222 376/433/222
f 378/436/223 377/434/223 313/469/223
f 315/471/224 379/437/224 378/436/224
f 380/439/225 379/437/225 315/471/225
f 317/473/226 381/441/226 380/439/226
f 318/474/227 382/443/227 381/441/227
f 383/445/228 382/443/228 318/474/228
f 384/446/229 383/445/229 319/475/229
f 289/448/230 353/394/230 384/446/230
f 512/321/103 387/322/103 385/225/103
f 511/323/37 388/326/37 387/322/37
f 511/323/102 509/167/102 386/324/102
f 387/322/106 391/325/106 389/166/106
f 388/326/105 392/328/105 391/325/105
f 388/326/104 386/324/104 390/162/104
f 389/166/108 391/325/108 395/327/108
f 392/328/36 396/329/36 395/327/36
f 390/162/107 394/157/107 396/329/107
f 393/164/110 395/327/110 399/330/110
f 396/329/35 400/331/35 399/330/35
f 394/157/109 398/155/109 400/331/109
f 397/170/112 399/330/112 403/332/112
f 400/331/34 404/333/34 403/332/34
f 398/155/111 402/153/111 404/333/111
f 401/172/114 403/332/114 407/334/114
f 404/333/33 408/335/33 407/334/33
f 402/153/113 406/151/113 408/335/113
f 405/174/116 407/334/116 411/336/116
f 408/335/32 412/337/32 411/336/32
f 406/151/115 410/149/115 412/337/115
f 411/336/118 415/338/118 413/178/118
f 412/337/31 416/339/31 415/338/31
f 410/149/117 414/147/117 416/339/117
f 415/338/120 419/340/120 417/180/120
f 416/339/30 420/342/30 419/340/30
f 416/339/119 414/147/119 418/145/119
f 419/340/122 423/341/122 421/182/122
f 420/342/29 424/344/29 423/341/29
f 420/342/121 418/145/121 422/143/121
f 423/341/124 427/343/124 425/184/124
f 424/344/28 428/346/28 427/343/28
f 424/344/123 422/143/123 426/141/123
f 427/343/126 431/345/126 429/186/126
f 428/346/27 432/348/27 431/345/27
f 428/346/125 426/141/125 430/139/125
f 431/345/128 435/347/128 433/188/128
f 432/348/26 436/350/26 435/347/26
f 432/348/127 430/139/127 434/137/127
f 435/347/130 439/349/130 437/190/130
f 436/350/25 440/352/25 439/349/25
f 436/350/129 434/137/129 438/135/129
f 437/190/132 439/349/132 443/351/132
f 440/352/24 444/353/24 443/351/24
f 438/135/131 442/133/131 444/353/131
f 441/192/134 443/351/134 447/354/134
f 444/353/23 448/355/23 447/354/23
f 442/133/133 446/131/133 448/355/133
f 447/354/136 451/356/136 449/196/136
f 448/355/22 452/358/22 451/356/22
f 448/355/135 446/131/135 450/129/135
f 451/356/138 455/357/138 453/198/138
f 452/358/21 456/359/21 455/357/21
f 450/129/137 454/127/137 456/359/137
f 453/198/140 455/357/140 459/360/140
f 456/359/20 460/361/20 459/360/20
f 454/127/139 458/125/139 460/361/139
f 457/200/142 459/360/142 463/362/142
f 460/361/19 464/363/19 463/362/19
f 458/125/141 462/123/141 464/363/141
f 461/202/144 463/362/144 467/364/144
f 464/363/18 468/365/18 467/364/18
f 462/123/143 466/121/143 468/365/143
f 465/204/146 467/364/146 471/366/146
f 468/365/17 472/367/17 471/366/17
f 466/121/145 470/119/145 472/367/145
f 469/206/148 471/366/148 475/368/148
f 472/367/16 476/369/16 475/368/16
f 470/119/147 474/117/147 476/369/147
f 475/368/150 479/370/150 477/210/150
f 476/369/15 480/372/15 479/370/15
f 476/369/149 474/117/149 478/115/149
f 477/210/152 479/370/152 483/371/152
f 480/372/14 484/373/14 483/371/14
f 478/115/151 482/113/151 484/373/151
f 483/371/154 487/374/154 485/214/154
f 484/373/13 488/376/13 487/374/13
f 484/373/153 482/113/153 486/111/153
f 487/374/156 491/375/156 489/216/156
f 488/376/12 492/378/12 491/375/12
f 488/376/155 486/111/155 490/109/155
f 491/375/158 495/377/158 493/218/158
f 492/378/11 496/380/11 495/377/11
f 492/378/157 490/109/157 494/107/157
f 495/377/160 499/379/160 497/220/160
f 496/380/10 500/382/10 499/379/10
f 496/380/159 494/107/159 498/105/159
f 499/379/162 503/381/162 501/222/162
f 500/382/9 504/384/9 503/381/9
f 500/382/161 498/105/161 502/103/161
f 503/381/164 507/383/164 505/161/164
f 504/384/8 508/385/8 507/383/8
f 502/103/163 506/100/163 508/385/163
f 505/161/166 507/383/166 512/386/166
f 508/385/7 511/387/7 512/386/7
f 506/100/165 509/2116/165 511/387/165
f 323/163/105 390/162/105 386/324/105
f 638/159/231 513/2117/231 515/477/231
f 515/477/7 516/477/7 639/478/7
f 516/477/232 514/2117/232 637/159/232
f 638/159/233 640/478/233 636/479/233
f 640/478/8 639/478/8 635/479/8
f 639/478/234 637/159/234 633/224/234
f 634/224/235 636/479/235 632/480/235
f 636/479/9 635/479/9 631/480/9
f 631/480/236 635/479/236 633/224/236
f 630/223/237 632/480/237 628/481/237
f 632/480/10 631/480/10 627/481/10
f 627/481/238 631/480/238 629/223/238
f 626/221/239 628/481/239 624/482/239
f 628/481/11 627/481/11 623/482/11
f 623/482/240 627/481/240 625/221/240
f 622/219/241 624/482/241 620/483/241
f 624/482/12 623/482/12 619/483/12
f 619/483/242 623/482/242 621/219/242
f 618/217/243 620/483/243 616/484/243
f 620/483/13 619/483/13 615/484/13
f 615/484/244 619/483/244 617/217/244
f 610/213/245 614/215/245 616/484/245
f 616/484/14 615/484/14 611/485/14
f 615/484/246 613/215/246 609/213/246
f 610/213/247 612/485/247 608/486/247
f 612/485/15 611/485/15 607/486/15
f 607/486/248 611/485/248 609/213/248
f 602/209/249 606/211/249 608/486/249
f 608/486/16 607/486/16 603/487/16
f 607/486/250 605/211/250 601/209/250
f 598/207/251 602/209/251 604/487/251
f 604/487/17 603/487/17 599/488/17
f 603/487/252 601/209/252 597/207/252
f 594/205/253 598/207/253 600/488/253
f 600/488/18 599/488/18 595/489/18
f 599/488/254 597/207/254 593/205/254
f 590/203/255 594/205/255 596/489/255
f 596/489/19 595/489/19 591/490/19
f 595/489/256 593/205/256 589/203/256
f 586/201/257 590/203/257 592/490/257
f 592/490/20 591/490/20 587/491/20
f 591/490/258 589/203/258 585/201/258
f 586/201/259 588/491/259 584/492/259
f 588/491/21 587/491/21 583/492/21
f 587/491/260 585/201/260 581/199/260
f 582/199/261 584/492/261 580/493/261
f 584/492/22 583/492/22 579/493/22
f 579/493/262 583/492/262 581/199/262
f 574/195/263 578/197/263 580/493/263
f 580/493/23 579/493/23 575/494/23
f 579/493/264 577/197/264 573/195/264
f 570/193/265 574/195/265 576/494/265
f 576/494/24 575/494/24 571/495/24
f 575/494/266 573/195/266 569/193/266
f 570/193/267 572/495/267 568/496/267
f 572/495/25 571/495/25 567/496/25
f 567/496/268 571/495/268 569/193/268
f 566/191/269 568/496/269 564/497/269
f 568/496/26 567/496/26 563/497/26
f 563/497/270 567/496/270 565/191/270
f 562/189/271 564/497/271 560/498/271
f 564/497/27 563/497/27 559/498/27
f 559/498/272 563/497/272 561/189/272
f 558/187/273 560/498/273 556/499/273
f 560/498/28 559/498/28 555/499/28
f 555/499/274 559/498/274 557/187/274
f 554/185/275 556/499/275 552/500/275
f 556/499/29 555/499/29 551/500/29
f 551/500/276 555/499/276 553/185/276
f 550/183/277 552/500/277 548/501/277
f 552/500/30 551/500/30 547/501/30
f 547/501/278 551/500/278 549/183/278
f 542/179/279 546/181/279 548/501/279
f 548/501/31 547/501/31 543/502/31
f 547/501/280 545/181/280 541/179/280
f 538/177/281 542/179/281 544/502/281
f 544/502/32 543/502/32 539/503/32
f 543/502/282 541/179/282 537/177/282
f 534/175/283 538/177/283 540/503/283
f 540/503/33 539/503/33 535/504/33
f 539/503/284 537/177/284 533/175/284
f 530/173/285 534/175/285 536/504/285
f 536/504/34 535/504/34 531/505/34
f 535/504/286 533/175/286 529/173/286
f 526/171/287 530/173/287 532/505/287
f 532/505/35 531/505/35 527/506/35
f 531/505/288 529/173/288 525/171/288
f 522/165/289 526/171/289 528/506/289
f 528/506/36 527/506/36 523/507/36
f 527/506/290 525/171/290 521/392/290
f 522/165/291 524/507/291 520/508/291
f 524/507/105 523/507/105 519/508/105
f 519/508/292 523/507/292 521/392/292
f 518/391/293 520/508/293 515/509/293
f 520/508/37 519/508/37 516/509/37
f 516/509/294 519/508/294 517/391/294
f 510/160/7 513/2117/7 638/159/7
f 706/510/37 705/513/37 643/511/37
f 705/513/105 707/515/105 645/514/105
f 707/515/36 708/517/36 647/516/36
f 708/517/35 709/519/35 649/518/35
f 709/519/34 710/521/34 651/520/34
f 710/521/33 711/523/33 653/522/33
f 711/523/32 712/525/32 655/524/32
f 712/525/31 713/527/31 657/526/31
f 713/527/30 714/529/30 659/528/30
f 714/529/29 715/531/29 661/530/29
f 715/531/28 716/533/28 663/532/28
f 716/533/27 717/535/27 665/534/27
f 717/535/26 718/537/26 667/536/26
f 718/537/25 719/539/25 669/538/25
f 719/539/24 720/541/24 671/540/24
f 720/541/23 721/543/23 673/542/23
f 721/543/22 722/545/22 675/544/22
f 722/545/21 723/547/21 677/546/21
f 723/547/20 724/549/20 679/548/20
f 724/549/19 725/551/19 681/550/19
f 725/551/18 726/553/18 683/552/18
f 726/553/17 727/555/17 685/554/17
f 727/555/16 728/557/16 687/556/16
f 728/557/15 729/559/15 689/558/15
f 729/559/14 730/561/14 691/560/14
f 730/561/13 731/563/13 693/562/13
f 731/563/12 732/565/12 695/564/12
f 732/565/11 733/567/11 697/566/11
f 733/567/10 734/569/10 699/568/10
f 734/569/9 735/574/9 701/570/9
f 646/573/6 644/646/6 702/671/6
f 644/646/6 642/645/6 702/671/6
f 642/645/6 704/673/6 702/671/6
f 702/671/6 700/672/6 698/670/6
f 698/670/6 696/668/6 694/669/6
f 694/669/6 692/666/6 690/667/6
f 690/667/6 688/664/6 686/665/6
f 686/665/6 684/663/6 682/661/6
f 682/661/6 680/662/6 678/660/6
f 678/660/6 676/659/6 674/658/6
f 674/658/6 672/657/6 678/660/6
f 672/657/6 670/571/6 678/660/6
f 670/571/6 668/655/6 666/656/6
f 666/656/6 664/654/6 662/572/6
f 662/572/6 660/652/6 658/653/6
f 658/653/6 656/651/6 654/650/6
f 654/650/6 652/648/6 650/649/6
f 650/649/6 648/647/6 646/573/6
f 702/671/6 698/670/6 694/669/6
f 694/669/6 690/667/6 678/660/6
f 690/667/6 686/665/6 678/660/6
f 686/665/6 682/661/6 678/660/6
f 670/571/6 666/656/6 662/572/6
f 662/572/6 658/653/6 654/650/6
f 654/650/6 650/649/6 662/572/6
f 650/649/6 646/573/6 662/572/6
f 646/573/6 702/671/6 678/660/6
f 702/671/6 694/669/6 678/660/6
f 678/660/6 670/571/6 646/573/6
f 735/574/8 736/576/8 703/575/8
f 736/576/7 706/2127/7 641/577/7
f 703/580/5 641/2128/5 643/2129/5
f 643/2129/5 645/2130/5 647/2131/5
f 647/2131/5 649/2132/5 651/2133/5
f 651/2133/5 653/2134/5 647/2131/5
f 653/2134/5 655/2135/5 647/2131/5
f 655/2135/5 657/2136/5 659/2137/5
f 659/2137/5 661/2138/5 663/2139/5
f 663/2139/5 665/2140/5 667/2141/5
f 667/2141/5 669/2142/5 671/578/5
f 671/578/5 673/2143/5 675/2144/5
f 675/2144/5 677/2145/5 671/578/5
f 677/2145/5 679/2146/5 671/578/5
f 679/2146/5 681/2147/5 687/579/5
f 681/2147/5 683/2148/5 687/579/5
f 683/2148/5 685/2149/5 687/579/5
f 687/579/5 689/2150/5 691/2151/5
f 691/2151/5 693/2152/5 695/2153/5
f 695/2153/5 697/2154/5 699/2155/5
f 699/2155/5 701/2156/5 703/580/5
f 703/580/5 643/2129/5 647/2131/5
f 655/2135/5 659/2137/5 663/2139/5
f 663/2139/5 667/2141/5 655/2135/5
f 667/2141/5 671/578/5 655/2135/5
f 687/579/5 691/2151/5 695/2153/5
f 695/2153/5 699/2155/5 687/579/5
f 699/2155/5 703/580/5 687/579/5
f 703/580/5 647/2131/5 671/578/5
f 647/2131/5 655/2135/5 671/578/5
f 671/578/5 679/2146/5 687/579/5
f 737/581/295 705/585/295 706/582/295
f 739/584/296 707/587/296 705/585/296
f 739/584/297 740/589/297 708/586/297
f 741/588/298 709/591/298 708/586/298
f 742/590/299 710/593/299 709/591/299
f 743/592/393 711/595/393 710/593/393
f 743/592/301 744/597/301 712/594/301
f 745/596/302 713/599/302 712/594/302
f 745/596/303 746/601/303 714/598/303
f 747/600/304 715/603/304 714/598/304
f 748/602/305 716/605/305 715/603/305
f 748/602/306 749/606/306 717/604/306
f 749/606/307 750/609/307 718/607/307
f 751/608/308 719/611/308 718/607/308
f 751/608/309 752/612/309 720/610/309
f 752/612/310 753/615/310 721/613/310
f 754/614/311 722/617/311 721/613/311
f 755/616/312 723/619/312 722/617/312
f 755/616/313 756/620/313 724/618/313
f 756/620/314 757/622/314 725/621/314
f 757/622/315 758/625/315 726/623/315
f 759/624/394 727/627/394 726/623/394
f 760/626/317 728/629/317 727/627/317
f 761/628/318 729/631/318 728/629/318
f 761/628/319 762/633/319 730/630/319
f 763/632/320 731/635/320 730/630/320
f 763/632/395 764/637/395 732/634/395
f 765/636/322 733/639/322 732/634/322
f 766/638/323 734/641/323 733/639/323
f 767/640/324 735/643/324 734/641/324
f 767/640/325 768/644/325 736/642/325
f 768/644/326 738/583/326 706/582/326
f 642/645/6 644/646/6 737/581/6
f 644/646/6 646/573/6 739/584/6
f 646/573/6 648/647/6 740/589/6
f 648/647/6 650/649/6 741/588/6
f 652/648/6 742/590/6 741/588/6
f 652/648/6 654/650/6 743/592/6
f 654/650/6 656/651/6 744/597/6
f 656/651/6 658/653/6 745/596/6
f 660/652/6 746/601/6 745/596/6
f 662/572/6 747/600/6 746/601/6
f 664/654/6 748/602/6 747/600/6
f 664/654/6 666/656/6 749/606/6
f 668/655/6 750/609/6 749/606/6
f 670/571/6 751/608/6 750/609/6
f 672/657/6 752/612/6 751/608/6
f 674/658/6 753/615/6 752/612/6
f 674/658/6 676/659/6 754/614/6
f 676/659/6 678/660/6 755/616/6
f 678/660/6 680/662/6 756/620/6
f 682/661/6 757/622/6 756/620/6
f 682/661/6 684/663/6 758/625/6
f 684/663/6 686/665/6 759/624/6
f 688/664/6 760/626/6 759/624/6
f 688/664/6 690/667/6 761/628/6
f 692/666/6 762/633/6 761/628/6
f 692/666/6 694/669/6 763/632/6
f 696/668/6 764/637/6 763/632/6
f 698/670/6 765/636/6 764/637/6
f 698/670/6 700/672/6 766/638/6
f 702/671/6 767/640/6 766/638/6
f 704/673/6 768/644/6 767/640/6
f 642/645/6 738/583/6 768/644/6
f 771/674/327 772/680/327 770/675/327
f 771/674/5 769/676/5 773/677/5
f 775/679/6 774/2157/6 770/675/6
f 770/675/328 774/2158/328 773/681/328
f 779/674/329 777/676/329 778/675/329
f 773/677/5 777/676/5 779/674/5
f 778/675/6 774/2157/6 775/679/6
f 773/681/328 774/2158/328 778/675/328
f 771/674/327 781/676/327 782/675/327
f 783/677/5 781/676/5 771/674/5
f 782/675/6 784/2157/6 775/679/6
f 783/681/330 784/2158/330 782/675/330
f 779/674/329 780/680/329 786/675/329
f 779/674/5 785/676/5 783/677/5
f 775/679/6 784/2157/6 786/675/6
f 786/675/330 784/2158/330 783/681/330
f 789/682/327 790/688/327 788/683/327
f 789/682/5 787/684/5 791/685/5
f 793/687/6 792/2159/6 788/683/6
f 788/683/328 792/2160/328 791/689/328
f 797/682/329 795/684/329 796/683/329
f 791/685/5 795/684/5 797/682/5
f 796/683/6 792/2159/6 793/687/6
f 791/689/328 792/2160/328 796/683/328
f 789/682/327 799/684/327 800/683/327
f 801/685/5 799/684/5 789/682/5
f 800/683/6 802/2159/6 793/687/6
f 801/689/330 802/2160/330 800/683/330
f 797/682/329 798/688/329 804/683/329
f 797/682/5 803/684/5 801/685/5
f 793/687/6 802/2159/6 804/683/6
f 804/683/330 802/2160/330 801/689/330
f 807/690/327 808/696/327 806/691/327
f 807/690/5 805/692/5 809/693/5
f 811/695/6 810/2161/6 806/691/6
f 806/691/328 810/2162/328 809/697/328
f 815/690/329 813/692/329 814/691/329
f 809/693/5 813/692/5 815/690/5
f 814/691/6 810/2161/6 811/695/6
f 809/697/328 810/2162/328 814/691/328
f 807/690/327 817/692/327 818/691/327
f 819/693/5 817/692/5 807/690/5
f 818/691/6 820/2161/6 811/695/6
f 819/697/330 820/2162/330 818/691/330
f 815/690/329 816/696/329 822/691/329
f 815/690/5 821/692/5 819/693/5
f 811/695/6 820/2161/6 822/691/6
f 822/691/330 820/2162/330 819/697/330
f 825/698/327 826/704/327 824/699/327
f 825/698/5 823/700/5 827/701/5
f 829/703/6 828/2163/6 824/699/6
f 824/699/328 828/2164/328 827/705/328
f 833/698/329 831/700/329 832/699/329
f 827/701/5 831/700/5 833/698/5
f 832/699/6 828/2163/6 829/703/6
f 827/705/328 828/2164/328 832/699/328
f 825/698/327 835/700/327 836/699/327
f 837/701/5 835/700/5 825/698/5
f 836/699/6 838/2163/6 829/703/6
f 837/705/330 838/2164/330 836/699/330
f 833/698/329 834/704/329 840/699/329
f 833/698/5 839/700/5 837/701/5
f 829/703/6 838/2163/6 840/699/6
f 840/699/330 838/2164/330 837/705/330
f 842/706/331 844/709/331 843/707/331
f 844/709/363 846/711/363 845/710/363
f 846/711/396 848/713/396 847/712/396
f 848/713/334 850/715/334 849/714/334
f 850/715/335 852/717/335 851/716/335
f 852/717/336 854/719/336 853/718/336
f 854/719/337 856/721/337 855/720/337
f 856/721/338 858/723/338 857/722/338
f 858/723/339 860/725/339 859/724/339
f 860/725/340 862/727/340 861/726/340
f 862/727/341 864/729/341 863/728/341
f 864/729/342 866/731/342 865/730/342
f 866/731/343 868/733/343 867/732/343
f 868/733/344 870/735/344 869/734/344
f 870/735/365 872/737/365 871/736/365
f 872/737/346 874/739/346 873/738/346
f 874/739/347 876/741/347 875/740/347
f 876/741/348 878/743/348 877/742/348
f 878/743/349 880/745/349 879/744/349
f 880/745/350 882/747/350 881/746/350
f 882/747/351 884/749/351 883/748/351
f 884/749/352 886/751/352 885/750/352
f 886/751/353 888/753/353 887/752/353
f 888/753/354 890/755/354 889/754/354
f 890/755/355 892/757/355 891/756/355
f 892/757/356 894/759/356 893/758/356
f 894/759/357 896/761/357 895/760/357
f 896/761/358 898/763/358 897/762/358
f 898/763/359 900/765/359 899/764/359
f 900/765/360 902/770/360 901/766/360
f 846/769/3 844/2165/3 842/2166/3
f 842/2166/3 904/2167/3 902/2168/3
f 902/2168/3 900/2169/3 894/2170/3
f 900/2169/3 898/2171/3 894/2170/3
f 898/2171/3 896/2172/3 894/2170/3
f 894/2170/3 892/2173/3 890/2174/3
f 890/2174/3 888/2175/3 886/2176/3
f 886/2176/3 884/2177/3 882/2178/3
f 882/2178/3 880/2179/3 886/2176/3
f 880/2179/3 878/2180/3 886/2176/3
f 878/2180/3 876/2181/3 874/2182/3
f 874/2182/3 872/2183/3 870/2184/3
f 870/2184/3 868/2185/3 866/2186/3
f 866/2186/3 864/2187/3 870/2184/3
f 864/2187/3 862/767/3 870/2184/3
f 862/767/3 860/2188/3 858/2189/3
f 858/2189/3 856/2190/3 854/768/3
f 854/768/3 852/2191/3 846/769/3
f 852/2191/3 850/2192/3 846/769/3
f 850/2192/3 848/2193/3 846/769/3
f 846/769/3 842/2166/3 894/2170/3
f 842/2166/3 902/2168/3 894/2170/3
f 894/2170/3 890/2174/3 886/2176/3
f 878/2180/3 874/2182/3 870/2184/3
f 862/767/3 858/2189/3 854/768/3
f 894/2170/3 886/2176/3 846/769/3
f 886/2176/3 878/2180/3 846/769/3
f 878/2180/3 870/2184/3 846/769/3
f 870/2184/3 862/767/3 846/769/3
f 902/770/361 904/772/361 903/771/361
f 904/772/362 842/2194/362 841/773/362
f 903/775/1 841/2195/1 843/2196/1
f 843/2196/1 845/2197/1 903/775/1
f 845/2197/1 847/2198/1 903/775/1
f 847/2198/1 849/2199/1 851/2200/1
f 851/2200/1 853/2201/1 847/2198/1
f 853/2201/1 855/2202/1 847/2198/1
f 855/2202/1 857/2203/1 863/2204/1
f 857/2203/1 859/2205/1 863/2204/1
f 859/2205/1 861/2206/1 863/2204/1
f 863/2204/1 865/2207/1 867/2208/1
f 867/2208/1 869/2209/1 863/2204/1
f 869/2209/1 871/776/1 863/2204/1
f 871/776/1 873/2210/1 879/2211/1
f 873/2210/1 875/2212/1 879/2211/1
f 875/2212/1 877/2213/1 879/2211/1
f 879/2211/1 881/2214/1 883/2215/1
f 883/2215/1 885/2216/1 879/2211/1
f 885/2216/1 887/2217/1 879/2211/1
f 887/2217/1 889/2218/1 895/774/1
f 889/2218/1 891/2219/1 895/774/1
f 891/2219/1 893/2220/1 895/774/1
f 895/774/1 897/2221/1 899/2222/1
f 899/2222/1 901/2223/1 903/775/1
f 895/774/1 899/2222/1 903/775/1
f 903/775/1 847/2198/1 871/776/1
f 847/2198/1 855/2202/1 871/776/1
f 855/2202/1 863/2204/1 871/776/1
f 871/776/1 879/2211/1 887/2217/1
f 887/2217/1 895/774/1 871/776/1
f 905/777/37 906/780/37 1689/778/37
f 906/780/105 907/782/105 1705/781/105
f 907/782/36 908/784/36 1721/783/36
f 908/784/35 909/786/35 1737/785/35
f 909/786/34 910/788/34 1753/787/34
f 910/788/33 911/790/33 1769/789/33
f 911/790/32 912/792/32 1785/791/32
f 912/792/31 913/794/31 1801/793/31
f 913/794/30 914/796/30 1817/795/30
f 914/796/29 915/798/29 1833/797/29
f 915/798/28 916/800/28 1849/799/28
f 916/800/27 917/802/27 1865/801/27
f 917/802/26 918/804/26 1881/803/26
f 918/804/25 919/806/25 1897/805/25
f 919/806/24 920/808/24 1913/807/24
f 920/808/23 921/810/23 1929/809/23
f 921/810/22 922/812/22 1945/811/22
f 922/812/21 923/814/21 1961/813/21
f 923/814/20 924/816/20 1977/815/20
f 924/816/19 925/818/19 1993/817/19
f 925/818/18 926/820/18 2009/819/18
f 926/820/17 927/822/17 2025/821/17
f 927/822/16 928/824/16 2041/823/16
f 928/824/15 929/826/15 2057/825/15
f 929/826/14 930/828/14 2073/827/14
f 930/828/13 931/830/13 2089/829/13
f 931/830/12 932/832/12 2105/831/12
f 932/832/11 933/834/11 2121/833/11
f 933/834/10 934/836/10 2137/835/10
f 934/836/9 935/838/9 2153/837/9
f 907/782/6 906/780/6 905/777/6
f 905/777/6 936/840/6 935/838/6
f 935/838/6 934/836/6 933/834/6
f 933/834/397 932/832/397 931/830/397
f 931/830/6 930/828/6 929/826/6
f 929/826/6 928/824/6 927/822/6
f 927/822/6 926/820/6 925/818/6
f 925/818/398 924/816/398 923/814/398
f 923/814/6 922/812/6 921/810/6
f 921/810/6 920/808/6 919/806/6
f 919/806/6 918/804/6 917/802/6
f 917/802/6 916/800/6 915/798/6
f 915/798/6 914/796/6 913/794/6
f 913/794/6 912/792/6 911/790/6
f 911/790/399 910/788/399 909/786/399
f 909/786/400 908/784/400 907/782/400
f 907/782/6 905/777/6 935/838/6
f 935/838/6 933/834/6 907/782/6
f 933/834/6 931/830/6 907/782/6
f 931/830/6 929/826/6 927/822/6
f 927/822/6 925/818/6 931/830/6
f 925/818/6 923/814/6 931/830/6
f 923/814/6 921/810/6 919/806/6
f 919/806/6 917/802/6 915/798/6
f 915/798/6 913/794/6 907/782/6
f 913/794/6 911/790/6 907/782/6
f 911/790/6 909/786/6 907/782/6
f 923/814/6 919/806/6 907/782/6
f 919/806/6 915/798/6 907/782/6
f 935/838/8 936/840/8 2169/839/8
f 936/840/7 905/777/7 1688/779/7
f 937/841/37 938/844/37 2201/842/37
f 938/844/105 939/846/105 2217/845/105
f 939/846/36 940/848/36 2233/847/36
f 940/848/35 941/850/35 2249/849/35
f 941/850/34 942/852/34 2265/851/34
f 942/852/33 943/854/33 2281/853/33
f 943/854/32 944/856/32 2297/855/32
f 944/856/31 945/858/31 2313/857/31
f 945/858/30 946/860/30 2329/859/30
f 946/860/29 947/862/29 2345/861/29
f 947/862/28 948/864/28 2361/863/28
f 948/864/27 949/866/27 2377/865/27
f 949/866/26 950/868/26 2393/867/26
f 950/868/25 951/870/25 2409/869/25
f 951/870/24 952/872/24 2425/871/24
f 952/872/23 953/874/23 2441/873/23
f 953/874/22 954/876/22 2457/875/22
f 954/876/21 955/878/21 2473/877/21
f 955/878/20 956/880/20 2489/879/20
f 956/880/19 957/882/19 2505/881/19
f 957/882/18 958/884/18 2521/883/18
f 958/884/17 959/886/17 2537/885/17
f 959/886/16 960/888/16 2553/887/16
f 960/888/15 961/890/15 2569/889/15
f 961/890/14 962/892/14 2585/891/14
f 962/892/13 963/894/13 2601/893/13
f 963/894/12 964/896/12 2617/895/12
f 964/896/11 965/898/11 2633/897/11
f 965/898/10 966/900/10 2649/899/10
f 966/900/9 967/902/9 2665/901/9
f 939/846/6 938/844/6 967/902/6
f 938/844/6 937/841/6 967/902/6
f 937/841/6 968/904/6 967/902/6
f 967/902/6 966/900/6 965/898/6
f 965/898/6 964/896/6 967/902/6
f 964/896/6 963/894/6 967/902/6
f 963/894/6 962/892/6 961/890/6
f 961/890/6 960/888/6 959/886/6
f 959/886/6 958/884/6 955/878/6
f 958/884/6 957/882/6 955/878/6
f 957/882/400 956/880/400 955/878/400
f 955/878/6 954/876/6 953/874/6
f 953/874/6 952/872/6 955/878/6
f 952/872/6 951/870/6 955/878/6
f 951/870/6 950/868/6 949/866/6
f 949/866/6 948/864/6 951/870/6
f 948/864/6 947/862/6 951/870/6
f 947/862/6 946/860/6 945/858/6
f 945/858/6 944/856/6 947/862/6
f 944/856/6 943/854/6 947/862/6
f 943/854/6 942/852/6 939/846/6
f 942/852/6 941/850/6 939/846/6
f 941/850/398 940/848/398 939/846/398
f 963/894/6 961/890/6 955/878/6
f 961/890/6 959/886/6 955/878/6
f 939/846/6 967/902/6 955/878/6
f 967/902/6 963/894/6 955/878/6
f 955/878/6 951/870/6 939/846/6
f 951/870/6 947/862/6 939/846/6
f 967/902/8 968/904/8 2681/903/8
f 968/904/7 937/841/7 2200/843/7
f 1000/905/7 969/905/7 3976/906/7
f 999/905/8 1000/905/8 3961/906/8
f 998/905/9 999/905/9 3953/906/9
f 997/905/10 998/905/10 3945/906/10
f 996/905/11 997/905/11 3937/906/11
f 995/905/12 996/905/12 3929/906/12
f 994/905/13 995/905/13 3921/906/13
f 993/905/14 994/905/14 3913/906/14
f 992/905/15 993/905/15 3905/906/15
f 991/905/16 992/905/16 3897/906/16
f 990/905/17 991/905/17 3889/906/17
f 989/905/18 990/905/18 3881/906/18
f 988/905/19 989/905/19 3873/906/19
f 987/905/20 988/905/20 3865/906/20
f 986/905/21 987/905/21 3857/906/21
f 985/905/22 986/905/22 3849/906/22
f 984/905/23 985/905/23 3841/906/23
f 983/905/24 984/905/24 3833/906/24
f 982/905/25 983/905/25 3825/906/25
f 981/905/26 982/905/26 3817/906/26
f 980/905/27 981/905/27 3809/906/27
f 979/905/28 980/905/28 3801/906/28
f 978/905/29 979/905/29 3793/906/29
f 977/905/30 978/905/30 3785/906/30
f 976/905/31 977/905/31 3777/906/31
f 975/905/32 976/905/32 3769/906/32
f 974/905/33 975/905/33 3761/906/33
f 973/907/34 974/905/34 3753/906/34
f 972/907/35 973/907/35 3745/906/35
f 971/907/36 972/907/36 3737/906/36
f 970/907/105 971/907/105 3729/906/105
f 969/905/37 970/907/37 3721/906/37
f 1032/908/7 1001/908/7 4232/909/7
f 1031/908/8 1032/908/8 4217/909/8
f 1030/908/9 1031/908/9 4209/909/9
f 1029/908/10 1030/908/10 4201/909/10
f 1028/908/11 1029/908/11 4193/909/11
f 1027/908/12 1028/908/12 4185/909/12
f 1026/908/13 1027/908/13 4177/909/13
f 1025/908/14 1026/908/14 4169/909/14
f 1024/908/15 1025/908/15 4161/909/15
f 1023/908/16 1024/908/16 4153/909/16
f 1022/908/17 1023/908/17 4145/909/17
f 1021/908/18 1022/908/18 4137/909/18
f 1020/908/19 1021/908/19 4129/909/19
f 1019/908/20 1020/908/20 4121/909/20
f 1018/908/21 1019/908/21 4113/909/21
f 1017/908/22 1018/908/22 4105/909/22
f 1016/908/23 1017/908/23 4097/909/23
f 1015/908/24 1016/908/24 4089/909/24
f 1014/908/25 1015/908/25 4081/909/25
f 1013/908/26 1014/908/26 4073/909/26
f 1012/908/27 1013/908/27 4065/909/27
f 1011/908/28 1012/908/28 4057/909/28
f 1010/908/29 1011/908/29 4049/909/29
f 1009/908/30 1010/908/30 4041/909/30
f 1008/908/31 1009/908/31 4033/909/31
f 1007/908/32 1008/908/32 4025/909/32
f 1006/908/33 1007/908/33 4017/909/33
f 1005/908/34 1006/908/34 4009/909/34
f 1004/908/35 1005/908/35 4001/909/35
f 1003/908/36 1004/908/36 3993/909/36
f 1002/908/105 1003/908/105 3985/909/105
f 1001/908/37 1002/908/37 3977/909/37
f 1034/910/331 1036/913/331 1035/911/331
f 1036/913/401 1038/915/401 1037/914/401
f 1038/915/333 1040/917/333 1039/916/333
f 1040/917/334 1042/919/334 1041/918/334
f 1042/919/335 1044/921/335 1043/920/335
f 1044/921/336 1046/923/336 1045/922/336
f 1046/923/337 1048/925/337 1047/924/337
f 1048/925/338 1050/927/338 1049/926/338
f 1050/927/339 1052/929/339 1051/928/339
f 1052/929/340 1054/931/340 1053/930/340
f 1054/931/341 1056/933/341 1055/932/341
f 1056/933/342 1058/935/342 1057/934/342
f 1058/935/343 1060/937/343 1059/936/343
f 1060/937/344 1062/939/344 1061/938/344
f 1062/939/365 1064/941/365 1063/940/365
f 1064/941/346 1066/943/346 1065/942/346
f 1066/943/347 1068/945/347 1067/944/347
f 1068/945/348 1070/947/348 1069/946/348
f 1070/947/349 1072/949/349 1071/948/349
f 1072/949/350 1074/951/350 1073/950/350
f 1074/951/351 1076/953/351 1075/952/351
f 1076/953/352 1078/955/352 1077/954/352
f 1078/955/353 1080/957/353 1079/956/353
f 1080/957/354 1082/959/354 1081/958/354
f 1082/959/355 1084/961/355 1083/960/355
f 1084/961/356 1086/963/356 1085/962/356
f 1086/963/357 1088/965/357 1087/964/357
f 1088/965/358 1090/967/358 1089/966/358
f 1090/967/359 1092/969/359 1091/968/359
f 1092/969/360 1094/974/360 1093/970/360
f 1038/2224/3 1036/2225/3 1034/2226/3
f 1034/2226/3 1096/2227/3 1094/2228/3
f 1094/2228/3 1092/2229/3 1086/971/3
f 1092/2229/3 1090/2230/3 1086/971/3
f 1090/2230/3 1088/2231/3 1086/971/3
f 1086/971/3 1084/2232/3 1082/2233/3
f 1082/2233/3 1080/2234/3 1078/2235/3
f 1078/2235/3 1076/2236/3 1074/2237/3
f 1074/2237/3 1072/2238/3 1078/2235/3
f 1072/2238/3 1070/972/3 1078/2235/3
f 1070/972/3 1068/2239/3 1066/2240/3
f 1066/2240/3 1064/2241/3 1062/2242/3
f 1062/2242/3 1060/2243/3 1058/2244/3
f 1058/2244/3 1056/2245/3 1054/973/3
f 1054/973/3 1052/2246/3 1046/2247/3
f 1052/2246/3 1050/2248/3 1046/2247/3
f 1050/2248/3 1048/2249/3 1046/2247/3
f 1046/2247/3 1044/2250/3 1042/2251/3
f 1042/2251/3 1040/2252/3 1038/2224/3
f 1038/2224/3 1034/2226/3 1086/971/3
f 1034/2226/3 1094/2228/3 1086/971/3
f 1086/971/3 1082/2233/3 1078/2235/3
f 1070/972/3 1066/2240/3 1062/2242/3
f 1062/2242/3 1058/2244/3 1070/972/3
f 1058/2244/3 1054/973/3 1070/972/3
f 1046/2247/3 1042/2251/3 1054/973/3
f 1042/2251/3 1038/2224/3 1054/973/3
f 1086/971/3 1078/2235/3 1070/972/3
f 1038/2224/3 1086/971/3 1054/973/3
f 1094/974/361 1096/976/361 1095/975/361
f 1096/976/362 1034/2253/362 1033/977/362
f 1095/2254/1 1033/2255/1 1039/2256/1
f 1033/2255/1 1035/2257/1 1039/2256/1
f 1035/2257/1 1037/2258/1 1039/2256/1
f 1039/2256/1 1041/2259/1 1043/2260/1
f 1043/2260/1 1045/2261/1 1047/978/1
f 1047/978/1 1049/2262/1 1051/2263/1
f 1051/2263/1 1053/2264/1 1055/2265/1
f 1055/2265/1 1057/2266/1 1063/979/1
f 1057/2266/1 1059/2267/1 1063/979/1
f 1059/2267/1 1061/2268/1 1063/979/1
f 1063/979/1 1065/2269/1 1071/2270/1
f 1065/2269/1 1067/2271/1 1071/2270/1
f 1067/2271/1 1069/2272/1 1071/2270/1
f 1071/2270/1 1073/2273/1 1075/2274/1
f 1075/2274/1 1077/2275/1 1071/2270/1
f 1077/2275/1 1079/980/1 1071/2270/1
f 1079/980/1 1081/2276/1 1083/2277/1
f 1083/2277/1 1085/2278/1 1079/980/1
f 1085/2278/1 1087/2279/1 1079/980/1
f 1087/2279/1 1089/2280/1 1091/2281/1
f 1091/2281/1 1093/2282/1 1095/2254/1
f 1039/2256/1 1043/2260/1 1095/2254/1
f 1043/2260/1 1047/978/1 1095/2254/1
f 1047/978/1 1051/2263/1 1055/2265/1
f 1087/2279/1 1091/2281/1 1079/980/1
f 1091/2281/1 1095/2254/1 1079/980/1
f 1047/978/1 1055/2265/1 1063/979/1
f 1063/979/1 1071/2270/1 1079/980/1
f 1095/2254/1 1047/978/1 1079/980/1
f 1098/981/331 1100/984/331 1099/982/331
f 1100/984/401 1102/986/401 1101/985/401
f 1102/986/333 1104/988/333 1103/987/333
f 1104/988/334 1106/990/334 1105/989/334
f 1106/990/335 1108/992/335 1107/991/335
f 1108/992/336 1110/994/336 1109/993/336
f 1110/994/368 1112/996/368 1111/995/368
f 1112/996/338 1114/998/338 1113/997/338
f 1114/998/339 1116/1000/339 1115/999/339
f 1116/1000/370 1118/1002/370 1117/1001/370
f 1118/1002/341 1120/1004/341 1119/1003/341
f 1120/1004/342 1122/1006/342 1121/1005/342
f 1122/1006/343 1124/1008/343 1123/1007/343
f 1124/1008/344 1126/1010/344 1125/1009/344
f 1126/1010/365 1128/1012/365 1127/1011/365
f 1128/1012/346 1130/1014/346 1129/1013/346
f 1130/1014/347 1132/1016/347 1131/1015/347
f 1132/1016/348 1134/1018/348 1133/1017/348
f 1134/1018/349 1136/1020/349 1135/1019/349
f 1136/1020/350 1138/1022/350 1137/1021/350
f 1138/1022/351 1140/1024/351 1139/1023/351
f 1140/1024/352 1142/1026/352 1141/1025/352
f 1142/1026/371 1144/1028/371 1143/1027/371
f 1144/1028/354 1146/1030/354 1145/1029/354
f 1146/1030/355 1148/1032/355 1147/1031/355
f 1148/1032/372 1150/1034/372 1149/1033/372
f 1150/1034/357 1152/1036/357 1151/1035/357
f 1152/1036/402 1154/1038/402 1153/1037/402
f 1154/1038/359 1156/1040/359 1155/1039/359
f 1156/1040/403 1158/1045/403 1157/1041/403
f 1102/2283/3 1100/2284/3 1098/2285/3
f 1098/2285/3 1160/2286/3 1158/2287/3
f 1158/2287/3 1156/2288/3 1154/2289/3
f 1154/2289/3 1152/2290/3 1158/2287/3
f 1152/2290/3 1150/1042/3 1158/2287/3
f 1150/1042/3 1148/2291/3 1146/2292/3
f 1146/2292/3 1144/2293/3 1142/2294/3
f 1142/2294/3 1140/2295/3 1134/1043/3
f 1140/2295/3 1138/2296/3 1134/1043/3
f 1138/2296/3 1136/2297/3 1134/1043/3
f 1134/1043/3 1132/2298/3 1130/2299/3
f 1130/2299/3 1128/2300/3 1126/2301/3
f 1126/2301/3 1124/2302/3 1118/1044/3
f 1124/2302/3 1122/2303/3 1118/1044/3
f 1122/2303/3 1120/2304/3 1118/1044/3
f 1118/1044/3 1116/2305/3 1114/2306/3
f 1114/2306/3 1112/2307/3 1110/2308/3
f 1110/2308/3 1108/2309/3 1106/2310/3
f 1106/2310/3 1104/2311/3 1110/2308/3
f 1104/2311/3 1102/2283/3 1110/2308/3
f 1102/2283/3 1098/2285/3 1150/1042/3
f 1098/2285/3 1158/2287/3 1150/1042/3
f 1150/1042/3 1146/2292/3 1142/2294/3
f 1134/1043/3 1130/2299/3 1118/1044/3
f 1130/2299/3 1126/2301/3 1118/1044/3
f 1118/1044/3 1114/2306/3 1110/2308/3
f 1150/1042/3 1142/2294/3 1134/1043/3
f 1118/1044/3 1110/2308/3 1102/2283/3
f 1102/2283/3 1150/1042/3 1118/1044/3
f 1158/1045/361 1160/1047/361 1159/1046/361
f 1160/1047/362 1098/2312/362 1097/1048/362
f 1159/1050/1 1097/2313/1 1103/2314/1
f 1097/2313/1 1099/2315/1 1103/2314/1
f 1099/2315/1 1101/2316/1 1103/2314/1
f 1103/2314/1 1105/2317/1 1107/2318/1
f 1107/2318/1 1109/2319/1 1103/2314/1
f 1109/2319/1 1111/2320/1 1103/2314/1
f 1111/2320/1 1113/2321/1 1119/2322/1
f 1113/2321/1 1115/2323/1 1119/2322/1
f 1115/2323/1 1117/2324/1 1119/2322/1
f 1119/2322/1 1121/2325/1 1123/2326/1
f 1123/2326/1 1125/2327/1 1127/1051/1
f 1127/1051/1 1129/2328/1 1135/2329/1
f 1129/2328/1 1131/2330/1 1135/2329/1
f 1131/2330/1 1133/2331/1 1135/2329/1
f 1135/2329/1 1137/2332/1 1139/2333/1
f 1139/2333/1 1141/2334/1 1143/2335/1
f 1143/2335/1 1145/2336/1 1147/2337/1
f 1147/2337/1 1149/2338/1 1143/2335/1
f 1149/2338/1 1151/1049/1 1143/2335/1
f 1151/1049/1 1153/2339/1 1155/2340/1
f 1155/2340/1 1157/2341/1 1159/1050/1
f 1119/2322/1 1123/2326/1 1127/1051/1
f 1135/2329/1 1139/2333/1 1127/1051/1
f 1139/2333/1 1143/2335/1 1127/1051/1
f 1151/1049/1 1155/2340/1 1159/1050/1
f 1159/1050/1 1103/2314/1 1111/2320/1
f 1111/2320/1 1119/2322/1 1159/1050/1
f 1119/2322/1 1127/1051/1 1159/1050/1
f 1143/2335/1 1151/1049/1 1127/1051/1
f 1162/1052/331 1164/1055/331 1163/1053/331
f 1164/1055/401 1166/1057/401 1165/1056/401
f 1166/1057/333 1168/1059/333 1167/1058/333
f 1168/1059/334 1170/1061/334 1169/1060/334
f 1170/1061/335 1172/1063/335 1171/1062/335
f 1172/1063/336 1174/1065/336 1173/1064/336
f 1174/1065/337 1176/1067/337 1175/1066/337
f 1176/1067/338 1178/1069/338 1177/1068/338
f 1178/1069/339 1180/1071/339 1179/1070/339
f 1180/1071/340 1182/1073/340 1181/1072/340
f 1182/1073/341 1184/1075/341 1183/1074/341
f 1184/1075/342 1186/1077/342 1185/1076/342
f 1186/1077/343 1188/1079/343 1187/1078/343
f 1188/1079/344 1190/1081/344 1189/1080/344
f 1190/1081/365 1192/1083/365 1191/1082/365
f 1192/1083/346 1194/1085/346 1193/1084/346
f 1194/1085/347 1196/1087/347 1195/1086/347
f 1196/1087/348 1198/1089/348 1197/1088/348
f 1198/1089/349 1200/1091/349 1199/1090/349
f 1200/1091/350 1202/1093/350 1201/1092/350
f 1202/1093/351 1204/1095/351 1203/1094/351
f 1204/1095/404 1206/1097/404 1205/1096/404
f 1206/1097/371 1208/1099/371 1207/1098/371
f 1208/1099/354 1210/1101/354 1209/1100/354
f 1210/1101/355 1212/1103/355 1211/1102/355
f 1212/1103/372 1214/1105/372 1213/1104/372
f 1214/1105/374 1216/1107/374 1215/1106/374
f 1216/1107/358 1218/1109/358 1217/1108/358
f 1218/1109/359 1220/1111/359 1219/1110/359
f 1220/1111/403 1222/1116/403 1221/1112/403
f 1166/2342/3 1164/2343/3 1162/2344/3
f 1162/2344/3 1224/2345/3 1222/2346/3
f 1222/2346/3 1220/2347/3 1214/1113/3
f 1220/2347/3 1218/2348/3 1214/1113/3
f 1218/2348/3 1216/2349/3 1214/1113/3
f 1214/1113/3 1212/2350/3 1210/2351/3
f 1210/2351/3 1208/2352/3 1206/2353/3
f 1206/2353/3 1204/2354/3 1202/2355/3
f 1202/2355/3 1200/2356/3 1206/2353/3
f 1200/2356/3 1198/1114/3 1206/2353/3
f 1198/1114/3 1196/2357/3 1194/2358/3
f 1194/2358/3 1192/2359/3 1190/2360/3
f 1190/2360/3 1188/2361/3 1186/2362/3
f 1186/2362/3 1184/2363/3 1190/2360/3
f 1184/2363/3 1182/1115/3 1190/2360/3
f 1182/1115/3 1180/2364/3 1178/2365/3
f 1178/2365/3 1176/2366/3 1174/2367/3
f 1174/2367/3 1172/2368/3 1166/2342/3
f 1172/2368/3 1170/2369/3 1166/2342/3
f 1170/2369/3 1168/2370/3 1166/2342/3
f 1166/2342/3 1162/2344/3 1214/1113/3
f 1162/2344/3 1222/2346/3 1214/1113/3
f 1214/1113/3 1210/2351/3 1206/2353/3
f 1198/1114/3 1194/2358/3 1182/1115/3
f 1194/2358/3 1190/2360/3 1182/1115/3
f 1182/1115/3 1178/2365/3 1174/2367/3
f 1214/1113/3 1206/2353/3 1198/1114/3
f 1182/1115/3 1174/2367/3 1166/2342/3
f 1166/2342/3 1214/1113/3 1182/1115/3
f 1222/1116/361 1224/1118/361 1223/1117/361
f 1224/1118/362 1162/2371/362 1161/1119/362
f 1223/1122/1 1161/2372/1 1167/2373/1
f 1161/2372/1 1163/2374/1 1167/2373/1
f 1163/2374/1 1165/2375/1 1167/2373/1
f 1167/2373/1 1169/2376/1 1171/2377/1
f 1171/2377/1 1173/2378/1 1175/2379/1
f 1175/2379/1 1177/2380/1 1179/2381/1
f 1179/2381/1 1181/2382/1 1175/2379/1
f 1181/2382/1 1183/2383/1 1175/2379/1
f 1183/2383/1 1185/2384/1 1191/2385/1
f 1185/2384/1 1187/2386/1 1191/2385/1
f 1187/2386/1 1189/2387/1 1191/2385/1
f 1191/2385/1 1193/2388/1 1199/1120/1
f 1193/2388/1 1195/2389/1 1199/1120/1
f 1195/2389/1 1197/2390/1 1199/1120/1
f 1199/1120/1 1201/2391/1 1203/2392/1
f 1203/2392/1 1205/2393/1 1199/1120/1
f 1205/2393/1 1207/1121/1 1199/1120/1
f 1207/1121/1 1209/2394/1 1211/2395/1
f 1211/2395/1 1213/2396/1 1207/1121/1
f 1213/2396/1 1215/2397/1 1207/1121/1
f 1215/2397/1 1217/2398/1 1219/2399/1
f 1219/2399/1 1221/2400/1 1223/1122/1
f 1167/2373/1 1171/2377/1 1223/1122/1
f 1171/2377/1 1175/2379/1 1223/1122/1
f 1215/2397/1 1219/2399/1 1207/1121/1
f 1219/2399/1 1223/1122/1 1207/1121/1
f 1175/2379/1 1183/2383/1 1223/1122/1
f 1183/2383/1 1191/2385/1 1223/1122/1
f 1191/2385/1 1199/1120/1 1223/1122/1
f 1226/1123/331 1228/1126/331 1227/1124/331
f 1228/1126/401 1230/1128/401 1229/1127/401
f 1230/1128/333 1232/1130/333 1231/1129/333
f 1232/1130/334 1234/1132/334 1233/1131/334
f 1234/1132/335 1236/1134/335 1235/1133/335
f 1236/1134/336 1238/1136/336 1237/1135/336
f 1238/1136/337 1240/1138/337 1239/1137/337
f 1240/1138/338 1242/1140/338 1241/1139/338
f 1242/1140/339 1244/1142/339 1243/1141/339
f 1244/1142/340 1246/1144/340 1245/1143/340
f 1246/1144/341 1248/1146/341 1247/1145/341
f 1248/1146/342 1250/1148/342 1249/1147/342
f 1250/1148/343 1252/1150/343 1251/1149/343
f 1252/1150/344 1254/1152/344 1253/1151/344
f 1254/1152/365 1256/1154/365 1255/1153/365
f 1256/1154/346 1258/1156/346 1257/1155/346
f 1258/1156/347 1260/1158/347 1259/1157/347
f 1260/1158/348 1262/1160/348 1261/1159/348
f 1262/1160/349 1264/1162/349 1263/1161/349
f 1264/1162/350 1266/1164/350 1265/1163/350
f 1266/1164/351 1268/1166/351 1267/1165/351
f 1268/1166/352 1270/1168/352 1269/1167/352
f 1270/1168/353 1272/1170/353 1271/1169/353
f 1272/1170/354 1274/1172/354 1273/1171/354
f 1274/1172/355 1276/1174/355 1275/1173/355
f 1276/1174/356 1278/1176/356 1277/1175/356
f 1278/1176/357 1280/1178/357 1279/1177/357
f 1280/1178/358 1282/1180/358 1281/1179/358
f 1282/1180/359 1284/1182/359 1283/1181/359
f 1284/1182/360 1286/1187/360 1285/1183/360
f 1230/2401/3 1228/2402/3 1226/2403/3
f 1226/2403/3 1288/2404/3 1286/2405/3
f 1286/2405/3 1284/2406/3 1278/1184/3
f 1284/2406/3 1282/2407/3 1278/1184/3
f 1282/2407/3 1280/2408/3 1278/1184/3
f 1278/1184/3 1276/2409/3 1274/2410/3
f 1274/2410/3 1272/2411/3 1270/2412/3
f 1270/2412/3 1268/2413/3 1266/2414/3
f 1266/2414/3 1264/2415/3 1270/2412/3
f 1264/2415/3 1262/1185/3 1270/2412/3
f 1262/1185/3 1260/2416/3 1258/2417/3
f 1258/2417/3 1256/2418/3 1254/2419/3
f 1254/2419/3 1252/2420/3 1250/2421/3
f 1250/2421/3 1248/2422/3 1246/1186/3
f 1246/1186/3 1244/2423/3 1242/2424/3
f 1242/2424/3 1240/2425/3 1238/2426/3
f 1238/2426/3 1236/2427/3 1234/2428/3
f 1234/2428/3 1232/2429/3 1230/2401/3
f 1230/2401/3 1226/2403/3 1278/1184/3
f 1226/2403/3 1286/2405/3 1278/1184/3
f 1278/1184/3 1274/2410/3 1270/2412/3
f 1262/1185/3 1258/2417/3 1246/1186/3
f 1258/2417/3 1254/2419/3 1246/1186/3
f 1254/2419/3 1250/2421/3 1246/1186/3
f 1246/1186/3 1242/2424/3 1238/2426/3
f 1238/2426/3 1234/2428/3 1246/1186/3
f 1234/2428/3 1230/2401/3 1246/1186/3
f 1278/1184/3 1270/2412/3 1262/1185/3
f 1230/2401/3 1278/1184/3 1246/1186/3
f 1286/1187/361 1288/1189/361 1287/1188/361
f 1288/1189/362 1226/2430/362 1225/1190/362
f 1287/1193/1 1225/2431/1 1231/2432/1
f 1225/2431/1 1227/2433/1 1231/2432/1
f 1227/2433/1 1229/2434/1 1231/2432/1
f 1231/2432/1 1233/2435/1 1235/2436/1
f 1235/2436/1 1237/2437/1 1239/2438/1
f 1239/2438/1 1241/2439/1 1247/2440/1
f 1241/2439/1 1243/2441/1 1247/2440/1
f 1243/2441/1 1245/2442/1 1247/2440/1
f 1247/2440/1 1249/2443/1 1255/2444/1
f 1249/2443/1 1251/2445/1 1255/2444/1
f 1251/2445/1 1253/2446/1 1255/2444/1
f 1255/2444/1 1257/2447/1 1263/2448/1
f 1257/2447/1 1259/2449/1 1263/2448/1
f 1259/2449/1 1261/2450/1 1263/2448/1
f 1263/2448/1 1265/2451/1 1267/2452/1
f 1267/2452/1 1269/2453/1 1263/2448/1
f 1269/2453/1 1271/1191/1 1263/2448/1
f 1271/1191/1 1273/2454/1 1279/1192/1
f 1273/2454/1 1275/2455/1 1279/1192/1
f 1275/2455/1 1277/2456/1 1279/1192/1
f 1279/1192/1 1281/2457/1 1283/2458/1
f 1283/2458/1 1285/2459/1 1287/1193/1
f 1231/2432/1 1235/2436/1 1287/1193/1
f 1235/2436/1 1239/2438/1 1287/1193/1
f 1279/1192/1 1283/2458/1 1287/1193/1
f 1239/2438/1 1247/2440/1 1287/1193/1
f 1247/2440/1 1255/2444/1 1287/1193/1
f 1255/2444/1 1263/2448/1 1287/1193/1
f 1263/2448/1 1271/1191/1 1287/1193/1
f 1290/1194/331 1292/1197/331 1291/1195/331
f 1292/1197/363 1294/1199/363 1293/1198/363
f 1294/1199/333 1296/1201/333 1295/1200/333
f 1296/1201/334 1298/1203/334 1297/1202/334
f 1298/1203/335 1300/1205/335 1299/1204/335
f 1300/1205/336 1302/1207/336 1301/1206/336
f 1302/1207/376 1304/1209/376 1303/1208/376
f 1304/1209/377 1306/1211/377 1305/1210/377
f 1306/1211/378 1308/1213/378 1307/1212/378
f 1308/1213/379 1310/1215/379 1309/1214/379
f 1310/1215/341 1312/1217/341 1311/1216/341
f 1312/1217/342 1314/1219/342 1313/1218/342
f 1314/1219/343 1316/1221/343 1315/1220/343
f 1316/1221/344 1318/1223/344 1317/1222/344
f 1318/1223/365 1320/1225/365 1319/1224/365
f 1320/1225/346 1322/1227/346 1321/1226/346
f 1322/1227/347 1324/1229/347 1323/1228/347
f 1324/1229/348 1326/1231/348 1325/1230/348
f 1326/1231/349 1328/1233/349 1327/1232/349
f 1328/1233/350 1330/1235/350 1329/1234/350
f 1330/1235/351 1332/1237/351 1331/1236/351
f 1332/1237/352 1334/1239/352 1333/1238/352
f 1334/1239/353 1336/1241/353 1335/1240/353
f 1336/1241/354 1338/1243/354 1337/1242/354
f 1338/1243/355 1340/1245/355 1339/1244/355
f 1340/1245/356 1342/1247/356 1341/1246/356
f 1342/1247/357 1344/1249/357 1343/1248/357
f 1344/1249/402 1346/1251/402 1345/1250/402
f 1346/1251/359 1348/1253/359 1347/1252/359
f 1348/1253/360 1350/1258/360 1349/1254/360
f 1294/1257/3 1292/2460/3 1290/2461/3
f 1290/2461/3 1352/2462/3 1350/2463/3
f 1350/2463/3 1348/2464/3 1346/2465/3
f 1346/2465/3 1344/2466/3 1350/2463/3
f 1344/2466/3 1342/2467/3 1350/2463/3
f 1342/2467/3 1340/2468/3 1334/2469/3
f 1340/2468/3 1338/2470/3 1334/2469/3
f 1338/2470/3 1336/2471/3 1334/2469/3
f 1334/2469/3 1332/2472/3 1326/2473/3
f 1332/2472/3 1330/2474/3 1326/2473/3
f 1330/2474/3 1328/2475/3 1326/2473/3
f 1326/2473/3 1324/2476/3 1322/2477/3
f 1322/2477/3 1320/2478/3 1318/1255/3
f 1318/1255/3 1316/2479/3 1314/2480/3
f 1314/2480/3 1312/2481/3 1310/1256/3
f 1310/1256/3 1308/2482/3 1306/2483/3
f 1306/2483/3 1304/2484/3 1310/1256/3
f 1304/2484/3 1302/2485/3 1310/1256/3
f 1302/2485/3 1300/2486/3 1298/2487/3
f 1298/2487/3 1296/2488/3 1294/1257/3
f 1294/1257/3 1290/2461/3 1342/2467/3
f 1290/2461/3 1350/2463/3 1342/2467/3
f 1326/2473/3 1322/2477/3 1318/1255/3
f 1318/1255/3 1314/2480/3 1310/1256/3
f 1302/2485/3 1298/2487/3 1310/1256/3
f 1298/2487/3 1294/1257/3 1310/1256/3
f 1342/2467/3 1334/2469/3 1294/1257/3
f 1334/2469/3 1326/2473/3 1294/1257/3
f 1326/2473/3 1318/1255/3 1294/1257/3
f 1350/1258/361 1352/1260/361 1351/1259/361
f 1352/1260/362 1290/2489/362 1289/1261/362
f 1351/2490/1 1289/2491/1 1295/2492/1
f 1289/2491/1 1291/2493/1 1295/2492/1
f 1291/2493/1 1293/2494/1 1295/2492/1
f 1295/2492/1 1297/2495/1 1303/1262/1
f 1297/2495/1 1299/2496/1 1303/1262/1
f 1299/2496/1 1301/2497/1 1303/1262/1
f 1303/1262/1 1305/2498/1 1307/2499/1
f 1307/2499/1 1309/2500/1 1311/2501/1
f 1311/2501/1 1313/2502/1 1315/2503/1
f 1315/2503/1 1317/2504/1 1311/2501/1
f 1317/2504/1 1319/1263/1 1311/2501/1
f 1319/1263/1 1321/2505/1 1327/2506/1
f 1321/2505/1 1323/2507/1 1327/2506/1
f 1323/2507/1 1325/2508/1 1327/2506/1
f 1327/2506/1 1329/2509/1 1331/2510/1
f 1331/2510/1 1333/2511/1 1335/1264/1
f 1335/1264/1 1337/2512/1 1339/2513/1
f 1339/2513/1 1341/2514/1 1335/1264/1
f 1341/2514/1 1343/2515/1 1335/1264/1
f 1343/2515/1 1345/2516/1 1347/2517/1
f 1347/2517/1 1349/2518/1 1343/2515/1
f 1349/2518/1 1351/2490/1 1343/2515/1
f 1303/1262/1 1307/2499/1 1319/1263/1
f 1307/2499/1 1311/2501/1 1319/1263/1
f 1327/2506/1 1331/2510/1 1319/1263/1
f 1331/2510/1 1335/1264/1 1319/1263/1
f 1351/2490/1 1295/2492/1 1303/1262/1
f 1335/1264/1 1343/2515/1 1351/2490/1
f 1351/2490/1 1303/1262/1 1335/1264/1
f 1354/1265/331 1356/1268/331 1355/1266/331
f 1356/1268/401 1358/1270/401 1357/1269/401
f 1358/1270/333 1360/1272/333 1359/1271/333
f 1360/1272/334 1362/1274/334 1361/1273/334
f 1362/1274/335 1364/1276/335 1363/1275/335
f 1364/1276/336 1366/1278/336 1365/1277/336
f 1366/1278/337 1368/1280/337 1367/1279/337
f 1368/1280/338 1370/1282/338 1369/1281/338
f 1370/1282/339 1372/1284/339 1371/1283/339
f 1372/1284/340 1374/1286/340 1373/1285/340
f 1374/1286/341 1376/1288/341 1375/1287/341
f 1376/1288/342 1378/1290/342 1377/1289/342
f 1378/1290/343 1380/1292/343 1379/1291/343
f 1380/1292/344 1382/1294/344 1381/1293/344
f 1382/1294/365 1384/1296/365 1383/1295/365
f 1384/1296/346 1386/1298/346 1385/1297/346
f 1386/1298/347 1388/1300/347 1387/1299/347
f 1388/1300/348 1390/1302/348 1389/1301/348
f 1390/1302/349 1392/1304/349 1391/1303/349
f 1392/1304/350 1394/1306/350 1393/1305/350
f 1394/1306/351 1396/1308/351 1395/1307/351
f 1396/1308/352 1398/1310/352 1397/1309/352
f 1398/1310/353 1400/1312/353 1399/1311/353
f 1400/1312/354 1402/1314/354 1401/1313/354
f 1402/1314/355 1404/1316/355 1403/1315/355
f 1404/1316/356 1406/1318/356 1405/1317/356
f 1406/1318/357 1408/1320/357 1407/1319/357
f 1408/1320/402 1410/1322/402 1409/1321/402
f 1410/1322/359 1412/1324/359 1411/1323/359
f 1412/1324/360 1414/1329/360 1413/1325/360
f 1358/2519/3 1356/2520/3 1354/2521/3
f 1354/2521/3 1416/2522/3 1414/2523/3
f 1414/2523/3 1412/2524/3 1410/2525/3
f 1410/2525/3 1408/2526/3 1414/2523/3
f 1408/2526/3 1406/1326/3 1414/2523/3
f 1406/1326/3 1404/2527/3 1402/2528/3
f 1402/2528/3 1400/2529/3 1398/2530/3
f 1398/2530/3 1396/2531/3 1390/1327/3
f 1396/2531/3 1394/2532/3 1390/1327/3
f 1394/2532/3 1392/2533/3 1390/1327/3
f 1390/1327/3 1388/2534/3 1386/2535/3
f 1386/2535/3 1384/2536/3 1382/2537/3
f 1382/2537/3 1380/2538/3 1378/2539/3
f 1378/2539/3 1376/2540/3 1374/1328/3
f 1374/1328/3 1372/2541/3 1366/2542/3
f 1372/2541/3 1370/2543/3 1366/2542/3
f 1370/2543/3 1368/2544/3 1366/2542/3
f 1366/2542/3 1364/2545/3 1362/2546/3
f 1362/2546/3 1360/2547/3 1358/2519/3
f 1358/2519/3 1354/2521/3 1406/1326/3
f 1354/2521/3 1414/2523/3 1406/1326/3
f 1406/1326/3 1402/2528/3 1390/1327/3
f 1402/2528/3 1398/2530/3 1390/1327/3
f 1390/1327/3 1386/2535/3 1382/2537/3
f 1382/2537/3 1378/2539/3 1390/1327/3
f 1378/2539/3 1374/1328/3 1390/1327/3
f 1366/2542/3 1362/2546/3 1374/1328/3
f 1362/2546/3 1358/2519/3 1374/1328/3
f 1358/2519/3 1406/1326/3 1374/1328/3
f 1414/1329/361 1416/1331/361 1415/1330/361
f 1416/1331/362 1354/2548/362 1353/1332/362
f 1415/1334/1 1353/2549/1 1359/2550/1
f 1353/2549/1 1355/2551/1 1359/2550/1
f 1355/2551/1 1357/2552/1 1359/2550/1
f 1359/2550/1 1361/2553/1 1367/2554/1
f 1361/2553/1 1363/2555/1 1367/2554/1
f 1363/2555/1 1365/2556/1 1367/2554/1
f 1367/2554/1 1369/2557/1 1371/2558/1
f 1371/2558/1 1373/2559/1 1367/2554/1
f 1373/2559/1 1375/2560/1 1367/2554/1
f 1375/2560/1 1377/2561/1 1383/1335/1
f 1377/2561/1 1379/2562/1 1383/1335/1
f 1379/2562/1 1381/2563/1 1383/1335/1
f 1383/1335/1 1385/2564/1 1391/2565/1
f 1385/2564/1 1387/2566/1 1391/2565/1
f 1387/2566/1 1389/2567/1 1391/2565/1
f 1391/2565/1 1393/2568/1 1395/2569/1
f 1395/2569/1 1397/2570/1 1399/2571/1
f 1399/2571/1 1401/2572/1 1407/1333/1
f 1401/2572/1 1403/2573/1 1407/1333/1
f 1403/2573/1 1405/2574/1 1407/1333/1
f 1407/1333/1 1409/2575/1 1411/2576/1
f 1411/2576/1 1413/2577/1 1407/1333/1
f 1413/2577/1 1415/1334/1 1407/1333/1
f 1391/2565/1 1395/2569/1 1383/1335/1
f 1395/2569/1 1399/2571/1 1383/1335/1
f 1415/1334/1 1359/2550/1 1367/2554/1
f 1367/2554/1 1375/2560/1 1415/1334/1
f 1375/2560/1 1383/1335/1 1415/1334/1
f 1399/2571/1 1407/1333/1 1383/1335/1
f 1418/1336/331 1420/1339/331 1419/1337/331
f 1420/1339/401 1422/1341/401 1421/1340/401
f 1422/1341/333 1424/1343/333 1423/1342/333
f 1424/1343/334 1426/1345/334 1425/1344/334
f 1426/1345/335 1428/1347/335 1427/1346/335
f 1428/1347/336 1430/1349/336 1429/1348/336
f 1430/1349/337 1432/1351/337 1431/1350/337
f 1432/1351/338 1434/1353/338 1433/1352/338
f 1434/1353/339 1436/1355/339 1435/1354/339
f 1436/1355/340 1438/1357/340 1437/1356/340
f 1438/1357/341 1440/1359/341 1439/1358/341
f 1440/1359/342 1442/1361/342 1441/1360/342
f 1442/1361/343 1444/1363/343 1443/1362/343
f 1444/1363/344 1446/1365/344 1445/1364/344
f 1446/1365/365 1448/1367/365 1447/1366/365
f 1448/1367/346 1450/1369/346 1449/1368/346
f 1450/1369/347 1452/1371/347 1451/1370/347
f 1452/1371/348 1454/1373/348 1453/1372/348
f 1454/1373/349 1456/1375/349 1455/1374/349
f 1456/1375/350 1458/1377/350 1457/1376/350
f 1458/1377/351 1460/1379/351 1459/1378/351
f 1460/1379/352 1462/1381/352 1461/1380/352
f 1462/1381/353 1464/1383/353 1463/1382/353
f 1464/1383/354 1466/1385/354 1465/1384/354
f 1466/1385/355 1468/1387/355 1467/1386/355
f 1468/1387/356 1470/1389/356 1469/1388/356
f 1470/1389/357 1472/1391/357 1471/1390/357
f 1472/1391/358 1474/1393/358 1473/1392/358
f 1474/1393/359 1476/1395/359 1475/1394/359
f 1476/1395/360 1478/1400/360 1477/1396/360
f 1422/2578/3 1420/2579/3 1418/2580/3
f 1418/2580/3 1480/2581/3 1478/2582/3
f 1478/2582/3 1476/2583/3 1474/2584/3
f 1474/2584/3 1472/2585/3 1478/2582/3
f 1472/2585/3 1470/1397/3 1478/2582/3
f 1470/1397/3 1468/2586/3 1462/2587/3
f 1468/2586/3 1466/2588/3 1462/2587/3
f 1466/2588/3 1464/2589/3 1462/2587/3
f 1462/2587/3 1460/2590/3 1454/1398/3
f 1460/2590/3 1458/2591/3 1454/1398/3
f 1458/2591/3 1456/2592/3 1454/1398/3
f 1454/1398/3 1452/2593/3 1450/2594/3
f 1450/2594/3 1448/2595/3 1446/2596/3
f 1446/2596/3 1444/2597/3 1438/1399/3
f 1444/2597/3 1442/2598/3 1438/1399/3
f 1442/2598/3 1440/2599/3 1438/1399/3
f 1438/1399/3 1436/2600/3 1430/2601/3
f 1436/2600/3 1434/2602/3 1430/2601/3
f 1434/2602/3 1432/2603/3 1430/2601/3
f 1430/2601/3 1428/2604/3 1426/2605/3
f 1426/2605/3 1424/2606/3 1430/2601/3
f 1424/2606/3 1422/2578/3 1430/2601/3
f 1422/2578/3 1418/2580/3 1470/1397/3
f 1418/2580/3 1478/2582/3 1470/1397/3
f 1454/1398/3 1450/2594/3 1438/1399/3
f 1450/2594/3 1446/2596/3 1438/1399/3
f 1470/1397/3 1462/2587/3 1454/1398/3
f 1438/1399/3 1430/2601/3 1422/2578/3
f 1422/2578/3 1470/1397/3 1438/1399/3
f 1478/1400/361 1480/1402/361 1479/1401/361
f 1480/1402/362 1418/2607/362 1417/1403/362
f 1479/2608/1 1417/2609/1 1423/2610/1
f 1417/2609/1 1419/2611/1 1423/2610/1
f 1419/2611/1 1421/2612/1 1423/2610/1
f 1423/2610/1 1425/2613/1 1427/2614/1
f 1427/2614/1 1429/2615/1 1423/2610/1
f 1429/2615/1 1431/1404/1 1423/2610/1
f 1431/1404/1 1433/2616/1 1435/2617/1
f 1435/2617/1 1437/2618/1 1431/1404/1
f 1437/2618/1 1439/2619/1 1431/1404/1
f 1439/2619/1 1441/2620/1 1443/2621/1
f 1443/2621/1 1445/2622/1 1447/1405/1
f 1447/1405/1 1449/2623/1 1455/2624/1
f 1449/2623/1 1451/2625/1 1455/2624/1
f 1451/2625/1 1453/2626/1 1455/2624/1
f 1455/2624/1 1457/2627/1 1459/2628/1
f 1459/2628/1 1461/2629/1 1455/2624/1
f 1461/2629/1 1463/1406/1 1455/2624/1
f 1463/1406/1 1465/2630/1 1467/2631/1
f 1467/2631/1 1469/2632/1 1463/1406/1
f 1469/2632/1 1471/2633/1 1463/1406/1
f 1471/2633/1 1473/2634/1 1475/2635/1
f 1475/2635/1 1477/2636/1 1471/2633/1
f 1477/2636/1 1479/2608/1 1471/2633/1
f 1439/2619/1 1443/2621/1 1431/1404/1
f 1443/2621/1 1447/1405/1 1431/1404/1
f 1479/2608/1 1423/2610/1 1431/1404/1
f 1447/1405/1 1455/2624/1 1463/1406/1
f 1463/1406/1 1471/2633/1 1479/2608/1
f 1479/2608/1 1431/1404/1 1463/1406/1
f 1482/1407/331 1484/1410/331 1483/1408/331
f 1484/1410/363 1486/1412/363 1485/1411/363
f 1486/1412/396 1488/1414/396 1487/1413/396
f 1488/1414/334 1490/1416/334 1489/1415/334
f 1490/1416/335 1492/1418/335 1491/1417/335
f 1492/1418/336 1494/1420/336 1493/1419/336
f 1494/1420/337 1496/1422/337 1495/1421/337
f 1496/1422/338 1498/1424/338 1497/1423/338
f 1498/1424/339 1500/1426/339 1499/1425/339
f 1500/1426/340 1502/1428/340 1501/1427/340
f 1502/1428/341 1504/1430/341 1503/1429/341
f 1504/1430/405 1506/1432/405 1505/1431/405
f 1506/1432/343 1508/1434/343 1507/1433/343
f 1508/1434/344 1510/1436/344 1509/1435/344
f 1510/1436/365 1512/1438/365 1511/1437/365
f 1512/1438/346 1514/1440/346 1513/1439/346
f 1514/1440/347 1516/1442/347 1515/1441/347
f 1516/1442/348 1518/1444/348 1517/1443/348
f 1518/1444/349 1520/1446/349 1519/1445/349
f 1520/1446/350 1522/1448/350 1521/1447/350
f 1522/1448/351 1524/1450/351 1523/1449/351
f 1524/1450/352 1526/1452/352 1525/1451/352
f 1526/1452/381 1528/1454/381 1527/1453/381
f 1528/1454/382 1530/1456/382 1529/1455/382
f 1530/1456/383 1532/1458/383 1531/1457/383
f 1532/1458/384 1534/1460/384 1533/1459/384
f 1534/1460/357 1536/1462/357 1535/1461/357
f 1536/1462/358 1538/1464/358 1537/1463/358
f 1538/1464/359 1540/1466/359 1539/1465/359
f 1540/1466/360 1542/1471/360 1541/1467/360
f 1486/1469/3 1484/2637/3 1482/2638/3
f 1482/2638/3 1544/2639/3 1542/2640/3
f 1542/2640/3 1540/2641/3 1538/2642/3
f 1538/2642/3 1536/2643/3 1542/2640/3
f 1536/2643/3 1534/2644/3 1542/2640/3
f 1534/2644/3 1532/2645/3 1530/2646/3
f 1530/2646/3 1528/2647/3 1534/2644/3
f 1528/2647/3 1526/2648/3 1534/2644/3
f 1526/2648/3 1524/2649/3 1518/1470/3
f 1524/2649/3 1522/2650/3 1518/1470/3
f 1522/2650/3 1520/2651/3 1518/1470/3
f 1518/1470/3 1516/2652/3 1514/2653/3
f 1514/2653/3 1512/2654/3 1510/2655/3
f 1510/2655/3 1508/2656/3 1506/2657/3
f 1506/2657/3 1504/2658/3 1510/2655/3
f 1504/2658/3 1502/2659/3 1510/2655/3
f 1502/2659/3 1500/2660/3 1498/2661/3
f 1498/2661/3 1496/2662/3 1494/1468/3
f 1494/1468/3 1492/2663/3 1486/1469/3
f 1492/2663/3 1490/2664/3 1486/1469/3
f 1490/2664/3 1488/2665/3 1486/1469/3
f 1486/1469/3 1482/2638/3 1542/2640/3
f 1518/1470/3 1514/2653/3 1502/2659/3
f 1514/2653/3 1510/2655/3 1502/2659/3
f 1502/2659/3 1498/2661/3 1494/1468/3
f 1486/1469/3 1542/2640/3 1518/1470/3
f 1542/2640/3 1534/2644/3 1518/1470/3
f 1534/2644/3 1526/2648/3 1518/1470/3
f 1502/2659/3 1494/1468/3 1518/1470/3
f 1542/1471/361 1544/1473/361 1543/1472/361
f 1544/1473/362 1482/2666/362 1481/1474/362
f 1543/1477/1 1481/2667/1 1483/2668/1
f 1483/2668/1 1485/2669/1 1543/1477/1
f 1485/2669/1 1487/2670/1 1543/1477/1
f 1487/2670/1 1489/2671/1 1491/2672/1
f 1491/2672/1 1493/2673/1 1495/2674/1
f 1495/2674/1 1497/2675/1 1503/2676/1
f 1497/2675/1 1499/2677/1 1503/2676/1
f 1499/2677/1 1501/2678/1 1503/2676/1
f 1503/2676/1 1505/2679/1 1507/2680/1
f 1507/2680/1 1509/2681/1 1503/2676/1
f 1509/2681/1 1511/1475/1 1503/2676/1
f 1511/1475/1 1513/2682/1 1515/2683/1
f 1515/2683/1 1517/2684/1 1519/2685/1
f 1519/2685/1 1521/2686/1 1527/1476/1
f 1521/2686/1 1523/2687/1 1527/1476/1
f 1523/2687/1 1525/2688/1 1527/1476/1
f 1527/1476/1 1529/2689/1 1531/2690/1
f 1531/2690/1 1533/2691/1 1535/2692/1
f 1535/2692/1 1537/2693/1 1539/2694/1
f 1539/2694/1 1541/2695/1 1535/2692/1
f 1541/2695/1 1543/1477/1 1535/2692/1
f 1487/2670/1 1491/2672/1 1543/1477/1
f 1491/2672/1 1495/2674/1 1543/1477/1
f 1511/1475/1 1515/2683/1 1527/1476/1
f 1515/2683/1 1519/2685/1 1527/1476/1
f 1527/1476/1 1531/2690/1 1543/1477/1
f 1531/2690/1 1535/2692/1 1543/1477/1
f 1495/2674/1 1503/2676/1 1543/1477/1
f 1503/2676/1 1511/1475/1 1543/1477/1
f 1546/1478/331 1548/1481/331 1547/1479/331
f 1548/1481/363 1550/1483/363 1549/1482/363
f 1550/1483/396 1552/1485/396 1551/1484/396
f 1552/1485/334 1554/1487/334 1553/1486/334
f 1554/1487/335 1556/1489/335 1555/1488/335
f 1556/1489/336 1558/1491/336 1557/1490/336
f 1558/1491/337 1560/1493/337 1559/1492/337
f 1560/1493/338 1562/1495/338 1561/1494/338
f 1562/1495/339 1564/1497/339 1563/1496/339
f 1564/1497/340 1566/1499/340 1565/1498/340
f 1566/1499/341 1568/1501/341 1567/1500/341
f 1568/1501/342 1570/1503/342 1569/1502/342
f 1570/1503/343 1572/1505/343 1571/1504/343
f 1572/1505/344 1574/1507/344 1573/1506/344
f 1574/1507/365 1576/1509/365 1575/1508/365
f 1576/1509/346 1578/1511/346 1577/1510/346
f 1578/1511/347 1580/1513/347 1579/1512/347
f 1580/1513/348 1582/1515/348 1581/1514/348
f 1582/1515/349 1584/1517/349 1583/1516/349
f 1584/1517/350 1586/1519/350 1585/1518/350
f 1586/1519/351 1588/1521/351 1587/1520/351
f 1588/1521/352 1590/1523/352 1589/1522/352
f 1590/1523/353 1592/1525/353 1591/1524/353
f 1592/1525/354 1594/1527/354 1593/1526/354
f 1594/1527/355 1596/1529/355 1595/1528/355
f 1596/1529/356 1598/1531/356 1597/1530/356
f 1598/1531/357 1600/1533/357 1599/1532/357
f 1600/1533/358 1602/1535/358 1601/1534/358
f 1602/1535/359 1604/1537/359 1603/1536/359
f 1604/1537/360 1606/1542/360 1605/1538/360
f 1550/2696/3 1548/2697/3 1546/2698/3
f 1546/2698/3 1608/2699/3 1606/2700/3
f 1606/2700/3 1604/2701/3 1602/2702/3
f 1602/2702/3 1600/2703/3 1598/1539/3
f 1598/1539/3 1596/2704/3 1594/2705/3
f 1594/2705/3 1592/2706/3 1598/1539/3
f 1592/2706/3 1590/2707/3 1598/1539/3
f 1590/2707/3 1588/2708/3 1586/2709/3
f 1586/2709/3 1584/2710/3 1582/1540/3
f 1582/1540/3 1580/2711/3 1578/2712/3
f 1578/2712/3 1576/2713/3 1574/2714/3
f 1574/2714/3 1572/2715/3 1570/2716/3
f 1570/2716/3 1568/2717/3 1574/2714/3
f 1568/2717/3 1566/1541/3 1574/2714/3
f 1566/1541/3 1564/2718/3 1562/2719/3
f 1562/2719/3 1560/2720/3 1566/1541/3
f 1560/2720/3 1558/2721/3 1566/1541/3
f 1558/2721/3 1556/2722/3 1550/2696/3
f 1556/2722/3 1554/2723/3 1550/2696/3
f 1554/2723/3 1552/2724/3 1550/2696/3
f 1550/2696/3 1546/2698/3 1606/2700/3
f 1606/2700/3 1602/2702/3 1550/2696/3
f 1602/2702/3 1598/1539/3 1550/2696/3
f 1590/2707/3 1586/2709/3 1598/1539/3
f 1586/2709/3 1582/1540/3 1598/1539/3
f 1582/1540/3 1578/2712/3 1566/1541/3
f 1578/2712/3 1574/2714/3 1566/1541/3
f 1566/1541/3 1558/2721/3 1550/2696/3
f 1550/2696/3 1598/1539/3 1566/1541/3
f 1606/1542/361 1608/1544/361 1607/1543/361
f 1608/1544/362 1546/2725/362 1545/1545/362
f 1607/1547/1 1545/2726/1 1547/2727/1
f 1547/2727/1 1549/2728/1 1607/1547/1
f 1549/2728/1 1551/2729/1 1607/1547/1
f 1551/2729/1 1553/2730/1 1555/2731/1
f 1555/2731/1 1557/2732/1 1559/2733/1
f 1559/2733/1 1561/2734/1 1563/2735/1
f 1563/2735/1 1565/2736/1 1559/2733/1
f 1565/2736/1 1567/2737/1 1559/2733/1
f 1567/2737/1 1569/2738/1 1571/2739/1
f 1571/2739/1 1573/2740/1 1567/2737/1
f 1573/2740/1 1575/1548/1 1567/2737/1
f 1575/1548/1 1577/2741/1 1583/2742/1
f 1577/2741/1 1579/2743/1 1583/2742/1
f 1579/2743/1 1581/2744/1 1583/2742/1
f 1583/2742/1 1585/2745/1 1591/2746/1
f 1585/2745/1 1587/2747/1 1591/2746/1
f 1587/2747/1 1589/2748/1 1591/2746/1
f 1591/2746/1 1593/2749/1 1595/2750/1
f 1595/2750/1 1597/2751/1 1591/2746/1
f 1597/2751/1 1599/1546/1 1591/2746/1
f 1599/1546/1 1601/2752/1 1607/1547/1
f 1601/2752/1 1603/2753/1 1607/1547/1
f 1603/2753/1 1605/2754/1 1607/1547/1
f 1551/2729/1 1555/2731/1 1607/1547/1
f 1555/2731/1 1559/2733/1 1607/1547/1
f 1559/2733/1 1567/2737/1 1607/1547/1
f 1567/2737/1 1575/1548/1 1607/1547/1
f 1575/1548/1 1583/2742/1 1591/2746/1
f 1591/2746/1 1599/1546/1 1575/1548/1
f 1640/1549/7 1609/1549/7 3208/1550/7
f 1639/1549/8 1640/1549/8 3177/1550/8
f 1638/1549/9 1639/1549/9 3161/1550/9
f 1637/1549/10 1638/1549/10 3145/1550/10
f 1636/1549/11 1637/1549/11 3129/1550/11
f 1635/1549/12 1636/1549/12 3113/1550/12
f 1634/1549/13 1635/1549/13 3097/1550/13
f 1633/1549/14 1634/1549/14 3081/1550/14
f 1632/1549/15 1633/1549/15 3065/1550/15
f 1631/1549/16 1632/1549/16 3049/1550/16
f 1630/1549/17 1631/1549/17 3033/1550/17
f 1629/1549/18 1630/1549/18 3017/1550/18
f 1628/1549/19 1629/1549/19 3001/1550/19
f 1627/1549/20 1628/1549/20 2985/1550/20
f 1626/1549/21 1627/1549/21 2969/1550/21
f 1625/1549/22 1626/1549/22 2953/1550/22
f 1624/1549/23 1625/1549/23 2937/1550/23
f 1623/1549/24 1624/1549/24 2921/1550/24
f 1622/1549/25 1623/1549/25 2905/1550/25
f 1621/1549/26 1622/1549/26 2889/1550/26
f 1620/1549/27 1621/1549/27 2873/1550/27
f 1619/1549/28 1620/1549/28 2857/1550/28
f 1618/1549/29 1619/1549/29 2841/1550/29
f 1617/1549/30 1618/1549/30 2825/1550/30
f 1616/1549/31 1617/1549/31 2809/1550/31
f 1615/1549/32 1616/1549/32 2793/1550/32
f 1614/1549/33 1615/1549/33 2777/1550/33
f 1613/1549/34 1614/1549/34 2761/1550/34
f 1612/1549/35 1613/1549/35 2745/1550/35
f 1611/1549/36 1612/1549/36 2729/1550/36
f 1610/1549/105 1611/1549/105 2713/1550/105
f 1609/1549/37 1610/1549/37 2697/1550/37
f 1672/1551/7 1641/1551/7 3720/1552/7
f 1671/1551/8 1672/1551/8 3689/1552/8
f 1670/1551/9 1671/1551/9 3673/1552/9
f 1669/1551/10 1670/1551/10 3657/1552/10
f 1668/1551/11 1669/1551/11 3641/1552/11
f 1667/1551/12 1668/1551/12 3625/1552/12
f 1666/1551/13 1667/1551/13 3609/1552/13
f 1665/1551/14 1666/1551/14 3593/1552/14
f 1664/1551/15 1665/1551/15 3577/1552/15
f 1663/1551/16 1664/1551/16 3561/1552/16
f 1662/1551/17 1663/1551/17 3545/1552/17
f 1661/1551/18 1662/1551/18 3529/1552/18
f 1660/1551/19 1661/1551/19 3513/1552/19
f 1659/1551/20 1660/1551/20 3497/1552/20
f 1658/1551/21 1659/1551/21 3481/1552/21
f 1657/1551/22 1658/1551/22 3465/1552/22
f 1656/1551/23 1657/1551/23 3449/1552/23
f 1655/1551/24 1656/1551/24 3433/1552/24
f 1654/1551/25 1655/1551/25 3417/1552/25
f 1653/1551/26 1654/1551/26 3401/1552/26
f 1652/1551/27 1653/1551/27 3385/1552/27
f 1651/1551/28 1652/1551/28 3369/1552/28
f 1650/1551/29 1651/1551/29 3353/1552/29
f 1649/1551/30 1650/1551/30 3337/1552/30
f 1648/1551/31 1649/1551/31 3321/1552/31
f 1647/1551/32 1648/1551/32 3305/1552/32
f 1646/1551/33 1647/1551/33 3289/1552/33
f 1645/1551/34 1646/1551/34 3273/1552/34
f 1644/1551/35 1645/1551/35 3257/1552/35
f 1643/1551/36 1644/1551/36 3241/1552/36
f 1642/1551/105 1643/1551/105 3225/1552/105
f 1641/1551/37 1642/1551/37 3209/1552/37
f 2184/1553/7 1673/1553/7 1609/1549/7
f 2183/1554/7 1674/1554/7 1673/1553/7
f 2182/1555/7 1675/1555/7 1674/1554/7
f 2181/1556/7 1676/1556/7 1675/1555/7
f 2180/1557/7 1677/1557/7 1676/1556/7
f 2179/1558/7 1678/1560/7 1677/1557/7
f 2178/1559/7 1679/1559/7 1678/1560/7
f 2177/1561/7 1680/1563/7 1679/1559/7
f 2176/1562/7 1681/1565/7 1680/1563/7
f 2175/1564/7 1682/1567/7 1681/1565/7
f 2174/1566/7 1683/1566/7 1682/1567/7
f 2173/1568/7 1684/1570/7 1683/1566/7
f 2172/1569/7 1685/1572/7 1684/1570/7
f 2171/1571/7 1686/1574/7 1685/1572/7
f 2171/1571/7 2170/1575/7 1687/1573/7
f 2169/839/7 1688/779/7 1687/1573/7
f 2168/1553/8 2184/1553/8 1640/1549/8
f 2168/1553/8 2167/1554/8 2183/1554/8
f 2166/1555/8 2182/1555/8 2183/1554/8
f 2165/1556/8 2181/1556/8 2182/1555/8
f 2164/1557/8 2180/1557/8 2181/1556/8
f 2163/1558/8 2179/1558/8 2180/1557/8
f 2162/1559/8 2178/1559/8 2179/1558/8
f 2161/1561/8 2177/1561/8 2178/1559/8
f 2160/1565/8 2176/1562/8 2177/1561/8
f 2159/1564/8 2175/1564/8 2176/1562/8
f 2158/1566/8 2174/1566/8 2175/1564/8
f 2157/1568/8 2173/1568/8 2174/1566/8
f 2156/1576/8 2172/1569/8 2173/1568/8
f 2155/1577/8 2171/1571/8 2172/1569/8
f 2154/1578/8 2170/1575/8 2171/1571/8
f 2153/837/8 2169/839/8 2170/1575/8
f 1638/1549/9 2152/1553/9 2168/1553/9
f 2152/1553/9 2151/1554/9 2167/1554/9
f 2150/1555/9 2166/1555/9 2167/1554/9
f 2150/1555/9 2149/1556/9 2165/1556/9
f 2148/1557/9 2164/1557/9 2165/1556/9
f 2147/1558/9 2163/1558/9 2164/1557/9
f 2146/1559/9 2162/1559/9 2163/1558/9
f 2145/1561/9 2161/1561/9 2162/1559/9
f 2144/1565/9 2160/1565/9 2161/1561/9
f 2143/1564/9 2159/1564/9 2160/1565/9
f 2142/1566/9 2158/1566/9 2159/1564/9
f 2141/1579/9 2157/1568/9 2158/1566/9
f 2140/1580/9 2156/1576/9 2157/1568/9
f 2139/1581/9 2155/1577/9 2156/1576/9
f 2138/1582/9 2154/1578/9 2155/1577/9
f 2137/835/9 2153/837/9 2154/1578/9
f 1637/1549/10 2136/1553/10 2152/1553/10
f 2135/1554/10 2151/1554/10 2152/1553/10
f 2134/1555/10 2150/1555/10 2151/1554/10
f 2134/1555/10 2133/1556/10 2149/1556/10
f 2132/1557/10 2148/1557/10 2149/1556/10
f 2131/1558/10 2147/1558/10 2148/1557/10
f 2130/1559/10 2146/1559/10 2147/1558/10
f 2129/1561/10 2145/1561/10 2146/1559/10
f 2128/1565/10 2144/1565/10 2145/1561/10
f 2127/1564/10 2143/1564/10 2144/1565/10
f 2126/1566/10 2142/1566/10 2143/1564/10
f 2125/1579/10 2141/1579/10 2142/1566/10
f 2124/1583/10 2140/1580/10 2141/1579/10
f 2123/1584/10 2139/1581/10 2140/1580/10
f 2122/1585/10 2138/1582/10 2139/1581/10
f 2121/833/10 2137/835/10 2138/1582/10
f 2120/1553/11 2136/1553/11 1637/1549/11
f 2120/1553/11 2119/1554/11 2135/1554/11
f 2118/1555/11 2134/1555/11 2135/1554/11
f 2117/1556/11 2133/1556/11 2134/1555/11
f 2116/1557/11 2132/1557/11 2133/1556/11
f 2116/1557/11 2115/1558/11 2131/1558/11
f 2114/1559/11 2130/1559/11 2131/1558/11
f 2113/1561/11 2129/1561/11 2130/1559/11
f 2112/1565/11 2128/1565/11 2129/1561/11
f 2111/1564/11 2127/1564/11 2128/1565/11
f 2110/1566/11 2126/1566/11 2127/1564/11
f 2109/1586/11 2125/1579/11 2126/1566/11
f 2108/1587/11 2124/1583/11 2125/1579/11
f 2107/1588/11 2123/1584/11 2124/1583/11
f 2106/1589/11 2122/1585/11 2123/1584/11
f 2105/831/11 2121/833/11 2122/1585/11
f 2104/1553/12 2120/1553/12 1636/1549/12
f 2104/1553/12 2103/1554/12 2119/1554/12
f 2102/1555/12 2118/1555/12 2119/1554/12
f 2101/1556/12 2117/1556/12 2118/1555/12
f 2100/1557/12 2116/1557/12 2117/1556/12
f 2100/1557/12 2099/1558/12 2115/1558/12
f 2098/1559/12 2114/1559/12 2115/1558/12
f 2097/1561/12 2113/1561/12 2114/1559/12
f 2096/1565/12 2112/1565/12 2113/1561/12
f 2095/1564/12 2111/1564/12 2112/1565/12
f 2094/1566/12 2110/1566/12 2111/1564/12
f 2093/1586/12 2109/1586/12 2110/1566/12
f 2092/1590/12 2108/1587/12 2109/1586/12
f 2091/1591/12 2107/1588/12 2108/1587/12
f 2090/1592/12 2106/1589/12 2107/1588/12
f 2089/829/12 2105/831/12 2106/1589/12
f 2088/1553/13 2104/1553/13 1635/1549/13
f 2087/1554/13 2103/1554/13 2104/1553/13
f 2086/1555/13 2102/1555/13 2103/1554/13
f 2085/1556/13 2101/1556/13 2102/1555/13
f 2084/1557/13 2100/1557/13 2101/1556/13
f 2083/1558/13 2099/1558/13 2100/1557/13
f 2082/1559/13 2098/1559/13 2099/1558/13
f 2081/1561/13 2097/1561/13 2098/1559/13
f 2080/1565/13 2096/1565/13 2097/1561/13
f 2079/1564/13 2095/1564/13 2096/1565/13
f 2078/1566/13 2094/1566/13 2095/1564/13
f 2077/1586/13 2093/1586/13 2094/1566/13
f 2076/1593/13 2092/1590/13 2093/1586/13
f 2075/1594/13 2091/1591/13 2092/1590/13
f 2074/1595/13 2090/1592/13 2091/1591/13
f 2073/827/13 2089/829/13 2090/1592/13
f 2072/1553/14 2088/1553/14 1634/1549/14
f 2071/1554/14 2087/1554/14 2088/1553/14
f 2070/1555/14 2086/1555/14 2087/1554/14
f 2069/1556/14 2085/1556/14 2086/1555/14
f 2068/1557/14 2084/1557/14 2085/1556/14
f 2067/1558/14 2083/1558/14 2084/1557/14
f 2066/1559/14 2082/1559/14 2083/1558/14
f 2065/1561/14 2081/1561/14 2082/1559/14
f 2064/1565/14 2080/1565/14 2081/1561/14
f 2063/1564/14 2079/1564/14 2080/1565/14
f 2062/1566/14 2078/1566/14 2079/1564/14
f 2061/1596/14 2077/1586/14 2078/1566/14
f 2060/1597/14 2076/1593/14 2077/1586/14
f 2059/1598/14 2075/1594/14 2076/1593/14
f 2058/1599/14 2074/1595/14 2075/1594/14
f 2057/825/14 2073/827/14 2074/1595/14
f 2056/1553/15 2072/1553/15 1633/1549/15
f 2055/1554/15 2071/1554/15 2072/1553/15
f 2054/1555/15 2070/1555/15 2071/1554/15
f 2053/1556/15 2069/1556/15 2070/1555/15
f 2052/1557/15 2068/1557/15 2069/1556/15
f 2051/1558/15 2067/1558/15 2068/1557/15
f 2050/1559/15 2066/1559/15 2067/1558/15
f 2049/1561/15 2065/1561/15 2066/1559/15
f 2048/1565/15 2064/1565/15 2065/1561/15
f 2047/1564/15 2063/1564/15 2064/1565/15
f 2046/1566/15 2062/1566/15 2063/1564/15
f 2045/1596/15 2061/1596/15 2062/1566/15
f 2044/1600/15 2060/1597/15 2061/1596/15
f 2043/1601/15 2059/1598/15 2060/1597/15
f 2042/1602/15 2058/1599/15 2059/1598/15
f 2041/823/15 2057/825/15 2058/1599/15
f 2040/1553/16 2056/1553/16 1632/1549/16
f 2039/1554/16 2055/1554/16 2056/1553/16
f 2038/1555/16 2054/1555/16 2055/1554/16
f 2037/1556/16 2053/1556/16 2054/1555/16
f 2036/1557/16 2052/1557/16 2053/1556/16
f 2035/1558/16 2051/1558/16 2052/1557/16
f 2034/1559/16 2050/1559/16 2051/1558/16
f 2033/1561/16 2049/1561/16 2050/1559/16
f 2032/1565/16 2048/1565/16 2049/1561/16
f 2031/1564/16 2047/1564/16 2048/1565/16
f 2030/1566/16 2046/1566/16 2047/1564/16
f 2029/1603/16 2045/1596/16 2046/1566/16
f 2028/1604/16 2044/1600/16 2045/1596/16
f 2027/1605/16 2043/1601/16 2044/1600/16
f 2026/1606/16 2042/1602/16 2043/1601/16
f 2025/821/16 2041/823/16 2042/1602/16
f 2024/1553/17 2040/1553/17 1631/1549/17
f 2023/1554/17 2039/1554/17 2040/1553/17
f 2023/1554/17 2022/1555/17 2038/1555/17
f 2021/1556/17 2037/1556/17 2038/1555/17
f 2020/1557/17 2036/1557/17 2037/1556/17
f 2019/1558/17 2035/1558/17 2036/1557/17
f 2018/1559/17 2034/1559/17 2035/1558/17
f 2017/1561/17 2033/1561/17 2034/1559/17
f 2016/1565/17 2032/1565/17 2033/1561/17
f 2015/1564/17 2031/1564/17 2032/1565/17
f 2014/1566/17 2030/1566/17 2031/1564/17
f 2013/1603/17 2029/1603/17 2030/1566/17
f 2012/1607/17 2028/1604/17 2029/1603/17
f 2011/1608/17 2027/1605/17 2028/1604/17
f 2010/1609/17 2026/1606/17 2027/1605/17
f 2010/1609/17 2009/819/17 2025/821/17
f 2008/1553/18 2024/1553/18 1630/1549/18
f 2007/1554/18 2023/1554/18 2024/1553/18
f 2007/1554/18 2006/1555/18 2022/1555/18
f 2005/1556/18 2021/1556/18 2022/1555/18
f 2004/1557/18 2020/1557/18 2021/1556/18
f 2003/1558/18 2019/1558/18 2020/1557/18
f 2002/1559/18 2018/1559/18 2019/1558/18
f 2001/1561/18 2017/1561/18 2018/1559/18
f 2000/1562/18 2016/1565/18 2017/1561/18
f 1999/1564/18 2015/1564/18 2016/1565/18
f 1998/1566/18 2014/1566/18 2015/1564/18
f 1997/1603/18 2013/1603/18 2014/1566/18
f 1996/1610/18 2012/1607/18 2013/1603/18
f 1995/1611/18 2011/1608/18 2012/1607/18
f 1994/1612/18 2010/1609/18 2011/1608/18
f 1994/1612/18 1993/817/18 2009/819/18
f 1992/1553/19 2008/1553/19 1629/1549/19
f 1991/1554/19 2007/1554/19 2008/1553/19
f 1991/1554/19 1990/1555/19 2006/1555/19
f 1989/1556/19 2005/1556/19 2006/1555/19
f 1988/1557/19 2004/1557/19 2005/1556/19
f 1987/1558/19 2003/1558/19 2004/1557/19
f 1986/1559/19 2002/1559/19 2003/1558/19
f 1985/1561/19 2001/1561/19 2002/1559/19
f 1984/1562/19 2000/1562/19 2001/1561/19
f 1983/1564/19 1999/1564/19 2000/1562/19
f 1982/1566/19 1998/1566/19 1999/1564/19
f 1981/1613/19 1997/1603/19 1998/1566/19
f 1980/1614/19 1996/1610/19 1997/1603/19
f 1979/1615/19 1995/1611/19 1996/1610/19
f 1978/1616/19 1994/1612/19 1995/1611/19
f 1978/1616/19 1977/815/19 1993/817/19
f 1976/1553/20 1992/1553/20 1628/1549/20
f 1975/1554/20 1991/1554/20 1992/1553/20
f 1975/1554/20 1974/1555/20 1990/1555/20
f 1973/1556/20 1989/1556/20 1990/1555/20
f 1972/1557/20 1988/1557/20 1989/1556/20
f 1971/1558/20 1987/1558/20 1988/1557/20
f 1970/1559/20 1986/1559/20 1987/1558/20
f 1969/1561/20 1985/1561/20 1986/1559/20
f 1969/1561/20 1968/1562/20 1984/1562/20
f 1967/1564/20 1983/1564/20 1984/1562/20
f 1966/1566/20 1982/1566/20 1983/1564/20
f 1965/1603/20 1981/1613/20 1982/1566/20
f 1964/1617/20 1980/1614/20 1981/1613/20
f 1963/1618/20 1979/1615/20 1980/1614/20
f 1962/1619/20 1978/1616/20 1979/1615/20
f 1962/1619/20 1961/813/20 1977/815/20
f 1960/1553/21 1976/1553/21 1627/1549/21
f 1959/1554/21 1975/1554/21 1976/1553/21
f 1958/1555/21 1974/1555/21 1975/1554/21
f 1957/1556/21 1973/1556/21 1974/1555/21
f 1956/1557/21 1972/1557/21 1973/1556/21
f 1955/1558/21 1971/1558/21 1972/1557/21
f 1954/1559/21 1970/1559/21 1971/1558/21
f 1953/1563/21 1969/1561/21 1970/1559/21
f 1953/1563/21 1952/1565/21 1968/1562/21
f 1951/1564/21 1967/1564/21 1968/1562/21
f 1950/1566/21 1966/1566/21 1967/1564/21
f 1949/1603/21 1965/1603/21 1966/1566/21
f 1948/1620/21 1964/1617/21 1965/1603/21
f 1947/1621/21 1963/1618/21 1964/1617/21
f 1946/1622/21 1962/1619/21 1963/1618/21
f 1945/811/21 1961/813/21 1962/1619/21
f 1944/1553/22 1960/1553/22 1626/1549/22
f 1943/1554/22 1959/1554/22 1960/1553/22
f 1942/1555/22 1958/1555/22 1959/1554/22
f 1941/1556/22 1957/1556/22 1958/1555/22
f 1940/1557/22 1956/1557/22 1957/1556/22
f 1939/1558/22 1955/1558/22 1956/1557/22
f 1938/1559/22 1954/1559/22 1955/1558/22
f 1937/1561/22 1953/1563/22 1954/1559/22
f 1936/1562/22 1952/1565/22 1953/1563/22
f 1935/1564/22 1951/1564/22 1952/1565/22
f 1934/1566/22 1950/1566/22 1951/1564/22
f 1933/1623/22 1949/1603/22 1950/1566/22
f 1932/1624/22 1948/1620/22 1949/1603/22
f 1931/1625/22 1947/1621/22 1948/1620/22
f 1930/1626/22 1946/1622/22 1947/1621/22
f 1929/809/22 1945/811/22 1946/1622/22
f 1928/1553/23 1944/1553/23 1625/1549/23
f 1927/1554/23 1943/1554/23 1944/1553/23
f 1926/1555/23 1942/1555/23 1943/1554/23
f 1925/1556/23 1941/1556/23 1942/1555/23
f 1924/1557/23 1940/1557/23 1941/1556/23
f 1923/1558/23 1939/1558/23 1940/1557/23
f 1922/1559/23 1938/1559/23 1939/1558/23
f 1921/1561/23 1937/1561/23 1938/1559/23
f 1920/1562/23 1936/1562/23 1937/1561/23
f 1919/1564/23 1935/1564/23 1936/1562/23
f 1918/1566/23 1934/1566/23 1935/1564/23
f 1917/1627/23 1933/1623/23 1934/1566/23
f 1916/1628/23 1932/1624/23 1933/1623/23
f 1915/1629/23 1931/1625/23 1932/1624/23
f 1914/1630/23 1930/1626/23 1931/1625/23
f 1913/807/23 1929/809/23 1930/1626/23
f 1912/1553/24 1928/1553/24 1624/1549/24
f 1911/1554/24 1927/1554/24 1928/1553/24
f 1910/1555/24 1926/1555/24 1927/1554/24
f 1909/1556/24 1925/1556/24 1926/1555/24
f 1908/1557/24 1924/1557/24 1925/1556/24
f 1907/1558/24 1923/1558/24 1924/1557/24
f 1906/1559/24 1922/1559/24 1923/1558/24
f 1905/1561/24 1921/1561/24 1922/1559/24
f 1905/1561/24 1904/1562/24 1920/1562/24
f 1903/1564/24 1919/1564/24 1920/1562/24
f 1902/1566/24 1918/1566/24 1919/1564/24
f 1901/1627/24 1917/1627/24 1918/1566/24
f 1900/1631/24 1916/1628/24 1917/1627/24
f 1899/1632/24 1915/1629/24 1916/1628/24
f 1898/1633/24 1914/1630/24 1915/1629/24
f 1897/805/24 1913/807/24 1914/1630/24
f 1896/1553/25 1912/1553/25 1623/1549/25
f 1895/1554/25 1911/1554/25 1912/1553/25
f 1894/1555/25 1910/1555/25 1911/1554/25
f 1893/1556/25 1909/1556/25 1910/1555/25
f 1892/1557/25 1908/1557/25 1909/1556/25
f 1891/1558/25 1907/1558/25 1908/1557/25
f 1890/1559/25 1906/1559/25 1907/1558/25
f 1889/1561/25 1905/1561/25 1906/1559/25
f 1889/1561/25 1888/1562/25 1904/1562/25
f 1887/1564/25 1903/1564/25 1904/1562/25
f 1886/1566/25 1902/1566/25 1903/1564/25
f 1885/1634/25 1901/1627/25 1902/1566/25
f 1884/1635/25 1900/1631/25 1901/1627/25
f 1883/1636/25 1899/1632/25 1900/1631/25
f 1882/1637/25 1898/1633/25 1899/1632/25
f 1881/803/25 1897/805/25 1898/1633/25
f 1880/1553/26 1896/1553/26 1622/1549/26
f 1879/1554/26 1895/1554/26 1896/1553/26
f 1878/1555/26 1894/1555/26 1895/1554/26
f 1877/1556/26 1893/1556/26 1894/1555/26
f 1876/1557/26 1892/1557/26 1893/1556/26
f 1875/1558/26 1891/1558/26 1892/1557/26
f 1874/1559/26 1890/1559/26 1891/1558/26
f 1873/1561/26 1889/1561/26 1890/1559/26
f 1872/1562/26 1888/1562/26 1889/1561/26
f 1871/1564/26 1887/1564/26 1888/1562/26
f 1870/1566/26 1886/1566/26 1887/1564/26
f 1869/1634/26 1885/1634/26 1886/1566/26
f 1868/1638/26 1884/1635/26 1885/1634/26
f 1867/1639/26 1883/1636/26 1884/1635/26
f 1866/1640/26 1882/1637/26 1883/1636/26
f 1865/801/26 1881/803/26 1882/1637/26
f 1864/1553/27 1880/1553/27 1621/1549/27
f 1863/1554/27 1879/1554/27 1880/1553/27
f 1862/1555/27 1878/1555/27 1879/1554/27
f 1861/1556/27 1877/1556/27 1878/1555/27
f 1860/1557/27 1876/1557/27 1877/1556/27
f 1859/1560/27 1875/1558/27 1876/1557/27
f 1858/1559/27 1874/1559/27 1875/1558/27
f 1857/1561/27 1873/1561/27 1874/1559/27
f 1856/1562/27 1872/1562/27 1873/1561/27
f 1855/1564/27 1871/1564/27 1872/1562/27
f 1854/1566/27 1870/1566/27 1871/1564/27
f 1853/1634/27 1869/1634/27 1870/1566/27
f 1852/1641/27 1868/1638/27 1869/1634/27
f 1851/1642/27 1867/1639/27 1868/1638/27
f 1850/1643/27 1866/1640/27 1867/1639/27
f 1849/799/27 1865/801/27 1866/1640/27
f 1848/1553/28 1864/1553/28 1620/1549/28
f 1847/1554/28 1863/1554/28 1864/1553/28
f 1846/1555/28 1862/1555/28 1863/1554/28
f 1845/1556/28 1861/1556/28 1862/1555/28
f 1844/1557/28 1860/1557/28 1861/1556/28
f 1843/1560/28 1859/1560/28 1860/1557/28
f 1842/1559/28 1858/1559/28 1859/1560/28
f 1841/1561/28 1857/1561/28 1858/1559/28
f 1840/1562/28 1856/1562/28 1857/1561/28
f 1839/1564/28 1855/1564/28 1856/1562/28
f 1838/1566/28 1854/1566/28 1855/1564/28
f 1837/1644/28 1853/1634/28 1854/1566/28
f 1836/1645/28 1852/1641/28 1853/1634/28
f 1835/1646/28 1851/1642/28 1852/1641/28
f 1834/1647/28 1850/1643/28 1851/1642/28
f 1834/1647/28 1833/797/28 1849/799/28
f 1832/1553/29 1848/1553/29 1619/1549/29
f 1831/1554/29 1847/1554/29 1848/1553/29
f 1830/1555/29 1846/1555/29 1847/1554/29
f 1829/1556/29 1845/1556/29 1846/1555/29
f 1828/1557/29 1844/1557/29 1845/1556/29
f 1827/1560/29 1843/1560/29 1844/1557/29
f 1826/1559/29 1842/1559/29 1843/1560/29
f 1825/1561/29 1841/1561/29 1842/1559/29
f 1824/1562/29 1840/1562/29 1841/1561/29
f 1823/1564/29 1839/1564/29 1840/1562/29
f 1822/1566/29 1838/1566/29 1839/1564/29
f 1821/1644/29 1837/1644/29 1838/1566/29
f 1820/1648/29 1836/1645/29 1837/1644/29
f 1819/1649/29 1835/1646/29 1836/1645/29
f 1818/1650/29 1834/1647/29 1835/1646/29
f 1818/1650/29 1817/795/29 1833/797/29
f 1816/1553/30 1832/1553/30 1618/1549/30
f 1815/1554/30 1831/1554/30 1832/1553/30
f 1814/1555/30 1830/1555/30 1831/1554/30
f 1813/1556/30 1829/1556/30 1830/1555/30
f 1812/1557/30 1828/1557/30 1829/1556/30
f 1811/1560/30 1827/1560/30 1828/1557/30
f 1810/1559/30 1826/1559/30 1827/1560/30
f 1809/1561/30 1825/1561/30 1826/1559/30
f 1808/1562/30 1824/1562/30 1825/1561/30
f 1807/1564/30 1823/1564/30 1824/1562/30
f 1806/1566/30 1822/1566/30 1823/1564/30
f 1805/1651/30 1821/1644/30 1822/1566/30
f 1804/1652/30 1820/1648/30 1821/1644/30
f 1803/1653/30 1819/1649/30 1820/1648/30
f 1802/1654/30 1818/1650/30 1819/1649/30
f 1802/1654/30 1801/793/30 1817/795/30
f 1616/1549/31 1800/1553/31 1816/1553/31
f 1799/1554/31 1815/1554/31 1816/1553/31
f 1798/1555/31 1814/1555/31 1815/1554/31
f 1797/1556/31 1813/1556/31 1814/1555/31
f 1796/1557/31 1812/1557/31 1813/1556/31
f 1795/1560/31 1811/1560/31 1812/1557/31
f 1794/1559/31 1810/1559/31 1811/1560/31
f 1793/1561/31 1809/1561/31 1810/1559/31
f 1792/1562/31 1808/1562/31 1809/1561/31
f 1791/1564/31 1807/1564/31 1808/1562/31
f 1790/1566/31 1806/1566/31 1807/1564/31
f 1789/1651/31 1805/1651/31 1806/1566/31
f 1788/1655/31 1804/1652/31 1805/1651/31
f 1787/1656/31 1803/1653/31 1804/1652/31
f 1786/1657/31 1802/1654/31 1803/1653/31
f 1785/791/31 1801/793/31 1802/1654/31
f 1615/1549/32 1784/1553/32 1800/1553/32
f 1783/1554/32 1799/1554/32 1800/1553/32
f 1782/1555/32 1798/1555/32 1799/1554/32
f 1781/1556/32 1797/1556/32 1798/1555/32
f 1780/1557/32 1796/1557/32 1797/1556/32
f 1779/1560/32 1795/1560/32 1796/1557/32
f 1778/1559/32 1794/1559/32 1795/1560/32
f 1777/1561/32 1793/1561/32 1794/1559/32
f 1776/1562/32 1792/1562/32 1793/1561/32
f 1775/1564/32 1791/1564/32 1792/1562/32
f 1774/1566/32 1790/1566/32 1791/1564/32
f 1773/1651/32 1789/1651/32 1790/1566/32
f 1772/1658/32 1788/1655/32 1789/1651/32
f 1771/1659/32 1787/1656/32 1788/1655/32
f 1770/1660/32 1786/1657/32 1787/1656/32
f 1769/789/32 1785/791/32 1786/1657/32
f 1614/1549/33 1768/1553/33 1784/1553/33
f 1767/1554/33 1783/1554/33 1784/1553/33
f 1766/1555/33 1782/1555/33 1783/1554/33
f 1765/1556/33 1781/1556/33 1782/1555/33
f 1764/1557/33 1780/1557/33 1781/1556/33
f 1763/1560/33 1779/1560/33 1780/1557/33
f 1762/1559/33 1778/1559/33 1779/1560/33
f 1761/1561/33 1777/1561/33 1778/1559/33
f 1760/1565/33 1776/1562/33 1777/1561/33
f 1759/1564/33 1775/1564/33 1776/1562/33
f 1758/1566/33 1774/1566/33 1775/1564/33
f 1757/1651/33 1773/1651/33 1774/1566/33
f 1756/1661/33 1772/1658/33 1773/1651/33
f 1755/1662/33 1771/1659/33 1772/1658/33
f 1754/1663/33 1770/1660/33 1771/1659/33
f 1753/787/33 1769/789/33 1770/1660/33
f 1752/1553/34 1768/1553/34 1614/1549/34
f 1751/1554/34 1767/1554/34 1768/1553/34
f 1750/1555/34 1766/1555/34 1767/1554/34
f 1749/1556/34 1765/1556/34 1766/1555/34
f 1748/1557/34 1764/1557/34 1765/1556/34
f 1747/1560/34 1763/1560/34 1764/1557/34
f 1746/1559/34 1762/1559/34 1763/1560/34
f 1745/1561/34 1761/1561/34 1762/1559/34
f 1744/1565/34 1760/1565/34 1761/1561/34
f 1743/1564/34 1759/1564/34 1760/1565/34
f 1742/1566/34 1758/1566/34 1759/1564/34
f 1741/1570/34 1757/1651/34 1758/1566/34
f 1740/1664/34 1756/1661/34 1757/1651/34
f 1739/1665/34 1755/1662/34 1756/1661/34
f 1738/1666/34 1754/1663/34 1755/1662/34
f 1737/785/34 1753/787/34 1754/1663/34
f 1736/1553/35 1752/1553/35 1613/1549/35
f 1735/1554/35 1751/1554/35 1752/1553/35
f 1734/1555/35 1750/1555/35 1751/1554/35
f 1733/1556/35 1749/1556/35 1750/1555/35
f 1732/1557/35 1748/1557/35 1749/1556/35
f 1731/1560/35 1747/1560/35 1748/1557/35
f 1730/1559/35 1746/1559/35 1747/1560/35
f 1729/1561/35 1745/1561/35 1746/1559/35
f 1728/1565/35 1744/1565/35 1745/1561/35
f 1727/1564/35 1743/1564/35 1744/1565/35
f 1726/1566/35 1742/1566/35 1743/1564/35
f 1725/1570/35 1741/1570/35 1742/1566/35
f 1724/1667/35 1740/1664/35 1741/1570/35
f 1723/1668/35 1739/1665/35 1740/1664/35
f 1722/1669/35 1738/1666/35 1739/1665/35
f 1721/783/35 1737/785/35 1738/1666/35
f 1720/1553/36 1736/1553/36 1612/1549/36
f 1720/1553/36 1719/1554/36 1735/1554/36
f 1718/1555/36 1734/1555/36 1735/1554/36
f 1717/1556/36 1733/1556/36 1734/1555/36
f 1716/1557/36 1732/1557/36 1733/1556/36
f 1715/1560/36 1731/1560/36 1732/1557/36
f 1714/1559/36 1730/1559/36 1731/1560/36
f 1713/1561/36 1729/1561/36 1730/1559/36
f 1712/1565/36 1728/1565/36 1729/1561/36
f 1711/1564/36 1727/1564/36 1728/1565/36
f 1710/1566/36 1726/1566/36 1727/1564/36
f 1709/1570/36 1725/1570/36 1726/1566/36
f 1708/1670/36 1724/1667/36 1725/1570/36
f 1707/1671/36 1723/1668/36 1724/1667/36
f 1706/1672/36 1722/1669/36 1723/1668/36
f 1705/781/36 1721/783/36 1722/1669/36
f 1704/1553/105 1720/1553/105 1611/1549/105
f 1704/1553/105 1703/1554/105 1719/1554/105
f 1702/1555/105 1718/1555/105 1719/1554/105
f 1701/1556/105 1717/1556/105 1718/1555/105
f 1700/1557/105 1716/1557/105 1717/1556/105
f 1699/1560/105 1715/1560/105 1716/1557/105
f 1698/1559/105 1714/1559/105 1715/1560/105
f 1697/1561/105 1713/1561/105 1714/1559/105
f 1696/1565/105 1712/1565/105 1713/1561/105
f 1695/1564/105 1711/1564/105 1712/1565/105
f 1694/1566/105 1710/1566/105 1711/1564/105
f 1693/1570/105 1709/1570/105 1710/1566/105
f 1692/1673/105 1708/1670/105 1709/1570/105
f 1691/1674/105 1707/1671/105 1708/1670/105
f 1690/1675/105 1706/1672/105 1707/1671/105
f 1689/778/105 1705/781/105 1706/1672/105
f 1673/1553/37 1704/1553/37 1610/1549/37
f 1674/1554/37 1703/1554/37 1704/1553/37
f 1675/1555/37 1702/1555/37 1703/1554/37
f 1676/1556/37 1701/1556/37 1702/1555/37
f 1677/1557/37 1700/1557/37 1701/1556/37
f 1678/1560/37 1699/1560/37 1700/1557/37
f 1679/1559/37 1698/1559/37 1699/1560/37
f 1680/1563/37 1697/1561/37 1698/1559/37
f 1681/1565/37 1696/1565/37 1697/1561/37
f 1682/1567/37 1695/1564/37 1696/1565/37
f 1683/1566/37 1694/1566/37 1695/1564/37
f 1684/1570/37 1693/1570/37 1694/1566/37
f 1685/1572/37 1692/1673/37 1693/1570/37
f 1686/1574/37 1691/1674/37 1692/1673/37
f 1686/1574/37 1687/1573/37 1690/1675/37
f 1688/779/37 1689/778/37 1690/1675/37
f 2696/1676/7 2185/1678/7 1641/1551/7
f 2695/1677/7 2186/1680/7 2185/1678/7
f 2694/1679/7 2187/1679/7 2186/1680/7
f 2694/1679/7 2693/1681/7 2188/1681/7
f 2693/1681/7 2692/1682/7 2189/1682/7
f 2691/1683/7 2190/1683/7 2189/1682/7
f 2690/1684/7 2191/1684/7 2190/1683/7
f 2689/1685/7 2192/1685/7 2191/1684/7
f 2688/1686/7 2193/1686/7 2192/1685/7
f 2687/1687/7 2194/1687/7 2193/1686/7
f 2686/1688/7 2195/1688/7 2194/1687/7
f 2685/1689/7 2196/1689/7 2195/1688/7
f 2684/1690/7 2197/1692/7 2196/1689/7
f 2683/1691/7 2198/1694/7 2197/1692/7
f 2682/1693/7 2199/1695/7 2198/1694/7
f 2681/903/7 2200/843/7 2199/1695/7
f 2680/1678/8 2696/1676/8 1672/1551/8
f 2679/1677/8 2695/1677/8 2696/1676/8
f 2678/1679/8 2694/1679/8 2695/1677/8
f 2677/1681/8 2693/1681/8 2694/1679/8
f 2676/1682/8 2692/1682/8 2693/1681/8
f 2675/1683/8 2691/1683/8 2692/1682/8
f 2674/1684/8 2690/1684/8 2691/1683/8
f 2673/1685/8 2689/1685/8 2690/1684/8
f 2672/1686/8 2688/1686/8 2689/1685/8
f 2671/1687/8 2687/1687/8 2688/1686/8
f 2670/1688/8 2686/1688/8 2687/1687/8
f 2669/1689/8 2685/1689/8 2686/1688/8
f 2668/1696/8 2684/1690/8 2685/1689/8
f 2667/1697/8 2683/1691/8 2684/1690/8
f 2666/1698/8 2682/1693/8 2683/1691/8
f 2665/901/8 2681/903/8 2682/1693/8
f 2664/1678/9 2680/1678/9 1671/1551/9
f 2664/1678/9 2663/1677/9 2679/1677/9
f 2662/1679/9 2678/1679/9 2679/1677/9
f 2661/1681/9 2677/1681/9 2678/1679/9
f 2660/1682/9 2676/1682/9 2677/1681/9
f 2659/1683/9 2675/1683/9 2676/1682/9
f 2658/1684/9 2674/1684/9 2675/1683/9
f 2657/1685/9 2673/1685/9 2674/1684/9
f 2656/1686/9 2672/1686/9 2673/1685/9
f 2655/1687/9 2671/1687/9 2672/1686/9
f 2654/1688/9 2670/1688/9 2671/1687/9
f 2653/1689/9 2669/1689/9 2670/1688/9
f 2652/1699/9 2668/1696/9 2669/1689/9
f 2651/1700/9 2667/1697/9 2668/1696/9
f 2650/1701/9 2666/1698/9 2667/1697/9
f 2649/899/9 2665/901/9 2666/1698/9
f 2648/1678/10 2664/1678/10 1670/1551/10
f 2648/1678/10 2647/1677/10 2663/1677/10
f 2646/1679/10 2662/1679/10 2663/1677/10
f 2645/1681/10 2661/1681/10 2662/1679/10
f 2644/1682/10 2660/1682/10 2661/1681/10
f 2643/1683/10 2659/1683/10 2660/1682/10
f 2642/1684/10 2658/1684/10 2659/1683/10
f 2641/1685/10 2657/1685/10 2658/1684/10
f 2640/1686/10 2656/1686/10 2657/1685/10
f 2639/1687/10 2655/1687/10 2656/1686/10
f 2638/1688/10 2654/1688/10 2655/1687/10
f 2637/1689/10 2653/1689/10 2654/1688/10
f 2636/1702/10 2652/1699/10 2653/1689/10
f 2635/1703/10 2651/1700/10 2652/1699/10
f 2634/1704/10 2650/1701/10 2651/1700/10
f 2633/897/10 2649/899/10 2650/1701/10
f 2632/1678/11 2648/1678/11 1669/1551/11
f 2632/1678/11 2631/1677/11 2647/1677/11
f 2630/1679/11 2646/1679/11 2647/1677/11
f 2629/1681/11 2645/1681/11 2646/1679/11
f 2628/1682/11 2644/1682/11 2645/1681/11
f 2627/1683/11 2643/1683/11 2644/1682/11
f 2626/1684/11 2642/1684/11 2643/1683/11
f 2625/1685/11 2641/1685/11 2642/1684/11
f 2624/1686/11 2640/1686/11 2641/1685/11
f 2623/1687/11 2639/1687/11 2640/1686/11
f 2622/1688/11 2638/1688/11 2639/1687/11
f 2621/1705/11 2637/1689/11 2638/1688/11
f 2620/1706/11 2636/1702/11 2637/1689/11
f 2619/1707/11 2635/1703/11 2636/1702/11
f 2618/1708/11 2634/1704/11 2635/1703/11
f 2617/895/11 2633/897/11 2634/1704/11
f 2616/1678/12 2632/1678/12 1668/1551/12
f 2616/1678/12 2615/1677/12 2631/1677/12
f 2615/1677/12 2614/1679/12 2630/1679/12
f 2613/1681/12 2629/1681/12 2630/1679/12
f 2612/1682/12 2628/1682/12 2629/1681/12
f 2611/1683/12 2627/1683/12 2628/1682/12
f 2610/1684/12 2626/1684/12 2627/1683/12
f 2609/1685/12 2625/1685/12 2626/1684/12
f 2608/1686/12 2624/1686/12 2625/1685/12
f 2607/1687/12 2623/1687/12 2624/1686/12
f 2606/1688/12 2622/1688/12 2623/1687/12
f 2605/1709/12 2621/1705/12 2622/1688/12
f 2604/1710/12 2620/1706/12 2621/1705/12
f 2603/1711/12 2619/1707/12 2620/1706/12
f 2602/1712/12 2618/1708/12 2619/1707/12
f 2601/893/12 2617/895/12 2618/1708/12
f 2600/1678/13 2616/1678/13 1667/1551/13
f 2599/1677/13 2615/1677/13 2616/1678/13
f 2598/1679/13 2614/1679/13 2615/1677/13
f 2597/1681/13 2613/1681/13 2614/1679/13
f 2596/1682/13 2612/1682/13 2613/1681/13
f 2595/1683/13 2611/1683/13 2612/1682/13
f 2594/1684/13 2610/1684/13 2611/1683/13
f 2593/1685/13 2609/1685/13 2610/1684/13
f 2592/1686/13 2608/1686/13 2609/1685/13
f 2591/1687/13 2607/1687/13 2608/1686/13
f 2590/1688/13 2606/1688/13 2607/1687/13
f 2589/1709/13 2605/1709/13 2606/1688/13
f 2588/1713/13 2604/1710/13 2605/1709/13
f 2587/1714/13 2603/1711/13 2604/1710/13
f 2586/1715/13 2602/1712/13 2603/1711/13
f 2585/891/13 2601/893/13 2602/1712/13
f 2584/1678/14 2600/1678/14 1666/1551/14
f 2583/1677/14 2599/1677/14 2600/1678/14
f 2582/1679/14 2598/1679/14 2599/1677/14
f 2581/1681/14 2597/1681/14 2598/1679/14
f 2580/1682/14 2596/1682/14 2597/1681/14
f 2579/1683/14 2595/1683/14 2596/1682/14
f 2578/1684/14 2594/1684/14 2595/1683/14
f 2577/1685/14 2593/1685/14 2594/1684/14
f 2576/1686/14 2592/1686/14 2593/1685/14
f 2575/1687/14 2591/1687/14 2592/1686/14
f 2574/1688/14 2590/1688/14 2591/1687/14
f 2573/1709/14 2589/1709/14 2590/1688/14
f 2572/1716/14 2588/1713/14 2589/1709/14
f 2571/1717/14 2587/1714/14 2588/1713/14
f 2570/1718/14 2586/1715/14 2587/1714/14
f 2569/889/14 2585/891/14 2586/1715/14
f 2568/1678/15 2584/1678/15 1665/1551/15
f 2567/1677/15 2583/1677/15 2584/1678/15
f 2566/1679/15 2582/1679/15 2583/1677/15
f 2565/1681/15 2581/1681/15 2582/1679/15
f 2564/1682/15 2580/1682/15 2581/1681/15
f 2563/1683/15 2579/1683/15 2580/1682/15
f 2562/1684/15 2578/1684/15 2579/1683/15
f 2561/1685/15 2577/1685/15 2578/1684/15
f 2560/1686/15 2576/1686/15 2577/1685/15
f 2559/1687/15 2575/1687/15 2576/1686/15
f 2558/1688/15 2574/1688/15 2575/1687/15
f 2557/1719/15 2573/1709/15 2574/1688/15
f 2556/1720/15 2572/1716/15 2573/1709/15
f 2555/1721/15 2571/1717/15 2572/1716/15
f 2554/1722/15 2570/1718/15 2571/1717/15
f 2553/887/15 2569/889/15 2570/1718/15
f 2552/1678/16 2568/1678/16 1664/1551/16
f 2551/1677/16 2567/1677/16 2568/1678/16
f 2550/1679/16 2566/1679/16 2567/1677/16
f 2549/1681/16 2565/1681/16 2566/1679/16
f 2548/1682/16 2564/1682/16 2565/1681/16
f 2547/1683/16 2563/1683/16 2564/1682/16
f 2546/1684/16 2562/1684/16 2563/1683/16
f 2545/1685/16 2561/1685/16 2562/1684/16
f 2545/1685/16 2544/1686/16 2560/1686/16
f 2543/1687/16 2559/1687/16 2560/1686/16
f 2542/1688/16 2558/1688/16 2559/1687/16
f 2541/1719/16 2557/1719/16 2558/1688/16
f 2540/1723/16 2556/1720/16 2557/1719/16
f 2539/1724/16 2555/1721/16 2556/1720/16
f 2538/1725/16 2554/1722/16 2555/1721/16
f 2537/885/16 2553/887/16 2554/1722/16
f 2536/1678/17 2552/1678/17 1663/1551/17
f 2535/1677/17 2551/1677/17 2552/1678/17
f 2534/1679/17 2550/1679/17 2551/1677/17
f 2533/1681/17 2549/1681/17 2550/1679/17
f 2532/1682/17 2548/1682/17 2549/1681/17
f 2531/1683/17 2547/1683/17 2548/1682/17
f 2530/1684/17 2546/1684/17 2547/1683/17
f 2529/1685/17 2545/1685/17 2546/1684/17
f 2529/1685/17 2528/1686/17 2544/1686/17
f 2527/1687/17 2543/1687/17 2544/1686/17
f 2526/1688/17 2542/1688/17 2543/1687/17
f 2525/1726/17 2541/1719/17 2542/1688/17
f 2524/1727/17 2540/1723/17 2541/1719/17
f 2523/1728/17 2539/1724/17 2540/1723/17
f 2522/1729/17 2538/1725/17 2539/1724/17
f 2522/1729/17 2521/883/17 2537/885/17
f 2520/1676/18 2536/1678/18 1662/1551/18
f 2519/1677/18 2535/1677/18 2536/1678/18
f 2518/1679/18 2534/1679/18 2535/1677/18
f 2517/1681/18 2533/1681/18 2534/1679/18
f 2516/1682/18 2532/1682/18 2533/1681/18
f 2515/1683/18 2531/1683/18 2532/1682/18
f 2514/1684/18 2530/1684/18 2531/1683/18
f 2513/1685/18 2529/1685/18 2530/1684/18
f 2513/1685/18 2512/1686/18 2528/1686/18
f 2511/1687/18 2527/1687/18 2528/1686/18
f 2510/1688/18 2526/1688/18 2527/1687/18
f 2509/1726/18 2525/1726/18 2526/1688/18
f 2508/1730/18 2524/1727/18 2525/1726/18
f 2507/1731/18 2523/1728/18 2524/1727/18
f 2506/1732/18 2522/1729/18 2523/1728/18
f 2506/1732/18 2505/881/18 2521/883/18
f 2504/1678/19 2520/1676/19 1661/1551/19
f 2503/1677/19 2519/1677/19 2520/1676/19
f 2502/1679/19 2518/1679/19 2519/1677/19
f 2501/1681/19 2517/1681/19 2518/1679/19
f 2500/1682/19 2516/1682/19 2517/1681/19
f 2499/1683/19 2515/1683/19 2516/1682/19
f 2498/1684/19 2514/1684/19 2515/1683/19
f 2497/1685/19 2513/1685/19 2514/1684/19
f 2497/1685/19 2496/1686/19 2512/1686/19
f 2495/1687/19 2511/1687/19 2512/1686/19
f 2494/1688/19 2510/1688/19 2511/1687/19
f 2493/1733/19 2509/1726/19 2510/1688/19
f 2492/1734/19 2508/1730/19 2509/1726/19
f 2491/1735/19 2507/1731/19 2508/1730/19
f 2490/1736/19 2506/1732/19 2507/1731/19
f 2490/1736/19 2489/879/19 2505/881/19
f 2488/1678/20 2504/1678/20 1660/1551/20
f 2487/1677/20 2503/1677/20 2504/1678/20
f 2486/1679/20 2502/1679/20 2503/1677/20
f 2485/1681/20 2501/1681/20 2502/1679/20
f 2484/1682/20 2500/1682/20 2501/1681/20
f 2483/1683/20 2499/1683/20 2500/1682/20
f 2482/1684/20 2498/1684/20 2499/1683/20
f 2481/1685/20 2497/1685/20 2498/1684/20
f 2481/1685/20 2480/1686/20 2496/1686/20
f 2479/1687/20 2495/1687/20 2496/1686/20
f 2478/1688/20 2494/1688/20 2495/1687/20
f 2477/1737/20 2493/1733/20 2494/1688/20
f 2476/1738/20 2492/1734/20 2493/1733/20
f 2475/1739/20 2491/1735/20 2492/1734/20
f 2474/1740/20 2490/1736/20 2491/1735/20
f 2474/1740/20 2473/877/20 2489/879/20
f 2472/1678/21 2488/1678/21 1659/1551/21
f 2471/1677/21 2487/1677/21 2488/1678/21
f 2470/1679/21 2486/1679/21 2487/1677/21
f 2469/1681/21 2485/1681/21 2486/1679/21
f 2468/1682/21 2484/1682/21 2485/1681/21
f 2467/1683/21 2483/1683/21 2484/1682/21
f 2466/1684/21 2482/1684/21 2483/1683/21
f 2465/1685/21 2481/1685/21 2482/1684/21
f 2464/1686/21 2480/1686/21 2481/1685/21
f 2463/1687/21 2479/1687/21 2480/1686/21
f 2462/1688/21 2478/1688/21 2479/1687/21
f 2461/1737/21 2477/1737/21 2478/1688/21
f 2460/1741/21 2476/1738/21 2477/1737/21
f 2459/1742/21 2475/1739/21 2476/1738/21
f 2458/1743/21 2474/1740/21 2475/1739/21
f 2458/1743/21 2457/875/21 2473/877/21
f 2456/1678/22 2472/1678/22 1658/1551/22
f 2455/1677/22 2471/1677/22 2472/1678/22
f 2454/1679/22 2470/1679/22 2471/1677/22
f 2453/1681/22 2469/1681/22 2470/1679/22
f 2452/1682/22 2468/1682/22 2469/1681/22
f 2451/1683/22 2467/1683/22 2468/1682/22
f 2450/1684/22 2466/1684/22 2467/1683/22
f 2449/1685/22 2465/1685/22 2466/1684/22
f 2449/1685/22 2448/1686/22 2464/1686/22
f 2447/1687/22 2463/1687/22 2464/1686/22
f 2446/1744/22 2462/1688/22 2463/1687/22
f 2445/1737/22 2461/1737/22 2462/1688/22
f 2444/1745/22 2460/1741/22 2461/1737/22
f 2443/1746/22 2459/1742/22 2460/1741/22
f 2442/1747/22 2458/1743/22 2459/1742/22
f 2442/1747/22 2441/873/22 2457/875/22
f 2440/1678/23 2456/1678/23 1657/1551/23
f 2439/1677/23 2455/1677/23 2456/1678/23
f 2438/1679/23 2454/1679/23 2455/1677/23
f 2437/1681/23 2453/1681/23 2454/1679/23
f 2436/1682/23 2452/1682/23 2453/1681/23
f 2435/1683/23 2451/1683/23 2452/1682/23
f 2434/1684/23 2450/1684/23 2451/1683/23
f 2433/1685/23 2449/1685/23 2450/1684/23
f 2433/1685/23 2432/1686/23 2448/1686/23
f 2431/1687/23 2447/1687/23 2448/1686/23
f 2430/1744/23 2446/1744/23 2447/1687/23
f 2429/1737/23 2445/1737/23 2446/1744/23
f 2428/1748/23 2444/1745/23 2445/1737/23
f 2427/1749/23 2443/1746/23 2444/1745/23
f 2426/1750/23 2442/1747/23 2443/1746/23
f 2426/1750/23 2425/871/23 2441/873/23
f 2424/1676/24 2440/1678/24 1656/1551/24
f 2423/1677/24 2439/1677/24 2440/1678/24
f 2422/1679/24 2438/1679/24 2439/1677/24
f 2421/1681/24 2437/1681/24 2438/1679/24
f 2420/1682/24 2436/1682/24 2437/1681/24
f 2419/1683/24 2435/1683/24 2436/1682/24
f 2418/1684/24 2434/1684/24 2435/1683/24
f 2417/1685/24 2433/1685/24 2434/1684/24
f 2416/1686/24 2432/1686/24 2433/1685/24
f 2415/1687/24 2431/1687/24 2432/1686/24
f 2414/1744/24 2430/1744/24 2431/1687/24
f 2413/1737/24 2429/1737/24 2430/1744/24
f 2412/1751/24 2428/1748/24 2429/1737/24
f 2411/1752/24 2427/1749/24 2428/1748/24
f 2410/1753/24 2426/1750/24 2427/1749/24
f 2410/1753/24 2409/869/24 2425/871/24
f 2408/1676/25 2424/1676/25 1655/1551/25
f 2407/1677/25 2423/1677/25 2424/1676/25
f 2407/1677/25 2406/1679/25 2422/1679/25
f 2405/1681/25 2421/1681/25 2422/1679/25
f 2404/1682/25 2420/1682/25 2421/1681/25
f 2403/1683/25 2419/1683/25 2420/1682/25
f 2402/1684/25 2418/1684/25 2419/1683/25
f 2401/1685/25 2417/1685/25 2418/1684/25
f 2401/1685/25 2400/1686/25 2416/1686/25
f 2399/1687/25 2415/1687/25 2416/1686/25
f 2398/1688/25 2414/1744/25 2415/1687/25
f 2397/1754/25 2413/1737/25 2414/1744/25
f 2396/1755/25 2412/1751/25 2413/1737/25
f 2395/1756/25 2411/1752/25 2412/1751/25
f 2394/1757/25 2410/1753/25 2411/1752/25
f 2394/1757/25 2393/867/25 2409/869/25
f 2392/1678/26 2408/1676/26 1654/1551/26
f 2391/1677/26 2407/1677/26 2408/1676/26
f 2391/1677/26 2390/1679/26 2406/1679/26
f 2389/1681/26 2405/1681/26 2406/1679/26
f 2388/1682/26 2404/1682/26 2405/1681/26
f 2387/1683/26 2403/1683/26 2404/1682/26
f 2386/1684/26 2402/1684/26 2403/1683/26
f 2385/1685/26 2401/1685/26 2402/1684/26
f 2385/1685/26 2384/1686/26 2400/1686/26
f 2383/1687/26 2399/1687/26 2400/1686/26
f 2382/1688/26 2398/1688/26 2399/1687/26
f 2381/1754/26 2397/1754/26 2398/1688/26
f 2380/1758/26 2396/1755/26 2397/1754/26
f 2379/1759/26 2395/1756/26 2396/1755/26
f 2378/1760/26 2394/1757/26 2395/1756/26
f 2378/1760/26 2377/865/26 2393/867/26
f 2376/1678/27 2392/1678/27 1653/1551/27
f 2375/1677/27 2391/1677/27 2392/1678/27
f 2374/1679/27 2390/1679/27 2391/1677/27
f 2373/1681/27 2389/1681/27 2390/1679/27
f 2372/1682/27 2388/1682/27 2389/1681/27
f 2371/1683/27 2387/1683/27 2388/1682/27
f 2370/1684/27 2386/1684/27 2387/1683/27
f 2369/1685/27 2385/1685/27 2386/1684/27
f 2368/1686/27 2384/1686/27 2385/1685/27
f 2367/1687/27 2383/1687/27 2384/1686/27
f 2366/1688/27 2382/1688/27 2383/1687/27
f 2365/1754/27 2381/1754/27 2382/1688/27
f 2364/1761/27 2380/1758/27 2381/1754/27
f 2363/1762/27 2379/1759/27 2380/1758/27
f 2362/1763/27 2378/1760/27 2379/1759/27
f 2361/863/27 2377/865/27 2378/1760/27
f 2360/1678/28 2376/1678/28 1652/1551/28
f 2359/1677/28 2375/1677/28 2376/1678/28
f 2358/1679/28 2374/1679/28 2375/1677/28
f 2357/1681/28 2373/1681/28 2374/1679/28
f 2356/1682/28 2372/1682/28 2373/1681/28
f 2355/1683/28 2371/1683/28 2372/1682/28
f 2354/1684/28 2370/1684/28 2371/1683/28
f 2353/1685/28 2369/1685/28 2370/1684/28
f 2352/1686/28 2368/1686/28 2369/1685/28
f 2351/1687/28 2367/1687/28 2368/1686/28
f 2350/1688/28 2366/1688/28 2367/1687/28
f 2349/1764/28 2365/1754/28 2366/1688/28
f 2348/1765/28 2364/1761/28 2365/1754/28
f 2347/1766/28 2363/1762/28 2364/1761/28
f 2346/1767/28 2362/1763/28 2363/1762/28
f 2346/1767/28 2345/861/28 2361/863/28
f 2344/1678/29 2360/1678/29 1651/1551/29
f 2343/1677/29 2359/1677/29 2360/1678/29
f 2342/1679/29 2358/1679/29 2359/1677/29
f 2341/1681/29 2357/1681/29 2358/1679/29
f 2340/1682/29 2356/1682/29 2357/1681/29
f 2339/1683/29 2355/1683/29 2356/1682/29
f 2338/1684/29 2354/1684/29 2355/1683/29
f 2337/1685/29 2353/1685/29 2354/1684/29
f 2336/1686/29 2352/1686/29 2353/1685/29
f 2335/1687/29 2351/1687/29 2352/1686/29
f 2334/1688/29 2350/1688/29 2351/1687/29
f 2333/1768/29 2349/1764/29 2350/1688/29
f 2332/1769/29 2348/1765/29 2349/1764/29
f 2331/1770/29 2347/1766/29 2348/1765/29
f 2330/1771/29 2346/1767/29 2347/1766/29
f 2330/1771/29 2329/859/29 2345/861/29
f 2328/1678/30 2344/1678/30 1650/1551/30
f 2327/1677/30 2343/1677/30 2344/1678/30
f 2326/1679/30 2342/1679/30 2343/1677/30
f 2325/1681/30 2341/1681/30 2342/1679/30
f 2324/1682/30 2340/1682/30 2341/1681/30
f 2323/1683/30 2339/1683/30 2340/1682/30
f 2322/1684/30 2338/1684/30 2339/1683/30
f 2321/1685/30 2337/1685/30 2338/1684/30
f 2320/1686/30 2336/1686/30 2337/1685/30
f 2319/1687/30 2335/1687/30 2336/1686/30
f 2318/1688/30 2334/1688/30 2335/1687/30
f 2317/1772/30 2333/1768/30 2334/1688/30
f 2316/1773/30 2332/1769/30 2333/1768/30
f 2315/1774/30 2331/1770/30 2332/1769/30
f 2314/1775/30 2330/1771/30 2331/1770/30
f 2313/857/30 2329/859/30 2330/1771/30
f 2312/1678/31 2328/1678/31 1649/1551/31
f 2311/1677/31 2327/1677/31 2328/1678/31
f 2310/1679/31 2326/1679/31 2327/1677/31
f 2309/1681/31 2325/1681/31 2326/1679/31
f 2308/1682/31 2324/1682/31 2325/1681/31
f 2307/1683/31 2323/1683/31 2324/1682/31
f 2306/1684/31 2322/1684/31 2323/1683/31
f 2305/1685/31 2321/1685/31 2322/1684/31
f 2304/1686/31 2320/1686/31 2321/1685/31
f 2303/1687/31 2319/1687/31 2320/1686/31
f 2302/1688/31 2318/1688/31 2319/1687/31
f 2301/1772/31 2317/1772/31 2318/1688/31
f 2300/1776/31 2316/1773/31 2317/1772/31
f 2299/1777/31 2315/1774/31 2316/1773/31
f 2298/1778/31 2314/1775/31 2315/1774/31
f 2297/855/31 2313/857/31 2314/1775/31
f 2296/1678/32 2312/1678/32 1648/1551/32
f 2295/1677/32 2311/1677/32 2312/1678/32
f 2294/1679/32 2310/1679/32 2311/1677/32
f 2293/1681/32 2309/1681/32 2310/1679/32
f 2292/1682/32 2308/1682/32 2309/1681/32
f 2291/1683/32 2307/1683/32 2308/1682/32
f 2290/1684/32 2306/1684/32 2307/1683/32
f 2289/1685/32 2305/1685/32 2306/1684/32
f 2288/1686/32 2304/1686/32 2305/1685/32
f 2287/1687/32 2303/1687/32 2304/1686/32
f 2286/1688/32 2302/1688/32 2303/1687/32
f 2285/1779/32 2301/1772/32 2302/1688/32
f 2284/1780/32 2300/1776/32 2301/1772/32
f 2283/1781/32 2299/1777/32 2300/1776/32
f 2282/1782/32 2298/1778/32 2299/1777/32
f 2281/853/32 2297/855/32 2298/1778/32
f 2280/1678/33 2296/1678/33 1647/1551/33
f 2280/1678/33 2279/1677/33 2295/1677/33
f 2278/1679/33 2294/1679/33 2295/1677/33
f 2277/1681/33 2293/1681/33 2294/1679/33
f 2276/1682/33 2292/1682/33 2293/1681/33
f 2275/1683/33 2291/1683/33 2292/1682/33
f 2274/1684/33 2290/1684/33 2291/1683/33
f 2273/1685/33 2289/1685/33 2290/1684/33
f 2272/1686/33 2288/1686/33 2289/1685/33
f 2271/1687/33 2287/1687/33 2288/1686/33
f 2270/1688/33 2286/1688/33 2287/1687/33
f 2269/1779/33 2285/1779/33 2286/1688/33
f 2268/1783/33 2284/1780/33 2285/1779/33
f 2267/1784/33 2283/1781/33 2284/1780/33
f 2266/1785/33 2282/1782/33 2283/1781/33
f 2265/851/33 2281/853/33 2282/1782/33
f 2264/1678/34 2280/1678/34 1646/1551/34
f 2263/1677/34 2279/1677/34 2280/1678/34
f 2262/1679/34 2278/1679/34 2279/1677/34
f 2261/1681/34 2277/1681/34 2278/1679/34
f 2260/1682/34 2276/1682/34 2277/1681/34
f 2259/1683/34 2275/1683/34 2276/1682/34
f 2258/1684/34 2274/1684/34 2275/1683/34
f 2257/1685/34 2273/1685/34 2274/1684/34
f 2256/1686/34 2272/1686/34 2273/1685/34
f 2255/1687/34 2271/1687/34 2272/1686/34
f 2254/1688/34 2270/1688/34 2271/1687/34
f 2253/1779/34 2269/1779/34 2270/1688/34
f 2252/1786/34 2268/1783/34 2269/1779/34
f 2251/1787/34 2267/1784/34 2268/1783/34
f 2250/1788/34 2266/1785/34 2267/1784/34
f 2249/849/34 2265/851/34 2266/1785/34
f 2248/1678/35 2264/1678/35 1645/1551/35
f 2248/1678/35 2247/1677/35 2263/1677/35
f 2246/1679/35 2262/1679/35 2263/1677/35
f 2245/1681/35 2261/1681/35 2262/1679/35
f 2244/1682/35 2260/1682/35 2261/1681/35
f 2244/1682/35 2243/1683/35 2259/1683/35
f 2243/1683/35 2242/1684/35 2258/1684/35
f 2241/1685/35 2257/1685/35 2258/1684/35
f 2240/1686/35 2256/1686/35 2257/1685/35
f 2239/1687/35 2255/1687/35 2256/1686/35
f 2238/1688/35 2254/1688/35 2255/1687/35
f 2237/1789/35 2253/1779/35 2254/1688/35
f 2236/1790/35 2252/1786/35 2253/1779/35
f 2235/1791/35 2251/1787/35 2252/1786/35
f 2234/1792/35 2250/1788/35 2251/1787/35
f 2233/847/35 2249/849/35 2250/1788/35
f 2232/1678/36 2248/1678/36 1644/1551/36
f 2232/1678/36 2231/1677/36 2247/1677/36
f 2230/1679/36 2246/1679/36 2247/1677/36
f 2229/1681/36 2245/1681/36 2246/1679/36
f 2228/1682/36 2244/1682/36 2245/1681/36
f 2228/1682/36 2227/1683/36 2243/1683/36
f 2227/1683/36 2226/1684/36 2242/1684/36
f 2225/1685/36 2241/1685/36 2242/1684/36
f 2224/1686/36 2240/1686/36 2241/1685/36
f 2223/1687/36 2239/1687/36 2240/1686/36
f 2222/1688/36 2238/1688/36 2239/1687/36
f 2221/1793/36 2237/1789/36 2238/1688/36
f 2220/1794/36 2236/1790/36 2237/1789/36
f 2219/1795/36 2235/1791/36 2236/1790/36
f 2218/1796/36 2234/1792/36 2235/1791/36
f 2217/845/36 2233/847/36 2234/1792/36
f 2216/1678/105 2232/1678/105 1643/1551/105
f 2216/1678/105 2215/1677/105 2231/1677/105
f 2214/1679/105 2230/1679/105 2231/1677/105
f 2213/1681/105 2229/1681/105 2230/1679/105
f 2212/1682/105 2228/1682/105 2229/1681/105
f 2211/1683/105 2227/1683/105 2228/1682/105
f 2210/1684/105 2226/1684/105 2227/1683/105
f 2209/1685/105 2225/1685/105 2226/1684/105
f 2208/1686/105 2224/1686/105 2225/1685/105
f 2207/1687/105 2223/1687/105 2224/1686/105
f 2206/1688/105 2222/1688/105 2223/1687/105
f 2205/1793/105 2221/1793/105 2222/1688/105
f 2204/1797/105 2220/1794/105 2221/1793/105
f 2203/1798/105 2219/1795/105 2220/1794/105
f 2202/1799/105 2218/1796/105 2219/1795/105
f 2201/842/105 2217/845/105 2218/1796/105
f 2185/1678/37 2216/1678/37 1642/1551/37
f 2185/1678/37 2186/1680/37 2215/1677/37
f 2187/1679/37 2214/1679/37 2215/1677/37
f 2188/1681/37 2213/1681/37 2214/1679/37
f 2189/1682/37 2212/1682/37 2213/1681/37
f 2190/1683/37 2211/1683/37 2212/1682/37
f 2191/1684/37 2210/1684/37 2211/1683/37
f 2192/1685/37 2209/1685/37 2210/1684/37
f 2193/1686/37 2208/1686/37 2209/1685/37
f 2194/1687/37 2207/1687/37 2208/1686/37
f 2195/1688/37 2206/1688/37 2207/1687/37
f 2196/1689/37 2205/1793/37 2206/1688/37
f 2197/1692/37 2204/1797/37 2205/1793/37
f 2198/1694/37 2203/1798/37 2204/1797/37
f 2199/1695/37 2202/1799/37 2203/1798/37
f 2200/843/37 2201/842/37 2202/1799/37
f 3193/1800/37 2712/1800/37 970/907/37
f 3194/1801/37 2711/1801/37 2712/1800/37
f 3195/1802/37 2710/1802/37 2711/1801/37
f 3196/1803/37 2709/1803/37 2710/1802/37
f 3197/1804/37 2708/1804/37 2709/1803/37
f 3198/1805/37 2707/1805/37 2708/1804/37
f 3199/1806/37 2706/1808/37 2707/1805/37
f 3200/1807/37 2705/1807/37 2706/1808/37
f 3201/1809/37 2704/1809/37 2705/1807/37
f 3202/1810/37 2703/1810/37 2704/1809/37
f 3203/1811/37 2702/1811/37 2703/1810/37
f 3204/1812/37 2701/1812/37 2702/1811/37
f 3205/1813/37 2700/1813/37 2701/1812/37
f 3206/1814/37 2699/1814/37 2700/1813/37
f 3207/1815/37 2698/1816/37 2699/1814/37
f 3208/1550/37 2697/1550/37 2698/1816/37
f 2712/1800/105 2728/1800/105 971/907/105
f 2712/1800/105 2711/1801/105 2727/1801/105
f 2710/1802/105 2726/1802/105 2727/1801/105
f 2709/1803/105 2725/1803/105 2726/1802/105
f 2708/1804/105 2724/1804/105 2725/1803/105
f 2707/1805/105 2723/1805/105 2724/1804/105
f 2706/1808/105 2722/1808/105 2723/1805/105
f 2705/1807/105 2721/1807/105 2722/1808/105
f 2704/1809/105 2720/1809/105 2721/1807/105
f 2703/1810/105 2719/1810/105 2720/1809/105
f 2702/1811/105 2718/1811/105 2719/1810/105
f 2701/1812/105 2717/1812/105 2718/1811/105
f 2700/1813/105 2716/1813/105 2717/1812/105
f 2699/1814/105 2715/1814/105 2716/1813/105
f 2698/1816/105 2714/1816/105 2715/1814/105
f 2697/1550/105 2713/1550/105 2714/1816/105
f 2728/1800/36 2744/1800/36 972/907/36
f 2728/1800/36 2727/1801/36 2743/1801/36
f 2726/1802/36 2742/1802/36 2743/1801/36
f 2725/1803/36 2741/1803/36 2742/1802/36
f 2724/1804/36 2740/1804/36 2741/1803/36
f 2723/1805/36 2739/1805/36 2740/1804/36
f 2722/1808/36 2738/1808/36 2739/1805/36
f 2721/1807/36 2737/1807/36 2738/1808/36
f 2720/1809/36 2736/1809/36 2737/1807/36
f 2719/1810/36 2735/1810/36 2736/1809/36
f 2718/1811/36 2734/1811/36 2735/1810/36
f 2717/1812/36 2733/1812/36 2734/1811/36
f 2716/1813/36 2732/1813/36 2733/1812/36
f 2715/1814/36 2731/1814/36 2732/1813/36
f 2714/1816/36 2730/1816/36 2731/1814/36
f 2713/1550/36 2729/1550/36 2730/1816/36
f 2744/1800/35 2760/1800/35 973/907/35
f 2743/1801/35 2759/1801/35 2760/1800/35
f 2743/1801/35 2742/1802/35 2758/1802/35
f 2741/1803/35 2757/1803/35 2758/1802/35
f 2740/1804/35 2756/1804/35 2757/1803/35
f 2739/1805/35 2755/1805/35 2756/1804/35
f 2738/1808/35 2754/1808/35 2755/1805/35
f 2737/1807/35 2753/1807/35 2754/1808/35
f 2736/1809/35 2752/1809/35 2753/1807/35
f 2735/1810/35 2751/1810/35 2752/1809/35
f 2734/1811/35 2750/1811/35 2751/1810/35
f 2733/1812/35 2749/1812/35 2750/1811/35
f 2732/1813/35 2748/1813/35 2749/1812/35
f 2731/1814/35 2747/1814/35 2748/1813/35
f 2730/1816/35 2746/1816/35 2747/1814/35
f 2729/1550/35 2745/1550/35 2746/1816/35
f 2760/1800/34 2776/1800/34 974/905/34
f 2759/1801/34 2775/1801/34 2776/1800/34
f 2759/1801/34 2758/1802/34 2774/1802/34
f 2758/1802/34 2757/1803/34 2773/1803/34
f 2756/1804/34 2772/1804/34 2773/1803/34
f 2755/1805/34 2771/1805/34 2772/1804/34
f 2754/1808/34 2770/1808/34 2771/1805/34
f 2753/1807/34 2769/1807/34 2770/1808/34
f 2752/1809/34 2768/1809/34 2769/1807/34
f 2751/1810/34 2767/1810/34 2768/1809/34
f 2750/1811/34 2766/1811/34 2767/1810/34
f 2749/1812/34 2765/1812/34 2766/1811/34
f 2748/1813/34 2764/1813/34 2765/1812/34
f 2747/1814/34 2763/1814/34 2764/1813/34
f 2746/1816/34 2762/1816/34 2763/1814/34
f 2745/1550/34 2761/1550/34 2762/1816/34
f 974/905/33 2776/1800/33 2792/1800/33
f 2775/1801/33 2791/1801/33 2792/1800/33
f 2774/1802/33 2790/1802/33 2791/1801/33
f 2774/1802/33 2773/1803/33 2789/1803/33
f 2772/1804/33 2788/1804/33 2789/1803/33
f 2771/1805/33 2787/1805/33 2788/1804/33
f 2770/1808/33 2786/1808/33 2787/1805/33
f 2769/1807/33 2785/1807/33 2786/1808/33
f 2768/1809/33 2784/1809/33 2785/1807/33
f 2767/1810/33 2783/1810/33 2784/1809/33
f 2766/1811/33 2782/1811/33 2783/1810/33
f 2765/1812/33 2781/1812/33 2782/1811/33
f 2764/1813/33 2780/1813/33 2781/1812/33
f 2763/1814/33 2779/1814/33 2780/1813/33
f 2762/1816/33 2778/1816/33 2779/1814/33
f 2761/1550/33 2777/1550/33 2778/1816/33
f 975/905/32 2792/1800/32 2808/1800/32
f 2791/1801/32 2807/1801/32 2808/1800/32
f 2790/1802/32 2806/1802/32 2807/1801/32
f 2789/1803/32 2805/1803/32 2806/1802/32
f 2788/1804/32 2804/1804/32 2805/1803/32
f 2787/1805/32 2803/1805/32 2804/1804/32
f 2786/1808/32 2802/1808/32 2803/1805/32
f 2785/1807/32 2801/1807/32 2802/1808/32
f 2784/1809/32 2800/1809/32 2801/1807/32
f 2783/1810/32 2799/1810/32 2800/1809/32
f 2782/1811/32 2798/1811/32 2799/1810/32
f 2781/1812/32 2797/1812/32 2798/1811/32
f 2780/1813/32 2796/1813/32 2797/1812/32
f 2779/1814/32 2795/1814/32 2796/1813/32
f 2778/1816/32 2794/1816/32 2795/1814/32
f 2777/1550/32 2793/1550/32 2794/1816/32
f 976/905/31 2808/1800/31 2824/1800/31
f 2807/1801/31 2823/1801/31 2824/1800/31
f 2806/1802/31 2822/1802/31 2823/1801/31
f 2805/1803/31 2821/1803/31 2822/1802/31
f 2804/1804/31 2820/1804/31 2821/1803/31
f 2803/1805/31 2819/1805/31 2820/1804/31
f 2802/1808/31 2818/1808/31 2819/1805/31
f 2801/1807/31 2817/1807/31 2818/1808/31
f 2800/1809/31 2816/1809/31 2817/1807/31
f 2799/1810/31 2815/1810/31 2816/1809/31
f 2798/1811/31 2814/1811/31 2815/1810/31
f 2797/1812/31 2813/1812/31 2814/1811/31
f 2796/1813/31 2812/1813/31 2813/1812/31
f 2795/1814/31 2811/1814/31 2812/1813/31
f 2794/1816/31 2810/1816/31 2811/1814/31
f 2793/1550/31 2809/1550/31 2810/1816/31
f 2824/1800/30 2840/1800/30 978/905/30
f 2823/1801/30 2839/1801/30 2840/1800/30
f 2822/1802/30 2838/1802/30 2839/1801/30
f 2821/1803/30 2837/1803/30 2838/1802/30
f 2820/1804/30 2836/1804/30 2837/1803/30
f 2819/1805/30 2835/1805/30 2836/1804/30
f 2818/1808/30 2834/1808/30 2835/1805/30
f 2817/1807/30 2833/1807/30 2834/1808/30
f 2816/1809/30 2832/1809/30 2833/1807/30
f 2815/1810/30 2831/1810/30 2832/1809/30
f 2814/1811/30 2830/1811/30 2831/1810/30
f 2813/1812/30 2829/1812/30 2830/1811/30
f 2813/1812/30 2812/1813/30 2828/1813/30
f 2811/1814/30 2827/1814/30 2828/1813/30
f 2810/1816/30 2826/1816/30 2827/1814/30
f 2809/1550/30 2825/1550/30 2826/1816/30
f 2840/1800/29 2856/1800/29 979/905/29
f 2839/1801/29 2855/1801/29 2856/1800/29
f 2838/1802/29 2854/1802/29 2855/1801/29
f 2837/1803/29 2853/1803/29 2854/1802/29
f 2836/1804/29 2852/1804/29 2853/1803/29
f 2835/1805/29 2851/1805/29 2852/1804/29
f 2834/1808/29 2850/1808/29 2851/1805/29
f 2833/1807/29 2849/1807/29 2850/1808/29
f 2832/1809/29 2848/1809/29 2849/1807/29
f 2831/1810/29 2847/1810/29 2848/1809/29
f 2830/1811/29 2846/1811/29 2847/1810/29
f 2829/1812/29 2845/1812/29 2846/1811/29
f 2829/1812/29 2828/1813/29 2844/1813/29
f 2827/1814/29 2843/1814/29 2844/1813/29
f 2826/1816/29 2842/1816/29 2843/1814/29
f 2825/1550/29 2841/1550/29 2842/1816/29
f 2856/1800/28 2872/1800/28 980/905/28
f 2855/1801/28 2871/1801/28 2872/1800/28
f 2854/1802/28 2870/1802/28 2871/1801/28
f 2853/1803/28 2869/1803/28 2870/1802/28
f 2852/1804/28 2868/1804/28 2869/1803/28
f 2852/1804/28 2851/1805/28 2867/1805/28
f 2850/1808/28 2866/1808/28 2867/1805/28
f 2849/1807/28 2865/1807/28 2866/1808/28
f 2848/1809/28 2864/1809/28 2865/1807/28
f 2847/1810/28 2863/1810/28 2864/1809/28
f 2846/1811/28 2862/1811/28 2863/1810/28
f 2845/1812/28 2861/1812/28 2862/1811/28
f 2845/1812/28 2844/1813/28 2860/1813/28
f 2843/1814/28 2859/1814/28 2860/1813/28
f 2842/1816/28 2858/1816/28 2859/1814/28
f 2841/1550/28 2857/1550/28 2858/1816/28
f 2872/1800/27 2888/1800/27 981/905/27
f 2871/1801/27 2887/1801/27 2888/1800/27
f 2870/1802/27 2886/1802/27 2887/1801/27
f 2869/1803/27 2885/1803/27 2886/1802/27
f 2868/1804/27 2884/1804/27 2885/1803/27
f 2868/1804/27 2867/1805/27 2883/1805/27
f 2866/1808/27 2882/1808/27 2883/1805/27
f 2865/1807/27 2881/1807/27 2882/1808/27
f 2864/1809/27 2880/1817/27 2881/1807/27
f 2863/1810/27 2879/1810/27 2880/1817/27
f 2862/1811/27 2878/1811/27 2879/1810/27
f 2861/1812/27 2877/1812/27 2878/1811/27
f 2860/1813/27 2876/1813/27 2877/1812/27
f 2859/1814/27 2875/1814/27 2876/1813/27
f 2858/1816/27 2874/1816/27 2875/1814/27
f 2857/1550/27 2873/1550/27 2874/1816/27
f 2888/1800/26 2904/1800/26 982/905/26
f 2887/1801/26 2903/1801/26 2904/1800/26
f 2886/1802/26 2902/1802/26 2903/1801/26
f 2885/1803/26 2901/1803/26 2902/1802/26
f 2884/1804/26 2900/1804/26 2901/1803/26
f 2884/1804/26 2883/1805/26 2899/1805/26
f 2882/1808/26 2898/1808/26 2899/1805/26
f 2881/1807/26 2897/1807/26 2898/1808/26
f 2880/1817/26 2896/1817/26 2897/1807/26
f 2879/1810/26 2895/1810/26 2896/1817/26
f 2878/1811/26 2894/1811/26 2895/1810/26
f 2877/1812/26 2893/1812/26 2894/1811/26
f 2876/1813/26 2892/1813/26 2893/1812/26
f 2875/1814/26 2891/1814/26 2892/1813/26
f 2874/1816/26 2890/1816/26 2891/1814/26
f 2873/1550/26 2889/1550/26 2890/1816/26
f 2904/1800/25 2920/1800/25 983/905/25
f 2903/1801/25 2919/1801/25 2920/1800/25
f 2902/1802/25 2918/1802/25 2919/1801/25
f 2901/1803/25 2917/1803/25 2918/1802/25
f 2900/1804/25 2916/1804/25 2917/1803/25
f 2899/1805/25 2915/1805/25 2916/1804/25
f 2898/1808/25 2914/1808/25 2915/1805/25
f 2897/1807/25 2913/1807/25 2914/1808/25
f 2896/1817/25 2912/1817/25 2913/1807/25
f 2895/1810/25 2911/1810/25 2912/1817/25
f 2894/1811/25 2910/1811/25 2911/1810/25
f 2893/1812/25 2909/1812/25 2910/1811/25
f 2893/1812/25 2892/1813/25 2908/1813/25
f 2891/1814/25 2907/1814/25 2908/1813/25
f 2890/1816/25 2906/1816/25 2907/1814/25
f 2889/1550/25 2905/1550/25 2906/1816/25
f 2920/1800/24 2936/1800/24 984/905/24
f 2919/1801/24 2935/1801/24 2936/1800/24
f 2918/1802/24 2934/1802/24 2935/1801/24
f 2917/1803/24 2933/1803/24 2934/1802/24
f 2916/1804/24 2932/1804/24 2933/1803/24
f 2915/1805/24 2931/1805/24 2932/1804/24
f 2914/1808/24 2930/1808/24 2931/1805/24
f 2913/1807/24 2929/1807/24 2930/1808/24
f 2912/1817/24 2928/1817/24 2929/1807/24
f 2911/1810/24 2927/1810/24 2928/1817/24
f 2910/1811/24 2926/1811/24 2927/1810/24
f 2909/1812/24 2925/1812/24 2926/1811/24
f 2909/1812/24 2908/1813/24 2924/1813/24
f 2907/1814/24 2923/1814/24 2924/1813/24
f 2906/1816/24 2922/1815/24 2923/1814/24
f 2905/1550/24 2921/1550/24 2922/1815/24
f 2936/1800/23 2952/1800/23 985/905/23
f 2935/1801/23 2951/1801/23 2952/1800/23
f 2934/1802/23 2950/1802/23 2951/1801/23
f 2933/1803/23 2949/1803/23 2950/1802/23
f 2932/1804/23 2948/1804/23 2949/1803/23
f 2931/1805/23 2947/1805/23 2948/1804/23
f 2930/1808/23 2946/1808/23 2947/1805/23
f 2929/1807/23 2945/1807/23 2946/1808/23
f 2928/1817/23 2944/1817/23 2945/1807/23
f 2927/1810/23 2943/1810/23 2944/1817/23
f 2926/1811/23 2942/1811/23 2943/1810/23
f 2925/1812/23 2941/1812/23 2942/1811/23
f 2924/1813/23 2940/1813/23 2941/1812/23
f 2923/1814/23 2939/1814/23 2940/1813/23
f 2922/1815/23 2938/1815/23 2939/1814/23
f 2921/1550/23 2937/1550/23 2938/1815/23
f 2952/1800/22 2968/1800/22 986/905/22
f 2951/1801/22 2967/1801/22 2968/1800/22
f 2950/1802/22 2966/1802/22 2967/1801/22
f 2949/1803/22 2965/1803/22 2966/1802/22
f 2948/1804/22 2964/1804/22 2965/1803/22
f 2947/1805/22 2963/1805/22 2964/1804/22
f 2946/1808/22 2962/1808/22 2963/1805/22
f 2945/1807/22 2961/1807/22 2962/1808/22
f 2944/1817/22 2960/1817/22 2961/1807/22
f 2943/1810/22 2959/1810/22 2960/1817/22
f 2942/1811/22 2958/1811/22 2959/1810/22
f 2941/1812/22 2957/1812/22 2958/1811/22
f 2940/1813/22 2956/1813/22 2957/1812/22
f 2939/1814/22 2955/1814/22 2956/1813/22
f 2938/1815/22 2954/1816/22 2955/1814/22
f 2937/1550/22 2953/1550/22 2954/1816/22
f 2968/1800/21 2984/1800/21 987/905/21
f 2967/1801/21 2983/1801/21 2984/1800/21
f 2966/1802/21 2982/1802/21 2983/1801/21
f 2965/1803/21 2981/1803/21 2982/1802/21
f 2964/1804/21 2980/1804/21 2981/1803/21
f 2963/1805/21 2979/1805/21 2980/1804/21
f 2962/1808/21 2978/1808/21 2979/1805/21
f 2961/1807/21 2977/1807/21 2978/1808/21
f 2960/1817/21 2976/1817/21 2977/1807/21
f 2959/1810/21 2975/1810/21 2976/1817/21
f 2958/1811/21 2974/1811/21 2975/1810/21
f 2957/1812/21 2973/1812/21 2974/1811/21
f 2957/1812/21 2956/1813/21 2972/1813/21
f 2955/1814/21 2971/1814/21 2972/1813/21
f 2954/1816/21 2970/1816/21 2971/1814/21
f 2953/1550/21 2969/1550/21 2970/1816/21
f 2984/1800/20 3000/1800/20 988/905/20
f 2983/1801/20 2999/1801/20 3000/1800/20
f 2982/1802/20 2998/1802/20 2999/1801/20
f 2981/1803/20 2997/1803/20 2998/1802/20
f 2980/1804/20 2996/1804/20 2997/1803/20
f 2979/1805/20 2995/1805/20 2996/1804/20
f 2978/1808/20 2994/1808/20 2995/1805/20
f 2977/1807/20 2993/1807/20 2994/1808/20
f 2976/1817/20 2992/1817/20 2993/1807/20
f 2975/1810/20 2991/1810/20 2992/1817/20
f 2974/1811/20 2990/1811/20 2991/1810/20
f 2973/1812/20 2989/1812/20 2990/1811/20
f 2973/1812/20 2972/1813/20 2988/1813/20
f 2971/1814/20 2987/1814/20 2988/1813/20
f 2970/1816/20 2986/1815/20 2987/1814/20
f 2969/1550/20 2985/1550/20 2986/1815/20
f 3000/1800/19 3016/1800/19 989/905/19
f 2999/1801/19 3015/1801/19 3016/1800/19
f 2998/1802/19 3014/1802/19 3015/1801/19
f 2997/1803/19 3013/1803/19 3014/1802/19
f 2996/1804/19 3012/1804/19 3013/1803/19
f 2995/1805/19 3011/1805/19 3012/1804/19
f 2994/1808/19 3010/1808/19 3011/1805/19
f 2993/1807/19 3009/1807/19 3010/1808/19
f 2992/1817/19 3008/1817/19 3009/1807/19
f 2991/1810/19 3007/1810/19 3008/1817/19
f 2990/1811/19 3006/1811/19 3007/1810/19
f 2989/1812/19 3005/1812/19 3006/1811/19
f 2989/1812/19 2988/1813/19 3004/1813/19
f 2987/1814/19 3003/1814/19 3004/1813/19
f 2986/1815/19 3002/1815/19 3003/1814/19
f 2985/1550/19 3001/1550/19 3002/1815/19
f 3016/1800/18 3032/1800/18 990/905/18
f 3015/1801/18 3031/1801/18 3032/1800/18
f 3014/1802/18 3030/1802/18 3031/1801/18
f 3013/1803/18 3029/1803/18 3030/1802/18
f 3012/1804/18 3028/1804/18 3029/1803/18
f 3011/1805/18 3027/1805/18 3028/1804/18
f 3010/1808/18 3026/1808/18 3027/1805/18
f 3009/1807/18 3025/1807/18 3026/1808/18
f 3008/1817/18 3024/1817/18 3025/1807/18
f 3007/1810/18 3023/1810/18 3024/1817/18
f 3006/1811/18 3022/1811/18 3023/1810/18
f 3005/1812/18 3021/1812/18 3022/1811/18
f 3005/1812/18 3004/1813/18 3020/1813/18
f 3003/1814/18 3019/1814/18 3020/1813/18
f 3002/1815/18 3018/1815/18 3019/1814/18
f 3001/1550/18 3017/1550/18 3018/1815/18
f 3032/1800/17 3048/1800/17 991/905/17
f 3031/1801/17 3047/1801/17 3048/1800/17
f 3030/1802/17 3046/1802/17 3047/1801/17
f 3029/1803/17 3045/1803/17 3046/1802/17
f 3028/1804/17 3044/1804/17 3045/1803/17
f 3027/1805/17 3043/1805/17 3044/1804/17
f 3026/1808/17 3042/1808/17 3043/1805/17
f 3025/1807/17 3041/1807/17 3042/1808/17
f 3024/1817/17 3040/1817/17 3041/1807/17
f 3023/1810/17 3039/1810/17 3040/1817/17
f 3022/1811/17 3038/1811/17 3039/1810/17
f 3021/1812/17 3037/1812/17 3038/1811/17
f 3021/1812/17 3020/1813/17 3036/1813/17
f 3019/1814/17 3035/1814/17 3036/1813/17
f 3018/1815/17 3034/1815/17 3035/1814/17
f 3017/1550/17 3033/1550/17 3034/1815/17
f 3048/1800/16 3064/1800/16 992/905/16
f 3047/1801/16 3063/1801/16 3064/1800/16
f 3046/1802/16 3062/1802/16 3063/1801/16
f 3045/1803/16 3061/1803/16 3062/1802/16
f 3044/1804/16 3060/1804/16 3061/1803/16
f 3043/1805/16 3059/1805/16 3060/1804/16
f 3042/1808/16 3058/1808/16 3059/1805/16
f 3041/1807/16 3057/1807/16 3058/1808/16
f 3040/1817/16 3056/1817/16 3057/1807/16
f 3039/1810/16 3055/1810/16 3056/1817/16
f 3038/1811/16 3054/1811/16 3055/1810/16
f 3037/1812/16 3053/1812/16 3054/1811/16
f 3036/1813/16 3052/1813/16 3053/1812/16
f 3035/1814/16 3051/1814/16 3052/1813/16
f 3034/1815/16 3050/1815/16 3051/1814/16
f 3033/1550/16 3049/1550/16 3050/1815/16
f 3064/1800/15 3080/1800/15 993/905/15
f 3063/1801/15 3079/1801/15 3080/1800/15
f 3062/1802/15 3078/1802/15 3079/1801/15
f 3061/1803/15 3077/1803/15 3078/1802/15
f 3060/1804/15 3076/1804/15 3077/1803/15
f 3059/1805/15 3075/1805/15 3076/1804/15
f 3058/1808/15 3074/1808/15 3075/1805/15
f 3057/1807/15 3073/1807/15 3074/1808/15
f 3056/1817/15 3072/1817/15 3073/1807/15
f 3055/1810/15 3071/1810/15 3072/1817/15
f 3054/1811/15 3070/1811/15 3071/1810/15
f 3053/1812/15 3069/1812/15 3070/1811/15
f 3052/1813/15 3068/1813/15 3069/1812/15
f 3051/1814/15 3067/1814/15 3068/1813/15
f 3050/1815/15 3066/1815/15 3067/1814/15
f 3049/1550/15 3065/1550/15 3066/1815/15
f 3080/1800/14 3096/1800/14 994/905/14
f 3079/1801/14 3095/1801/14 3096/1800/14
f 3078/1802/14 3094/1802/14 3095/1801/14
f 3077/1803/14 3093/1803/14 3094/1802/14
f 3076/1804/14 3092/1804/14 3093/1803/14
f 3075/1805/14 3091/1805/14 3092/1804/14
f 3074/1808/14 3090/1808/14 3091/1805/14
f 3073/1807/14 3089/1807/14 3090/1808/14
f 3072/1817/14 3088/1817/14 3089/1807/14
f 3071/1810/14 3087/1810/14 3088/1817/14
f 3070/1811/14 3086/1811/14 3087/1810/14
f 3069/1812/14 3085/1812/14 3086/1811/14
f 3068/1813/14 3084/1813/14 3085/1812/14
f 3067/1814/14 3083/1814/14 3084/1813/14
f 3066/1815/14 3082/1815/14 3083/1814/14
f 3065/1550/14 3081/1550/14 3082/1815/14
f 3096/1800/13 3112/1800/13 995/905/13
f 3095/1801/13 3111/1801/13 3112/1800/13
f 3094/1802/13 3110/1802/13 3111/1801/13
f 3093/1803/13 3109/1803/13 3110/1802/13
f 3092/1804/13 3108/1804/13 3109/1803/13
f 3091/1805/13 3107/1805/13 3108/1804/13
f 3090/1808/13 3106/1808/13 3107/1805/13
f 3089/1807/13 3105/1807/13 3106/1808/13
f 3088/1817/13 3104/1817/13 3105/1807/13
f 3087/1810/13 3103/1810/13 3104/1817/13
f 3086/1811/13 3102/1811/13 3103/1810/13
f 3085/1812/13 3101/1812/13 3102/1811/13
f 3084/1813/13 3100/1813/13 3101/1812/13
f 3083/1814/13 3099/1814/13 3100/1813/13
f 3082/1815/13 3098/1815/13 3099/1814/13
f 3081/1550/13 3097/1550/13 3098/1815/13
f 3112/1800/12 3128/1800/12 996/905/12
f 3111/1801/12 3127/1801/12 3128/1800/12
f 3111/1801/12 3110/1802/12 3126/1802/12
f 3109/1803/12 3125/1803/12 3126/1802/12
f 3108/1804/12 3124/1804/12 3125/1803/12
f 3107/1805/12 3123/1805/12 3124/1804/12
f 3106/1808/12 3122/1808/12 3123/1805/12
f 3105/1807/12 3121/1807/12 3122/1808/12
f 3104/1817/12 3120/1817/12 3121/1807/12
f 3103/1810/12 3119/1810/12 3120/1817/12
f 3102/1811/12 3118/1811/12 3119/1810/12
f 3101/1812/12 3117/1812/12 3118/1811/12
f 3100/1813/12 3116/1813/12 3117/1812/12
f 3099/1814/12 3115/1814/12 3116/1813/12
f 3098/1815/12 3114/1815/12 3115/1814/12
f 3097/1550/12 3113/1550/12 3114/1815/12
f 3128/1800/11 3144/1800/11 997/905/11
f 3128/1800/11 3127/1801/11 3143/1801/11
f 3127/1801/11 3126/1802/11 3142/1802/11
f 3125/1803/11 3141/1803/11 3142/1802/11
f 3124/1804/11 3140/1804/11 3141/1803/11
f 3123/1805/11 3139/1805/11 3140/1804/11
f 3122/1808/11 3138/1808/11 3139/1805/11
f 3121/1807/11 3137/1807/11 3138/1808/11
f 3120/1817/11 3136/1817/11 3137/1807/11
f 3119/1810/11 3135/1810/11 3136/1817/11
f 3118/1811/11 3134/1811/11 3135/1810/11
f 3117/1812/11 3133/1812/11 3134/1811/11
f 3116/1813/11 3132/1813/11 3133/1812/11
f 3115/1814/11 3131/1814/11 3132/1813/11
f 3114/1815/11 3130/1815/11 3131/1814/11
f 3113/1550/11 3129/1550/11 3130/1815/11
f 3144/1800/10 3160/1800/10 998/905/10
f 3144/1800/10 3143/1801/10 3159/1801/10
f 3142/1802/10 3158/1802/10 3159/1801/10
f 3142/1802/10 3141/1803/10 3157/1803/10
f 3140/1804/10 3156/1804/10 3157/1803/10
f 3139/1805/10 3155/1805/10 3156/1804/10
f 3138/1808/10 3154/1808/10 3155/1805/10
f 3137/1807/10 3153/1807/10 3154/1808/10
f 3136/1817/10 3152/1817/10 3153/1807/10
f 3135/1810/10 3151/1810/10 3152/1817/10
f 3134/1811/10 3150/1811/10 3151/1810/10
f 3133/1812/10 3149/1812/10 3150/1811/10
f 3132/1813/10 3148/1813/10 3149/1812/10
f 3131/1814/10 3147/1814/10 3148/1813/10
f 3130/1815/10 3146/1815/10 3147/1814/10
f 3129/1550/10 3145/1550/10 3146/1815/10
f 3160/1800/9 3176/1800/9 999/905/9
f 3160/1800/9 3159/1801/9 3175/1801/9
f 3158/1802/9 3174/1802/9 3175/1801/9
f 3158/1802/9 3157/1803/9 3173/1803/9
f 3156/1804/9 3172/1804/9 3173/1803/9
f 3155/1805/9 3171/1805/9 3172/1804/9
f 3154/1808/9 3170/1808/9 3171/1805/9
f 3153/1807/9 3169/1807/9 3170/1808/9
f 3152/1817/9 3168/1817/9 3169/1807/9
f 3151/1810/9 3167/1810/9 3168/1817/9
f 3150/1811/9 3166/1811/9 3167/1810/9
f 3149/1812/9 3165/1812/9 3166/1811/9
f 3148/1813/9 3164/1813/9 3165/1812/9
f 3147/1814/9 3163/1814/9 3164/1813/9
f 3146/1815/9 3162/1815/9 3163/1814/9
f 3145/1550/9 3161/1550/9 3162/1815/9
f 3176/1800/8 3192/1800/8 1000/905/8
f 3176/1800/8 3175/1801/8 3191/1801/8
f 3174/1802/8 3190/1802/8 3191/1801/8
f 3173/1803/8 3189/1803/8 3190/1802/8
f 3172/1804/8 3188/1804/8 3189/1803/8
f 3171/1805/8 3187/1805/8 3188/1804/8
f 3170/1808/8 3186/1808/8 3187/1805/8
f 3169/1807/8 3185/1807/8 3186/1808/8
f 3168/1817/8 3184/1817/8 3185/1807/8
f 3167/1810/8 3183/1810/8 3184/1817/8
f 3166/1811/8 3182/1811/8 3183/1810/8
f 3165/1812/8 3181/1812/8 3182/1811/8
f 3164/1813/8 3180/1813/8 3181/1812/8
f 3163/1814/8 3179/1814/8 3180/1813/8
f 3162/1815/8 3178/1815/8 3179/1814/8
f 3161/1550/8 3177/1550/8 3178/1815/8
f 1000/905/7 3192/1800/7 3193/1800/7
f 3192/1800/7 3191/1801/7 3194/1801/7
f 3191/1801/7 3190/1802/7 3195/1802/7
f 3190/1802/7 3189/1803/7 3196/1803/7
f 3189/1803/7 3188/1804/7 3197/1804/7
f 3188/1804/7 3187/1805/7 3198/1805/7
f 3187/1805/7 3186/1808/7 3199/1806/7
f 3186/1808/7 3185/1807/7 3200/1807/7
f 3185/1807/7 3184/1817/7 3201/1809/7
f 3184/1817/7 3183/1810/7 3202/1810/7
f 3183/1810/7 3182/1811/7 3203/1811/7
f 3182/1811/7 3181/1812/7 3204/1812/7
f 3181/1812/7 3180/1813/7 3205/1813/7
f 3180/1813/7 3179/1814/7 3206/1814/7
f 3179/1814/7 3178/1815/7 3207/1815/7
f 3178/1815/7 3177/1550/7 3208/1550/7
f 3705/1818/37 3224/1818/37 1002/908/37
f 3705/1818/37 3706/1819/37 3223/1819/37
f 3707/1820/37 3222/1820/37 3223/1819/37
f 3708/1821/37 3221/1821/37 3222/1820/37
f 3709/1822/37 3220/1822/37 3221/1821/37
f 3710/1823/37 3219/1823/37 3220/1822/37
f 3711/1824/37 3218/1824/37 3219/1823/37
f 3712/1825/37 3217/1825/37 3218/1824/37
f 3713/1826/37 3216/1826/37 3217/1825/37
f 3714/1827/37 3215/1827/37 3216/1826/37
f 3715/1828/37 3214/1828/37 3215/1827/37
f 3716/1829/37 3213/1831/37 3214/1828/37
f 3717/1830/37 3212/1830/37 3213/1831/37
f 3718/1832/37 3211/1832/37 3212/1830/37
f 3719/1833/37 3210/1833/37 3211/1832/37
f 3719/1833/37 3720/1552/37 3209/1552/37
f 3224/1818/105 3240/1818/105 1003/908/105
f 3224/1818/105 3223/1819/105 3239/1819/105
f 3222/1820/105 3238/1820/105 3239/1819/105
f 3221/1821/105 3237/1821/105 3238/1820/105
f 3220/1822/105 3236/1822/105 3237/1821/105
f 3219/1823/105 3235/1823/105 3236/1822/105
f 3218/1824/105 3234/1824/105 3235/1823/105
f 3217/1825/105 3233/1825/105 3234/1824/105
f 3216/1826/105 3232/1826/105 3233/1825/105
f 3215/1827/105 3231/1827/105 3232/1826/105
f 3214/1828/105 3230/1828/105 3231/1827/105
f 3213/1831/105 3229/1829/105 3230/1828/105
f 3212/1830/105 3228/1830/105 3229/1829/105
f 3211/1832/105 3227/1832/105 3228/1830/105
f 3210/1833/105 3226/1833/105 3227/1832/105
f 3209/1552/105 3225/1552/105 3226/1833/105
f 3240/1818/36 3256/1818/36 1004/908/36
f 3239/1819/36 3255/1819/36 3256/1818/36
f 3239/1819/36 3238/1820/36 3254/1820/36
f 3237/1821/36 3253/1821/36 3254/1820/36
f 3236/1822/36 3252/1822/36 3253/1821/36
f 3235/1823/36 3251/1823/36 3252/1822/36
f 3234/1824/36 3250/1824/36 3251/1823/36
f 3233/1825/36 3249/1825/36 3250/1824/36
f 3232/1826/36 3248/1826/36 3249/1825/36
f 3231/1827/36 3247/1827/36 3248/1826/36
f 3230/1828/36 3246/1828/36 3247/1827/36
f 3229/1829/36 3245/1829/36 3246/1828/36
f 3228/1830/36 3244/1830/36 3245/1829/36
f 3227/1832/36 3243/1832/36 3244/1830/36
f 3226/1833/36 3242/1833/36 3243/1832/36
f 3225/1552/36 3241/1552/36 3242/1833/36
f 3256/1818/35 3272/1818/35 1005/908/35
f 3255/1819/35 3271/1819/35 3272/1818/35
f 3255/1819/35 3254/1820/35 3270/1820/35
f 3253/1821/35 3269/1821/35 3270/1820/35
f 3252/1822/35 3268/1822/35 3269/1821/35
f 3251/1823/35 3267/1823/35 3268/1822/35
f 3250/1824/35 3266/1824/35 3267/1823/35
f 3249/1825/35 3265/1825/35 3266/1824/35
f 3248/1826/35 3264/1826/35 3265/1825/35
f 3247/1827/35 3263/1827/35 3264/1826/35
f 3246/1828/35 3262/1828/35 3263/1827/35
f 3245/1829/35 3261/1831/35 3262/1828/35
f 3244/1830/35 3260/1830/35 3261/1831/35
f 3243/1832/35 3259/1832/35 3260/1830/35
f 3242/1833/35 3258/1833/35 3259/1832/35
f 3241/1552/35 3257/1552/35 3258/1833/35
f 3272/1818/34 3288/1818/34 1006/908/34
f 3271/1819/34 3287/1819/34 3288/1818/34
f 3270/1820/34 3286/1820/34 3287/1819/34
f 3269/1821/34 3285/1821/34 3286/1820/34
f 3268/1822/34 3284/1822/34 3285/1821/34
f 3267/1823/34 3283/1823/34 3284/1822/34
f 3266/1824/34 3282/1824/34 3283/1823/34
f 3265/1825/34 3281/1825/34 3282/1824/34
f 3264/1826/34 3280/1826/34 3281/1825/34
f 3263/1827/34 3279/1827/34 3280/1826/34
f 3262/1828/34 3278/1828/34 3279/1827/34
f 3261/1831/34 3277/1831/34 3278/1828/34
f 3260/1830/34 3276/1830/34 3277/1831/34
f 3259/1832/34 3275/1832/34 3276/1830/34
f 3258/1833/34 3274/1833/34 3275/1832/34
f 3257/1552/34 3273/1552/34 3274/1833/34
f 3288/1818/33 3304/1818/33 1007/908/33
f 3287/1819/33 3303/1819/33 3304/1818/33
f 3287/1819/33 3286/1820/33 3302/1820/33
f 3285/1821/33 3301/1821/33 3302/1820/33
f 3284/1822/33 3300/1822/33 3301/1821/33
f 3283/1823/33 3299/1823/33 3300/1822/33
f 3282/1824/33 3298/1824/33 3299/1823/33
f 3281/1825/33 3297/1825/33 3298/1824/33
f 3280/1826/33 3296/1826/33 3297/1825/33
f 3279/1827/33 3295/1827/33 3296/1826/33
f 3278/1828/33 3294/1828/33 3295/1827/33
f 3277/1831/33 3293/1831/33 3294/1828/33
f 3276/1830/33 3292/1830/33 3293/1831/33
f 3275/1832/33 3291/1832/33 3292/1830/33
f 3274/1833/33 3290/1833/33 3291/1832/33
f 3273/1552/33 3289/1552/33 3290/1833/33
f 3304/1818/32 3320/1818/32 1008/908/32
f 3303/1819/32 3319/1819/32 3320/1818/32
f 3302/1820/32 3318/1820/32 3319/1819/32
f 3301/1821/32 3317/1821/32 3318/1820/32
f 3300/1822/32 3316/1822/32 3317/1821/32
f 3299/1823/32 3315/1823/32 3316/1822/32
f 3298/1824/32 3314/1824/32 3315/1823/32
f 3297/1825/32 3313/1825/32 3314/1824/32
f 3296/1826/32 3312/1826/32 3313/1825/32
f 3295/1827/32 3311/1827/32 3312/1826/32
f 3294/1828/32 3310/1828/32 3311/1827/32
f 3293/1831/32 3309/1831/32 3310/1828/32
f 3292/1830/32 3308/1830/32 3309/1831/32
f 3291/1832/32 3307/1832/32 3308/1830/32
f 3290/1833/32 3306/1833/32 3307/1832/32
f 3289/1552/32 3305/1552/32 3306/1833/32
f 3320/1818/31 3336/1818/31 1009/908/31
f 3319/1819/31 3335/1819/31 3336/1818/31
f 3318/1820/31 3334/1820/31 3335/1819/31
f 3317/1821/31 3333/1821/31 3334/1820/31
f 3316/1822/31 3332/1822/31 3333/1821/31
f 3315/1823/31 3331/1823/31 3332/1822/31
f 3314/1824/31 3330/1824/31 3331/1823/31
f 3313/1825/31 3329/1825/31 3330/1824/31
f 3312/1826/31 3328/1826/31 3329/1825/31
f 3311/1827/31 3327/1827/31 3328/1826/31
f 3310/1828/31 3326/1828/31 3327/1827/31
f 3309/1831/31 3325/1831/31 3326/1828/31
f 3308/1830/31 3324/1830/31 3325/1831/31
f 3307/1832/31 3323/1832/31 3324/1830/31
f 3306/1833/31 3322/1833/31 3323/1832/31
f 3305/1552/31 3321/1552/31 3322/1833/31
f 3336/1818/30 3352/1818/30 1010/908/30
f 3335/1819/30 3351/1819/30 3352/1818/30
f 3334/1820/30 3350/1820/30 3351/1819/30
f 3333/1821/30 3349/1821/30 3350/1820/30
f 3332/1822/30 3348/1822/30 3349/1821/30
f 3331/1823/30 3347/1823/30 3348/1822/30
f 3330/1824/30 3346/1824/30 3347/1823/30
f 3329/1825/30 3345/1825/30 3346/1824/30
f 3328/1826/30 3344/1826/30 3345/1825/30
f 3327/1827/30 3343/1827/30 3344/1826/30
f 3326/1828/30 3342/1828/30 3343/1827/30
f 3325/1831/30 3341/1831/30 3342/1828/30
f 3324/1830/30 3340/1830/30 3341/1831/30
f 3323/1832/30 3339/1832/30 3340/1830/30
f 3322/1833/30 3338/1833/30 3339/1832/30
f 3321/1552/30 3337/1552/30 3338/1833/30
f 3352/1818/29 3368/1818/29 1011/908/29
f 3351/1819/29 3367/1819/29 3368/1818/29
f 3350/1820/29 3366/1820/29 3367/1819/29
f 3349/1821/29 3365/1821/29 3366/1820/29
f 3348/1822/29 3364/1822/29 3365/1821/29
f 3347/1823/29 3363/1823/29 3364/1822/29
f 3346/1824/29 3362/1824/29 3363/1823/29
f 3345/1825/29 3361/1825/29 3362/1824/29
f 3344/1826/29 3360/1826/29 3361/1825/29
f 3343/1827/29 3359/1827/29 3360/1826/29
f 3342/1828/29 3358/1828/29 3359/1827/29
f 3341/1831/29 3357/1831/29 3358/1828/29
f 3341/1831/29 3340/1830/29 3356/1830/29
f 3339/1832/29 3355/1832/29 3356/1830/29
f 3338/1833/29 3354/1833/29 3355/1832/29
f 3337/1552/29 3353/1552/29 3354/1833/29
f 3368/1818/28 3384/1818/28 1012/908/28
f 3367/1819/28 3383/1819/28 3384/1818/28
f 3366/1820/28 3382/1820/28 3383/1819/28
f 3365/1821/28 3381/1821/28 3382/1820/28
f 3364/1822/28 3380/1822/28 3381/1821/28
f 3363/1823/28 3379/1823/28 3380/1822/28
f 3362/1824/28 3378/1824/28 3379/1823/28
f 3361/1825/28 3377/1825/28 3378/1824/28
f 3360/1826/28 3376/1826/28 3377/1825/28
f 3359/1827/28 3375/1827/28 3376/1826/28
f 3358/1828/28 3374/1828/28 3375/1827/28
f 3357/1831/28 3373/1831/28 3374/1828/28
f 3357/1831/28 3356/1830/28 3372/1830/28
f 3355/1832/28 3371/1832/28 3372/1830/28
f 3354/1833/28 3370/1833/28 3371/1832/28
f 3353/1552/28 3369/1552/28 3370/1833/28
f 3384/1818/27 3400/1818/27 1013/908/27
f 3383/1819/27 3399/1819/27 3400/1818/27
f 3382/1820/27 3398/1820/27 3399/1819/27
f 3381/1821/27 3397/1821/27 3398/1820/27
f 3380/1822/27 3396/1822/27 3397/1821/27
f 3379/1823/27 3395/1823/27 3396/1822/27
f 3378/1824/27 3394/1824/27 3395/1823/27
f 3377/1825/27 3393/1825/27 3394/1824/27
f 3376/1826/27 3392/1826/27 3393/1825/27
f 3375/1827/27 3391/1827/27 3392/1826/27
f 3374/1828/27 3390/1828/27 3391/1827/27
f 3373/1831/27 3389/1829/27 3390/1828/27
f 3372/1830/27 3388/1830/27 3389/1829/27
f 3371/1832/27 3387/1832/27 3388/1830/27
f 3370/1833/27 3386/1833/27 3387/1832/27
f 3369/1552/27 3385/1552/27 3386/1833/27
f 3400/1818/26 3416/1818/26 1014/908/26
f 3399/1819/26 3415/1819/26 3416/1818/26
f 3398/1820/26 3414/1820/26 3415/1819/26
f 3397/1821/26 3413/1821/26 3414/1820/26
f 3396/1822/26 3412/1822/26 3413/1821/26
f 3395/1823/26 3411/1823/26 3412/1822/26
f 3394/1824/26 3410/1824/26 3411/1823/26
f 3393/1825/26 3409/1825/26 3410/1824/26
f 3392/1826/26 3408/1826/26 3409/1825/26
f 3391/1827/26 3407/1827/26 3408/1826/26
f 3390/1828/26 3406/1828/26 3407/1827/26
f 3389/1829/26 3405/1831/26 3406/1828/26
f 3389/1829/26 3388/1830/26 3404/1834/26
f 3387/1832/26 3403/1832/26 3404/1834/26
f 3386/1833/26 3402/1833/26 3403/1832/26
f 3385/1552/26 3401/1552/26 3402/1833/26
f 3416/1818/25 3432/1818/25 1015/908/25
f 3415/1819/25 3431/1819/25 3432/1818/25
f 3414/1820/25 3430/1820/25 3431/1819/25
f 3413/1821/25 3429/1821/25 3430/1820/25
f 3412/1822/25 3428/1822/25 3429/1821/25
f 3411/1823/25 3427/1823/25 3428/1822/25
f 3410/1824/25 3426/1824/25 3427/1823/25
f 3409/1825/25 3425/1825/25 3426/1824/25
f 3408/1826/25 3424/1826/25 3425/1825/25
f 3407/1827/25 3423/1827/25 3424/1826/25
f 3406/1828/25 3422/1835/25 3423/1827/25
f 3405/1831/25 3421/1831/25 3422/1835/25
f 3405/1831/25 3404/1834/25 3420/1834/25
f 3403/1832/25 3419/1832/25 3420/1834/25
f 3402/1833/25 3418/1833/25 3419/1832/25
f 3401/1552/25 3417/1552/25 3418/1833/25
f 3432/1818/24 3448/1818/24 1016/908/24
f 3431/1819/24 3447/1819/24 3448/1818/24
f 3430/1820/24 3446/1820/24 3447/1819/24
f 3429/1821/24 3445/1821/24 3446/1820/24
f 3428/1822/24 3444/1822/24 3445/1821/24
f 3427/1823/24 3443/1823/24 3444/1822/24
f 3426/1824/24 3442/1824/24 3443/1823/24
f 3425/1825/24 3441/1825/24 3442/1824/24
f 3424/1826/24 3440/1826/24 3441/1825/24
f 3423/1827/24 3439/1827/24 3440/1826/24
f 3422/1835/24 3438/1828/24 3439/1827/24
f 3421/1831/24 3437/1831/24 3438/1828/24
f 3421/1831/24 3420/1834/24 3436/1830/24
f 3419/1832/24 3435/1832/24 3436/1830/24
f 3418/1833/24 3434/1833/24 3435/1832/24
f 3417/1552/24 3433/1552/24 3434/1833/24
f 3448/1818/23 3464/1818/23 1017/908/23
f 3447/1819/23 3463/1819/23 3464/1818/23
f 3446/1820/23 3462/1820/23 3463/1819/23
f 3445/1821/23 3461/1821/23 3462/1820/23
f 3444/1822/23 3460/1822/23 3461/1821/23
f 3443/1823/23 3459/1823/23 3460/1822/23
f 3442/1824/23 3458/1824/23 3459/1823/23
f 3441/1825/23 3457/1825/23 3458/1824/23
f 3440/1826/23 3456/1826/23 3457/1825/23
f 3439/1827/23 3455/1827/23 3456/1826/23
f 3438/1828/23 3454/1828/23 3455/1827/23
f 3437/1831/23 3453/1831/23 3454/1828/23
f 3437/1831/23 3436/1830/23 3452/1830/23
f 3435/1832/23 3451/1832/23 3452/1830/23
f 3434/1833/23 3450/1833/23 3451/1832/23
f 3433/1552/23 3449/1552/23 3450/1833/23
f 3464/1818/22 3480/1818/22 1018/908/22
f 3463/1819/22 3479/1819/22 3480/1818/22
f 3462/1820/22 3478/1820/22 3479/1819/22
f 3461/1821/22 3477/1821/22 3478/1820/22
f 3460/1822/22 3476/1822/22 3477/1821/22
f 3459/1823/22 3475/1823/22 3476/1822/22
f 3458/1824/22 3474/1824/22 3475/1823/22
f 3457/1825/22 3473/1825/22 3474/1824/22
f 3456/1826/22 3472/1826/22 3473/1825/22
f 3455/1827/22 3471/1827/22 3472/1826/22
f 3454/1828/22 3470/1828/22 3471/1827/22
f 3453/1831/22 3469/1829/22 3470/1828/22
f 3453/1831/22 3452/1830/22 3468/1830/22
f 3451/1832/22 3467/1832/22 3468/1830/22
f 3450/1833/22 3466/1833/22 3467/1832/22
f 3449/1552/22 3465/1552/22 3466/1833/22
f 3480/1818/21 3496/1818/21 1019/908/21
f 3479/1819/21 3495/1819/21 3496/1818/21
f 3478/1820/21 3494/1820/21 3495/1819/21
f 3477/1821/21 3493/1821/21 3494/1820/21
f 3476/1822/21 3492/1822/21 3493/1821/21
f 3475/1823/21 3491/1823/21 3492/1822/21
f 3474/1824/21 3490/1824/21 3491/1823/21
f 3473/1825/21 3489/1825/21 3490/1824/21
f 3472/1826/21 3488/1826/21 3489/1825/21
f 3471/1827/21 3487/1827/21 3488/1826/21
f 3470/1828/21 3486/1828/21 3487/1827/21
f 3469/1829/21 3485/1831/21 3486/1828/21
f 3468/1830/21 3484/1830/21 3485/1831/21
f 3467/1832/21 3483/1832/21 3484/1830/21
f 3466/1833/21 3482/1833/21 3483/1832/21
f 3465/1552/21 3481/1552/21 3482/1833/21
f 3496/1818/20 3512/1818/20 1020/908/20
f 3495/1819/20 3511/1819/20 3512/1818/20
f 3494/1820/20 3510/1820/20 3511/1819/20
f 3493/1821/20 3509/1821/20 3510/1820/20
f 3492/1822/20 3508/1822/20 3509/1821/20
f 3491/1823/20 3507/1823/20 3508/1822/20
f 3490/1824/20 3506/1824/20 3507/1823/20
f 3489/1825/20 3505/1825/20 3506/1824/20
f 3488/1826/20 3504/1826/20 3505/1825/20
f 3487/1827/20 3503/1827/20 3504/1826/20
f 3486/1828/20 3502/1828/20 3503/1827/20
f 3485/1831/20 3501/1831/20 3502/1828/20
f 3485/1831/20 3484/1830/20 3500/1830/20
f 3483/1832/20 3499/1832/20 3500/1830/20
f 3482/1833/20 3498/1833/20 3499/1832/20
f 3481/1552/20 3497/1552/20 3498/1833/20
f 3512/1818/19 3528/1818/19 1021/908/19
f 3511/1819/19 3527/1819/19 3528/1818/19
f 3510/1820/19 3526/1820/19 3527/1819/19
f 3509/1821/19 3525/1821/19 3526/1820/19
f 3508/1822/19 3524/1822/19 3525/1821/19
f 3508/1822/19 3507/1823/19 3523/1823/19
f 3506/1824/19 3522/1824/19 3523/1823/19
f 3505/1825/19 3521/1825/19 3522/1824/19
f 3504/1826/19 3520/1826/19 3521/1825/19
f 3503/1827/19 3519/1827/19 3520/1826/19
f 3502/1828/19 3518/1828/19 3519/1827/19
f 3501/1831/19 3517/1831/19 3518/1828/19
f 3501/1831/19 3500/1830/19 3516/1834/19
f 3499/1832/19 3515/1832/19 3516/1834/19
f 3498/1833/19 3514/1833/19 3515/1832/19
f 3497/1552/19 3513/1552/19 3514/1833/19
f 3528/1818/18 3544/1818/18 1022/908/18
f 3527/1819/18 3543/1819/18 3544/1818/18
f 3526/1820/18 3542/1820/18 3543/1819/18
f 3525/1821/18 3541/1821/18 3542/1820/18
f 3524/1822/18 3540/1822/18 3541/1821/18
f 3524/1822/18 3523/1823/18 3539/1823/18
f 3522/1824/18 3538/1824/18 3539/1823/18
f 3521/1825/18 3537/1825/18 3538/1824/18
f 3520/1826/18 3536/1826/18 3537/1825/18
f 3519/1827/18 3535/1827/18 3536/1826/18
f 3518/1828/18 3534/1828/18 3535/1827/18
f 3517/1831/18 3533/1831/18 3534/1828/18
f 3517/1831/18 3516/1834/18 3532/1830/18
f 3515/1832/18 3531/1832/18 3532/1830/18
f 3514/1833/18 3530/1833/18 3531/1832/18
f 3513/1552/18 3529/1552/18 3530/1833/18
f 3544/1818/17 3560/1818/17 1023/908/17
f 3543/1819/17 3559/1819/17 3560/1818/17
f 3542/1820/17 3558/1820/17 3559/1819/17
f 3541/1821/17 3557/1821/17 3558/1820/17
f 3540/1822/17 3556/1822/17 3557/1821/17
f 3540/1822/17 3539/1823/17 3555/1823/17
f 3538/1824/17 3554/1824/17 3555/1823/17
f 3537/1825/17 3553/1825/17 3554/1824/17
f 3536/1826/17 3552/1826/17 3553/1825/17
f 3535/1827/17 3551/1827/17 3552/1826/17
f 3534/1828/17 3550/1828/17 3551/1827/17
f 3533/1831/17 3549/1831/17 3550/1828/17
f 3533/1831/17 3532/1830/17 3548/1830/17
f 3531/1832/17 3547/1832/17 3548/1830/17
f 3530/1833/17 3546/1833/17 3547/1832/17
f 3529/1552/17 3545/1552/17 3546/1833/17
f 3560/1818/16 3576/1818/16 1024/908/16
f 3559/1819/16 3575/1819/16 3576/1818/16
f 3558/1820/16 3574/1820/16 3575/1819/16
f 3557/1821/16 3573/1821/16 3574/1820/16
f 3556/1822/16 3572/1822/16 3573/1821/16
f 3556/1822/16 3555/1823/16 3571/1823/16
f 3554/1824/16 3570/1824/16 3571/1823/16
f 3553/1825/16 3569/1825/16 3570/1824/16
f 3552/1826/16 3568/1826/16 3569/1825/16
f 3551/1827/16 3567/1827/16 3568/1826/16
f 3550/1828/16 3566/1828/16 3567/1827/16
f 3549/1831/16 3565/1831/16 3566/1828/16
f 3548/1830/16 3564/1830/16 3565/1831/16
f 3547/1832/16 3563/1832/16 3564/1830/16
f 3546/1833/16 3562/1833/16 3563/1832/16
f 3545/1552/16 3561/1552/16 3562/1833/16
f 3576/1818/15 3592/1818/15 1025/908/15
f 3575/1819/15 3591/1819/15 3592/1818/15
f 3574/1820/15 3590/1820/15 3591/1819/15
f 3573/1821/15 3589/1821/15 3590/1820/15
f 3572/1822/15 3588/1822/15 3589/1821/15
f 3571/1823/15 3587/1823/15 3588/1822/15
f 3570/1824/15 3586/1824/15 3587/1823/15
f 3569/1825/15 3585/1825/15 3586/1824/15
f 3568/1826/15 3584/1826/15 3585/1825/15
f 3567/1827/15 3583/1827/15 3584/1826/15
f 3566/1828/15 3582/1828/15 3583/1827/15
f 3565/1831/15 3581/1831/15 3582/1828/15
f 3564/1830/15 3580/1830/15 3581/1831/15
f 3563/1832/15 3579/1832/15 3580/1830/15
f 3562/1833/15 3578/1833/15 3579/1832/15
f 3561/1552/15 3577/1552/15 3578/1833/15
f 3592/1818/14 3608/1818/14 1026/908/14
f 3591/1819/14 3607/1819/14 3608/1818/14
f 3590/1820/14 3606/1820/14 3607/1819/14
f 3589/1821/14 3605/1821/14 3606/1820/14
f 3588/1822/14 3604/1822/14 3605/1821/14
f 3587/1823/14 3603/1823/14 3604/1822/14
f 3586/1824/14 3602/1824/14 3603/1823/14
f 3585/1825/14 3601/1825/14 3602/1824/14
f 3584/1826/14 3600/1826/14 3601/1825/14
f 3583/1827/14 3599/1827/14 3600/1826/14
f 3582/1828/14 3598/1828/14 3599/1827/14
f 3581/1831/14 3597/1831/14 3598/1828/14
f 3580/1830/14 3596/1830/14 3597/1831/14
f 3579/1832/14 3595/1832/14 3596/1830/14
f 3578/1833/14 3594/1833/14 3595/1832/14
f 3577/1552/14 3593/1552/14 3594/1833/14
f 3608/1818/13 3624/1818/13 1027/908/13
f 3607/1819/13 3623/1819/13 3624/1818/13
f 3606/1820/13 3622/1820/13 3623/1819/13
f 3605/1821/13 3621/1821/13 3622/1820/13
f 3604/1822/13 3620/1822/13 3621/1821/13
f 3603/1823/13 3619/1823/13 3620/1822/13
f 3602/1824/13 3618/1824/13 3619/1823/13
f 3601/1825/13 3617/1825/13 3618/1824/13
f 3600/1826/13 3616/1826/13 3617/1825/13
f 3599/1827/13 3615/1827/13 3616/1826/13
f 3598/1828/13 3614/1828/13 3615/1827/13
f 3597/1831/13 3613/1831/13 3614/1828/13
f 3596/1830/13 3612/1830/13 3613/1831/13
f 3595/1832/13 3611/1832/13 3612/1830/13
f 3594/1833/13 3610/1833/13 3611/1832/13
f 3593/1552/13 3609/1552/13 3610/1833/13
f 3624/1818/12 3640/1818/12 1028/908/12
f 3624/1818/12 3623/1819/12 3639/1819/12
f 3623/1819/12 3622/1820/12 3638/1820/12
f 3621/1821/12 3637/1821/12 3638/1820/12
f 3620/1822/12 3636/1822/12 3637/1821/12
f 3619/1823/12 3635/1823/12 3636/1822/12
f 3618/1824/12 3634/1824/12 3635/1823/12
f 3617/1825/12 3633/1825/12 3634/1824/12
f 3616/1826/12 3632/1826/12 3633/1825/12
f 3615/1827/12 3631/1827/12 3632/1826/12
f 3614/1828/12 3630/1828/12 3631/1827/12
f 3613/1831/12 3629/1831/12 3630/1828/12
f 3612/1830/12 3628/1830/12 3629/1831/12
f 3611/1832/12 3627/1832/12 3628/1830/12
f 3610/1833/12 3626/1833/12 3627/1832/12
f 3609/1552/12 3625/1552/12 3626/1833/12
f 3640/1818/11 3656/1818/11 1029/908/11
f 3640/1818/11 3639/1819/11 3655/1819/11
f 3639/1819/11 3638/1820/11 3654/1820/11
f 3637/1821/11 3653/1821/11 3654/1820/11
f 3636/1822/11 3652/1822/11 3653/1821/11
f 3635/1823/11 3651/1823/11 3652/1822/11
f 3634/1824/11 3650/1824/11 3651/1823/11
f 3633/1825/11 3649/1825/11 3650/1824/11
f 3632/1826/11 3648/1826/11 3649/1825/11
f 3631/1827/11 3647/1827/11 3648/1826/11
f 3630/1828/11 3646/1828/11 3647/1827/11
f 3629/1831/11 3645/1829/11 3646/1828/11
f 3628/1830/11 3644/1830/11 3645/1829/11
f 3627/1832/11 3643/1832/11 3644/1830/11
f 3626/1833/11 3642/1833/11 3643/1832/11
f 3625/1552/11 3641/1552/11 3642/1833/11
f 3656/1818/10 3672/1818/10 1030/908/10
f 3656/1818/10 3655/1819/10 3671/1819/10
f 3655/1819/10 3654/1820/10 3670/1820/10
f 3653/1821/10 3669/1821/10 3670/1820/10
f 3652/1822/10 3668/1822/10 3669/1821/10
f 3651/1823/10 3667/1823/10 3668/1822/10
f 3650/1824/10 3666/1824/10 3667/1823/10
f 3649/1825/10 3665/1825/10 3666/1824/10
f 3648/1826/10 3664/1826/10 3665/1825/10
f 3647/1827/10 3663/1827/10 3664/1826/10
f 3646/1828/10 3662/1828/10 3663/1827/10
f 3645/1829/10 3661/1831/10 3662/1828/10
f 3644/1830/10 3660/1830/10 3661/1831/10
f 3643/1832/10 3659/1832/10 3660/1830/10
f 3642/1833/10 3658/1833/10 3659/1832/10
f 3641/1552/10 3657/1552/10 3658/1833/10
f 3672/1818/9 3688/1818/9 1031/908/9
f 3672/1818/9 3671/1819/9 3687/1819/9
f 3671/1819/9 3670/1820/9 3686/1820/9
f 3669/1821/9 3685/1821/9 3686/1820/9
f 3668/1822/9 3684/1822/9 3685/1821/9
f 3667/1823/9 3683/1823/9 3684/1822/9
f 3666/1824/9 3682/1824/9 3683/1823/9
f 3665/1825/9 3681/1825/9 3682/1824/9
f 3664/1826/9 3680/1826/9 3681/1825/9
f 3663/1827/9 3679/1827/9 3680/1826/9
f 3662/1828/9 3678/1828/9 3679/1827/9
f 3661/1831/9 3677/1829/9 3678/1828/9
f 3660/1830/9 3676/1830/9 3677/1829/9
f 3659/1832/9 3675/1832/9 3676/1830/9
f 3658/1833/9 3674/1833/9 3675/1832/9
f 3657/1552/9 3673/1552/9 3674/1833/9
f 3688/1818/8 3704/1818/8 1032/908/8
f 3688/1818/8 3687/1819/8 3703/1819/8
f 3686/1820/8 3702/1820/8 3703/1819/8
f 3685/1821/8 3701/1821/8 3702/1820/8
f 3684/1822/8 3700/1822/8 3701/1821/8
f 3683/1823/8 3699/1823/8 3700/1822/8
f 3682/1824/8 3698/1824/8 3699/1823/8
f 3681/1825/8 3697/1825/8 3698/1824/8
f 3680/1826/8 3696/1826/8 3697/1825/8
f 3679/1827/8 3695/1827/8 3696/1826/8
f 3678/1828/8 3694/1828/8 3695/1827/8
f 3677/1829/8 3693/1831/8 3694/1828/8
f 3676/1830/8 3692/1830/8 3693/1831/8
f 3675/1832/8 3691/1832/8 3692/1830/8
f 3674/1833/8 3690/1833/8 3691/1832/8
f 3673/1552/8 3689/1552/8 3690/1833/8
f 3704/1818/7 3705/1818/7 1001/908/7
f 3704/1818/7 3703/1819/7 3706/1819/7
f 3702/1820/7 3707/1820/7 3706/1819/7
f 3701/1821/7 3708/1821/7 3707/1820/7
f 3700/1822/7 3709/1822/7 3708/1821/7
f 3699/1823/7 3710/1823/7 3709/1822/7
f 3698/1824/7 3711/1824/7 3710/1823/7
f 3697/1825/7 3712/1825/7 3711/1824/7
f 3696/1826/7 3713/1826/7 3712/1825/7
f 3695/1827/7 3714/1827/7 3713/1826/7
f 3694/1828/7 3715/1828/7 3714/1827/7
f 3693/1831/7 3716/1829/7 3715/1828/7
f 3692/1830/7 3717/1830/7 3716/1829/7
f 3691/1832/7 3718/1832/7 3717/1830/7
f 3690/1833/7 3719/1833/7 3718/1832/7
f 3690/1833/7 3689/1552/7 3720/1552/7
f 3970/1836/37 3727/1840/37 3728/1837/37
f 3971/1839/37 3726/1842/37 3727/1840/37
f 3972/1841/37 3725/1844/37 3726/1842/37
f 3973/1843/37 3724/1843/37 3725/1844/37
f 3974/1845/37 3723/1845/37 3724/1843/37
f 3975/1846/37 3722/1846/37 3723/1845/37
f 3976/906/37 3721/906/37 3722/1846/37
f 3727/1840/105 3735/1848/105 3736/1847/105
f 3726/1842/105 3734/1849/105 3735/1848/105
f 3725/1844/105 3733/1844/105 3734/1849/105
f 3724/1843/105 3732/1843/105 3733/1844/105
f 3723/1845/105 3731/1845/105 3732/1843/105
f 3722/1846/105 3730/1846/105 3731/1845/105
f 3721/906/105 3729/906/105 3730/1846/105
f 3735/1848/36 3743/1851/36 3744/1850/36
f 3734/1849/36 3742/1852/36 3743/1851/36
f 3733/1844/36 3741/1853/36 3742/1852/36
f 3732/1843/36 3740/1854/36 3741/1853/36
f 3731/1845/36 3739/1845/36 3740/1854/36
f 3730/1846/36 3738/1846/36 3739/1845/36
f 3729/906/36 3737/906/36 3738/1846/36
f 3743/1851/35 3751/1856/35 3752/1855/35
f 3742/1852/35 3750/1857/35 3751/1856/35
f 3741/1853/35 3749/1858/35 3750/1857/35
f 3740/1854/35 3748/1854/35 3749/1858/35
f 3739/1845/35 3747/1845/35 3748/1854/35
f 3738/1846/35 3746/1846/35 3747/1845/35
f 3737/906/35 3745/906/35 3746/1846/35
f 3751/1856/34 3759/1860/34 3760/1859/34
f 3750/1857/34 3758/1861/34 3759/1860/34
f 3749/1858/34 3757/1862/34 3758/1861/34
f 3748/1854/34 3756/1854/34 3757/1862/34
f 3747/1845/34 3755/1845/34 3756/1854/34
f 3746/1846/34 3754/1846/34 3755/1845/34
f 3745/906/34 3753/906/34 3754/1846/34
f 3759/1860/33 3767/1864/33 3768/1863/33
f 3758/1861/33 3766/1865/33 3767/1864/33
f 3757/1862/33 3765/1866/33 3766/1865/33
f 3756/1854/33 3764/1854/33 3765/1866/33
f 3755/1845/33 3763/1845/33 3764/1854/33
f 3754/1846/33 3762/1846/33 3763/1845/33
f 3753/906/33 3761/906/33 3762/1846/33
f 3767/1864/32 3775/1868/32 3776/1867/32
f 3766/1865/32 3774/1869/32 3775/1868/32
f 3765/1866/32 3773/1870/32 3774/1869/32
f 3764/1854/32 3772/1854/32 3773/1870/32
f 3763/1845/32 3771/1845/32 3772/1854/32
f 3762/1846/32 3770/1846/32 3771/1845/32
f 3761/906/32 3769/906/32 3770/1846/32
f 3775/1868/31 3783/1872/31 3784/1871/31
f 3774/1869/31 3782/1873/31 3783/1872/31
f 3773/1870/31 3781/1874/31 3782/1873/31
f 3772/1854/31 3780/1854/31 3781/1874/31
f 3771/1845/31 3779/1845/31 3780/1854/31
f 3770/1846/31 3778/1846/31 3779/1845/31
f 3769/906/31 3777/906/31 3778/1846/31
f 3783/1872/30 3791/1876/30 3792/1875/30
f 3782/1873/30 3790/1877/30 3791/1876/30
f 3781/1874/30 3789/1878/30 3790/1877/30
f 3780/1854/30 3788/1854/30 3789/1878/30
f 3779/1845/30 3787/1845/30 3788/1854/30
f 3778/1846/30 3786/1846/30 3787/1845/30
f 3777/906/30 3785/906/30 3786/1846/30
f 3791/1876/29 3799/1880/29 3800/1879/29
f 3790/1877/29 3798/1881/29 3799/1880/29
f 3789/1878/29 3797/1882/29 3798/1881/29
f 3788/1854/29 3796/1854/29 3797/1882/29
f 3787/1845/29 3795/1845/29 3796/1854/29
f 3786/1846/29 3794/1846/29 3795/1845/29
f 3785/906/29 3793/906/29 3794/1846/29
f 3799/1880/28 3807/1884/28 3808/1883/28
f 3798/1881/28 3806/1885/28 3807/1884/28
f 3797/1882/28 3805/1886/28 3806/1885/28
f 3796/1854/28 3804/1854/28 3805/1886/28
f 3795/1845/28 3803/1845/28 3804/1854/28
f 3794/1846/28 3802/1846/28 3803/1845/28
f 3793/906/28 3801/906/28 3802/1846/28
f 3807/1884/27 3815/1888/27 3816/1887/27
f 3806/1885/27 3814/1889/27 3815/1888/27
f 3805/1886/27 3813/1890/27 3814/1889/27
f 3804/1854/27 3812/1854/27 3813/1890/27
f 3803/1845/27 3811/1845/27 3812/1854/27
f 3802/1846/27 3810/1846/27 3811/1845/27
f 3801/906/27 3809/906/27 3810/1846/27
f 3815/1888/26 3823/1892/26 3824/1891/26
f 3814/1889/26 3822/1893/26 3823/1892/26
f 3813/1890/26 3821/1894/26 3822/1893/26
f 3812/1854/26 3820/1854/26 3821/1894/26
f 3811/1845/26 3819/1845/26 3820/1854/26
f 3810/1846/26 3818/1846/26 3819/1845/26
f 3809/906/26 3817/906/26 3818/1846/26
f 3823/1892/25 3831/1896/25 3832/1895/25
f 3822/1893/25 3830/1897/25 3831/1896/25
f 3821/1894/25 3829/1898/25 3830/1897/25
f 3820/1854/25 3828/1899/25 3829/1898/25
f 3819/1845/25 3827/1845/25 3828/1899/25
f 3818/1846/25 3826/1846/25 3827/1845/25
f 3817/906/25 3825/906/25 3826/1846/25
f 3831/1896/24 3839/1901/24 3840/1900/24
f 3830/1897/24 3838/1902/24 3839/1901/24
f 3829/1898/24 3837/1903/24 3838/1902/24
f 3828/1899/24 3836/1899/24 3837/1903/24
f 3827/1845/24 3835/1845/24 3836/1899/24
f 3826/1846/24 3834/1846/24 3835/1845/24
f 3825/906/24 3833/906/24 3834/1846/24
f 3839/1901/23 3847/1905/23 3848/1904/23
f 3838/1902/23 3846/1906/23 3847/1905/23
f 3837/1903/23 3845/1907/23 3846/1906/23
f 3836/1899/23 3844/1899/23 3845/1907/23
f 3835/1845/23 3843/1845/23 3844/1899/23
f 3834/1846/23 3842/1846/23 3843/1845/23
f 3833/906/23 3841/906/23 3842/1846/23
f 3847/1905/22 3855/1909/22 3856/1908/22
f 3846/1906/22 3854/1910/22 3855/1909/22
f 3845/1907/22 3853/1911/22 3854/1910/22
f 3844/1899/22 3852/1899/22 3853/1911/22
f 3843/1845/22 3851/1845/22 3852/1899/22
f 3842/1846/22 3850/1846/22 3851/1845/22
f 3841/906/22 3849/906/22 3850/1846/22
f 3855/1909/21 3863/1913/21 3864/1912/21
f 3854/1910/21 3862/1914/21 3863/1913/21
f 3853/1911/21 3861/1915/21 3862/1914/21
f 3852/1899/21 3860/1899/21 3861/1915/21
f 3851/1845/21 3859/1845/21 3860/1899/21
f 3850/1846/21 3858/1846/21 3859/1845/21
f 3849/906/21 3857/906/21 3858/1846/21
f 3863/1913/20 3871/1917/20 3872/1916/20
f 3862/1914/20 3870/1918/20 3871/1917/20
f 3861/1915/20 3869/1919/20 3870/1918/20
f 3860/1899/20 3868/1854/20 3869/1919/20
f 3859/1845/20 3867/1845/20 3868/1854/20
f 3858/1846/20 3866/1846/20 3867/1845/20
f 3857/906/20 3865/906/20 3866/1846/20
f 3871/1917/19 3879/1921/19 3880/1920/19
f 3870/1918/19 3878/1922/19 3879/1921/19
f 3869/1919/19 3877/1923/19 3878/1922/19
f 3868/1854/19 3876/1854/19 3877/1923/19
f 3867/1845/19 3875/1845/19 3876/1854/19
f 3866/1846/19 3874/1846/19 3875/1845/19
f 3865/906/19 3873/906/19 3874/1846/19
f 3879/1921/18 3887/1925/18 3888/1924/18
f 3878/1922/18 3886/1926/18 3887/1925/18
f 3877/1923/18 3885/1927/18 3886/1926/18
f 3876/1854/18 3884/1854/18 3885/1927/18
f 3875/1845/18 3883/1845/18 3884/1854/18
f 3874/1846/18 3882/1846/18 3883/1845/18
f 3873/906/18 3881/906/18 3882/1846/18
f 3887/1925/17 3895/1929/17 3896/1928/17
f 3886/1926/17 3894/1930/17 3895/1929/17
f 3885/1927/17 3893/1931/17 3894/1930/17
f 3884/1854/17 3892/1854/17 3893/1931/17
f 3883/1845/17 3891/1845/17 3892/1854/17
f 3882/1846/17 3890/1846/17 3891/1845/17
f 3881/906/17 3889/906/17 3890/1846/17
f 3895/1929/16 3903/1933/16 3904/1932/16
f 3894/1930/16 3902/1934/16 3903/1933/16
f 3893/1931/16 3901/1935/16 3902/1934/16
f 3892/1854/16 3900/1854/16 3901/1935/16
f 3891/1845/16 3899/1845/16 3900/1854/16
f 3890/1846/16 3898/1846/16 3899/1845/16
f 3889/906/16 3897/906/16 3898/1846/16
f 3903/1933/15 3911/1937/15 3912/1936/15
f 3902/1934/15 3910/1938/15 3911/1937/15
f 3901/1935/15 3909/1939/15 3910/1938/15
f 3900/1854/15 3908/1854/15 3909/1939/15
f 3899/1845/15 3907/1845/15 3908/1854/15
f 3898/1846/15 3906/1846/15 3907/1845/15
f 3897/906/15 3905/906/15 3906/1846/15
f 3911/1937/14 3919/1941/14 3920/1940/14
f 3910/1938/14 3918/1942/14 3919/1941/14
f 3909/1939/14 3917/1943/14 3918/1942/14
f 3908/1854/14 3916/1854/14 3917/1943/14
f 3907/1845/14 3915/1845/14 3916/1854/14
f 3906/1846/14 3914/1846/14 3915/1845/14
f 3905/906/14 3913/906/14 3914/1846/14
f 3919/1941/13 3927/1945/13 3928/1944/13
f 3918/1942/13 3926/1946/13 3927/1945/13
f 3917/1943/13 3925/1947/13 3926/1946/13
f 3916/1854/13 3924/1854/13 3925/1947/13
f 3915/1845/13 3923/1845/13 3924/1854/13
f 3914/1846/13 3922/1846/13 3923/1845/13
f 3913/906/13 3921/906/13 3922/1846/13
f 3927/1945/12 3935/1949/12 3936/1948/12
f 3926/1946/12 3934/1950/12 3935/1949/12
f 3925/1947/12 3933/1951/12 3934/1950/12
f 3924/1854/12 3932/1854/12 3933/1951/12
f 3923/1845/12 3931/1845/12 3932/1854/12
f 3922/1846/12 3930/1846/12 3931/1845/12
f 3921/906/12 3929/906/12 3930/1846/12
f 3935/1949/11 3943/1953/11 3944/1952/11
f 3934/1950/11 3942/1954/11 3943/1953/11
f 3933/1951/11 3941/1955/11 3942/1954/11
f 3932/1854/11 3940/1854/11 3941/1955/11
f 3931/1845/11 3939/1845/11 3940/1854/11
f 3930/1846/11 3938/1846/11 3939/1845/11
f 3929/906/11 3937/906/11 3938/1846/11
f 3943/1953/10 3951/1957/10 3952/1956/10
f 3942/1954/10 3950/1958/10 3951/1957/10
f 3941/1955/10 3949/1959/10 3950/1958/10
f 3940/1854/10 3948/1854/10 3949/1959/10
f 3939/1845/10 3947/1845/10 3948/1854/10
f 3938/1846/10 3946/1846/10 3947/1845/10
f 3937/906/10 3945/906/10 3946/1846/10
f 3951/1957/9 3959/1961/9 3960/1960/9
f 3950/1958/9 3958/1962/9 3959/1961/9
f 3949/1959/9 3957/1963/9 3958/1962/9
f 3948/1854/9 3956/1843/9 3957/1963/9
f 3947/1845/9 3955/1845/9 3956/1843/9
f 3946/1846/9 3954/1846/9 3955/1845/9
f 3945/906/9 3953/906/9 3954/1846/9
f 3959/1961/8 3967/1965/8 3968/1964/8
f 3958/1962/8 3966/1966/8 3967/1965/8
f 3957/1963/8 3965/1967/8 3966/1966/8
f 3956/1843/8 3964/1843/8 3965/1967/8
f 3955/1845/8 3963/1845/8 3964/1843/8
f 3954/1846/8 3962/1846/8 3963/1845/8
f 3953/906/8 3961/906/8 3962/1846/8
f 3968/1964/7 3967/1965/7 3970/1836/7
f 3967/1965/7 3966/1966/7 3971/1839/7
f 3966/1966/7 3965/1967/7 3972/1841/7
f 3964/1843/7 3973/1843/7 3972/1841/7
f 3963/1845/7 3974/1845/7 3973/1843/7
f 3962/1846/7 3975/1846/7 3974/1845/7
f 3961/906/7 3976/906/7 3975/1846/7
f 4226/1968/37 3983/1972/37 3984/1969/37
f 4227/1971/37 3982/1974/37 3983/1972/37
f 4228/1973/37 3981/1976/37 3982/1974/37
f 4229/1975/37 3980/1975/37 3981/1976/37
f 4230/1977/37 3979/1977/37 3980/1975/37
f 4231/1978/37 3978/1978/37 3979/1977/37
f 4232/909/37 3977/909/37 3978/1978/37
f 3983/1972/105 3991/1980/105 3992/1979/105
f 3982/1974/105 3990/1981/105 3991/1980/105
f 3981/1976/105 3989/1982/105 3990/1981/105
f 3980/1975/105 3988/1975/105 3989/1982/105
f 3979/1977/105 3987/1977/105 3988/1975/105
f 3978/1978/105 3986/1978/105 3987/1977/105
f 3977/909/105 3985/909/105 3986/1978/105
f 3991/1980/36 3999/1984/36 4000/1983/36
f 3990/1981/36 3998/1985/36 3999/1984/36
f 3989/1982/36 3997/1986/36 3998/1985/36
f 3988/1975/36 3996/1975/36 3997/1986/36
f 3987/1977/36 3995/1977/36 3996/1975/36
f 3986/1978/36 3994/1978/36 3995/1977/36
f 3985/909/36 3993/909/36 3994/1978/36
f 3999/1984/35 4007/1988/35 4008/1987/35
f 3998/1985/35 4006/1989/35 4007/1988/35
f 3997/1986/35 4005/1990/35 4006/1989/35
f 3996/1975/35 4004/1975/35 4005/1990/35
f 3995/1977/35 4003/1977/35 4004/1975/35
f 3994/1978/35 4002/1978/35 4003/1977/35
f 3993/909/35 4001/909/35 4002/1978/35
f 4007/1988/34 4015/1992/34 4016/1991/34
f 4006/1989/34 4014/1993/34 4015/1992/34
f 4005/1990/34 4013/1994/34 4014/1993/34
f 4004/1975/34 4012/1975/34 4013/1994/34
f 4003/1977/34 4011/1977/34 4012/1975/34
f 4002/1978/34 4010/1978/34 4011/1977/34
f 4001/909/34 4009/909/34 4010/1978/34
f 4015/1992/33 4023/1996/33 4024/1995/33
f 4014/1993/33 4022/1997/33 4023/1996/33
f 4013/1994/33 4021/1998/33 4022/1997/33
f 4012/1975/33 4020/1975/33 4021/1998/33
f 4011/1977/33 4019/1977/33 4020/1975/33
f 4010/1978/33 4018/1978/33 4019/1977/33
f 4009/909/33 4017/909/33 4018/1978/33
f 4023/1996/32 4031/2000/32 4032/1999/32
f 4022/1997/32 4030/2001/32 4031/2000/32
f 4021/1998/32 4029/2002/32 4030/2001/32
f 4020/1975/32 4028/1975/32 4029/2002/32
f 4019/1977/32 4027/1977/32 4028/1975/32
f 4018/1978/32 4026/1978/32 4027/1977/32
f 4017/909/32 4025/909/32 4026/1978/32
f 4031/2000/31 4039/2004/31 4040/2003/31
f 4030/2001/31 4038/2005/31 4039/2004/31
f 4029/2002/31 4037/2006/31 4038/2005/31
f 4028/1975/31 4036/2007/31 4037/2006/31
f 4027/1977/31 4035/1977/31 4036/2007/31
f 4026/1978/31 4034/1978/31 4035/1977/31
f 4025/909/31 4033/909/31 4034/1978/31
f 4039/2004/30 4047/2009/30 4048/2008/30
f 4038/2005/30 4046/2010/30 4047/2009/30
f 4037/2006/30 4045/2011/30 4046/2010/30
f 4036/2007/30 4044/2007/30 4045/2011/30
f 4035/1977/30 4043/1977/30 4044/2007/30
f 4034/1978/30 4042/1978/30 4043/1977/30
f 4033/909/30 4041/909/30 4042/1978/30
f 4047/2009/29 4055/2013/29 4056/2012/29
f 4046/2010/29 4054/2014/29 4055/2013/29
f 4045/2011/29 4053/2015/29 4054/2014/29
f 4044/2007/29 4052/2016/29 4053/2015/29
f 4043/1977/29 4051/1977/29 4052/2016/29
f 4042/1978/29 4050/1978/29 4051/1977/29
f 4041/909/29 4049/909/29 4050/1978/29
f 4055/2013/28 4063/2018/28 4064/2017/28
f 4054/2014/28 4062/2019/28 4063/2018/28
f 4053/2015/28 4061/2020/28 4062/2019/28
f 4052/2016/28 4060/2016/28 4061/2020/28
f 4051/1977/28 4059/1977/28 4060/2016/28
f 4050/1978/28 4058/1978/28 4059/1977/28
f 4049/909/28 4057/909/28 4058/1978/28
f 4063/2018/27 4071/2022/27 4072/2021/27
f 4062/2019/27 4070/2023/27 4071/2022/27
f 4061/2020/27 4069/2024/27 4070/2023/27
f 4060/2016/27 4068/2016/27 4069/2024/27
f 4059/1977/27 4067/1977/27 4068/2016/27
f 4058/1978/27 4066/1978/27 4067/1977/27
f 4057/909/27 4065/909/27 4066/1978/27
f 4071/2022/26 4079/2026/26 4080/2025/26
f 4070/2023/26 4078/2027/26 4079/2026/26
f 4069/2024/26 4077/2028/26 4078/2027/26
f 4068/2016/26 4076/2016/26 4077/2028/26
f 4067/1977/26 4075/1977/26 4076/2016/26
f 4066/1978/26 4074/1978/26 4075/1977/26
f 4065/909/26 4073/909/26 4074/1978/26
f 4079/2026/25 4087/2030/25 4088/2029/25
f 4078/2027/25 4086/2031/25 4087/2030/25
f 4077/2028/25 4085/2032/25 4086/2031/25
f 4076/2016/25 4084/2016/25 4085/2032/25
f 4075/1977/25 4083/1977/25 4084/2016/25
f 4074/1978/25 4082/1978/25 4083/1977/25
f 4073/909/25 4081/909/25 4082/1978/25
f 4087/2030/24 4095/2034/24 4096/2033/24
f 4086/2031/24 4094/2035/24 4095/2034/24
f 4085/2032/24 4093/2032/24 4094/2035/24
f 4084/2016/24 4092/2016/24 4093/2032/24
f 4083/1977/24 4091/1977/24 4092/2016/24
f 4082/1978/24 4090/1978/24 4091/1977/24
f 4081/909/24 4089/909/24 4090/1978/24
f 4095/2034/23 4103/2037/23 4104/2036/23
f 4094/2035/23 4102/2038/23 4103/2037/23
f 4093/2032/23 4101/2039/23 4102/2038/23
f 4092/2016/23 4100/2016/23 4101/2039/23
f 4091/1977/23 4099/1977/23 4100/2016/23
f 4090/1978/23 4098/1978/23 4099/1977/23
f 4089/909/23 4097/909/23 4098/1978/23
f 4103/2037/22 4111/2041/22 4112/2040/22
f 4102/2038/22 4110/2042/22 4111/2041/22
f 4101/2039/22 4109/2043/22 4110/2042/22
f 4100/2016/22 4108/2016/22 4109/2043/22
f 4099/1977/22 4107/1977/22 4108/2016/22
f 4098/1978/22 4106/1978/22 4107/1977/22
f 4097/909/22 4105/909/22 4106/1978/22
f 4111/2041/21 4119/2045/21 4120/2044/21
f 4110/2042/21 4118/2046/21 4119/2045/21
f 4109/2043/21 4117/2047/21 4118/2046/21
f 4108/2016/21 4116/2016/21 4117/2047/21
f 4107/1977/21 4115/1977/21 4116/2016/21
f 4106/1978/21 4114/1978/21 4115/1977/21
f 4105/909/21 4113/909/21 4114/1978/21
f 4119/2045/20 4127/2049/20 4128/2048/20
f 4118/2046/20 4126/2050/20 4127/2049/20
f 4117/2047/20 4125/2051/20 4126/2050/20
f 4116/2016/20 4124/2016/20 4125/2051/20
f 4115/1977/20 4123/1977/20 4124/2016/20
f 4114/1978/20 4122/1978/20 4123/1977/20
f 4113/909/20 4121/909/20 4122/1978/20
f 4127/2049/19 4135/2053/19 4136/2052/19
f 4126/2050/19 4134/2054/19 4135/2053/19
f 4125/2051/19 4133/2055/19 4134/2054/19
f 4124/2016/19 4132/2016/19 4133/2055/19
f 4123/1977/19 4131/1977/19 4132/2016/19
f 4122/1978/19 4130/1978/19 4131/1977/19
f 4121/909/19 4129/909/19 4130/1978/19
f 4135/2053/18 4143/2057/18 4144/2056/18
f 4134/2054/18 4142/2058/18 4143/2057/18
f 4133/2055/18 4141/2059/18 4142/2058/18
f 4132/2016/18 4140/2016/18 4141/2059/18
f 4131/1977/18 4139/1977/18 4140/2016/18
f 4130/1978/18 4138/1978/18 4139/1977/18
f 4129/909/18 4137/909/18 4138/1978/18
f 4143/2057/17 4151/2061/17 4152/2060/17
f 4142/2058/17 4150/2062/17 4151/2061/17
f 4141/2059/17 4149/2063/17 4150/2062/17
f 4140/2016/17 4148/2016/17 4149/2063/17
f 4139/1977/17 4147/1977/17 4148/2016/17
f 4138/1978/17 4146/1978/17 4147/1977/17
f 4137/909/17 4145/909/17 4146/1978/17
f 4151/2061/16 4159/2065/16 4160/2064/16
f 4150/2062/16 4158/2066/16 4159/2065/16
f 4149/2063/16 4157/2067/16 4158/2066/16
f 4148/2016/16 4156/2016/16 4157/2067/16
f 4147/1977/16 4155/1977/16 4156/2016/16
f 4146/1978/16 4154/1978/16 4155/1977/16
f 4145/909/16 4153/909/16 4154/1978/16
f 4159/2065/15 4167/2069/15 4168/2068/15
f 4158/2066/15 4166/2070/15 4167/2069/15
f 4157/2067/15 4165/2071/15 4166/2070/15
f 4156/2016/15 4164/2016/15 4165/2071/15
f 4155/1977/15 4163/1977/15 4164/2016/15
f 4154/1978/15 4162/1978/15 4163/1977/15
f 4153/909/15 4161/909/15 4162/1978/15
f 4167/2069/14 4175/2073/14 4176/2072/14
f 4166/2070/14 4174/2074/14 4175/2073/14
f 4165/2071/14 4173/2075/14 4174/2074/14
f 4164/2016/14 4172/1975/14 4173/2075/14
f 4163/1977/14 4171/1977/14 4172/1975/14
f 4162/1978/14 4170/1978/14 4171/1977/14
f 4161/909/14 4169/909/14 4170/1978/14
f 4175/2073/13 4183/2077/13 4184/2076/13
f 4174/2074/13 4182/2078/13 4183/2077/13
f 4173/2075/13 4181/2079/13 4182/2078/13
f 4172/1975/13 4180/1975/13 4181/2079/13
f 4171/1977/13 4179/1977/13 4180/1975/13
f 4170/1978/13 4178/1978/13 4179/1977/13
f 4169/909/13 4177/909/13 4178/1978/13
f 4183/2077/12 4191/2081/12 4192/2080/12
f 4182/2078/12 4190/2082/12 4191/2081/12
f 4181/2079/12 4189/2083/12 4190/2082/12
f 4180/1975/12 4188/1975/12 4189/2083/12
f 4179/1977/12 4187/1977/12 4188/1975/12
f 4178/1978/12 4186/1978/12 4187/1977/12
f 4177/909/12 4185/909/12 4186/1978/12
f 4191/2081/11 4199/2085/11 4200/2084/11
f 4190/2082/11 4198/2086/11 4199/2085/11
f 4189/2083/11 4197/2087/11 4198/2086/11
f 4188/1975/11 4196/1975/11 4197/2087/11
f 4187/1977/11 4195/1977/11 4196/1975/11
f 4186/1978/11 4194/1978/11 4195/1977/11
f 4185/909/11 4193/909/11 4194/1978/11
f 4199/2085/10 4207/2089/10 4208/2088/10
f 4198/2086/10 4206/2090/10 4207/2089/10
f 4197/2087/10 4205/2091/10 4206/2090/10
f 4196/1975/10 4204/1975/10 4205/2091/10
f 4195/1977/10 4203/1977/10 4204/1975/10
f 4194/1978/10 4202/1978/10 4203/1977/10
f 4193/909/10 4201/909/10 4202/1978/10
f 4207/2089/9 4215/2093/9 4216/2092/9
f 4206/2090/9 4214/2094/9 4215/2093/9
f 4205/2091/9 4213/2095/9 4214/2094/9
f 4204/1975/9 4212/1975/9 4213/2095/9
f 4203/1977/9 4211/1977/9 4212/1975/9
f 4202/1978/9 4210/1978/9 4211/1977/9
f 4201/909/9 4209/909/9 4210/1978/9
f 4215/2093/8 4223/2097/8 4224/2096/8
f 4214/2094/8 4222/2098/8 4223/2097/8
f 4213/2095/8 4221/2099/8 4222/2098/8
f 4212/1975/8 4220/1975/8 4221/2099/8
f 4211/1977/8 4219/1977/8 4220/1975/8
f 4210/1978/8 4218/1978/8 4219/1977/8
f 4209/909/8 4217/909/8 4218/1978/8
f 4224/2096/7 4223/2097/7 4226/1968/7
f 4223/2097/7 4222/2098/7 4227/1971/7
f 4222/2098/7 4221/2099/7 4228/1973/7
f 4220/1975/7 4229/1975/7 4228/1973/7
f 4219/1977/7 4230/1977/7 4229/1975/7
f 4218/1978/7 4231/1978/7 4230/1977/7
f 4217/909/7 4232/909/7 4231/1978/7
