# Blender 4.4.0
# www.blender.org
mtllib ISOTank.mtl
o hasigo
v -2.250000 -2.300000 -6.849998
v -2.250000 -2.200000 -6.849998
v -2.250000 -2.300000 -6.949998
v -2.250000 -2.200000 -6.949998
v -1.450000 -2.300000 -6.849998
v -1.450000 -2.200000 -6.849998
v -1.450000 -2.300000 -6.949998
v -1.450000 -2.200000 -6.949998
v -2.350000 -2.550000 -6.849998
v -2.350000 2.550000 -6.849998
v -2.350000 -2.550000 -6.949998
v -2.350000 2.550000 -6.949998
v -2.250000 -2.550000 -6.849998
v -2.250000 2.550000 -6.849998
v -2.250000 -2.550000 -6.949998
v -2.250000 2.550000 -6.949998
v -1.450000 -2.550000 -6.849998
v -1.450000 2.550000 -6.849998
v -1.450000 -2.550000 -6.949998
v -1.450000 2.550000 -6.949998
v -1.350000 -2.550000 -6.849998
v -1.350000 2.550000 -6.849998
v -1.350000 -2.550000 -6.949998
v -1.350000 2.550000 -6.949998
v -2.250000 -0.050000 -6.849998
v -2.250000 0.050000 -6.849998
v -2.250000 -0.050000 -6.949998
v -2.250000 0.050000 -6.949998
v -1.450000 -0.050000 -6.849998
v -1.450000 0.050000 -6.849998
v -1.450000 -0.050000 -6.949998
v -1.450000 0.050000 -6.949998
v -2.250000 1.450000 -6.849998
v -2.250000 1.550000 -6.849998
v -2.250000 1.450000 -6.949998
v -2.250000 1.550000 -6.949998
v -1.450000 1.450000 -6.849998
v -1.450000 1.550000 -6.849998
v -1.450000 1.450000 -6.949998
v -1.450000 1.550000 -6.949998
v -2.250000 0.700000 -6.849998
v -2.250000 0.800000 -6.849998
v -2.250000 0.700000 -6.949998
v -2.250000 0.800000 -6.949998
v -1.450000 0.700000 -6.849998
v -1.450000 0.800000 -6.849998
v -1.450000 0.700000 -6.949998
v -1.450000 0.800000 -6.949998
v -2.250000 2.200000 -6.849998
v -2.250000 2.300000 -6.849998
v -2.250000 2.200000 -6.949998
v -2.250000 2.300000 -6.949998
v -1.450000 2.200000 -6.849998
v -1.450000 2.300000 -6.849998
v -1.450000 2.200000 -6.949998
v -1.450000 2.300000 -6.949998
v -2.250000 -0.800000 -6.849998
v -2.250000 -0.700000 -6.849998
v -2.250000 -0.800000 -6.949998
v -2.250000 -0.700000 -6.949998
v -1.450000 -0.800000 -6.849998
v -1.450000 -0.700000 -6.849998
v -1.450000 -0.800000 -6.949998
v -1.450000 -0.700000 -6.949998
v -2.250000 -1.550000 -6.849998
v -2.250000 -1.450000 -6.849998
v -2.250000 -1.550000 -6.949998
v -2.250000 -1.450000 -6.949998
v -1.450000 -1.550000 -6.849998
v -1.450000 -1.450000 -6.849998
v -1.450000 -1.550000 -6.949998
v -1.450000 -1.450000 -6.949998
v -0.000000 2.294833 -6.723435
v 0.447699 2.250738 -6.723435
v 0.878194 2.120149 -6.723435
v 1.274940 1.908083 -6.723435
v 1.622691 1.622692 -6.723435
v 1.908083 1.274941 -6.723435
v 2.120149 0.878195 -6.723435
v 2.250738 0.447700 -6.723435
v 2.294832 0.000000 -6.723435
v 2.250738 -0.447699 -6.723435
v 2.120149 -0.878194 -6.723435
v 1.908083 -1.274940 -6.723435
v 1.622691 -1.622691 -6.723435
v 1.274940 -1.908083 -6.723435
v 0.878194 -2.120148 -6.723435
v 0.447699 -2.250737 -6.723435
v -0.000000 -2.294832 -6.723435
v -0.447700 -2.250737 -6.723435
v -0.878195 -2.120148 -6.723435
v -1.274941 -1.908083 -6.723435
v -1.622692 -1.622691 -6.723435
v -1.908083 -1.274940 -6.723435
v -2.120149 -0.878194 -6.723435
v -2.250738 -0.447699 -6.723435
v -2.294832 0.000000 -6.723435
v -2.250738 0.447700 -6.723435
v -2.120149 0.878195 -6.723435
v -1.908083 1.274941 -6.723435
v -1.622692 1.622692 -6.723435
v -1.274941 1.908083 -6.723435
v -0.878195 2.120149 -6.723435
v -0.447700 2.250738 -6.723435
v -0.000000 2.900000 -6.253364
v 0.565762 2.844277 -6.253364
v 1.109782 2.679250 -6.253364
v 1.611153 2.411262 -6.253364
v 2.050610 2.050610 -6.253364
v 2.411262 1.611154 -6.253364
v 2.679251 1.109782 -6.253364
v 2.844277 0.565762 -6.253364
v 2.900000 0.000000 -6.253364
v 2.844277 -0.565762 -6.253364
v 2.679251 -1.109782 -6.253364
v 2.411262 -1.611153 -6.253364
v 2.050610 -2.050609 -6.253364
v 1.611153 -2.411262 -6.253364
v 1.109782 -2.679250 -6.253364
v 0.565762 -2.844277 -6.253364
v -0.000000 -2.900000 -6.253364
v -0.565762 -2.844277 -6.253364
v -1.109782 -2.679250 -6.253364
v -1.611154 -2.411262 -6.253364
v -2.050610 -2.050609 -6.253364
v -2.411262 -1.611153 -6.253364
v -2.679250 -1.109782 -6.253364
v -2.844277 -0.565762 -6.253364
v -2.900000 0.000000 -6.253364
v -2.844277 0.565762 -6.253364
v -2.679250 1.109782 -6.253364
v -2.411262 1.611154 -6.253364
v -2.050610 2.050610 -6.253364
v -1.611154 2.411262 -6.253364
v -1.109782 2.679250 -6.253364
v -0.565762 2.844277 -6.253364
v -0.000000 2.566447 -6.486617
v 0.500689 2.517133 -6.486617
v 0.982137 2.371088 -6.486617
v 1.425841 2.133923 -6.486617
v 1.814752 1.814752 -6.486617
v 2.133923 1.425842 -6.486617
v 2.371088 0.982137 -6.486617
v 2.517134 0.500689 -6.486617
v 2.566447 0.000000 -6.486617
v 2.517134 -0.500689 -6.486617
v 2.371088 -0.982136 -6.486617
v 2.133923 -1.425841 -6.486617
v 1.814752 -1.814752 -6.486617
v 1.425841 -2.133922 -6.486617
v 0.982137 -2.371088 -6.486617
v 0.500689 -2.517133 -6.486617
v -0.000000 -2.566447 -6.486617
v -0.500689 -2.517133 -6.486617
v -0.982137 -2.371088 -6.486617
v -1.425842 -2.133922 -6.486617
v -1.814752 -1.814752 -6.486617
v -2.133923 -1.425841 -6.486617
v -2.371088 -0.982136 -6.486617
v -2.517133 -0.500689 -6.486617
v -2.566447 0.000000 -6.486617
v -2.517133 0.500689 -6.486617
v -2.371088 0.982137 -6.486617
v -2.133923 1.425842 -6.486617
v -1.814752 1.814752 -6.486617
v -1.425842 2.133923 -6.486617
v -0.982137 2.371088 -6.486617
v -0.500689 2.517133 -6.486617
v -0.000000 2.294832 6.723433
v 0.447699 2.250737 6.723433
v 0.878194 2.120148 6.723433
v 1.274940 1.908082 6.723433
v 1.622691 1.622691 6.723433
v 1.908083 1.274940 6.723433
v 2.120149 0.878194 6.723433
v 2.250738 0.447699 6.723433
v 2.294832 -0.000000 6.723433
v 2.250738 -0.447700 6.723433
v 2.120149 -0.878195 6.723433
v 1.908083 -1.274941 6.723433
v 1.622691 -1.622692 6.723433
v 1.274940 -1.908084 6.723433
v 0.878194 -2.120149 6.723433
v 0.447699 -2.250738 6.723433
v -0.000000 -2.294832 6.723433
v -0.447700 -2.250738 6.723433
v -0.878195 -2.120149 6.723433
v -1.274941 -1.908084 6.723433
v -1.622692 -1.622692 6.723433
v -1.908083 -1.274941 6.723433
v -2.120149 -0.878195 6.723433
v -2.250738 -0.447700 6.723433
v -2.294832 -0.000000 6.723433
v -2.250738 0.447699 6.723433
v -2.120149 0.878194 6.723433
v -1.908083 1.274940 6.723433
v -1.622692 1.622691 6.723433
v -1.274941 1.908082 6.723433
v -0.878195 2.120148 6.723433
v -0.447700 2.250738 6.723433
v -0.000000 2.900000 6.253363
v 0.565762 2.844277 6.253363
v 1.109782 2.679250 6.253363
v 1.611153 2.411262 6.253363
v 2.050610 2.050610 6.253363
v 2.411262 1.611153 6.253363
v 2.679251 1.109782 6.253363
v 2.844277 0.565762 6.253363
v 2.900000 -0.000000 6.253363
v 2.844277 -0.565762 6.253363
v 2.679251 -1.109782 6.253363
v 2.411262 -1.611154 6.253363
v 2.050610 -2.050610 6.253363
v 1.611153 -2.411262 6.253363
v 1.109782 -2.679250 6.253363
v 0.565762 -2.844277 6.253363
v -0.000000 -2.900000 6.253363
v -0.565762 -2.844277 6.253363
v -1.109782 -2.679250 6.253363
v -1.611154 -2.411262 6.253363
v -2.050610 -2.050610 6.253363
v -2.411262 -1.611154 6.253363
v -2.679250 -1.109782 6.253363
v -2.844277 -0.565762 6.253363
v -2.900000 -0.000000 6.253363
v -2.844277 0.565762 6.253363
v -2.679250 1.109782 6.253363
v -2.411262 1.611153 6.253363
v -2.050610 2.050610 6.253363
v -1.611154 2.411262 6.253363
v -1.109782 2.679250 6.253363
v -0.565762 2.844277 6.253363
v -0.000000 2.566447 6.486616
v 0.500689 2.517133 6.486616
v 0.982137 2.371088 6.486616
v 1.425841 2.133923 6.486616
v 1.814752 1.814752 6.486616
v 2.133923 1.425841 6.486616
v 2.371088 0.982136 6.486616
v 2.517134 0.500689 6.486616
v 2.566447 -0.000000 6.486616
v 2.517134 -0.500689 6.486616
v 2.371088 -0.982137 6.486616
v 2.133923 -1.425842 6.486616
v 1.814752 -1.814752 6.486616
v 1.425841 -2.133923 6.486616
v 0.982137 -2.371088 6.486616
v 0.500689 -2.517133 6.486616
v -0.000000 -2.566447 6.486616
v -0.500689 -2.517133 6.486616
v -0.982137 -2.371088 6.486616
v -1.425842 -2.133923 6.486616
v -1.814752 -1.814752 6.486616
v -2.133923 -1.425842 6.486616
v -2.371088 -0.982137 6.486616
v -2.517133 -0.500689 6.486616
v -2.566447 -0.000000 6.486616
v -2.517133 0.500689 6.486616
v -2.371088 0.982136 6.486616
v -2.133923 1.425841 6.486616
v -1.814752 1.814752 6.486616
v -1.425842 2.133923 6.486616
v -0.982137 2.371088 6.486616
v -0.500689 2.517133 6.486616
v -0.000000 2.900000 0.137257
v -0.000000 2.900000 -0.137258
v -0.000000 2.958000 0.045752
v -0.000000 2.958000 -0.045753
v 0.565762 2.844277 -0.137258
v 0.565762 2.844277 0.137257
v 0.577077 2.901162 -0.045753
v 0.577077 2.901162 0.045752
v 1.109782 2.679250 -0.137258
v 1.109782 2.679250 0.137257
v 1.131977 2.732835 -0.045753
v 1.131977 2.732835 0.045752
v 1.611153 2.411262 -0.137258
v 1.611153 2.411262 0.137257
v 1.643376 2.459486 -0.045753
v 1.643376 2.459486 0.045752
v 2.050610 2.050610 -0.137258
v 2.050610 2.050610 0.137257
v 2.091621 2.091621 -0.045753
v 2.091621 2.091621 0.045752
v 2.411262 1.611153 -0.137258
v 2.411262 1.611153 0.137257
v 2.459486 1.643376 -0.045753
v 2.459486 1.643376 0.045752
v 2.679251 1.109782 -0.137258
v 2.679251 1.109782 0.137257
v 2.732835 1.131978 -0.045753
v 2.732835 1.131978 0.045752
v 2.844277 0.565762 -0.137258
v 2.844277 0.565762 0.137257
v 2.901162 0.577077 -0.045753
v 2.901162 0.577077 0.045752
v 2.900000 0.000000 -0.137258
v 2.900000 0.000000 0.137257
v 2.958000 0.000000 -0.045753
v 2.958000 0.000000 0.045752
v 2.844277 -0.565762 -0.137258
v 2.844277 -0.565762 0.137257
v 2.901162 -0.577077 -0.045753
v 2.901162 -0.577077 0.045752
v 2.679251 -1.109782 -0.137258
v 2.679251 -1.109782 0.137257
v 2.732835 -1.131977 -0.045753
v 2.732835 -1.131977 0.045751
v 2.411262 -1.611154 -0.137258
v 2.411262 -1.611154 0.137257
v 2.459486 -1.643376 -0.045753
v 2.459486 -1.643376 0.045751
v 2.050610 -2.050610 -0.137258
v 2.050610 -2.050610 0.137257
v 2.091621 -2.091621 -0.045753
v 2.091621 -2.091621 0.045751
v 1.611153 -2.411262 -0.137258
v 1.611153 -2.411262 0.137257
v 1.643376 -2.459486 -0.045753
v 1.643376 -2.459486 0.045751
v 1.109782 -2.679250 -0.137258
v 1.109782 -2.679250 0.137257
v 1.131977 -2.732835 -0.045753
v 1.131977 -2.732835 0.045751
v 0.565762 -2.844277 -0.137258
v 0.565762 -2.844277 0.137257
v 0.577077 -2.901162 -0.045753
v 0.577077 -2.901162 0.045751
v -0.000000 -2.900000 -0.137258
v -0.000000 -2.900000 0.137257
v -0.000000 -2.957999 -0.045753
v -0.000000 -2.957999 0.045751
v -0.565762 -2.844277 -0.137258
v -0.565762 -2.844277 0.137257
v -0.577077 -2.901162 -0.045753
v -0.577077 -2.901162 0.045751
v -1.109782 -2.679250 -0.137258
v -1.109782 -2.679250 0.137257
v -1.131978 -2.732835 -0.045753
v -1.131978 -2.732835 0.045751
v -1.611154 -2.411262 -0.137258
v -1.611154 -2.411262 0.137257
v -1.643377 -2.459486 -0.045753
v -1.643377 -2.459486 0.045751
v -2.050610 -2.050610 -0.137258
v -2.050610 -2.050610 0.137257
v -2.091622 -2.091621 -0.045753
v -2.091622 -2.091621 0.045751
v -2.411262 -1.611154 -0.137258
v -2.411262 -1.611154 0.137257
v -2.459486 -1.643376 -0.045753
v -2.459486 -1.643376 0.045751
v -2.679250 -1.109782 -0.137258
v -2.679250 -1.109782 0.137257
v -2.732835 -1.131977 -0.045753
v -2.732835 -1.131977 0.045751
v -2.844277 -0.565762 -0.137258
v -2.844277 -0.565762 0.137257
v -2.901162 -0.577077 -0.045753
v -2.901162 -0.577077 0.045752
v -2.900000 0.000000 -0.137258
v -2.900000 0.000000 0.137257
v -2.958000 0.000000 -0.045753
v -2.958000 0.000000 0.045752
v -2.844277 0.565762 -0.137258
v -2.844277 0.565762 0.137257
v -2.901162 0.577077 -0.045753
v -2.901162 0.577077 0.045752
v -2.679250 1.109782 -0.137258
v -2.679250 1.109782 0.137257
v -2.732835 1.131978 -0.045753
v -2.732835 1.131978 0.045752
v -2.411262 1.611153 -0.137258
v -2.411262 1.611153 0.137257
v -2.459486 1.643376 -0.045753
v -2.459486 1.643376 0.045752
v -2.050610 2.050610 -0.137258
v -2.050610 2.050610 0.137257
v -2.091622 2.091621 -0.045753
v -2.091622 2.091621 0.045752
v -1.611154 2.411262 -0.137258
v -1.611154 2.411262 0.137257
v -1.643377 2.459486 -0.045753
v -1.643377 2.459486 0.045752
v -1.109782 2.679250 -0.137258
v -1.109782 2.679250 0.137257
v -1.131978 2.732835 -0.045753
v -1.131978 2.732835 0.045752
v -0.565762 2.844277 -0.137258
v -0.565762 2.844277 0.137257
v -0.577077 2.901162 -0.045753
v -0.577077 2.901162 0.045752
v 0.565762 2.844277 -2.989946
v 0.565762 2.844277 -3.264461
v 0.577077 2.901163 -3.081451
v 0.577077 2.901163 -3.172956
v 1.109782 2.679250 -2.989946
v 1.109782 2.679250 -3.264461
v 1.131977 2.732835 -3.081451
v 1.131977 2.732835 -3.172956
v 1.611153 2.411262 -2.989946
v 1.611153 2.411262 -3.264461
v 1.643376 2.459486 -3.081451
v 1.643376 2.459486 -3.172956
v 2.050610 2.050610 -2.989946
v 2.050610 2.050610 -3.264461
v 2.091621 2.091621 -3.081451
v 2.091621 2.091621 -3.172956
v 2.411262 1.611154 -2.989946
v 2.411262 1.611154 -3.264461
v 2.459486 1.643377 -3.081451
v 2.459486 1.643377 -3.172956
v 2.679251 1.109782 -2.989946
v 2.679251 1.109782 -3.264461
v 2.732835 1.131978 -3.081451
v 2.732835 1.131978 -3.172956
v 2.844277 0.565762 -2.989946
v 2.844277 0.565762 -3.264461
v 2.901162 0.577077 -3.081451
v 2.901162 0.577077 -3.172956
v 2.900000 0.000000 -2.989946
v 2.900000 0.000000 -3.264461
v 2.958000 0.000000 -3.081451
v 2.958000 0.000000 -3.172956
v 2.844277 -0.565762 -2.989946
v 2.844277 -0.565762 -3.264461
v 2.901162 -0.577077 -3.081451
v 2.901162 -0.577077 -3.172956
v 2.679251 -1.109782 -2.989946
v 2.679251 -1.109782 -3.264461
v 2.732835 -1.131977 -3.081451
v 2.732835 -1.131977 -3.172956
v 2.411262 -1.611153 -2.989946
v 2.411262 -1.611153 -3.264461
v 2.459486 -1.643376 -3.081451
v 2.459486 -1.643376 -3.172956
v 2.050610 -2.050609 -2.989946
v 2.050610 -2.050609 -3.264461
v 2.091621 -2.091621 -3.081451
v 2.091621 -2.091621 -3.172956
v 1.611153 -2.411262 -2.989947
v 1.611153 -2.411262 -3.264461
v 1.643376 -2.459486 -3.081451
v 1.643376 -2.459486 -3.172956
v 1.109782 -2.679250 -2.989947
v 1.109782 -2.679250 -3.264461
v 1.131977 -2.732835 -3.081451
v 1.131977 -2.732835 -3.172956
v 0.565762 -2.844277 -2.989947
v 0.565762 -2.844277 -3.264461
v 0.577077 -2.901162 -3.081451
v 0.577077 -2.901162 -3.172956
v -0.000000 -2.900000 -2.989947
v -0.000000 -2.900000 -3.264461
v -0.000000 -2.957999 -3.081451
v -0.000000 -2.957999 -3.172956
v -0.565762 -2.844277 -2.989947
v -0.565762 -2.844277 -3.264461
v -0.577077 -2.901162 -3.081451
v -0.577077 -2.901162 -3.172956
v -1.109782 -2.679250 -2.989947
v -1.109782 -2.679250 -3.264461
v -1.131978 -2.732835 -3.081451
v -1.131978 -2.732835 -3.172956
v -1.611154 -2.411262 -2.989947
v -1.611154 -2.411262 -3.264461
v -1.643377 -2.459486 -3.081451
v -1.643377 -2.459486 -3.172956
v -2.050610 -2.050609 -2.989946
v -2.050610 -2.050609 -3.264461
v -2.091622 -2.091621 -3.081451
v -2.091622 -2.091621 -3.172956
v -2.411262 -1.611153 -2.989946
v -2.411262 -1.611153 -3.264461
v -2.459486 -1.643376 -3.081451
v -2.459486 -1.643376 -3.172956
v -2.679250 -1.109782 -2.989946
v -2.679250 -1.109782 -3.264461
v -2.732835 -1.131977 -3.081451
v -2.732835 -1.131977 -3.172956
v -2.844277 -0.565762 -2.989946
v -2.844277 -0.565762 -3.264461
v -2.901162 -0.577077 -3.081451
v -2.901162 -0.577077 -3.172956
v -2.900000 0.000000 -2.989946
v -2.900000 0.000000 -3.264461
v -2.958000 0.000000 -3.081451
v -2.958000 0.000000 -3.172956
v -2.844277 0.565762 -2.989946
v -2.844277 0.565762 -3.264461
v -2.901162 0.577077 -3.081451
v -2.901162 0.577077 -3.172956
v -2.679250 1.109782 -2.989946
v -2.679250 1.109782 -3.264461
v -2.732835 1.131978 -3.081451
v -2.732835 1.131978 -3.172956
v -2.411262 1.611154 -2.989946
v -2.411262 1.611154 -3.264461
v -2.459486 1.643377 -3.081451
v -2.459486 1.643377 -3.172956
v -2.050610 2.050610 -2.989946
v -2.050610 2.050610 -3.264461
v -2.091622 2.091621 -3.081451
v -2.091622 2.091621 -3.172956
v -1.611154 2.411262 -2.989946
v -1.611154 2.411262 -3.264461
v -1.643377 2.459486 -3.081451
v -1.643377 2.459486 -3.172956
v -1.109782 2.679250 -2.989946
v -1.109782 2.679250 -3.264461
v -1.131978 2.732835 -3.081451
v -1.131978 2.732835 -3.172956
v -0.565762 2.844277 -2.989946
v -0.565762 2.844277 -3.264461
v -0.577077 2.901163 -3.081451
v -0.577077 2.901163 -3.172956
v -0.000000 2.900000 -3.264461
v -0.000000 2.900000 -2.989946
v -0.000000 2.958000 -3.172956
v -0.000000 2.958000 -3.081451
v 0.565762 2.844277 3.264460
v 0.565762 2.844277 2.989945
v 0.577077 2.901162 3.172955
v 0.577077 2.901162 3.081450
v 1.109782 2.679250 3.264460
v 1.109782 2.679250 2.989945
v 1.131977 2.732835 3.172955
v 1.131977 2.732835 3.081450
v 1.611153 2.411262 3.264460
v 1.611153 2.411262 2.989945
v 1.643376 2.459486 3.172955
v 1.643376 2.459486 3.081450
v 2.050610 2.050610 3.264460
v 2.050610 2.050610 2.989944
v 2.091621 2.091621 3.172955
v 2.091621 2.091621 3.081450
v 2.411262 1.611153 3.264460
v 2.411262 1.611153 2.989944
v 2.459486 1.643376 3.172955
v 2.459486 1.643376 3.081450
v 2.679251 1.109782 3.264460
v 2.679251 1.109782 2.989944
v 2.732835 1.131978 3.172955
v 2.732835 1.131978 3.081450
v 2.844277 0.565762 3.264460
v 2.844277 0.565762 2.989944
v 2.901162 0.577077 3.172955
v 2.901162 0.577077 3.081450
v 2.900000 -0.000000 3.264460
v 2.900000 -0.000000 2.989944
v 2.958000 -0.000000 3.172955
v 2.958000 -0.000000 3.081450
v 2.844277 -0.565762 3.264460
v 2.844277 -0.565762 2.989944
v 2.901162 -0.577077 3.172955
v 2.901162 -0.577077 3.081450
v 2.679251 -1.109782 3.264460
v 2.679251 -1.109782 2.989944
v 2.732835 -1.131978 3.172955
v 2.732835 -1.131978 3.081450
v 2.411262 -1.611154 3.264460
v 2.411262 -1.611154 2.989944
v 2.459486 -1.643377 3.172955
v 2.459486 -1.643377 3.081450
v 2.050610 -2.050610 3.264460
v 2.050610 -2.050610 2.989944
v 2.091621 -2.091622 3.172955
v 2.091621 -2.091622 3.081450
v 1.611153 -2.411262 3.264460
v 1.611153 -2.411262 2.989944
v 1.643376 -2.459486 3.172955
v 1.643376 -2.459486 3.081450
v 1.109782 -2.679250 3.264460
v 1.109782 -2.679250 2.989944
v 1.131977 -2.732835 3.172955
v 1.131977 -2.732835 3.081450
v 0.565762 -2.844277 3.264460
v 0.565762 -2.844277 2.989944
v 0.577077 -2.901162 3.172955
v 0.577077 -2.901162 3.081450
v -0.000000 -2.900000 3.264460
v -0.000000 -2.900000 2.989944
v -0.000000 -2.958000 3.172955
v -0.000000 -2.958000 3.081450
v -0.565762 -2.844277 3.264460
v -0.565762 -2.844277 2.989944
v -0.577077 -2.901162 3.172955
v -0.577077 -2.901162 3.081450
v -1.109782 -2.679250 3.264460
v -1.109782 -2.679250 2.989944
v -1.131978 -2.732835 3.172955
v -1.131978 -2.732835 3.081450
v -1.611154 -2.411262 3.264460
v -1.611154 -2.411262 2.989944
v -1.643377 -2.459486 3.172955
v -1.643377 -2.459486 3.081450
v -2.050610 -2.050610 3.264460
v -2.050610 -2.050610 2.989944
v -2.091622 -2.091622 3.172955
v -2.091622 -2.091622 3.081450
v -2.411262 -1.611154 3.264460
v -2.411262 -1.611154 2.989944
v -2.459486 -1.643377 3.172955
v -2.459486 -1.643377 3.081450
v -2.679250 -1.109782 3.264460
v -2.679250 -1.109782 2.989944
v -2.732835 -1.131978 3.172955
v -2.732835 -1.131978 3.081450
v -2.844277 -0.565762 3.264460
v -2.844277 -0.565762 2.989944
v -2.901162 -0.577077 3.172955
v -2.901162 -0.577077 3.081450
v -2.900000 -0.000000 3.264460
v -2.900000 -0.000000 2.989944
v -2.958000 -0.000000 3.172955
v -2.958000 -0.000000 3.081450
v -2.844277 0.565762 3.264460
v -2.844277 0.565762 2.989944
v -2.901162 0.577077 3.172955
v -2.901162 0.577077 3.081450
v -2.679250 1.109782 3.264460
v -2.679250 1.109782 2.989944
v -2.732835 1.131978 3.172955
v -2.732835 1.131978 3.081450
v -2.411262 1.611153 3.264460
v -2.411262 1.611153 2.989944
v -2.459486 1.643376 3.172955
v -2.459486 1.643376 3.081450
v -2.050610 2.050610 3.264460
v -2.050610 2.050610 2.989944
v -2.091622 2.091621 3.172955
v -2.091622 2.091621 3.081450
v -1.611154 2.411262 3.264460
v -1.611154 2.411262 2.989945
v -1.643377 2.459486 3.172955
v -1.643377 2.459486 3.081450
v -1.109782 2.679250 3.264460
v -1.109782 2.679250 2.989945
v -1.131978 2.732835 3.172955
v -1.131978 2.732835 3.081450
v -0.565762 2.844277 3.264460
v -0.565762 2.844277 2.989945
v -0.577077 2.901162 3.172955
v -0.577077 2.901162 3.081450
v -0.000000 2.900000 2.989945
v -0.000000 2.900000 3.264460
v -0.000000 2.958000 3.081450
v -0.000000 2.958000 3.172955
v 2.550000 1.232843 -6.800002
v 2.650000 2.650000 -6.650001
v 1.232842 2.550000 -6.800002
v 2.650000 2.850000 -6.650001
v 2.550000 0.667157 -6.800002
v 2.650000 2.650000 -6.850001
v 0.667157 2.550000 -6.800002
v 2.650000 2.850000 -6.850001
v 2.550000 1.232843 -6.700001
v 2.849999 2.650000 -6.650001
v 1.232842 2.550000 -6.700001
v 2.849999 2.850000 -6.650001
v 2.550000 0.667157 -6.700001
v 2.849999 2.650000 -6.850001
v 0.667157 2.550000 -6.700001
v 2.500000 2.550000 -6.550002
v 2.500000 2.550000 -6.950001
v 2.500000 2.950000 -6.550002
v -0.000000 2.550000 -6.550002
v -0.000000 2.550000 -6.950001
v -0.000000 2.950000 -6.550002
v -0.000000 2.950000 -6.950001
v 2.500000 2.950000 -6.950001
v 2.500000 2.500000 -6.500000
v 2.500000 2.500000 -7.000001
v 2.500000 3.000000 -6.500000
v 2.849999 2.850000 -6.850001
v 3.000000 2.500000 -6.500000
v 3.000000 2.500000 -7.000001
v 3.000000 3.000000 -6.500000
v 3.000000 3.000000 -7.000001
v 2.500000 3.000000 -7.000001
v 2.550000 2.500000 -6.550002
v 2.550000 0.000000 -6.550002
v 2.550000 2.500000 -6.950001
v 2.950000 2.500000 -6.550002
v 2.950000 2.500000 -6.950001
v 2.950000 0.000000 -6.550002
v 2.950000 0.000000 -6.950001
v 2.550000 0.000000 -6.950001
v 2.550000 2.550000 -6.500000
v 2.550000 2.950000 -6.500000
v 2.950000 2.550000 -6.500000
v 2.550000 2.550000 -0.000000
v 2.950000 2.550000 -0.000000
v 2.550000 2.950000 -0.000000
v 2.950000 2.950000 -0.000000
v 2.950000 2.950000 -6.500000
v 3.000000 2.650000 -6.850001
v 3.000000 2.850000 -6.650001
v 3.000000 2.850000 -6.850001
v 3.000000 2.650000 -6.650001
v 2.650000 3.000000 -6.650001
v 2.849999 3.000000 -6.850001
v 2.650000 3.000000 -6.850001
v 2.849999 3.000000 -6.650001
v 2.650000 2.650000 -7.000001
v 2.849999 2.850000 -7.000001
v 2.650000 2.850000 -7.000001
v 2.849999 2.650000 -7.000001
v -2.550000 1.232843 -6.800002
v -2.650000 2.650000 -6.650001
v -1.232843 2.550000 -6.800002
v -2.650000 2.850000 -6.650001
v -2.550000 0.667157 -6.800002
v -2.650000 2.650000 -6.850001
v -0.667157 2.550000 -6.800002
v -2.650000 2.850000 -6.850001
v -2.550000 1.232843 -6.700001
v -2.850000 2.650000 -6.650001
v -1.232843 2.550000 -6.700001
v -2.850000 2.850000 -6.650001
v -2.550000 0.667157 -6.700001
v -2.850000 2.650000 -6.850001
v -0.667157 2.550000 -6.700001
v -2.500000 2.550000 -6.550002
v -2.500000 2.550000 -6.950001
v -2.500000 2.950000 -6.550002
v -2.500000 2.950000 -6.950001
v -2.500000 2.500000 -6.500000
v -2.500000 2.500000 -7.000001
v -2.500000 3.000000 -6.500000
v -2.850000 2.850000 -6.850001
v -3.000000 2.500000 -6.500000
v -3.000000 2.500000 -7.000001
v -3.000000 3.000000 -6.500000
v -3.000000 3.000000 -7.000001
v -2.500000 3.000000 -7.000001
v -2.550000 2.500000 -6.550002
v -2.550000 0.000000 -6.550002
v -2.550000 2.500000 -6.950001
v -2.950000 2.500000 -6.550002
v -2.950000 2.500000 -6.950001
v -2.950000 0.000000 -6.550002
v -2.950000 0.000000 -6.950001
v -2.550000 0.000000 -6.950001
v -2.550000 2.550000 -6.500000
v -2.550000 2.950000 -6.500000
v -2.950000 2.550000 -6.500000
v -2.550000 2.550000 -0.000000
v -2.950000 2.550000 -0.000000
v -2.550000 2.950000 -0.000000
v -2.950000 2.950000 -0.000000
v -2.950000 2.950000 -6.500000
v -3.000000 2.650000 -6.850001
v -3.000000 2.850000 -6.650001
v -3.000000 2.850000 -6.850001
v -3.000000 2.650000 -6.650001
v -2.650000 3.000000 -6.650001
v -2.850000 3.000000 -6.850001
v -2.650000 3.000000 -6.850001
v -2.850000 3.000000 -6.650001
v -2.650000 2.650000 -7.000001
v -2.850000 2.850000 -7.000001
v -2.650000 2.850000 -7.000001
v -2.850000 2.650000 -7.000001
v 2.550000 1.232843 6.799999
v 2.650000 2.650000 6.650000
v 1.232842 2.550000 6.799999
v 2.650000 2.850000 6.650000
v 2.550000 0.667157 6.799999
v 2.650000 2.650000 6.849999
v 0.667157 2.550000 6.799999
v 2.650000 2.850000 6.849999
v 2.550000 1.232843 6.700000
v 2.849999 2.650000 6.650000
v 1.232842 2.550000 6.700000
v 2.849999 2.850000 6.650000
v 2.550000 0.667157 6.700000
v 2.849999 2.650000 6.849999
v 0.667157 2.550000 6.700000
v 2.500000 2.550000 6.549999
v 2.500000 2.550000 6.950000
v 2.500000 2.950000 6.549999
v -0.000000 2.550000 6.549999
v -0.000000 2.550000 6.950000
v -0.000000 2.950000 6.549999
v -0.000000 2.950000 6.950000
v 2.500000 2.950000 6.950000
v 2.500000 2.500000 6.499999
v 2.500000 2.500000 6.999999
v 2.500000 3.000000 6.499999
v 2.849999 2.850000 6.849999
v 3.000000 2.500000 6.499999
v 3.000000 2.500000 6.999999
v 3.000000 3.000000 6.499999
v 3.000000 3.000000 6.999999
v 2.500000 3.000000 6.999999
v 2.550000 2.500000 6.549999
v 2.550000 0.000000 6.549999
v 2.550000 2.500000 6.950000
v 2.950000 2.500000 6.549999
v 2.950000 2.500000 6.950000
v 2.950000 0.000000 6.549999
v 2.950000 0.000000 6.950000
v 2.550000 0.000000 6.950000
v 2.550000 2.550000 6.499999
v 2.550000 2.950000 6.499999
v 2.950000 2.550000 6.499999
v 2.950000 2.950000 6.499999
v 3.000000 2.650000 6.849999
v 3.000000 2.850000 6.650000
v 3.000000 2.850000 6.849999
v 3.000000 2.650000 6.650000
v 2.650000 3.000000 6.650000
v 2.849999 3.000000 6.849999
v 2.650000 3.000000 6.849999
v 2.849999 3.000000 6.650000
v 2.650000 2.650000 6.999999
v 2.849999 2.850000 6.999999
v 2.650000 2.850000 6.999999
v 2.849999 2.650000 6.999999
v -2.550000 1.232843 6.799999
v -2.650000 2.650000 6.650000
v -1.232843 2.550000 6.799999
v -2.650000 2.850000 6.650000
v -2.550000 0.667157 6.799999
v -2.650000 2.650000 6.849999
v -0.667157 2.550000 6.799999
v -2.650000 2.850000 6.849999
v -2.550000 1.232843 6.700000
v -2.850000 2.650000 6.650000
v -1.232843 2.550000 6.700000
v -2.850000 2.850000 6.650000
v -2.550000 0.667157 6.700000
v -2.850000 2.650000 6.849999
v -0.667157 2.550000 6.700000
v -2.500000 2.550000 6.549999
v -2.500000 2.550000 6.950000
v -2.500000 2.950000 6.549999
v -2.500000 2.950000 6.950000
v -2.500000 2.500000 6.499999
v -2.500000 2.500000 6.999999
v -2.500000 3.000000 6.499999
v -2.850000 2.850000 6.849999
v -3.000000 2.500000 6.499999
v -3.000000 2.500000 6.999999
v -3.000000 3.000000 6.499999
v -3.000000 3.000000 6.999999
v -2.500000 3.000000 6.999999
v -2.550000 2.500000 6.549999
v -2.550000 0.000000 6.549999
v -2.550000 2.500000 6.950000
v -2.950000 2.500000 6.549999
v -2.950000 2.500000 6.950000
v -2.950000 0.000000 6.549999
v -2.950000 0.000000 6.950000
v -2.550000 0.000000 6.950000
v -2.550000 2.550000 6.499999
v -2.550000 2.950000 6.499999
v -2.950000 2.550000 6.499999
v -2.950000 2.950000 6.499999
v -3.000000 2.650000 6.849999
v -3.000000 2.850000 6.650000
v -3.000000 2.850000 6.849999
v -3.000000 2.650000 6.650000
v -2.650000 3.000000 6.650000
v -2.850000 3.000000 6.849999
v -2.650000 3.000000 6.849999
v -2.850000 3.000000 6.650000
v -2.650000 2.650000 6.999999
v -2.850000 2.850000 6.999999
v -2.650000 2.850000 6.999999
v -2.850000 2.650000 6.999999
v 2.550000 -1.232843 -6.800002
v 2.650000 -2.650000 -6.650001
v 1.232842 -2.550000 -6.800002
v 2.650000 -2.850000 -6.650001
v 2.550000 -0.667157 -6.800002
v 2.650000 -2.650000 -6.850001
v 0.667157 -2.550000 -6.800002
v 2.650000 -2.850000 -6.850001
v 2.550000 -1.232843 -6.700001
v 2.849999 -2.650000 -6.650001
v 1.232842 -2.550000 -6.700001
v 2.849999 -2.850000 -6.650001
v 2.550000 -0.667157 -6.700001
v 2.849999 -2.650000 -6.850001
v 0.667157 -2.550000 -6.700001
v 2.500000 -2.550000 -6.550002
v 2.500000 -2.550000 -6.950001
v 2.500000 -2.950000 -6.550002
v -0.000000 -2.550000 -6.550002
v -0.000000 -2.550000 -6.950001
v -0.000000 -2.950000 -6.550002
v -0.000000 -2.950000 -6.950001
v 2.500000 -2.950000 -6.950001
v 2.500000 -2.500000 -6.500000
v 2.500000 -2.500000 -7.000001
v 2.500000 -3.000000 -6.500000
v 2.849999 -2.850000 -6.850001
v 3.000000 -2.500000 -6.500000
v 3.000000 -2.500000 -7.000001
v 3.000000 -3.000000 -6.500000
v 3.000000 -3.000000 -7.000001
v 2.500000 -3.000000 -7.000001
v 2.550000 -2.500000 -6.550002
v 2.550000 -2.500000 -6.950001
v 2.950000 -2.500000 -6.550002
v 2.950000 -2.500000 -6.950001
v 2.550000 -2.550000 -6.500000
v 2.550000 -2.950000 -6.500000
v 2.950000 -2.550000 -6.500000
v 2.550000 -2.550000 -0.000000
v 2.950000 -2.550000 -0.000000
v 2.550000 -2.950000 -0.000000
v 2.950000 -2.950000 -0.000000
v 2.950000 -2.950000 -6.500000
v 3.000000 -2.650000 -6.850001
v 3.000000 -2.850000 -6.650001
v 3.000000 -2.850000 -6.850001
v 3.000000 -2.650000 -6.650001
v 2.650000 -3.000000 -6.650001
v 2.849999 -3.000000 -6.850001
v 2.650000 -3.000000 -6.850001
v 2.849999 -3.000000 -6.650001
v 2.650000 -2.650000 -7.000001
v 2.849999 -2.850000 -7.000001
v 2.650000 -2.850000 -7.000001
v 2.849999 -2.650000 -7.000001
v -2.550000 -1.232843 -6.800002
v -2.650000 -2.650000 -6.650001
v -1.232843 -2.550000 -6.800002
v -2.650000 -2.850000 -6.650001
v -2.550000 -0.667157 -6.800002
v -2.650000 -2.650000 -6.850001
v -0.667157 -2.550000 -6.800002
v -2.650000 -2.850000 -6.850001
v -2.550000 -1.232843 -6.700001
v -2.850000 -2.650000 -6.650001
v -1.232843 -2.550000 -6.700001
v -2.850000 -2.850000 -6.650001
v -2.550000 -0.667157 -6.700001
v -2.850000 -2.650000 -6.850001
v -0.667157 -2.550000 -6.700001
v -2.500000 -2.550000 -6.550002
v -2.500000 -2.550000 -6.950001
v -2.500000 -2.950000 -6.550002
v -2.500000 -2.950000 -6.950001
v -2.500000 -2.500000 -6.500000
v -2.500000 -2.500000 -7.000001
v -2.500000 -3.000000 -6.500000
v -2.850000 -2.850000 -6.850001
v -3.000000 -2.500000 -6.500000
v -3.000000 -2.500000 -7.000001
v -3.000000 -3.000000 -6.500000
v -3.000000 -3.000000 -7.000001
v -2.500000 -3.000000 -7.000001
v -2.550000 -2.500000 -6.550002
v -2.550000 -2.500000 -6.950001
v -2.950000 -2.500000 -6.550002
v -2.950000 -2.500000 -6.950001
v -2.550000 -2.550000 -6.500000
v -2.550000 -2.950000 -6.500000
v -2.950000 -2.550000 -6.500000
v -2.550000 -2.550000 -0.000000
v -2.950000 -2.550000 -0.000000
v -2.550000 -2.950000 -0.000000
v -2.950000 -2.950000 -0.000000
v -2.950000 -2.950000 -6.500000
v -3.000000 -2.650000 -6.850001
v -3.000000 -2.850000 -6.650001
v -3.000000 -2.850000 -6.850001
v -3.000000 -2.650000 -6.650001
v -2.650000 -3.000000 -6.650001
v -2.850000 -3.000000 -6.850001
v -2.650000 -3.000000 -6.850001
v -2.850000 -3.000000 -6.650001
v -2.650000 -2.650000 -7.000001
v -2.850000 -2.850000 -7.000001
v -2.650000 -2.850000 -7.000001
v -2.850000 -2.650000 -7.000001
v 2.550000 -1.232843 6.799999
v 2.650000 -2.650000 6.650000
v 1.232842 -2.550000 6.799999
v 2.650000 -2.850000 6.650000
v 2.550000 -0.667157 6.799999
v 2.650000 -2.650000 6.849999
v 0.667157 -2.550000 6.799999
v 2.650000 -2.850000 6.849999
v 2.550000 -1.232843 6.700000
v 2.849999 -2.650000 6.650000
v 1.232842 -2.550000 6.700000
v 2.849999 -2.850000 6.650000
v 2.550000 -0.667157 6.700000
v 2.849999 -2.650000 6.849999
v 0.667157 -2.550000 6.700000
v 2.500000 -2.550000 6.549999
v 2.500000 -2.550000 6.950000
v 2.500000 -2.950000 6.549999
v -0.000000 -2.550000 6.549999
v -0.000000 -2.550000 6.950000
v -0.000000 -2.950000 6.549999
v -0.000000 -2.950000 6.950000
v 2.500000 -2.950000 6.950000
v 2.500000 -2.500000 6.499999
v 2.500000 -2.500000 6.999999
v 2.500000 -3.000000 6.499999
v 2.849999 -2.850000 6.849999
v 3.000000 -2.500000 6.499999
v 3.000000 -2.500000 6.999999
v 3.000000 -3.000000 6.499999
v 3.000000 -3.000000 6.999999
v 2.500000 -3.000000 6.999999
v 2.550000 -2.500000 6.549999
v 2.550000 -2.500000 6.950000
v 2.950000 -2.500000 6.549999
v 2.950000 -2.500000 6.950000
v 2.550000 -2.550000 6.499999
v 2.550000 -2.950000 6.499999
v 2.950000 -2.550000 6.499999
v 2.950000 -2.950000 6.499999
v 3.000000 -2.650000 6.849999
v 3.000000 -2.850000 6.650000
v 3.000000 -2.850000 6.849999
v 3.000000 -2.650000 6.650000
v 2.650000 -3.000000 6.650000
v 2.849999 -3.000000 6.849999
v 2.650000 -3.000000 6.849999
v 2.849999 -3.000000 6.650000
v 2.650000 -2.650000 6.999999
v 2.849999 -2.850000 6.999999
v 2.650000 -2.850000 6.999999
v 2.849999 -2.650000 6.999999
v -2.550000 -1.232843 6.799999
v -2.650000 -2.650000 6.650000
v -1.232843 -2.550000 6.799999
v -2.650000 -2.850000 6.650000
v -2.550000 -0.667157 6.799999
v -2.650000 -2.650000 6.849999
v -0.667157 -2.550000 6.799999
v -2.650000 -2.850000 6.849999
v -2.550000 -1.232843 6.700000
v -2.850000 -2.650000 6.650000
v -1.232843 -2.550000 6.700000
v -2.850000 -2.850000 6.650000
v -2.550000 -0.667157 6.700000
v -2.850000 -2.650000 6.849999
v -0.667157 -2.550000 6.700000
v -2.500000 -2.550000 6.549999
v -2.500000 -2.550000 6.950000
v -2.500000 -2.950000 6.549999
v -2.500000 -2.950000 6.950000
v -2.500000 -2.500000 6.499999
v -2.500000 -2.500000 6.999999
v -2.500000 -3.000000 6.499999
v -2.850000 -2.850000 6.849999
v -3.000000 -2.500000 6.499999
v -3.000000 -2.500000 6.999999
v -3.000000 -3.000000 6.499999
v -3.000000 -3.000000 6.999999
v -2.500000 -3.000000 6.999999
v -2.550000 -2.500000 6.549999
v -2.550000 -2.500000 6.950000
v -2.950000 -2.500000 6.549999
v -2.950000 -2.500000 6.950000
v -2.550000 -2.550000 6.499999
v -2.550000 -2.950000 6.499999
v -2.950000 -2.550000 6.499999
v -2.950000 -2.950000 6.499999
v -3.000000 -2.650000 6.849999
v -3.000000 -2.850000 6.650000
v -3.000000 -2.850000 6.849999
v -3.000000 -2.650000 6.650000
v -2.650000 -3.000000 6.650000
v -2.850000 -3.000000 6.849999
v -2.650000 -3.000000 6.849999
v -2.850000 -3.000000 6.650000
v -2.650000 -2.650000 6.999999
v -2.850000 -2.850000 6.999999
v -2.650000 -2.850000 6.999999
v -2.850000 -2.650000 6.999999
v -2.900000 -2.549999 4.247372
v -2.900000 -1.220577 6.549999
v -2.900000 -1.566987 6.549999
v -2.900000 -2.549999 4.847371
v -2.600000 -1.220577 6.549999
v -2.600000 -2.549999 4.247372
v -2.600000 -2.549999 4.847371
v -2.600000 -1.566987 6.549999
v -2.900001 -2.549999 -4.247372
v -2.900001 -1.220577 -6.550000
v -2.900001 -2.549999 -4.847373
v -2.900001 -1.566987 -6.550000
v -2.600001 -2.549999 -4.247372
v -2.600001 -1.220577 -6.550000
v -2.600001 -2.549999 -4.847373
v -2.600001 -1.566987 -6.550000
v 2.599998 -2.549999 -4.247372
v 2.599998 -1.220577 -6.550000
v 2.599998 -2.549999 -4.847373
v 2.599998 -1.566987 -6.550000
v 2.899999 -2.549999 -4.247372
v 2.899999 -1.220577 -6.550000
v 2.899999 -2.549999 -4.847373
v 2.899999 -1.566987 -6.550000
v 2.599998 -2.549999 4.247372
v 2.599998 -1.220577 6.549999
v 2.599998 -1.566987 6.549999
v 2.599998 -2.549999 4.847371
v 2.899999 -1.220577 6.549999
v 2.899999 -2.549999 4.247372
v 2.899999 -2.549999 4.847371
v 2.899999 -1.566987 6.549999
v -2.550000 -2.649998 -4.247372
v -1.220577 -2.649998 -6.550000
v -2.550000 -2.649999 -4.847373
v -1.566988 -2.649999 -6.550000
v -2.550000 -2.849999 -4.247373
v -1.220578 -2.849999 -6.550000
v -1.566987 -2.849998 -6.550000
v -2.550000 -2.849998 -4.847372
v 1.220575 -2.849999 -6.550000
v 2.549999 -2.849998 -4.247372
v 2.549999 -2.849998 -4.847370
v 1.566985 -2.849998 -6.550000
v 1.220575 -2.649998 -6.550000
v 2.549999 -2.649998 -4.247371
v 1.566986 -2.649999 -6.550000
v 2.549999 -2.649998 -4.847370
v 2.549999 -2.649999 4.847371
v 1.566986 -2.649999 6.549999
v 1.220576 -2.649999 6.549999
v 2.549999 -2.649999 4.247372
v 1.566986 -2.849999 6.549999
v 2.549999 -2.849999 4.847371
v 1.220576 -2.849999 6.549999
v 2.549999 -2.849999 4.247372
v -2.550000 -2.849999 4.847372
v -1.566988 -2.849999 6.549999
v -1.220578 -2.849999 6.549999
v -2.550000 -2.849999 4.247372
v -1.566988 -2.649999 6.549999
v -2.550000 -2.649999 4.847372
v -2.550000 -2.649999 4.247372
v -1.220578 -2.649999 6.549999
vn -1.0000 -0.0000 -0.0000
vn -0.0000 -0.0000 -1.0000
vn 1.0000 -0.0000 -0.0000
vn -0.0000 -0.0000 1.0000
vn -0.0000 -1.0000 -0.0000
vn -0.0000 1.0000 -0.0000
vn -0.0980 0.9952 -0.0000
vn 0.2903 0.9569 -0.0000
vn -0.2903 0.9569 -0.0000
vn -0.4714 0.8819 -0.0000
vn -0.6344 0.7730 -0.0000
vn -0.7730 0.6344 -0.0000
vn -0.8819 0.4714 -0.0000
vn -0.9569 0.2903 -0.0000
vn -0.9952 0.0980 -0.0000
vn -0.9952 -0.0980 -0.0000
vn -0.9569 -0.2903 -0.0000
vn -0.8819 -0.4714 -0.0000
vn -0.7730 -0.6344 -0.0000
vn -0.6344 -0.7730 -0.0000
vn -0.4714 -0.8819 -0.0000
vn -0.2903 -0.9569 -0.0000
vn -0.0980 -0.9952 -0.0000
vn 0.0980 -0.9952 -0.0000
vn 0.2903 -0.9569 -0.0000
vn 0.4714 -0.8819 -0.0000
vn 0.6344 -0.7730 -0.0000
vn 0.7730 -0.6344 -0.0000
vn 0.8819 -0.4714 -0.0000
vn 0.9569 -0.2903 -0.0000
vn 0.9952 -0.0980 -0.0000
vn 0.9952 0.0980 -0.0000
vn 0.9569 0.2903 -0.0000
vn 0.8819 0.4714 -0.0000
vn 0.7730 0.6344 -0.0000
vn 0.6344 0.7730 -0.0000
vn 0.4714 0.8819 -0.0000
vn 0.0980 0.9952 -0.0000
vn 0.0564 0.5722 -0.8182
vn 0.1669 0.5502 -0.8182
vn 0.2710 0.5070 -0.8182
vn 0.3647 0.4444 -0.8182
vn 0.4444 0.3647 -0.8182
vn 0.5070 0.2710 -0.8182
vn 0.5502 0.1669 -0.8182
vn 0.5722 0.0564 -0.8182
vn 0.5722 -0.0564 -0.8182
vn 0.5502 -0.1669 -0.8182
vn 0.5070 -0.2710 -0.8182
vn 0.4444 -0.3647 -0.8182
vn 0.3647 -0.4444 -0.8182
vn 0.2710 -0.5070 -0.8182
vn 0.1669 -0.5502 -0.8182
vn 0.0564 -0.5722 -0.8182
vn -0.0564 -0.5722 -0.8182
vn -0.1669 -0.5502 -0.8182
vn -0.2710 -0.5070 -0.8182
vn -0.3647 -0.4444 -0.8182
vn -0.4444 -0.3647 -0.8182
vn -0.5070 -0.2710 -0.8182
vn -0.5502 -0.1669 -0.8182
vn -0.5722 -0.0564 -0.8182
vn -0.5722 0.0564 -0.8182
vn -0.5502 0.1669 -0.8182
vn -0.5070 0.2710 -0.8182
vn -0.4444 0.3647 -0.8182
vn -0.3647 0.4444 -0.8182
vn -0.2710 0.5070 -0.8182
vn -0.1669 0.5502 -0.8182
vn -0.0564 0.5722 -0.8182
vn 0.0646 0.6558 -0.7522
vn 0.1913 0.6306 -0.7522
vn 0.3106 0.5812 -0.7522
vn 0.4181 0.5094 -0.7522
vn 0.5094 0.4181 -0.7522
vn 0.5812 0.3106 -0.7522
vn 0.6306 0.1913 -0.7522
vn 0.6558 0.0646 -0.7522
vn 0.6558 -0.0646 -0.7522
vn 0.6306 -0.1913 -0.7522
vn 0.5812 -0.3106 -0.7522
vn 0.5094 -0.4180 -0.7522
vn 0.4181 -0.5094 -0.7522
vn 0.3106 -0.5812 -0.7522
vn 0.1913 -0.6306 -0.7522
vn 0.0646 -0.6558 -0.7522
vn -0.0646 -0.6558 -0.7522
vn -0.1913 -0.6306 -0.7522
vn -0.3106 -0.5812 -0.7522
vn -0.4181 -0.5094 -0.7522
vn -0.5094 -0.4181 -0.7522
vn -0.5812 -0.3106 -0.7522
vn -0.6306 -0.1913 -0.7522
vn -0.6558 -0.0646 -0.7522
vn -0.6558 0.0646 -0.7522
vn -0.6306 0.1913 -0.7522
vn -0.5812 0.3106 -0.7522
vn -0.5094 0.4181 -0.7522
vn -0.4181 0.5094 -0.7522
vn -0.3106 0.5812 -0.7522
vn -0.1913 0.6306 -0.7522
vn -0.0646 0.6558 -0.7522
vn 0.0564 0.5722 0.8182
vn 0.1669 0.5502 0.8182
vn 0.2710 0.5070 0.8182
vn 0.3647 0.4444 0.8182
vn 0.4444 0.3647 0.8182
vn 0.5070 0.2710 0.8182
vn 0.5502 0.1669 0.8182
vn 0.5722 0.0564 0.8182
vn 0.5722 -0.0564 0.8182
vn 0.5502 -0.1669 0.8182
vn 0.5070 -0.2710 0.8182
vn 0.4444 -0.3647 0.8182
vn 0.3647 -0.4444 0.8182
vn 0.2710 -0.5070 0.8182
vn 0.1669 -0.5502 0.8182
vn 0.0564 -0.5722 0.8182
vn -0.0564 -0.5722 0.8182
vn -0.1669 -0.5502 0.8182
vn -0.2710 -0.5070 0.8182
vn -0.3647 -0.4444 0.8182
vn -0.4444 -0.3647 0.8182
vn -0.5070 -0.2710 0.8182
vn -0.5502 -0.1669 0.8182
vn -0.5722 -0.0564 0.8182
vn -0.5722 0.0564 0.8182
vn -0.5502 0.1669 0.8182
vn -0.5070 0.2710 0.8182
vn -0.4444 0.3647 0.8182
vn -0.3647 0.4444 0.8182
vn -0.2710 0.5070 0.8182
vn -0.1669 0.5502 0.8182
vn -0.0564 0.5722 0.8182
vn 0.0646 0.6558 0.7522
vn 0.1913 0.6306 0.7522
vn 0.3106 0.5812 0.7522
vn 0.4180 0.5094 0.7522
vn 0.5094 0.4181 0.7522
vn 0.5812 0.3106 0.7522
vn 0.6306 0.1913 0.7522
vn 0.6558 0.0646 0.7522
vn 0.6558 -0.0646 0.7522
vn 0.6306 -0.1913 0.7522
vn 0.5812 -0.3106 0.7522
vn 0.5094 -0.4180 0.7522
vn 0.4180 -0.5094 0.7522
vn 0.3106 -0.5812 0.7522
vn 0.1913 -0.6306 0.7522
vn 0.0646 -0.6558 0.7522
vn -0.0646 -0.6558 0.7522
vn -0.1913 -0.6306 0.7522
vn -0.3106 -0.5812 0.7522
vn -0.4181 -0.5094 0.7522
vn -0.5094 -0.4180 0.7522
vn -0.5812 -0.3106 0.7522
vn -0.6306 -0.1913 0.7522
vn -0.6558 -0.0646 0.7522
vn -0.6558 0.0646 0.7522
vn -0.6306 0.1913 0.7522
vn -0.5812 0.3106 0.7522
vn -0.5094 0.4181 0.7522
vn -0.4180 0.5094 0.7522
vn -0.3106 0.5812 0.7522
vn -0.1913 0.6306 0.7522
vn -0.0646 0.6558 0.7522
vn -0.0829 0.8417 0.5335
vn -0.0829 0.8417 -0.5335
vn -0.2455 0.8094 0.5335
vn -0.2455 0.8094 -0.5335
vn -0.3987 0.7459 0.5335
vn -0.3987 0.7459 -0.5335
vn -0.5366 0.6538 0.5335
vn -0.5366 0.6538 -0.5335
vn -0.6538 0.5366 0.5335
vn -0.6538 0.5366 -0.5335
vn -0.7459 0.3987 0.5335
vn -0.7459 0.3987 -0.5335
vn -0.8094 0.2455 0.5335
vn -0.8094 0.2455 -0.5335
vn -0.8417 0.0829 0.5335
vn -0.8417 0.0829 -0.5335
vn -0.8417 -0.0829 0.5335
vn -0.8417 -0.0829 -0.5335
vn -0.8094 -0.2455 0.5335
vn -0.8094 -0.2455 -0.5335
vn -0.7459 -0.3987 0.5335
vn -0.7459 -0.3987 -0.5335
vn -0.6538 -0.5366 0.5335
vn -0.6538 -0.5366 -0.5335
vn -0.5366 -0.6538 0.5335
vn -0.5366 -0.6538 -0.5335
vn -0.3987 -0.7459 0.5335
vn -0.3987 -0.7459 -0.5335
vn -0.2455 -0.8094 0.5335
vn -0.2455 -0.8094 -0.5335
vn -0.0829 -0.8417 0.5335
vn -0.0829 -0.8417 -0.5335
vn 0.0829 -0.8417 0.5335
vn 0.0829 -0.8417 -0.5335
vn 0.2455 -0.8094 0.5335
vn 0.2455 -0.8094 -0.5335
vn 0.3987 -0.7459 0.5335
vn 0.3987 -0.7459 -0.5335
vn 0.5366 -0.6538 0.5335
vn 0.5366 -0.6538 -0.5335
vn 0.6538 -0.5366 0.5335
vn 0.6538 -0.5366 -0.5335
vn 0.7459 -0.3987 0.5335
vn 0.7459 -0.3987 -0.5335
vn 0.8094 -0.2455 0.5335
vn 0.8094 -0.2455 -0.5335
vn 0.8417 -0.0829 0.5335
vn 0.8417 -0.0829 -0.5335
vn 0.8417 0.0829 0.5335
vn 0.8417 0.0829 -0.5335
vn 0.8094 0.2455 0.5335
vn 0.8094 0.2455 -0.5335
vn 0.7459 0.3987 0.5335
vn 0.7459 0.3987 -0.5335
vn 0.6538 0.5366 0.5335
vn 0.6538 0.5366 -0.5335
vn 0.5366 0.6538 0.5335
vn 0.5366 0.6538 -0.5335
vn 0.3987 0.7459 0.5335
vn 0.3987 0.7459 -0.5335
vn 0.2455 0.8094 0.5335
vn 0.2455 0.8094 -0.5335
vn 0.0829 0.8417 0.5335
vn 0.0829 0.8417 -0.5335
vn -0.7071 -0.7071 -0.0000
vn 0.7071 0.7071 -0.0000
vn 0.7071 -0.7071 -0.0000
vn -0.7071 0.7071 -0.0000
vn -0.0000 -0.8660 0.5000
vn -0.0000 0.8660 -0.5000
vn -0.0000 -0.8660 -0.5000
vn -0.0000 0.8660 0.5000
vn -0.8660 -0.0000 -0.5000
vn 0.8660 -0.0000 0.5000
vn 0.8660 -0.0000 -0.5000
vn -0.8660 -0.0000 0.5000
vn 0.5094 -0.4181 -0.7522
vn -0.5094 -0.4180 -0.7522
vn 0.5094 0.4180 0.7522
vn -0.5094 -0.4181 0.7522
vn -0.5094 0.4180 0.7522
vt 0.141694 0.093761
vt 0.112429 0.123026
vt 0.112429 0.093761
vt 0.141694 0.123026
vt 0.112429 0.152290
vt 0.141694 0.152290
vt 0.112429 0.181555
vt 0.141694 0.181555
vt 0.112429 0.210819
vt 0.083165 0.181555
vt 0.083165 0.152290
vt 0.170959 0.152290
vt 0.229671 0.093761
vt 0.200406 0.123026
vt 0.200406 0.093761
vt 0.229671 0.123026
vt 0.200406 0.152290
vt 0.229671 0.152290
vt 0.200406 0.181555
vt 0.229671 0.181555
vt 0.200406 0.210819
vt 0.171141 0.181555
vt 0.171141 0.152290
vt 0.258935 0.152290
vt 0.141694 0.211002
vt 0.112429 0.240267
vt 0.112429 0.211002
vt 0.141694 0.240267
vt 0.112429 0.269531
vt 0.141694 0.269531
vt 0.112429 0.298796
vt 0.141694 0.298796
vt 0.112429 0.328060
vt 0.083165 0.298796
vt 0.083165 0.269531
vt 0.170959 0.269531
vt 0.229671 0.211002
vt 0.200406 0.240267
vt 0.200406 0.211002
vt 0.229671 0.240267
vt 0.200406 0.269531
vt 0.229671 0.269531
vt 0.200406 0.298796
vt 0.229671 0.298796
vt 0.200406 0.328060
vt 0.171141 0.298796
vt 0.171141 0.269531
vt 0.258935 0.269531
vt 0.317647 0.093761
vt 0.288382 0.123026
vt 0.288382 0.093761
vt 0.317647 0.123026
vt 0.288382 0.152290
vt 0.317647 0.152290
vt 0.288382 0.181555
vt 0.317647 0.181555
vt 0.288382 0.210819
vt 0.259118 0.181555
vt 0.259118 0.152290
vt 0.346912 0.152290
vt 0.317647 0.211002
vt 0.288382 0.240267
vt 0.288382 0.211002
vt 0.317647 0.240267
vt 0.288382 0.269531
vt 0.317647 0.269531
vt 0.288382 0.298796
vt 0.317647 0.298796
vt 0.288382 0.328060
vt 0.259118 0.298796
vt 0.259118 0.269531
vt 0.346912 0.269531
vt 0.141694 0.328243
vt 0.112429 0.357508
vt 0.112429 0.328243
vt 0.141694 0.357508
vt 0.112429 0.386772
vt 0.141694 0.386772
vt 0.112429 0.416037
vt 0.141694 0.416037
vt 0.112429 0.445302
vt 0.083165 0.416037
vt 0.083165 0.386772
vt 0.170959 0.386772
vt 0.229671 0.328243
vt 0.200406 0.357508
vt 0.200406 0.328243
vt 0.229671 0.357508
vt 0.200406 0.386772
vt 0.229671 0.386772
vt 0.200406 0.416037
vt 0.229671 0.416037
vt 0.200406 0.445302
vt 0.171141 0.416037
vt 0.171141 0.386772
vt 0.258935 0.386772
vt 0.317647 0.328243
vt 0.288382 0.357508
vt 0.288382 0.328243
vt 0.317647 0.357508
vt 0.288382 0.386772
vt 0.317647 0.386772
vt 0.288382 0.416037
vt 0.317647 0.416037
vt 0.288382 0.445302
vt 0.259118 0.416037
vt 0.259118 0.386772
vt 0.346912 0.386772
vt 0.829475 0.624941
vt 0.770312 0.697032
vt 0.842403 0.756196
vt 0.712033 0.954866
vt 0.751634 0.944015
vt 0.712033 0.944015
vt 0.708223 0.618485
vt 0.666731 0.629336
vt 0.666731 0.618485
vt 0.751634 0.933164
vt 0.712033 0.933164
vt 0.751634 0.922313
vt 0.712033 0.922313
vt 0.712033 0.911462
vt 0.751634 0.911462
vt 0.751634 0.900611
vt 0.712033 0.900611
vt 0.751634 0.889760
vt 0.712033 0.889760
vt 0.751634 0.878909
vt 0.712033 0.878909
vt 0.751634 0.868058
vt 0.712033 0.868058
vt 0.751634 0.857207
vt 0.712033 0.857207
vt 0.751634 0.846356
vt 0.712033 0.846356
vt 0.751634 0.835505
vt 0.712033 0.835505
vt 0.751634 0.824654
vt 0.712033 0.824654
vt 0.751634 0.813803
vt 0.712033 0.813803
vt 0.751634 0.802952
vt 0.712033 0.802952
vt 0.751634 0.792101
vt 0.712033 0.792101
vt 0.751634 0.781250
vt 0.712033 0.781250
vt 0.751634 0.770399
vt 0.712033 0.770399
vt 0.751634 0.759548
vt 0.712033 0.759548
vt 0.712033 0.748697
vt 0.751634 0.748697
vt 0.751634 0.737846
vt 0.712033 0.737846
vt 0.712033 0.726995
vt 0.751634 0.726995
vt 0.712033 0.716144
vt 0.751634 0.716144
vt 0.751634 0.705293
vt 0.712033 0.705293
vt 0.751634 0.694442
vt 0.712033 0.694442
vt 0.751634 0.683591
vt 0.712033 0.683591
vt 0.751634 0.672740
vt 0.712033 0.672740
vt 0.751634 0.661889
vt 0.712033 0.661889
vt 0.751634 0.651038
vt 0.712033 0.651038
vt 0.751634 0.640187
vt 0.712033 0.640187
vt 0.751634 0.629336
vt 0.712033 0.629336
vt 0.712033 0.618485
vt 0.751634 0.607634
vt 0.712033 0.607634
vt 0.857348 0.761143
vt 0.875223 0.764064
vt 0.870705 0.755611
vt 0.888807 0.754988
vt 0.882726 0.747578
vt 0.892949 0.737355
vt 0.900359 0.743436
vt 0.909435 0.729853
vt 0.900981 0.725334
vt 0.906514 0.711977
vt 0.915686 0.714759
vt 0.909335 0.697797
vt 0.918874 0.698737
vt 0.918874 0.682400
vt 0.909335 0.683340
vt 0.915686 0.666377
vt 0.906514 0.669160
vt 0.900981 0.655803
vt 0.909435 0.651284
vt 0.892949 0.643782
vt 0.900359 0.637701
vt 0.888807 0.626149
vt 0.882726 0.633559
vt 0.875223 0.617073
vt 0.870705 0.625526
vt 0.860130 0.610821
vt 0.857348 0.619994
vt 0.843168 0.617173
vt 0.844108 0.607634
vt 0.828710 0.617173
vt 0.827771 0.607634
vt 0.811748 0.610821
vt 0.814531 0.619994
vt 0.801174 0.625526
vt 0.796655 0.617073
vt 0.789152 0.633559
vt 0.783072 0.626149
vt 0.771520 0.637701
vt 0.778929 0.643782
vt 0.770897 0.655803
vt 0.762444 0.651284
vt 0.765364 0.669160
vt 0.756192 0.666377
vt 0.753005 0.682400
vt 0.762544 0.683340
vt 0.753005 0.698737
vt 0.762544 0.697797
vt 0.765364 0.711977
vt 0.756192 0.714760
vt 0.762444 0.729853
vt 0.770897 0.725334
vt 0.778929 0.737355
vt 0.771520 0.743436
vt 0.783072 0.754988
vt 0.789153 0.747578
vt 0.796655 0.764064
vt 0.801174 0.755611
vt 0.814531 0.761143
vt 0.811748 0.770316
vt 0.827771 0.773503
vt 0.828710 0.763964
vt 0.844108 0.773503
vt 0.843168 0.763964
vt 0.860130 0.770316
vt 0.855082 0.753674
vt 0.867026 0.748727
vt 0.877774 0.741545
vt 0.886916 0.732404
vt 0.894098 0.721655
vt 0.899045 0.709711
vt 0.901567 0.697032
vt 0.901567 0.684105
vt 0.899045 0.671426
vt 0.894098 0.659482
vt 0.886916 0.648733
vt 0.877775 0.639592
vt 0.867026 0.632410
vt 0.855082 0.627463
vt 0.842403 0.624941
vt 0.816796 0.627463
vt 0.804853 0.632410
vt 0.794104 0.639592
vt 0.784963 0.648733
vt 0.777781 0.659482
vt 0.772834 0.671426
vt 0.770312 0.684105
vt 0.772834 0.709711
vt 0.777781 0.721655
vt 0.784963 0.732404
vt 0.794104 0.741545
vt 0.804853 0.748727
vt 0.816796 0.753674
vt 0.829476 0.756196
vt 0.708223 0.629336
vt 0.666731 0.640187
vt 0.708223 0.607634
vt 0.666731 0.607634
vt 0.708223 0.640187
vt 0.666731 0.651038
vt 0.708223 0.651038
vt 0.666731 0.661889
vt 0.708223 0.661889
vt 0.666731 0.672740
vt 0.708223 0.672740
vt 0.666731 0.683591
vt 0.708223 0.683591
vt 0.666731 0.694442
vt 0.708223 0.694442
vt 0.666731 0.705293
vt 0.708223 0.705293
vt 0.666731 0.716144
vt 0.708223 0.716144
vt 0.666731 0.726995
vt 0.708223 0.726995
vt 0.666731 0.737846
vt 0.708223 0.737846
vt 0.666731 0.748697
vt 0.708223 0.748697
vt 0.666731 0.759548
vt 0.708223 0.759548
vt 0.666731 0.770399
vt 0.708223 0.770399
vt 0.666731 0.781250
vt 0.708223 0.781250
vt 0.666731 0.792101
vt 0.708223 0.792101
vt 0.666731 0.802952
vt 0.708223 0.802952
vt 0.666731 0.813803
vt 0.708223 0.813803
vt 0.666731 0.824654
vt 0.708223 0.824654
vt 0.666731 0.835505
vt 0.708223 0.835505
vt 0.666731 0.846356
vt 0.708223 0.857207
vt 0.666731 0.857207
vt 0.666731 0.868058
vt 0.708223 0.868058
vt 0.666731 0.878909
vt 0.708223 0.889760
vt 0.666731 0.889760
vt 0.666731 0.900611
vt 0.708223 0.900611
vt 0.666731 0.911462
vt 0.708223 0.911462
vt 0.666731 0.922313
vt 0.708223 0.922313
vt 0.666731 0.933164
vt 0.708223 0.933164
vt 0.666731 0.944015
vt 0.708223 0.944015
vt 0.666731 0.954866
vt 0.855082 0.793432
vt 0.894098 0.825452
vt 0.867026 0.914697
vt 0.751634 0.618485
vt 0.712033 0.629336
vt 0.870705 0.921580
vt 0.860130 0.936285
vt 0.857348 0.927113
vt 0.888807 0.920957
vt 0.882726 0.913548
vt 0.892949 0.903325
vt 0.909435 0.895822
vt 0.900981 0.891304
vt 0.906514 0.877947
vt 0.909335 0.863767
vt 0.915686 0.880729
vt 0.918874 0.848370
vt 0.909335 0.849309
vt 0.915686 0.832347
vt 0.906514 0.835129
vt 0.900981 0.821772
vt 0.892949 0.809751
vt 0.909435 0.817254
vt 0.888807 0.792119
vt 0.882726 0.799528
vt 0.875223 0.783043
vt 0.870705 0.791496
vt 0.860130 0.776791
vt 0.857348 0.785963
vt 0.844108 0.773604
vt 0.843168 0.783143
vt 0.827771 0.773604
vt 0.828710 0.783143
vt 0.814531 0.785963
vt 0.796655 0.783043
vt 0.801174 0.791496
vt 0.789152 0.799528
vt 0.778929 0.809751
vt 0.783072 0.792119
vt 0.762444 0.817254
vt 0.770897 0.821772
vt 0.765364 0.835129
vt 0.753005 0.848370
vt 0.762544 0.849309
vt 0.753005 0.864706
vt 0.762544 0.863767
vt 0.765364 0.877947
vt 0.762444 0.895822
vt 0.770897 0.891304
vt 0.778929 0.903325
vt 0.789153 0.913548
vt 0.771520 0.909406
vt 0.801173 0.921580
vt 0.783072 0.920957
vt 0.814531 0.927113
vt 0.796655 0.930034
vt 0.827771 0.939472
vt 0.828710 0.929933
vt 0.844108 0.939472
vt 0.843168 0.929933
vt 0.855082 0.919644
vt 0.877774 0.907514
vt 0.886916 0.898373
vt 0.894098 0.887624
vt 0.899045 0.875681
vt 0.901567 0.863002
vt 0.901567 0.850074
vt 0.899045 0.837395
vt 0.886916 0.814703
vt 0.877775 0.805562
vt 0.867026 0.798380
vt 0.842403 0.790910
vt 0.829475 0.790910
vt 0.816796 0.793432
vt 0.804853 0.798380
vt 0.794104 0.805562
vt 0.784963 0.814703
vt 0.777781 0.825452
vt 0.772834 0.837395
vt 0.770312 0.850074
vt 0.770312 0.863002
vt 0.772834 0.875681
vt 0.777781 0.887624
vt 0.784963 0.898373
vt 0.794104 0.907514
vt 0.804853 0.914697
vt 0.816796 0.919644
vt 0.829476 0.922166
vt 0.842403 0.922166
vt 0.708223 0.694442
vt 0.708223 0.835505
vt 0.708223 0.846356
vt 0.708223 0.878909
vt 0.708223 0.933164
vt 0.708223 0.944015
vt 0.751634 0.954866
vt 0.752904 0.944015
vt 0.752904 0.954866
vt 0.752904 0.933164
vt 0.752904 0.922313
vt 0.752904 0.911462
vt 0.752904 0.900611
vt 0.752904 0.889760
vt 0.752904 0.878909
vt 0.752904 0.868058
vt 0.752904 0.857207
vt 0.752904 0.846356
vt 0.752904 0.835505
vt 0.752904 0.824654
vt 0.752904 0.813803
vt 0.752904 0.802952
vt 0.752904 0.792101
vt 0.752904 0.781250
vt 0.752904 0.770399
vt 0.752904 0.759548
vt 0.752904 0.748697
vt 0.752904 0.737846
vt 0.752904 0.726995
vt 0.752904 0.716144
vt 0.752904 0.705293
vt 0.752904 0.694442
vt 0.752904 0.683591
vt 0.752904 0.672740
vt 0.752904 0.661889
vt 0.752904 0.651038
vt 0.752904 0.640187
vt 0.752904 0.629336
vt 0.752904 0.618485
vt 0.752904 0.607634
vt 0.710763 0.607634
vt 0.710763 0.618485
vt 0.709493 0.607634
vt 0.710763 0.629336
vt 0.709493 0.618485
vt 0.710763 0.640187
vt 0.709493 0.629336
vt 0.710763 0.651038
vt 0.709493 0.640187
vt 0.710763 0.661889
vt 0.709493 0.651038
vt 0.709493 0.661889
vt 0.710763 0.672740
vt 0.709493 0.672740
vt 0.710763 0.683591
vt 0.709493 0.683591
vt 0.710763 0.694442
vt 0.710763 0.705293
vt 0.709493 0.694442
vt 0.709493 0.705293
vt 0.710763 0.716144
vt 0.710763 0.726995
vt 0.709493 0.716144
vt 0.710763 0.737846
vt 0.709493 0.726995
vt 0.710763 0.748697
vt 0.709493 0.737846
vt 0.709493 0.748697
vt 0.710763 0.759548
vt 0.709493 0.759548
vt 0.710763 0.770399
vt 0.709493 0.770399
vt 0.710763 0.781250
vt 0.709493 0.781250
vt 0.710763 0.792101
vt 0.709493 0.792101
vt 0.710763 0.802952
vt 0.709493 0.802952
vt 0.710763 0.813803
vt 0.709493 0.813803
vt 0.710763 0.824654
vt 0.710763 0.835505
vt 0.709493 0.824654
vt 0.709493 0.835505
vt 0.710763 0.846356
vt 0.709493 0.846356
vt 0.710763 0.857207
vt 0.710763 0.868058
vt 0.709493 0.857207
vt 0.709493 0.868058
vt 0.710763 0.878909
vt 0.709493 0.878909
vt 0.710763 0.889760
vt 0.709493 0.889760
vt 0.710763 0.900611
vt 0.710763 0.911462
vt 0.709493 0.900611
vt 0.710763 0.922313
vt 0.709493 0.922313
vt 0.709493 0.911462
vt 0.710763 0.933164
vt 0.710763 0.944015
vt 0.709493 0.933164
vt 0.710763 0.954866
vt 0.709493 0.944015
vt 0.708223 0.954866
vt 0.708223 0.954866
vt 0.709493 0.954866
vt 0.311556 0.919361
vt 0.326089 0.901377
vt 0.323520 0.919361
vt 0.343949 0.792969
vt 0.358483 0.810953
vt 0.346519 0.810953
vt 0.158439 0.919361
vt 0.175542 0.937345
vt 0.158439 0.937345
vt 0.240294 0.937848
vt 0.228330 0.955832
vt 0.228330 0.937848
vt 0.196188 0.924360
vt 0.198222 0.928856
vt 0.198222 0.924360
vt 0.319805 0.838935
vt 0.321840 0.843431
vt 0.321840 0.838935
vt 0.226550 0.910369
vt 0.208565 0.901376
vt 0.226550 0.901376
vt 0.226550 0.928353
vt 0.208565 0.910369
vt 0.208565 0.928353
vt 0.199573 0.910369
vt 0.226550 0.937345
vt 0.235542 0.928353
vt 0.235542 0.910369
vt 0.053186 0.665571
vt 0.035202 0.683555
vt 0.035202 0.665571
vt 0.071170 0.629603
vt 0.053186 0.647587
vt 0.053186 0.629603
vt 0.071170 0.683555
vt 0.053186 0.701539
vt 0.053186 0.683555
vt 0.058581 0.678160
vt 0.071170 0.665571
vt 0.065775 0.678160
vt 0.065775 0.670966
vt 0.089154 0.665571
vt 0.083759 0.678160
vt 0.083759 0.670966
vt 0.076565 0.670966
vt 0.076565 0.678160
vt 0.058581 0.660176
vt 0.071170 0.647587
vt 0.065775 0.660176
vt 0.065775 0.652982
vt 0.098649 0.900874
vt 0.089657 0.918858
vt 0.089657 0.900874
vt 0.098649 0.846921
vt 0.089657 0.864905
vt 0.089657 0.846921
vt 0.116633 0.882890
vt 0.098649 0.882890
vt 0.089657 0.882890
vt 0.098649 0.864905
vt 0.208565 0.864905
vt 0.226550 0.882890
vt 0.208565 0.882890
vt 0.199573 0.864905
vt 0.199573 0.882890
vt 0.235542 0.900874
vt 0.226550 0.900874
vt 0.226550 0.846921
vt 0.235542 0.864905
vt 0.226550 0.864905
vt 0.235542 0.882890
vt 0.107641 0.647587
vt 0.125625 0.629603
vt 0.107641 0.629603
vt 0.107641 0.701539
vt 0.125625 0.683555
vt 0.107641 0.683555
vt 0.089657 0.683555
vt 0.107641 0.665571
vt 0.089657 0.665571
vt 0.125625 0.647587
vt 0.125625 0.665571
vt 0.143609 0.665571
vt 0.143609 0.683555
vt 0.037771 0.937345
vt 0.052304 0.919361
vt 0.035202 0.919361
vt 0.343949 0.811456
vt 0.358483 0.829440
vt 0.361052 0.811456
vt 0.193147 0.937345
vt 0.176045 0.919361
vt 0.176045 0.937345
vt 0.240797 0.955832
vt 0.252761 0.937848
vt 0.240797 0.937848
vt 0.334527 0.843431
vt 0.332492 0.838935
vt 0.334527 0.838935
vt 0.324377 0.843431
vt 0.322342 0.838935
vt 0.324377 0.838935
vt 0.035202 0.755995
vt 0.053186 0.738011
vt 0.035202 0.738011
vt 0.053186 0.720026
vt 0.071170 0.702042
vt 0.053186 0.702042
vt 0.053186 0.773979
vt 0.071170 0.755995
vt 0.053186 0.755995
vt 0.058581 0.743406
vt 0.065775 0.750600
vt 0.071170 0.738011
vt 0.065775 0.743406
vt 0.083759 0.743406
vt 0.089154 0.755995
vt 0.089154 0.738011
vt 0.076565 0.750600
vt 0.058581 0.725422
vt 0.065775 0.732615
vt 0.071170 0.720026
vt 0.065775 0.725422
vt 0.117136 0.918858
vt 0.126128 0.900874
vt 0.117136 0.900874
vt 0.117136 0.864905
vt 0.126128 0.846921
vt 0.117136 0.846921
vt 0.144112 0.882890
vt 0.126128 0.882890
vt 0.117136 0.882890
vt 0.126128 0.864905
vt 0.263021 0.882890
vt 0.245036 0.864905
vt 0.245036 0.882890
vt 0.236044 0.864905
vt 0.236044 0.882890
vt 0.272013 0.900874
vt 0.263021 0.900874
vt 0.272013 0.864905
vt 0.263021 0.846921
vt 0.263021 0.864905
vt 0.272013 0.882890
vt 0.125625 0.702042
vt 0.107641 0.720026
vt 0.107641 0.702042
vt 0.125625 0.755995
vt 0.107641 0.773979
vt 0.107641 0.755995
vt 0.107641 0.738011
vt 0.089657 0.755995
vt 0.089657 0.738011
vt 0.125625 0.720026
vt 0.125625 0.738011
vt 0.143609 0.738011
vt 0.143609 0.755995
vt 0.055376 0.937345
vt 0.069910 0.919361
vt 0.052807 0.919361
vt 0.344198 0.901377
vt 0.358731 0.919361
vt 0.361300 0.901377
vt 0.326089 0.937848
vt 0.308987 0.919864
vt 0.308987 0.937848
vt 0.253264 0.955832
vt 0.265228 0.937848
vt 0.253264 0.937848
vt 0.336704 0.833936
vt 0.334669 0.829440
vt 0.336704 0.829440
vt 0.326915 0.843431
vt 0.324880 0.838935
vt 0.326915 0.838935
vt 0.245036 0.901376
vt 0.263021 0.910369
vt 0.263021 0.901377
vt 0.245036 0.910369
vt 0.263021 0.928353
vt 0.236044 0.910369
vt 0.245036 0.928353
vt 0.263021 0.937345
vt 0.272013 0.928353
vt 0.272013 0.910369
vt 0.144112 0.683555
vt 0.162096 0.665571
vt 0.144112 0.665571
vt 0.162096 0.647587
vt 0.180081 0.629603
vt 0.162096 0.629603
vt 0.162096 0.701539
vt 0.180081 0.683555
vt 0.162096 0.683555
vt 0.167492 0.678160
vt 0.167492 0.670966
vt 0.174685 0.678160
vt 0.180081 0.665571
vt 0.174685 0.670966
vt 0.192670 0.678160
vt 0.198065 0.683555
vt 0.198065 0.665571
vt 0.185476 0.678160
vt 0.167492 0.660176
vt 0.167492 0.652982
vt 0.174685 0.660176
vt 0.180081 0.647587
vt 0.174685 0.652982
vt 0.144615 0.918858
vt 0.153607 0.900874
vt 0.144615 0.900874
vt 0.144615 0.864905
vt 0.153607 0.846921
vt 0.144615 0.846921
vt 0.171591 0.882890
vt 0.153607 0.882890
vt 0.144615 0.882890
vt 0.153607 0.864905
vt 0.180081 0.702042
vt 0.162096 0.720026
vt 0.162096 0.702042
vt 0.180081 0.755995
vt 0.162096 0.773979
vt 0.162096 0.755995
vt 0.162096 0.738011
vt 0.144112 0.755995
vt 0.144112 0.738011
vt 0.180081 0.720026
vt 0.180081 0.738011
vt 0.198065 0.738011
vt 0.198065 0.755995
vt 0.072982 0.937345
vt 0.087515 0.919361
vt 0.084946 0.937345
vt 0.344198 0.919864
vt 0.358731 0.937848
vt 0.346767 0.937848
vt 0.326592 0.901377
vt 0.343695 0.919361
vt 0.326592 0.919361
vt 0.277695 0.937848
vt 0.265731 0.955832
vt 0.265731 0.937848
vt 0.335030 0.838935
vt 0.337065 0.843431
vt 0.337065 0.838935
vt 0.327417 0.838935
vt 0.329452 0.843431
vt 0.329452 0.838935
vt 0.053186 0.810450
vt 0.035202 0.828434
vt 0.035202 0.810450
vt 0.071170 0.774482
vt 0.053186 0.792466
vt 0.053186 0.774482
vt 0.071170 0.828434
vt 0.053186 0.846418
vt 0.053186 0.828434
vt 0.058581 0.823039
vt 0.071170 0.810450
vt 0.065775 0.823039
vt 0.065775 0.815845
vt 0.089154 0.810450
vt 0.083759 0.823039
vt 0.083759 0.815845
vt 0.076565 0.823039
vt 0.089154 0.828434
vt 0.058581 0.805055
vt 0.071170 0.792466
vt 0.065775 0.805055
vt 0.065775 0.797861
vt 0.181086 0.900874
vt 0.172094 0.918858
vt 0.172094 0.900874
vt 0.181086 0.846921
vt 0.172094 0.864905
vt 0.172094 0.846921
vt 0.199070 0.882890
vt 0.181086 0.882890
vt 0.172094 0.882890
vt 0.181086 0.864905
vt 0.107641 0.792466
vt 0.125625 0.774482
vt 0.107641 0.774482
vt 0.107641 0.846418
vt 0.125625 0.828434
vt 0.107641 0.828434
vt 0.089657 0.828434
vt 0.107641 0.810450
vt 0.089657 0.810450
vt 0.125625 0.792466
vt 0.125625 0.810450
vt 0.143609 0.810450
vt 0.143609 0.828434
vt 0.102551 0.937345
vt 0.088018 0.919361
vt 0.090587 0.937345
vt 0.037771 0.955832
vt 0.052304 0.937848
vt 0.035202 0.937848
vt 0.360769 0.864905
vt 0.343666 0.846921
vt 0.343666 0.864905
vt 0.278198 0.955832
vt 0.290162 0.937848
vt 0.278198 0.937848
vt 0.339241 0.833936
vt 0.337207 0.829440
vt 0.339241 0.829440
vt 0.195685 0.923857
vt 0.193650 0.919361
vt 0.195685 0.919361
vt 0.281508 0.901377
vt 0.299492 0.910369
vt 0.299492 0.901377
vt 0.281508 0.910369
vt 0.299492 0.928353
vt 0.272516 0.910369
vt 0.281508 0.928353
vt 0.299492 0.937345
vt 0.308484 0.928353
vt 0.308484 0.910369
vt 0.144112 0.828434
vt 0.162096 0.810450
vt 0.144112 0.810450
vt 0.162096 0.792466
vt 0.180081 0.774482
vt 0.162096 0.774482
vt 0.162096 0.846418
vt 0.180081 0.828434
vt 0.162096 0.828434
vt 0.167492 0.815845
vt 0.174685 0.823039
vt 0.180081 0.810450
vt 0.174685 0.815845
vt 0.192670 0.815845
vt 0.198065 0.828434
vt 0.198065 0.810450
vt 0.185476 0.823039
vt 0.167492 0.805055
vt 0.167492 0.797861
vt 0.174685 0.805055
vt 0.180081 0.792466
vt 0.174685 0.797861
vt 0.281508 0.882890
vt 0.299492 0.864905
vt 0.281508 0.864905
vt 0.272516 0.864905
vt 0.272516 0.882890
vt 0.308484 0.900874
vt 0.299492 0.882890
vt 0.299492 0.900874
vt 0.308484 0.864905
vt 0.299492 0.846921
vt 0.308484 0.882890
vt 0.234536 0.629603
vt 0.216552 0.647587
vt 0.216552 0.629603
vt 0.234536 0.683555
vt 0.216552 0.701539
vt 0.216552 0.683555
vt 0.216552 0.665571
vt 0.198568 0.683555
vt 0.198568 0.665571
vt 0.234536 0.647587
vt 0.234536 0.665571
vt 0.252520 0.665571
vt 0.252520 0.683555
vt 0.108192 0.937345
vt 0.122726 0.919361
vt 0.120157 0.937345
vt 0.052807 0.937848
vt 0.067340 0.955832
vt 0.055376 0.955832
vt 0.343666 0.865408
vt 0.360769 0.883392
vt 0.343666 0.883392
vt 0.302630 0.937848
vt 0.290665 0.955832
vt 0.290665 0.937848
vt 0.196188 0.929358
vt 0.198222 0.933855
vt 0.198222 0.929358
vt 0.196188 0.919361
vt 0.198222 0.923857
vt 0.198222 0.919361
vt 0.216552 0.738011
vt 0.198568 0.755995
vt 0.198568 0.738011
vt 0.234536 0.702042
vt 0.216552 0.720026
vt 0.216552 0.702042
vt 0.234536 0.755995
vt 0.216552 0.773979
vt 0.216552 0.755995
vt 0.221947 0.750600
vt 0.234536 0.738011
vt 0.229141 0.750600
vt 0.229141 0.743406
vt 0.252520 0.738011
vt 0.247125 0.750600
vt 0.247125 0.743406
vt 0.239931 0.743406
vt 0.239931 0.750600
vt 0.221947 0.732615
vt 0.234536 0.720026
vt 0.229141 0.732615
vt 0.229141 0.725422
vt 0.316470 0.665571
vt 0.334455 0.647587
vt 0.334455 0.665571
vt 0.307478 0.647587
vt 0.307478 0.665571
vt 0.343447 0.683555
vt 0.334455 0.683555
vt 0.334455 0.629603
vt 0.343447 0.647587
vt 0.343447 0.665571
vt 0.216552 0.792466
vt 0.234536 0.774482
vt 0.216552 0.774482
vt 0.216552 0.846418
vt 0.234536 0.828434
vt 0.216552 0.828434
vt 0.198568 0.828434
vt 0.216552 0.810450
vt 0.198568 0.810450
vt 0.234536 0.792466
vt 0.234536 0.810450
vt 0.252520 0.810450
vt 0.252520 0.828434
vt 0.123229 0.919361
vt 0.137762 0.937345
vt 0.125798 0.937345
vt 0.087515 0.937848
vt 0.072982 0.955832
vt 0.070412 0.937848
vt 0.343949 0.629603
vt 0.361052 0.647587
vt 0.343949 0.647587
vt 0.320951 0.938351
vt 0.308987 0.956335
vt 0.308987 0.938351
vt 0.337567 0.838935
vt 0.339602 0.843431
vt 0.339602 0.838935
vt 0.329955 0.838935
vt 0.331990 0.843431
vt 0.331990 0.838935
vt 0.334454 0.801961
vt 0.316470 0.792969
vt 0.334455 0.792969
vt 0.334454 0.819945
vt 0.316470 0.801961
vt 0.316470 0.819945
vt 0.307478 0.801961
vt 0.334454 0.828937
vt 0.343447 0.819945
vt 0.343447 0.801961
vt 0.271007 0.665571
vt 0.253023 0.683555
vt 0.253023 0.665571
vt 0.288991 0.629603
vt 0.271007 0.647587
vt 0.271007 0.629603
vt 0.288991 0.683555
vt 0.271007 0.701539
vt 0.271007 0.683555
vt 0.276402 0.678160
vt 0.288991 0.665571
vt 0.283596 0.678160
vt 0.283596 0.670966
vt 0.306975 0.665571
vt 0.301580 0.678160
vt 0.301580 0.670966
vt 0.294387 0.678160
vt 0.306975 0.683555
vt 0.276402 0.660176
vt 0.288991 0.647587
vt 0.283596 0.660176
vt 0.283596 0.652982
vt 0.271007 0.720026
vt 0.288991 0.702042
vt 0.271007 0.702042
vt 0.271007 0.773979
vt 0.288991 0.755995
vt 0.271007 0.755995
vt 0.253023 0.755995
vt 0.271007 0.738011
vt 0.253023 0.738011
vt 0.288991 0.720026
vt 0.288991 0.738011
vt 0.306975 0.738011
vt 0.306975 0.755995
vt 0.143403 0.937345
vt 0.157937 0.919361
vt 0.140834 0.919361
vt 0.088018 0.937848
vt 0.102551 0.955832
vt 0.105120 0.937848
vt 0.361052 0.666074
vt 0.343949 0.648090
vt 0.343949 0.666074
vt 0.321454 0.956335
vt 0.333418 0.938351
vt 0.321454 0.938351
vt 0.341779 0.833936
vt 0.339744 0.829440
vt 0.341779 0.829440
vt 0.334166 0.833936
vt 0.332132 0.829440
vt 0.334166 0.829440
vt 0.253023 0.828434
vt 0.271007 0.810450
vt 0.253023 0.810450
vt 0.271007 0.792466
vt 0.288991 0.774482
vt 0.271007 0.774482
vt 0.271007 0.846418
vt 0.288991 0.828434
vt 0.271007 0.828434
vt 0.276402 0.823039
vt 0.276402 0.815845
vt 0.283596 0.823039
vt 0.288991 0.810450
vt 0.283596 0.815845
vt 0.306975 0.810450
vt 0.301580 0.815845
vt 0.294387 0.823039
vt 0.276402 0.797861
vt 0.283596 0.805055
vt 0.288991 0.792466
vt 0.283596 0.797861
vt 0.316470 0.647587
vt 0.071170 0.846921
vt 0.053186 0.864905
vt 0.053186 0.846921
vt 0.071170 0.900874
vt 0.053186 0.918858
vt 0.053186 0.900874
vt 0.053186 0.882890
vt 0.035202 0.900874
vt 0.035202 0.882890
vt 0.071170 0.864905
vt 0.071170 0.882890
vt 0.089154 0.882890
vt 0.089154 0.900874
vt 0.122460 0.955832
vt 0.108914 0.937848
vt 0.121363 0.937848
vt 0.345448 0.774482
vt 0.358995 0.756498
vt 0.357898 0.774482
vt 0.345448 0.792466
vt 0.358995 0.738513
vt 0.342158 0.756498
vt 0.342158 0.738513
vt 0.140834 0.955832
vt 0.154381 0.937848
vt 0.157671 0.955832
vt 0.324818 0.702042
vt 0.338365 0.720026
vt 0.325915 0.720026
vt 0.325915 0.738011
vt 0.341655 0.684058
vt 0.324818 0.684058
vt 0.158174 0.955832
vt 0.171720 0.937848
vt 0.175011 0.955832
vt 0.324818 0.756498
vt 0.338365 0.774482
vt 0.325915 0.774482
vt 0.325915 0.792466
vt 0.338365 0.792466
vt 0.341655 0.738513
vt 0.324818 0.738513
vt 0.210487 0.955832
vt 0.196941 0.937848
vt 0.209390 0.937848
vt 0.329617 0.882890
vt 0.343164 0.864905
vt 0.342067 0.882890
vt 0.329617 0.900874
vt 0.343164 0.846921
vt 0.326327 0.864905
vt 0.326327 0.846921
vt 0.189591 0.937848
vt 0.176045 0.955832
vt 0.177142 0.937848
vt 0.324315 0.720026
vt 0.310769 0.702042
vt 0.323218 0.702042
vt 0.310769 0.684058
vt 0.323218 0.684058
vt 0.307478 0.720026
vt 0.324315 0.738011
vt 0.307478 0.738011
vt 0.136775 0.937848
vt 0.123229 0.955832
vt 0.124325 0.937848
vt 0.312277 0.864905
vt 0.325824 0.882890
vt 0.308987 0.882890
vt 0.312277 0.846921
vt 0.324727 0.864905
vt 0.308987 0.900874
vt 0.330148 0.937848
vt 0.343695 0.919864
vt 0.342598 0.937848
vt 0.355705 0.720026
vt 0.342158 0.702042
vt 0.358995 0.702042
vt 0.358995 0.684058
vt 0.342158 0.684058
vt 0.355705 0.738011
vt 0.343255 0.720026
vt 0.227827 0.937848
vt 0.214281 0.955832
vt 0.210990 0.937848
vt 0.324315 0.774482
vt 0.310769 0.756498
vt 0.323218 0.756498
vt 0.324315 0.792466
vt 0.307478 0.774482
vt 0.323218 0.738513
vt 0.310769 0.738513
vt 0.319805 0.838432
vt 0.321051 0.829440
vt 0.321051 0.838432
vt 0.312222 0.842928
vt 0.310976 0.829440
vt 0.312222 0.829440
vt 0.328133 0.829440
vt 0.328963 0.838432
vt 0.328133 0.838432
vt 0.317139 0.829440
vt 0.317969 0.842928
vt 0.317139 0.842928
vt 0.322800 0.838432
vt 0.321554 0.829440
vt 0.321554 0.838432
vt 0.310473 0.829440
vt 0.309227 0.842928
vt 0.310473 0.842928
vt 0.327630 0.838432
vt 0.326800 0.829440
vt 0.326800 0.838432
vt 0.315806 0.842928
vt 0.316636 0.829440
vt 0.315806 0.829440
vt 0.325051 0.829440
vt 0.326297 0.838432
vt 0.326297 0.829440
vt 0.313971 0.842928
vt 0.312725 0.829440
vt 0.312725 0.842928
vt 0.330296 0.838432
vt 0.329466 0.829440
vt 0.329466 0.838432
vt 0.318472 0.842928
vt 0.319302 0.829440
vt 0.318472 0.829440
vt 0.323303 0.838432
vt 0.324549 0.829440
vt 0.324549 0.838432
vt 0.308724 0.829440
vt 0.307478 0.842928
vt 0.307478 0.829440
vt 0.331629 0.838432
vt 0.330799 0.829440
vt 0.331629 0.829440
vt 0.314474 0.829440
vt 0.315304 0.842928
vt 0.314474 0.842928
vt 0.141694 0.210819
vt 0.170959 0.181555
vt 0.229671 0.210819
vt 0.258935 0.181555
vt 0.141694 0.328060
vt 0.170959 0.298796
vt 0.229671 0.328060
vt 0.258935 0.298796
vt 0.317647 0.210819
vt 0.346912 0.181555
vt 0.317647 0.328060
vt 0.346912 0.298796
vt 0.141694 0.445302
vt 0.170959 0.416037
vt 0.229671 0.445302
vt 0.258935 0.416037
vt 0.317647 0.445302
vt 0.346912 0.416037
vt 0.875223 0.930034
vt 0.900359 0.909406
vt 0.918874 0.864706
vt 0.900359 0.803670
vt 0.811748 0.776791
vt 0.771520 0.803671
vt 0.756192 0.832347
vt 0.756192 0.880729
vt 0.811748 0.936285
vt 0.308987 0.901377
vt 0.361052 0.792969
vt 0.175542 0.919361
vt 0.240294 0.955832
vt 0.196188 0.928856
vt 0.319805 0.843431
vt 0.199573 0.928353
vt 0.208565 0.937345
vt 0.071170 0.701539
vt 0.058581 0.670966
vt 0.089154 0.683555
vt 0.058581 0.652982
vt 0.098649 0.918858
vt 0.116633 0.900874
vt 0.235542 0.846921
vt 0.125625 0.701539
vt 0.049735 0.937345
vt 0.346519 0.829440
vt 0.193147 0.919361
vt 0.252761 0.955832
vt 0.332492 0.843431
vt 0.322342 0.843431
vt 0.071170 0.773979
vt 0.058581 0.750600
vt 0.076565 0.743406
vt 0.083759 0.750600
vt 0.058581 0.732615
vt 0.126128 0.918858
vt 0.144112 0.900874
vt 0.272013 0.846921
vt 0.125625 0.773979
vt 0.067340 0.937345
vt 0.346767 0.919361
vt 0.326089 0.919864
vt 0.265228 0.955832
vt 0.334669 0.833936
vt 0.324880 0.843431
vt 0.236044 0.928353
vt 0.245036 0.937345
vt 0.180081 0.701539
vt 0.185476 0.670966
vt 0.192670 0.670966
vt 0.153607 0.918858
vt 0.171591 0.900874
vt 0.180081 0.773979
vt 0.070412 0.919361
vt 0.361300 0.919864
vt 0.343695 0.901377
vt 0.277695 0.955832
vt 0.335030 0.843431
vt 0.327417 0.843431
vt 0.071170 0.846418
vt 0.058581 0.815845
vt 0.076565 0.815845
vt 0.058581 0.797861
vt 0.181086 0.918858
vt 0.199070 0.900874
vt 0.125625 0.846418
vt 0.105120 0.919361
vt 0.049735 0.955832
vt 0.360769 0.846921
vt 0.290162 0.955832
vt 0.337207 0.833936
vt 0.193650 0.923857
vt 0.272516 0.928353
vt 0.281508 0.937345
vt 0.180081 0.846418
vt 0.167492 0.823039
vt 0.185476 0.815845
vt 0.192670 0.823039
vt 0.308484 0.846921
vt 0.234536 0.701539
vt 0.105623 0.919361
vt 0.069910 0.937848
vt 0.360769 0.865408
vt 0.302630 0.955832
vt 0.196188 0.933855
vt 0.196188 0.923857
vt 0.234536 0.773979
vt 0.221947 0.743406
vt 0.252520 0.755995
vt 0.221947 0.725422
vt 0.343447 0.629603
vt 0.234536 0.846418
vt 0.140331 0.919361
vt 0.084946 0.955832
vt 0.361052 0.629603
vt 0.320951 0.956335
vt 0.337567 0.843431
vt 0.329955 0.843431
vt 0.307478 0.819945
vt 0.316470 0.828937
vt 0.288991 0.701539
vt 0.276402 0.670966
vt 0.294387 0.670966
vt 0.276402 0.652982
vt 0.288991 0.773979
vt 0.155367 0.937345
vt 0.090587 0.955832
vt 0.361052 0.648090
vt 0.333418 0.956335
vt 0.339744 0.833936
vt 0.332132 0.833936
vt 0.288991 0.846418
vt 0.294387 0.815845
vt 0.301580 0.823039
vt 0.306975 0.828434
vt 0.276402 0.805055
vt 0.071170 0.918858
vt 0.105623 0.955832
vt 0.357898 0.792466
vt 0.141931 0.937848
vt 0.341655 0.702042
vt 0.338365 0.738011
vt 0.159271 0.937848
vt 0.341655 0.756498
vt 0.193650 0.955832
vt 0.342067 0.900874
vt 0.192882 0.955832
vt 0.140066 0.955832
vt 0.324727 0.846921
vt 0.325824 0.900874
vt 0.326858 0.919864
vt 0.343255 0.738011
vt 0.226730 0.955832
vt 0.307478 0.792466
vt 0.319805 0.829440
vt 0.310976 0.842928
vt 0.328963 0.829440
vt 0.317969 0.829440
vt 0.322800 0.829440
vt 0.309227 0.829440
vt 0.327630 0.829440
vt 0.316636 0.842928
vt 0.325051 0.838432
vt 0.313971 0.829440
vt 0.330296 0.829440
vt 0.319302 0.842928
vt 0.323303 0.829440
vt 0.308724 0.842928
vt 0.330799 0.838432
vt 0.315304 0.829440
s 0
usemtl マテリアル
f 2/1/1 3/2/1 1/3/1
f 4/4/2 7/5/2 3/2/2
f 8/6/3 5/7/3 7/5/3
f 6/8/4 1/9/4 5/7/4
f 7/5/5 1/10/5 3/11/5
f 4/12/6 6/8/6 8/6/6
f 10/13/1 11/14/1 9/15/1
f 12/16/2 15/17/2 11/14/2
f 16/18/3 13/19/3 15/17/3
f 14/20/4 9/21/4 13/19/4
f 15/17/5 9/22/5 11/23/5
f 12/24/6 14/20/6 16/18/6
f 18/25/1 19/26/1 17/27/1
f 20/28/2 23/29/2 19/26/2
f 24/30/3 21/31/3 23/29/3
f 22/32/4 17/33/4 21/31/4
f 23/29/5 17/34/5 19/35/5
f 20/36/6 22/32/6 24/30/6
f 26/37/1 27/38/1 25/39/1
f 28/40/2 31/41/2 27/38/2
f 32/42/3 29/43/3 31/41/3
f 30/44/4 25/45/4 29/43/4
f 31/41/5 25/46/5 27/47/5
f 28/48/6 30/44/6 32/42/6
f 34/49/1 35/50/1 33/51/1
f 36/52/2 39/53/2 35/50/2
f 40/54/3 37/55/3 39/53/3
f 38/56/4 33/57/4 37/55/4
f 39/53/5 33/58/5 35/59/5
f 36/60/6 38/56/6 40/54/6
f 42/61/1 43/62/1 41/63/1
f 44/64/2 47/65/2 43/62/2
f 48/66/3 45/67/3 47/65/3
f 46/68/4 41/69/4 45/67/4
f 47/65/5 41/70/5 43/71/5
f 44/72/6 46/68/6 48/66/6
f 50/73/1 51/74/1 49/75/1
f 52/76/2 55/77/2 51/74/2
f 56/78/3 53/79/3 55/77/3
f 54/80/4 49/81/4 53/79/4
f 55/77/5 49/82/5 51/83/5
f 52/84/6 54/80/6 56/78/6
f 58/85/1 59/86/1 57/87/1
f 60/88/2 63/89/2 59/86/2
f 64/90/3 61/91/3 63/89/3
f 62/92/4 57/93/4 61/91/4
f 63/89/5 57/94/5 59/95/5
f 60/96/6 62/92/6 64/90/6
f 66/97/1 67/98/1 65/99/1
f 68/100/2 71/101/2 67/98/2
f 72/102/3 69/103/3 71/101/3
f 70/104/4 65/105/4 69/103/4
f 71/101/5 65/106/5 67/107/5
f 68/108/6 70/104/6 72/102/6
f 88/109/2 96/110/2 104/111/2
f 645/112/7 390/113/7 642/114/7
f 394/115/8 107/116/8 106/117/8
f 642/114/9 386/118/9 638/119/9
f 638/119/10 382/120/10 634/121/10
f 630/122/11 382/120/11 378/123/11
f 630/122/12 374/124/12 626/125/12
f 626/125/13 370/126/13 622/127/13
f 622/127/14 366/128/14 618/129/14
f 618/129/15 362/130/15 614/131/15
f 614/131/16 358/132/16 610/133/16
f 610/133/17 354/134/17 606/135/17
f 606/135/18 350/136/18 602/137/18
f 602/137/19 346/138/19 598/139/19
f 598/139/20 342/140/20 594/141/20
f 594/141/21 338/142/21 590/143/21
f 590/143/22 334/144/22 586/145/22
f 586/145/23 330/146/23 582/147/23
f 582/147/24 326/148/24 578/149/24
f 578/149/25 322/150/25 574/151/25
f 570/152/26 322/150/26 318/153/26
f 570/152/27 314/154/27 566/155/27
f 562/156/28 314/154/28 310/157/28
f 558/158/29 310/157/29 306/159/29
f 558/158/30 302/160/30 554/161/30
f 554/161/31 298/162/31 550/163/31
f 550/163/32 294/164/32 546/165/32
f 546/165/33 290/166/33 542/167/33
f 542/167/34 286/168/34 538/169/34
f 538/169/35 282/170/35 534/171/35
f 534/171/36 278/172/36 530/173/36
f 530/173/37 274/174/37 526/175/37
f 522/176/38 265/177/38 645/178/38
f 137/179/39 106/180/39 138/181/39
f 138/181/40 107/182/40 139/183/40
f 140/184/41 107/182/41 108/185/41
f 140/184/42 109/186/42 141/187/42
f 142/188/43 109/186/43 110/189/43
f 143/190/44 110/189/44 111/191/44
f 143/190/45 112/192/45 144/193/45
f 144/193/46 113/194/46 145/195/46
f 146/196/47 113/194/47 114/197/47
f 147/198/48 114/197/48 115/199/48
f 147/198/49 116/200/49 148/201/49
f 148/201/50 117/202/50 149/203/50
f 149/203/51 118/204/51 150/205/51
f 151/206/52 118/204/52 119/207/52
f 152/208/53 119/207/53 120/209/53
f 152/208/54 121/210/54 153/211/54
f 154/212/55 121/210/55 122/213/55
f 155/214/56 122/213/56 123/215/56
f 155/214/57 124/216/57 156/217/57
f 157/218/58 124/216/58 125/219/58
f 158/220/59 125/219/59 126/221/59
f 158/220/60 127/222/60 159/223/60
f 159/223/61 128/224/61 160/225/61
f 161/226/62 128/224/62 129/227/62
f 161/226/63 130/228/63 162/229/63
f 163/230/64 130/228/64 131/231/64
f 163/230/65 132/232/65 164/233/65
f 164/233/66 133/234/66 165/235/66
f 166/236/67 133/234/67 134/237/67
f 166/236/68 135/238/68 167/239/68
f 167/239/69 136/240/69 168/241/69
f 137/179/70 136/240/70 105/242/70
f 73/243/71 138/181/71 74/244/71
f 75/245/72 138/181/72 139/183/72
f 76/246/73 139/183/73 140/184/73
f 77/247/74 140/184/74 141/187/74
f 78/248/75 141/187/75 142/188/75
f 78/248/76 143/190/76 79/249/76
f 79/249/77 144/193/77 80/250/77
f 80/250/78 145/195/78 81/251/78
f 82/252/79 145/195/79 146/196/79
f 82/252/80 147/198/80 83/253/80
f 83/253/81 148/201/81 84/254/81
f 85/255/82 148/201/82 149/203/82
f 86/256/83 149/203/83 150/205/83
f 87/257/84 150/205/84 151/206/84
f 88/109/85 151/206/85 152/208/85
f 89/258/86 152/208/86 153/211/86
f 89/258/87 154/212/87 90/259/87
f 90/259/88 155/214/88 91/260/88
f 91/260/89 156/217/89 92/261/89
f 92/261/90 157/218/90 93/262/90
f 93/262/91 158/220/91 94/263/91
f 95/264/92 158/220/92 159/223/92
f 95/264/93 160/225/93 96/110/93
f 96/110/94 161/226/94 97/265/94
f 98/266/95 161/226/95 162/229/95
f 99/267/96 162/229/96 163/230/96
f 100/268/97 163/230/97 164/233/97
f 100/268/98 165/235/98 101/269/98
f 101/269/99 166/236/99 102/270/99
f 103/271/100 166/236/100 167/239/100
f 103/271/101 168/241/101 104/111/101
f 73/243/102 168/241/102 137/179/102
f 398/272/37 108/273/37 107/116/37
f 517/274/38 106/117/38 105/275/38
f 402/276/36 109/277/36 108/273/36
f 406/278/35 110/279/35 109/277/35
f 410/280/34 111/281/34 110/279/34
f 414/282/33 112/283/33 111/281/33
f 418/284/32 113/285/32 112/283/32
f 422/286/31 114/287/31 113/285/31
f 426/288/30 115/289/30 114/287/30
f 430/290/29 116/291/29 115/289/29
f 434/292/28 117/293/28 116/291/28
f 438/294/27 118/295/27 117/293/27
f 442/296/26 119/297/26 118/295/26
f 446/298/25 120/299/25 119/297/25
f 450/300/24 121/301/24 120/299/24
f 454/302/23 122/303/23 121/301/23
f 458/304/22 123/305/22 122/303/22
f 462/306/21 124/307/21 123/305/21
f 466/308/20 125/309/20 124/307/20
f 470/310/19 126/311/19 125/309/19
f 474/312/18 127/313/18 126/311/18
f 127/313/17 482/314/17 128/315/17
f 482/314/16 129/316/16 128/315/16
f 486/317/15 130/318/15 129/316/15
f 130/318/14 494/319/14 131/320/14
f 494/319/13 132/321/13 131/320/13
f 498/322/12 133/323/12 132/321/12
f 502/324/11 134/325/11 133/323/11
f 506/326/10 135/327/10 134/325/10
f 510/328/9 136/329/9 135/327/9
f 514/330/7 105/331/7 136/329/7
f 203/116/8 521/115/8 202/117/8
f 182/332/4 178/333/4 170/334/4
f 526/175/8 270/335/8 522/176/8
f 385/118/9 513/114/9 509/119/9
f 381/120/10 509/119/10 505/121/10
f 377/123/11 505/121/11 501/122/11
f 497/125/12 377/123/12 501/122/12
f 369/126/13 497/125/13 493/127/13
f 365/128/14 493/127/14 489/129/14
f 361/130/15 489/129/15 485/131/15
f 357/132/16 485/131/16 481/133/16
f 353/134/17 481/133/17 477/135/17
f 349/136/18 477/135/18 473/137/18
f 469/139/19 349/136/19 473/137/19
f 341/140/20 469/139/20 465/141/20
f 461/143/21 341/140/21 465/141/21
f 333/144/22 461/143/22 457/145/22
f 329/146/23 457/145/23 453/147/23
f 325/148/24 453/147/24 449/149/24
f 321/150/25 449/149/25 445/151/25
f 317/153/26 445/151/26 441/152/26
f 437/155/27 317/153/27 441/152/27
f 309/157/28 437/155/28 433/156/28
f 305/159/29 433/156/29 429/158/29
f 301/160/30 429/158/30 425/161/30
f 297/162/31 425/161/31 421/163/31
f 293/164/32 421/163/32 417/165/32
f 289/166/33 417/165/33 413/167/33
f 285/168/34 413/167/34 409/169/34
f 281/170/35 409/169/35 405/171/35
f 401/173/36 281/170/36 405/171/36
f 273/174/37 401/173/37 397/336/37
f 269/335/8 397/336/8 393/176/8
f 389/113/7 518/112/7 513/114/7
f 234/337/103 201/338/103 233/339/103
f 203/340/104 234/337/104 235/341/104
f 236/342/105 203/340/105 235/341/105
f 205/343/106 236/342/106 237/344/106
f 238/345/107 205/343/107 237/344/107
f 239/346/108 206/347/108 238/345/108
f 208/348/109 239/346/109 240/349/109
f 209/350/110 240/349/110 241/351/110
f 242/352/111 209/350/111 241/351/111
f 243/353/112 210/354/112 242/352/112
f 212/355/113 243/353/113 244/356/113
f 213/357/114 244/356/114 245/358/114
f 214/359/115 245/358/115 246/360/115
f 215/361/116 246/360/116 247/362/116
f 216/363/117 247/362/117 248/364/117
f 249/365/118 216/363/118 248/364/118
f 218/366/119 249/365/119 250/367/119
f 251/368/120 218/366/120 250/367/120
f 252/369/121 219/370/121 251/368/121
f 221/371/122 252/369/122 253/372/122
f 254/373/123 221/371/123 253/372/123
f 223/374/124 254/373/124 255/375/124
f 224/376/125 255/375/125 256/377/125
f 257/378/126 224/376/126 256/377/126
f 226/379/127 257/378/127 258/380/127
f 259/381/128 226/379/128 258/380/128
f 260/382/129 227/383/129 259/381/129
f 261/384/130 228/385/130 260/382/130
f 262/386/131 229/387/131 261/384/131
f 231/388/132 262/386/132 263/389/132
f 232/390/133 263/389/133 264/391/133
f 201/338/134 264/391/134 233/339/134
f 234/337/135 169/392/135 170/334/135
f 235/341/136 170/334/136 171/393/136
f 236/342/137 171/393/137 172/394/137
f 237/344/138 172/394/138 173/395/138
f 238/345/139 173/395/139 174/396/139
f 175/397/140 238/345/140 174/396/140
f 176/398/141 239/346/141 175/397/141
f 241/351/142 176/398/142 177/399/142
f 178/333/143 241/351/143 177/399/143
f 179/400/144 242/352/144 178/333/144
f 244/356/145 179/400/145 180/401/145
f 245/358/146 180/401/146 181/402/146
f 182/332/147 245/358/147 181/402/147
f 247/362/148 182/332/148 183/403/148
f 248/364/149 183/403/149 184/404/149
f 249/365/150 184/404/150 185/405/150
f 250/367/151 185/405/151 186/406/151
f 187/407/152 250/367/152 186/406/152
f 252/369/153 187/407/153 188/408/153
f 253/372/154 188/408/154 189/409/154
f 190/410/155 253/372/155 189/409/155
f 191/411/156 254/373/156 190/410/156
f 256/377/157 191/411/157 192/412/157
f 257/378/158 192/412/158 193/413/158
f 194/414/159 257/378/159 193/413/159
f 195/415/160 258/380/160 194/414/160
f 260/382/161 195/415/161 196/416/161
f 197/417/162 260/382/162 196/416/162
f 198/418/163 261/384/163 197/417/163
f 199/419/164 262/386/164 198/418/164
f 200/420/165 263/389/165 199/419/165
f 233/339/166 200/420/166 169/392/166
f 204/273/37 525/272/37 203/116/37
f 202/117/38 646/274/38 201/275/38
f 205/277/36 529/276/36 204/273/36
f 206/279/35 533/278/35 205/277/35
f 207/281/34 537/280/34 206/279/34
f 208/283/33 541/282/33 207/281/33
f 209/285/32 545/284/32 208/283/32
f 210/287/31 549/421/31 209/285/31
f 210/287/30 557/290/30 553/288/30
f 212/291/29 557/290/29 211/289/29
f 213/293/28 561/292/28 212/291/28
f 214/295/27 565/294/27 213/293/27
f 215/297/26 569/296/26 214/295/26
f 216/299/25 573/298/25 215/297/25
f 217/301/24 577/300/24 216/299/24
f 218/303/23 581/302/23 217/301/23
f 219/305/22 585/304/22 218/303/22
f 220/307/21 589/306/21 219/305/21
f 221/309/20 593/308/20 220/307/20
f 222/311/19 597/310/19 221/309/19
f 223/313/18 601/422/18 222/311/18
f 224/315/17 605/423/17 223/313/17
f 225/316/16 609/314/16 224/315/16
f 226/318/15 613/317/15 225/316/15
f 227/320/14 617/424/14 226/318/14
f 228/321/13 621/319/13 227/320/13
f 229/323/12 625/322/12 228/321/12
f 230/325/11 629/324/11 229/323/11
f 231/327/10 633/326/10 230/325/10
f 232/329/9 637/425/9 231/327/9
f 201/331/7 641/426/7 232/329/7
f 265/427/167 392/428/167 390/113/167
f 267/429/7 391/428/7 392/428/7
f 391/428/168 266/427/168 389/113/168
f 390/113/169 388/430/169 386/118/169
f 392/428/9 387/430/9 388/430/9
f 387/430/170 389/113/170 385/118/170
f 386/118/171 384/431/171 382/120/171
f 388/430/10 383/431/10 384/431/10
f 383/431/172 385/118/172 381/120/172
f 378/123/173 384/431/173 380/432/173
f 384/431/11 379/432/11 380/432/11
f 383/431/174 377/123/174 379/432/174
f 378/123/175 376/433/175 374/124/175
f 380/432/12 375/433/12 376/433/12
f 375/433/176 377/123/176 373/124/176
f 374/124/177 372/434/177 370/126/177
f 376/433/13 371/434/13 372/434/13
f 371/434/178 373/124/178 369/126/178
f 366/128/179 372/434/179 368/435/179
f 368/435/14 371/434/14 367/435/14
f 367/435/180 369/126/180 365/128/180
f 362/130/181 368/435/181 364/436/181
f 368/435/15 363/436/15 364/436/15
f 367/435/182 361/130/182 363/436/182
f 362/130/183 360/437/183 358/132/183
f 364/436/16 359/437/16 360/437/16
f 359/437/184 361/130/184 357/132/184
f 354/134/185 360/437/185 356/438/185
f 356/438/17 359/437/17 355/438/17
f 355/438/186 357/132/186 353/134/186
f 350/136/187 356/438/187 352/439/187
f 356/438/18 351/439/18 352/439/18
f 355/438/188 349/136/188 351/439/188
f 346/138/189 352/439/189 348/440/189
f 352/439/19 347/440/19 348/440/19
f 351/439/190 345/138/190 347/440/190
f 346/138/191 344/441/191 342/140/191
f 348/440/20 343/441/20 344/441/20
f 343/441/192 345/138/192 341/140/192
f 338/142/193 344/441/193 340/442/193
f 344/441/21 339/442/21 340/442/21
f 343/441/194 337/142/194 339/442/194
f 334/144/195 340/442/195 336/443/195
f 340/442/22 335/443/22 336/443/22
f 339/442/196 333/144/196 335/443/196
f 330/146/197 336/443/197 332/444/197
f 336/443/23 331/444/23 332/444/23
f 335/443/198 329/146/198 331/444/198
f 326/148/199 332/444/199 328/445/199
f 332/444/24 327/445/24 328/445/24
f 331/444/200 325/148/200 327/445/200
f 322/150/201 328/445/201 324/446/201
f 328/445/25 323/446/25 324/446/25
f 327/445/202 321/150/202 323/446/202
f 318/153/203 324/446/203 320/447/203
f 324/446/26 319/447/26 320/447/26
f 323/446/204 317/153/204 319/447/204
f 314/154/205 320/447/205 316/448/205
f 320/447/27 315/448/27 316/448/27
f 319/447/206 313/154/206 315/448/206
f 314/154/207 312/449/207 310/157/207
f 316/448/28 311/449/28 312/449/28
f 311/449/208 313/154/208 309/157/208
f 310/157/209 308/450/209 306/159/209
f 312/449/29 307/450/29 308/450/29
f 307/450/210 309/157/210 305/159/210
f 306/159/211 304/451/211 302/160/211
f 308/450/30 303/451/30 304/451/30
f 303/451/212 305/159/212 301/160/212
f 298/162/213 304/451/213 300/452/213
f 304/451/31 299/452/31 300/452/31
f 303/451/214 297/162/214 299/452/214
f 298/162/215 296/453/215 294/164/215
f 300/452/32 295/453/32 296/453/32
f 295/453/216 297/162/216 293/164/216
f 290/166/217 296/453/217 292/454/217
f 296/453/33 291/454/33 292/454/33
f 295/453/218 289/166/218 291/454/218
f 286/168/219 292/454/219 288/455/219
f 292/454/34 287/455/34 288/455/34
f 291/454/220 285/168/220 287/455/220
f 282/170/221 288/455/221 284/456/221
f 288/455/35 283/456/35 284/456/35
f 287/455/222 281/170/222 283/456/222
f 282/170/223 280/457/223 278/172/223
f 284/456/36 279/457/36 280/457/36
f 279/457/224 281/170/224 277/172/224
f 278/172/225 276/458/225 274/174/225
f 280/457/37 275/458/37 276/458/37
f 275/458/226 277/172/226 273/174/226
f 274/174/227 272/459/227 270/335/227
f 276/458/8 271/459/8 272/459/8
f 271/459/228 273/174/228 269/335/228
f 270/335/229 267/460/229 265/177/229
f 272/459/38 268/460/38 267/460/38
f 268/460/230 269/335/230 266/177/230
f 393/176/229 520/461/229 518/178/229
f 395/462/38 519/463/38 520/461/38
f 519/463/230 394/115/230 517/274/230
f 397/336/227 395/462/227 393/176/227
f 399/464/8 396/465/8 395/462/8
f 396/465/228 398/272/228 394/115/228
f 401/173/225 399/464/225 397/336/225
f 403/466/37 400/467/37 399/464/37
f 400/467/226 402/276/226 398/272/226
f 405/171/223 403/466/223 401/173/223
f 407/468/36 404/469/36 403/466/36
f 404/469/224 406/278/224 402/276/224
f 405/171/221 411/470/221 407/468/221
f 411/470/35 408/471/35 407/468/35
f 412/472/222 406/278/222 408/471/222
f 409/169/219 415/473/219 411/470/219
f 415/473/34 412/472/34 411/470/34
f 416/474/220 410/280/220 412/472/220
f 413/167/217 419/475/217 415/473/217
f 419/475/33 416/474/33 415/473/33
f 420/476/218 414/282/218 416/474/218
f 421/163/215 419/475/215 417/165/215
f 423/477/32 420/476/32 419/475/32
f 420/476/216 422/286/216 418/284/216
f 421/163/213 427/478/213 423/477/213
f 427/478/31 424/479/31 423/477/31
f 428/480/214 422/286/214 424/479/214
f 429/158/211 427/478/211 425/161/211
f 431/481/30 428/480/30 427/478/30
f 428/480/212 430/290/212 426/288/212
f 433/156/209 431/481/209 429/158/209
f 435/482/29 432/483/29 431/481/29
f 432/483/210 434/292/210 430/290/210
f 437/155/207 435/482/207 433/156/207
f 439/484/28 436/485/28 435/482/28
f 436/485/208 438/294/208 434/292/208
f 441/152/205 439/484/205 437/155/205
f 443/486/27 440/487/27 439/484/27
f 444/488/206 438/294/206 440/487/206
f 441/152/203 447/489/203 443/486/203
f 447/489/26 444/488/26 443/486/26
f 448/490/204 442/296/204 444/488/204
f 445/151/201 451/491/201 447/489/201
f 451/491/25 448/490/25 447/489/25
f 452/492/202 446/298/202 448/490/202
f 449/149/199 455/493/199 451/491/199
f 455/493/24 452/492/24 451/491/24
f 456/494/200 450/300/200 452/492/200
f 453/147/197 459/495/197 455/493/197
f 459/495/23 456/494/23 455/493/23
f 460/496/198 454/302/198 456/494/198
f 461/143/195 459/495/195 457/145/195
f 463/497/22 460/496/22 459/495/22
f 464/498/196 458/304/196 460/496/196
f 465/141/193 463/497/193 461/143/193
f 467/499/21 464/498/21 463/497/21
f 468/500/194 462/306/194 464/498/194
f 465/141/191 471/501/191 467/499/191
f 471/501/20 468/500/20 467/499/20
f 468/500/192 470/310/192 466/308/192
f 469/139/189 475/502/189 471/501/189
f 475/502/19 472/503/19 471/501/19
f 476/504/190 470/310/190 472/503/190
f 477/135/187 475/502/187 473/137/187
f 479/505/18 476/504/18 475/502/18
f 480/506/188 474/312/188 476/504/188
f 481/133/185 479/505/185 477/135/185
f 483/507/17 480/506/17 479/505/17
f 480/506/186 482/314/186 478/423/186
f 485/131/183 483/507/183 481/133/183
f 487/508/16 484/509/16 483/507/16
f 488/510/184 482/314/184 484/509/184
f 485/131/181 491/511/181 487/508/181
f 491/511/15 488/510/15 487/508/15
f 492/512/182 486/317/182 488/510/182
f 489/129/179 495/513/179 491/511/179
f 495/513/14 492/512/14 491/511/14
f 496/514/180 490/424/180 492/512/180
f 497/125/177 495/513/177 493/127/177
f 499/515/13 496/514/13 495/513/13
f 496/514/178 498/322/178 494/319/178
f 501/122/175 499/515/175 497/125/175
f 503/516/12 500/517/12 499/515/12
f 500/517/176 502/324/176 498/322/176
f 501/122/173 507/518/173 503/516/173
f 503/516/11 508/519/11 504/520/11
f 508/519/174 502/324/174 504/520/174
f 509/119/171 507/518/171 505/121/171
f 511/521/10 508/519/10 507/518/10
f 508/519/172 510/328/172 506/326/172
f 513/114/169 511/521/169 509/119/169
f 515/522/9 512/523/9 511/521/9
f 512/523/170 514/330/170 510/328/170
f 518/112/167 515/522/167 513/114/167
f 520/524/7 516/525/7 515/522/7
f 516/525/168 517/526/168 514/330/168
f 521/115/229 648/463/229 646/274/229
f 523/465/38 647/461/38 648/463/38
f 647/461/230 522/176/230 645/178/230
f 525/272/227 523/465/227 521/115/227
f 527/467/8 524/462/8 523/465/8
f 524/462/228 526/175/228 522/176/228
f 529/276/225 527/467/225 525/272/225
f 531/469/37 528/464/37 527/467/37
f 528/464/226 530/173/226 526/175/226
f 533/278/223 531/469/223 529/276/223
f 535/471/36 532/466/36 531/469/36
f 532/466/224 534/171/224 530/173/224
f 533/278/221 539/472/221 535/471/221
f 539/472/35 536/468/35 535/471/35
f 540/470/222 534/171/222 536/468/222
f 537/280/219 543/474/219 539/472/219
f 543/474/34 540/470/34 539/472/34
f 544/473/220 538/169/220 540/470/220
f 541/282/217 547/476/217 543/474/217
f 547/476/33 544/473/33 543/474/33
f 548/475/218 542/167/218 544/473/218
f 549/421/215 547/476/215 545/284/215
f 551/479/32 548/475/32 547/476/32
f 548/475/216 550/163/216 546/165/216
f 549/421/213 555/480/213 551/479/213
f 555/480/31 552/477/31 551/479/31
f 556/478/214 550/163/214 552/477/214
f 557/290/211 555/480/211 553/288/211
f 559/483/30 556/478/30 555/480/30
f 556/478/212 558/158/212 554/161/212
f 561/292/209 559/483/209 557/290/209
f 563/485/29 560/481/29 559/483/29
f 560/481/210 562/156/210 558/158/210
f 565/294/207 563/485/207 561/292/207
f 567/487/28 564/482/28 563/485/28
f 564/482/208 566/155/208 562/156/208
f 565/294/205 571/488/205 567/487/205
f 571/488/27 568/484/27 567/487/27
f 572/486/206 566/155/206 568/484/206
f 569/296/203 575/490/203 571/488/203
f 575/490/26 572/486/26 571/488/26
f 576/489/204 570/152/204 572/486/204
f 573/298/201 579/492/201 575/490/201
f 579/492/25 576/489/25 575/490/25
f 580/491/202 574/151/202 576/489/202
f 577/300/199 583/494/199 579/492/199
f 583/494/24 580/491/24 579/492/24
f 584/493/200 578/149/200 580/491/200
f 581/302/197 587/496/197 583/494/197
f 587/496/23 584/493/23 583/494/23
f 588/495/198 582/147/198 584/493/198
f 585/304/195 591/498/195 587/496/195
f 591/498/22 588/495/22 587/496/22
f 592/497/196 586/145/196 588/495/196
f 593/308/193 591/498/193 589/306/193
f 595/500/21 592/497/21 591/498/21
f 596/499/194 590/143/194 592/497/194
f 597/310/191 595/500/191 593/308/191
f 599/503/20 596/499/20 595/500/20
f 596/499/192 598/139/192 594/141/192
f 597/310/189 603/504/189 599/503/189
f 603/504/19 600/501/19 599/503/19
f 604/502/190 598/139/190 600/501/190
f 601/422/187 607/506/187 603/504/187
f 607/506/18 604/502/18 603/504/18
f 608/505/188 602/137/188 604/502/188
f 609/314/185 607/506/185 605/423/185
f 611/509/17 608/505/17 607/506/17
f 608/505/186 610/133/186 606/135/186
f 613/317/183 611/509/183 609/314/183
f 615/510/16 612/507/16 611/509/16
f 612/507/184 614/131/184 610/133/184
f 613/317/181 619/512/181 615/510/181
f 619/512/15 616/508/15 615/510/15
f 620/511/182 614/131/182 616/508/182
f 621/319/179 619/512/179 617/424/179
f 623/514/14 620/511/14 619/512/14
f 620/511/180 622/127/180 618/129/180
f 625/322/177 623/514/177 621/319/177
f 627/517/13 624/513/13 623/514/13
f 624/513/178 626/125/178 622/127/178
f 629/324/175 627/517/175 625/322/175
f 631/520/12 628/515/12 627/517/12
f 628/515/176 630/122/176 626/125/176
f 629/324/173 635/519/173 631/520/173
f 635/519/11 632/516/11 631/520/11
f 636/518/174 630/122/174 632/516/174
f 633/326/171 639/523/171 635/519/171
f 639/523/10 636/518/10 635/519/10
f 640/521/172 634/121/172 636/518/172
f 641/426/169 639/523/169 637/425/169
f 643/525/9 640/521/9 639/523/9
f 640/521/170 642/114/170 638/119/170
f 646/527/167 643/525/167 641/426/167
f 648/528/7 644/522/7 643/525/7
f 644/522/168 645/112/168 642/114/168
f 266/177/38 393/176/38 518/178/38
f 649/529/2 655/530/2 651/531/2
f 663/532/4 657/533/4 659/534/4
f 655/535/231 661/536/231 663/537/231
f 651/538/232 657/539/232 649/540/232
f 655/541/6 659/542/6 651/543/6
f 661/544/3 649/545/3 657/546/3
f 665/547/5 667/548/5 668/549/5
f 671/550/3 664/551/3 665/547/3
f 666/552/4 667/553/4 664/551/4
f 670/554/6 666/552/6 671/550/6
f 670/555/2 665/547/2 668/556/2
f 677/557/5 672/558/5 673/559/5
f 674/560/1 673/561/1 672/562/1
f 678/563/4 672/564/4 676/565/4
f 676/565/3 677/557/3 700/566/3
f 679/567/3 698/568/3 699/569/3
f 680/570/6 701/571/6 703/572/6
f 678/563/6 702/573/6 704/574/6
f 677/557/2 673/561/2 708/575/2
f 680/576/2 706/577/2 707/578/2
f 684/579/4 682/580/4 686/581/4
f 681/582/1 688/583/1 682/584/1
f 683/585/6 684/579/6 685/586/6
f 685/586/3 686/581/3 687/587/3
f 683/588/2 687/587/2 688/583/2
f 690/589/2 691/590/2 689/591/2
f 694/592/1 689/591/1 692/593/1
f 691/590/5 692/594/5 689/595/5
f 690/596/6 695/597/6 696/598/6
f 696/598/3 693/599/3 691/590/3
f 654/600/3 652/601/3 650/602/3
f 650/603/2 660/604/2 658/605/2
f 650/606/6 662/607/6 654/608/6
f 654/600/3 707/609/3 656/609/3
f 656/609/5 706/610/5 675/610/5
f 675/610/1 708/607/1 662/607/1
f 654/600/6 708/607/6 705/600/6
f 662/607/4 699/610/4 675/610/4
f 675/610/5 698/604/5 660/604/5
f 660/604/2 700/605/2 658/605/2
f 658/605/6 697/607/6 662/607/6
f 656/611/4 702/610/4 703/611/4
f 652/612/3 703/611/3 701/612/3
f 652/612/2 704/604/2 660/604/2
f 660/604/1 702/610/1 675/610/1
f 709/613/2 715/614/2 713/615/2
f 723/616/4 717/617/4 721/618/4
f 721/619/233 715/620/233 723/621/233
f 717/622/234 711/623/234 709/624/234
f 719/625/6 715/626/6 711/627/6
f 709/628/1 721/629/1 717/630/1
f 667/548/5 725/547/5 668/549/5
f 724/551/1 727/550/1 725/547/1
f 667/553/4 726/552/4 724/551/4
f 726/552/6 670/554/6 727/550/6
f 725/547/2 670/555/2 668/556/2
f 728/631/5 733/632/5 729/633/5
f 729/634/3 730/635/3 728/636/3
f 728/637/4 734/638/4 732/639/4
f 753/640/1 733/632/1 732/639/1
f 754/641/1 735/642/1 755/643/1
f 759/644/6 730/645/6 736/646/6
f 760/647/6 735/642/6 734/638/6
f 761/648/2 729/634/2 733/632/2
f 762/649/2 736/650/2 763/651/2
f 738/652/4 740/653/4 742/654/4
f 744/655/3 737/656/3 738/657/3
f 740/653/6 739/658/6 741/659/6
f 742/654/1 741/659/1 743/660/1
f 743/660/2 739/661/2 744/655/2
f 747/662/2 746/663/2 745/664/2
f 745/664/3 750/665/3 748/666/3
f 748/667/5 747/662/5 745/668/5
f 751/669/6 746/670/6 752/671/6
f 749/672/1 752/671/1 747/662/1
f 712/673/1 714/674/1 710/675/1
f 720/676/2 710/677/2 718/678/2
f 722/679/6 710/680/6 714/681/6
f 763/682/1 714/674/1 716/682/1
f 762/683/5 716/682/5 731/683/5
f 764/679/3 731/683/3 722/679/3
f 764/679/6 714/674/6 761/674/6
f 755/683/4 722/679/4 731/683/4
f 754/676/5 731/683/5 720/676/5
f 756/678/2 720/676/2 718/678/2
f 753/679/6 718/678/6 722/679/6
f 758/683/4 716/684/4 759/684/4
f 759/684/1 712/685/1 757/685/1
f 760/676/2 712/685/2 720/676/2
f 758/683/3 720/676/3 731/683/3
f 765/686/4 771/687/4 769/688/4
f 779/689/2 773/690/2 777/691/2
f 777/692/231 771/693/231 779/694/231
f 773/695/232 767/696/232 765/697/232
f 775/698/6 771/699/6 767/700/6
f 765/701/3 777/702/3 773/703/3
f 783/704/5 781/705/5 784/706/5
f 780/707/3 787/708/3 781/705/3
f 783/709/2 782/710/2 780/707/2
f 782/710/6 786/711/6 787/708/6
f 781/705/4 786/712/4 784/713/4
f 788/714/5 793/715/5 789/716/5
f 789/717/1 790/718/1 788/719/1
f 788/720/2 794/721/2 792/722/2
f 812/723/3 809/724/3 793/715/3
f 810/725/3 795/726/3 811/727/3
f 813/728/6 790/729/6 796/730/6
f 816/731/6 795/726/6 794/721/6
f 820/732/4 817/733/4 789/717/4
f 818/734/4 796/735/4 819/736/4
f 798/737/2 800/738/2 802/739/2
f 804/740/1 797/741/1 798/742/1
f 800/738/6 799/743/6 801/744/6
f 802/739/3 801/744/3 803/745/3
f 803/745/4 799/746/4 804/740/4
f 807/590/4 806/589/4 805/591/4
f 805/591/1 694/592/1 692/593/1
f 692/594/5 807/590/5 805/595/5
f 695/597/6 806/596/6 808/598/6
f 693/599/3 808/598/3 807/590/3
f 768/747/3 770/748/3 766/749/3
f 776/750/4 766/751/4 774/752/4
f 778/753/6 766/754/6 770/755/6
f 819/756/3 770/748/3 772/756/3
f 818/757/5 772/756/5 791/757/5
f 820/753/1 791/757/1 778/753/1
f 820/753/6 770/748/6 817/748/6
f 811/757/2 778/753/2 791/757/2
f 810/750/5 791/757/5 776/750/5
f 812/752/4 776/750/4 774/752/4
f 809/753/6 774/752/6 778/753/6
f 814/757/2 772/758/2 815/758/2
f 815/758/3 768/759/3 813/759/3
f 816/750/4 768/759/4 776/750/4
f 814/757/1 776/750/1 791/757/1
f 821/760/4 827/761/4 823/762/4
f 835/763/2 829/764/2 831/765/2
f 827/766/233 833/767/233 835/768/233
f 823/769/234 829/770/234 821/771/234
f 827/772/6 831/773/6 823/774/6
f 833/775/1 821/776/1 829/777/1
f 837/705/5 783/704/5 784/706/5
f 839/708/1 836/707/1 837/705/1
f 838/710/2 783/709/2 836/707/2
f 786/711/6 838/710/6 839/708/6
f 786/712/4 837/705/4 784/713/4
f 845/778/5 840/779/5 841/780/5
f 842/781/3 841/782/3 840/783/3
f 846/784/2 840/785/2 844/786/2
f 844/786/1 845/778/1 864/787/1
f 847/788/1 862/789/1 863/790/1
f 848/791/6 865/792/6 867/793/6
f 868/794/6 842/795/6 846/784/6
f 845/778/4 841/782/4 872/796/4
f 848/797/4 870/798/4 871/799/4
f 852/800/2 850/801/2 854/802/2
f 849/803/3 856/804/3 850/805/3
f 851/806/6 852/800/6 853/807/6
f 853/807/1 854/802/1 855/808/1
f 851/809/4 855/808/4 856/804/4
f 858/663/4 859/662/4 857/664/4
f 750/665/3 857/664/3 748/666/3
f 859/662/5 748/667/5 857/668/5
f 858/670/6 751/669/6 860/671/6
f 860/671/1 749/672/1 859/662/1
f 826/810/1 824/811/1 822/812/1
f 822/813/4 832/814/4 830/815/4
f 822/816/6 834/817/6 826/818/6
f 826/810/1 871/819/1 828/819/1
f 828/819/5 870/820/5 843/820/5
f 843/820/3 872/817/3 834/817/3
f 826/810/6 872/817/6 869/810/6
f 834/817/2 863/820/2 843/820/2
f 843/820/5 862/814/5 832/814/5
f 832/814/4 864/815/4 830/815/4
f 830/815/6 861/817/6 834/817/6
f 828/821/2 866/820/2 867/821/2
f 824/822/1 867/821/1 865/822/1
f 824/822/4 868/814/4 832/814/4
f 832/814/3 866/820/3 843/820/3
f 875/823/2 877/824/2 873/825/2
f 883/826/4 885/827/4 887/828/4
f 885/829/234 879/830/234 887/831/234
f 881/832/233 875/833/233 873/834/233
f 883/835/5 879/836/5 875/837/5
f 873/838/3 885/839/3 881/840/3
f 891/841/6 889/842/6 892/843/6
f 888/844/3 895/845/3 889/842/3
f 891/846/4 890/847/4 888/844/4
f 890/847/5 894/848/5 895/845/5
f 889/842/2 894/849/2 892/850/2
f 896/851/6 901/852/6 897/853/6
f 897/854/1 898/855/1 896/856/1
f 896/857/4 902/858/4 900/859/4
f 917/860/3 901/852/3 900/859/3
f 918/861/3 903/862/3 919/863/3
f 923/864/5 898/865/5 904/866/5
f 924/867/5 903/862/5 902/858/5
f 928/868/2 925/869/2 897/854/2
f 926/870/2 904/871/2 927/872/2
f 682/580/4 907/579/4 686/581/4
f 688/583/1 905/582/1 682/584/1
f 907/579/5 906/585/5 908/586/5
f 686/581/3 908/586/3 687/587/3
f 687/587/2 906/588/2 688/583/2
f 909/873/2 916/874/2 910/875/2
f 909/873/1 914/876/1 912/877/1
f 912/878/6 911/879/6 909/880/6
f 915/881/5 910/882/5 916/874/5
f 913/883/3 916/874/3 911/879/3
f 876/884/3 878/885/3 874/886/3
f 884/887/2 874/888/2 882/889/2
f 886/890/5 874/891/5 878/892/5
f 927/893/3 878/885/3 880/893/3
f 926/894/6 880/893/6 899/894/6
f 928/890/1 899/894/1 886/890/1
f 928/890/5 878/885/5 925/885/5
f 919/894/4 886/890/4 899/894/4
f 918/887/6 899/894/6 884/887/6
f 920/889/2 884/887/2 882/889/2
f 917/890/5 882/889/5 886/890/5
f 922/894/4 880/895/4 923/895/4
f 923/895/3 876/896/3 921/896/3
f 924/887/2 876/896/2 884/887/2
f 922/894/1 884/887/1 899/894/1
f 929/897/2 935/898/2 931/899/2
f 943/900/4 937/901/4 939/902/4
f 935/903/232 941/904/232 943/905/232
f 931/906/231 937/907/231 929/908/231
f 935/909/5 939/910/5 931/911/5
f 941/912/1 929/913/1 937/914/1
f 945/842/6 891/841/6 892/843/6
f 947/845/1 944/844/1 945/842/1
f 946/847/4 891/846/4 944/844/4
f 894/848/5 946/847/5 947/845/5
f 894/849/2 945/842/2 892/850/2
f 953/915/6 948/916/6 949/917/6
f 950/918/3 949/919/3 948/920/3
f 954/921/4 948/922/4 952/923/4
f 952/923/1 953/915/1 972/924/1
f 955/925/1 970/926/1 971/927/1
f 956/928/5 973/929/5 975/930/5
f 954/921/5 974/931/5 976/932/5
f 953/915/2 949/919/2 980/933/2
f 956/934/2 978/935/2 979/936/2
f 959/653/4 738/652/4 742/654/4
f 957/656/3 744/655/3 738/657/3
f 958/658/5 959/653/5 960/659/5
f 960/659/1 742/654/1 743/660/1
f 958/661/2 743/660/2 744/655/2
f 961/937/2 968/938/2 963/939/2
f 966/940/3 961/937/3 964/941/3
f 963/939/6 964/942/6 961/943/6
f 962/944/5 967/945/5 968/938/5
f 968/938/1 965/946/1 963/939/1
f 934/947/1 932/948/1 930/949/1
f 930/950/2 940/951/2 938/952/2
f 930/953/5 942/954/5 934/955/5
f 934/947/1 979/956/1 936/956/1
f 936/956/6 978/957/6 951/957/6
f 951/957/3 980/954/3 942/954/3
f 934/947/5 980/954/5 977/947/5
f 942/954/4 971/957/4 951/957/4
f 951/957/6 970/951/6 940/951/6
f 940/951/2 972/952/2 938/952/2
f 938/952/5 969/954/5 942/954/5
f 936/958/4 974/957/4 975/958/4
f 932/959/1 975/958/1 973/959/1
f 932/959/2 976/951/2 940/951/2
f 940/951/3 974/957/3 951/957/3
f 985/960/4 983/961/4 981/962/4
f 993/963/2 991/964/2 995/965/2
f 987/966/234 993/967/234 995/968/234
f 983/969/233 989/970/233 981/971/233
f 987/972/5 991/973/5 983/974/5
f 993/975/3 981/976/3 989/977/3
f 997/978/6 999/979/6 1000/980/6
f 1003/981/3 996/982/3 997/978/3
f 998/983/2 999/984/2 996/982/2
f 1002/985/5 998/983/5 1003/981/5
f 1002/986/4 997/978/4 1000/987/4
f 1009/988/6 1004/989/6 1005/990/6
f 1006/991/1 1005/992/1 1004/993/1
f 1010/994/2 1004/995/2 1008/996/2
f 1008/996/3 1009/988/3 1024/997/3
f 1011/998/3 1022/999/3 1023/1000/3
f 1012/1001/5 1025/1002/5 1027/1003/5
f 1028/1004/5 1006/1005/5 1010/994/5
f 1009/988/4 1005/992/4 1032/1006/4
f 1012/1007/4 1030/1008/4 1031/1009/4
f 1015/738/2 798/737/2 802/739/2
f 1013/741/1 804/740/1 798/742/1
f 1014/743/5 1015/738/5 1016/744/5
f 1016/744/3 802/739/3 803/745/3
f 1014/746/4 803/745/4 804/740/4
f 1017/873/4 1020/874/4 1019/879/4
f 914/876/1 1017/873/1 912/877/1
f 1019/879/6 912/878/6 1017/880/6
f 1018/882/5 915/881/5 1020/874/5
f 1020/874/3 913/883/3 1019/879/3
f 986/1010/3 984/1011/3 982/1012/3
f 982/1013/4 992/1014/4 990/1015/4
f 982/1016/5 994/1017/5 986/1018/5
f 986/1010/3 1031/1019/3 988/1019/3
f 988/1019/6 1030/1020/6 1007/1020/6
f 1007/1020/1 1032/1017/1 994/1017/1
f 986/1010/5 1032/1017/5 1029/1010/5
f 994/1017/2 1023/1020/2 1007/1020/2
f 1007/1020/6 1022/1014/6 992/1014/6
f 992/1014/4 1024/1015/4 990/1015/4
f 990/1015/5 1021/1017/5 994/1017/5
f 988/1021/2 1026/1020/2 1027/1021/2
f 984/1022/3 1027/1021/3 1025/1022/3
f 984/1022/4 1028/1014/4 992/1014/4
f 992/1014/1 1026/1020/1 1007/1020/1
f 1033/1023/4 1039/1024/4 1037/1025/4
f 1047/1026/2 1041/1027/2 1045/1028/2
f 1045/1029/232 1039/1030/232 1047/1031/232
f 1041/1032/231 1035/1033/231 1033/1034/231
f 1043/1035/5 1039/1036/5 1035/1037/5
f 1033/1038/1 1045/1039/1 1041/1040/1
f 999/979/6 1049/978/6 1000/980/6
f 1048/982/1 1051/981/1 1049/978/1
f 999/984/2 1050/983/2 1048/982/2
f 1050/983/5 1002/985/5 1051/981/5
f 1049/978/4 1002/986/4 1000/987/4
f 1052/1041/6 1057/1042/6 1053/1043/6
f 1053/1044/3 1054/1045/3 1052/1046/3
f 1052/1047/2 1058/1048/2 1056/1049/2
f 1072/1050/1 1069/1051/1 1057/1042/1
f 1070/1052/1 1059/1053/1 1071/1054/1
f 1060/1055/5 1059/1053/5 1075/1056/5
f 1076/1057/5 1059/1053/5 1058/1048/5
f 1077/1058/4 1053/1044/4 1057/1042/4
f 1078/1059/4 1060/1060/4 1079/1061/4
f 850/801/2 1063/800/2 854/802/2
f 856/804/3 1061/803/3 850/805/3
f 1063/800/5 1062/806/5 1064/807/5
f 854/802/1 1064/807/1 855/808/1
f 855/808/4 1062/809/4 856/804/4
f 1065/937/4 1068/938/4 1066/1062/4
f 1065/937/3 966/940/3 964/941/3
f 964/942/6 1067/939/6 1065/943/6
f 967/945/5 1066/944/5 1068/938/5
f 965/946/1 1068/938/1 1067/939/1
f 1036/1063/1 1038/1064/1 1034/1065/1
f 1044/1066/4 1034/1067/4 1042/1068/4
f 1046/1069/5 1034/1070/5 1038/1071/5
f 1079/1072/1 1038/1064/1 1040/1072/1
f 1078/1073/6 1040/1072/6 1055/1073/6
f 1080/1069/3 1055/1073/3 1046/1069/3
f 1080/1069/5 1038/1064/5 1077/1064/5
f 1071/1073/2 1046/1069/2 1055/1073/2
f 1070/1066/6 1055/1073/6 1044/1066/6
f 1072/1068/4 1044/1066/4 1042/1068/4
f 1069/1069/5 1042/1068/5 1046/1069/5
f 1074/1073/2 1040/1074/2 1075/1074/2
f 1075/1074/1 1036/1075/1 1073/1075/1
f 1076/1066/4 1036/1075/4 1044/1066/4
f 1074/1073/3 1044/1066/3 1055/1073/3
f 1082/1076/1 1084/1077/1 1083/1078/1
f 1087/1079/3 1085/1080/3 1088/1081/3
f 1088/1081/235 1084/1082/235 1087/1079/235
f 1082/1083/236 1086/1084/236 1081/1085/236
f 1090/1086/1 1091/1087/1 1089/1088/1
f 1094/1089/3 1095/1090/3 1096/1091/3
f 1095/1090/237 1092/1092/237 1096/1091/237
f 1089/1093/238 1094/1089/238 1090/1094/238
f 1098/1095/1 1099/1096/1 1097/1097/1
f 1102/1098/3 1103/1099/3 1104/1100/3
f 1100/1101/237 1103/1099/237 1099/1102/237
f 1097/1103/238 1102/1098/238 1098/1104/238
f 1106/1105/1 1108/1106/1 1107/1107/1
f 1111/1108/3 1109/1109/3 1112/1110/3
f 1112/1110/235 1108/1111/235 1111/1108/235
f 1106/1112/236 1110/1113/236 1105/1114/236
f 1115/1115/6 1114/1116/6 1116/1117/6
f 1118/1118/5 1120/1119/5 1119/1120/5
f 1119/1120/239 1115/1121/239 1116/1122/239
f 1117/1123/240 1114/1124/240 1113/1125/240
f 1123/1126/5 1121/1127/5 1124/1128/5
f 1128/1129/6 1125/1130/6 1126/1131/6
f 1123/1132/241 1127/1133/241 1128/1129/241
f 1125/1130/242 1122/1134/242 1126/1131/242
f 1129/1135/6 1131/1136/6 1130/1137/6
f 1134/1138/5 1135/1139/5 1136/1140/5
f 1132/1141/239 1135/1139/239 1131/1142/239
f 1129/1143/240 1133/1144/240 1134/1138/240
f 1139/1145/5 1137/1146/5 1140/1147/5
f 1144/1148/6 1142/1149/6 1141/1150/6
f 1139/1151/241 1143/1152/241 1144/1148/241
f 1138/1153/242 1142/1149/242 1137/1154/242
f 1127/1155/2 1121/1156/2 1125/1157/2
f 1100/1158/2 1102/1159/2 1104/1160/2
f 1128/1161/3 1122/1162/3 1123/1163/3
f 1103/1164/5 1097/1165/5 1099/1166/5
f 1119/1167/2 1114/1168/2 1118/1169/2
f 1092/1170/2 1094/1171/2 1096/1172/2
f 1115/1173/1 1117/1174/1 1113/1175/1
f 1095/1176/5 1089/1177/5 1091/1178/5
f 1133/1179/4 1131/1180/4 1135/1181/4
f 1107/1182/4 1109/1183/4 1106/1184/4
f 1129/1185/3 1136/1186/3 1132/1187/3
f 1108/1188/5 1110/1189/5 1111/1190/5
f 1141/1191/4 1139/1192/4 1144/1193/4
f 1083/1194/4 1085/1195/4 1082/1196/4
f 1142/1197/1 1140/1198/1 1137/1199/1
f 1084/1200/5 1086/1201/5 1087/1202/5
f 2/1/1 4/4/1 3/2/1
f 4/4/2 8/6/2 7/5/2
f 8/6/3 6/8/3 5/7/3
f 6/8/4 2/1203/4 1/9/4
f 7/5/5 5/7/5 1/10/5
f 4/12/6 2/1204/6 6/8/6
f 10/13/1 12/16/1 11/14/1
f 12/16/2 16/18/2 15/17/2
f 16/18/3 14/20/3 13/19/3
f 14/20/4 10/1205/4 9/21/4
f 15/17/5 13/19/5 9/22/5
f 12/24/6 10/1206/6 14/20/6
f 18/25/1 20/28/1 19/26/1
f 20/28/2 24/30/2 23/29/2
f 24/30/3 22/32/3 21/31/3
f 22/32/4 18/1207/4 17/33/4
f 23/29/5 21/31/5 17/34/5
f 20/36/6 18/1208/6 22/32/6
f 26/37/1 28/40/1 27/38/1
f 28/40/2 32/42/2 31/41/2
f 32/42/3 30/44/3 29/43/3
f 30/44/4 26/1209/4 25/45/4
f 31/41/5 29/43/5 25/46/5
f 28/48/6 26/1210/6 30/44/6
f 34/49/1 36/52/1 35/50/1
f 36/52/2 40/54/2 39/53/2
f 40/54/3 38/56/3 37/55/3
f 38/56/4 34/1211/4 33/57/4
f 39/53/5 37/55/5 33/58/5
f 36/60/6 34/1212/6 38/56/6
f 42/61/1 44/64/1 43/62/1
f 44/64/2 48/66/2 47/65/2
f 48/66/3 46/68/3 45/67/3
f 46/68/4 42/1213/4 41/69/4
f 47/65/5 45/67/5 41/70/5
f 44/72/6 42/1214/6 46/68/6
f 50/73/1 52/76/1 51/74/1
f 52/76/2 56/78/2 55/77/2
f 56/78/3 54/80/3 53/79/3
f 54/80/4 50/1215/4 49/81/4
f 55/77/5 53/79/5 49/82/5
f 52/84/6 50/1216/6 54/80/6
f 58/85/1 60/88/1 59/86/1
f 60/88/2 64/90/2 63/89/2
f 64/90/3 62/92/3 61/91/3
f 62/92/4 58/1217/4 57/93/4
f 63/89/5 61/91/5 57/94/5
f 60/96/6 58/1218/6 62/92/6
f 66/97/1 68/100/1 67/98/1
f 68/100/2 72/102/2 71/101/2
f 72/102/3 70/104/3 69/103/3
f 70/104/4 66/1219/4 65/105/4
f 71/101/5 69/103/5 65/106/5
f 68/108/6 66/1220/6 70/104/6
f 104/111/2 73/243/2 74/244/2
f 74/244/2 75/245/2 76/246/2
f 76/246/2 77/247/2 78/248/2
f 78/248/2 79/249/2 80/250/2
f 80/250/2 81/251/2 84/254/2
f 81/251/2 82/252/2 84/254/2
f 82/252/2 83/253/2 84/254/2
f 84/254/2 85/255/2 88/109/2
f 85/255/2 86/256/2 88/109/2
f 86/256/2 87/257/2 88/109/2
f 88/109/2 89/258/2 90/259/2
f 90/259/2 91/260/2 92/261/2
f 92/261/2 93/262/2 96/110/2
f 93/262/2 94/263/2 96/110/2
f 94/263/2 95/264/2 96/110/2
f 96/110/2 97/265/2 100/268/2
f 97/265/2 98/266/2 100/268/2
f 98/266/2 99/267/2 100/268/2
f 100/268/2 101/269/2 102/270/2
f 102/270/2 103/271/2 104/111/2
f 104/111/2 74/244/2 76/246/2
f 76/246/2 78/248/2 104/111/2
f 78/248/2 80/250/2 104/111/2
f 88/109/2 90/259/2 96/110/2
f 90/259/2 92/261/2 96/110/2
f 100/268/2 102/270/2 96/110/2
f 102/270/2 104/111/2 96/110/2
f 80/250/2 84/254/2 104/111/2
f 84/254/2 88/109/2 104/111/2
f 645/112/7 265/427/7 390/113/7
f 394/115/8 398/272/8 107/116/8
f 642/114/9 390/113/9 386/118/9
f 638/119/10 386/118/10 382/120/10
f 630/122/11 634/121/11 382/120/11
f 630/122/12 378/123/12 374/124/12
f 626/125/13 374/124/13 370/126/13
f 622/127/14 370/126/14 366/128/14
f 618/129/15 366/128/15 362/130/15
f 614/131/16 362/130/16 358/132/16
f 610/133/17 358/132/17 354/134/17
f 606/135/18 354/134/18 350/136/18
f 602/137/19 350/136/19 346/138/19
f 598/139/20 346/138/20 342/140/20
f 594/141/21 342/140/21 338/142/21
f 590/143/22 338/142/22 334/144/22
f 586/145/23 334/144/23 330/146/23
f 582/147/24 330/146/24 326/148/24
f 578/149/25 326/148/25 322/150/25
f 570/152/26 574/151/26 322/150/26
f 570/152/27 318/153/27 314/154/27
f 562/156/28 566/155/28 314/154/28
f 558/158/29 562/156/29 310/157/29
f 558/158/30 306/159/30 302/160/30
f 554/161/31 302/160/31 298/162/31
f 550/163/32 298/162/32 294/164/32
f 546/165/33 294/164/33 290/166/33
f 542/167/34 290/166/34 286/168/34
f 538/169/35 286/168/35 282/170/35
f 534/171/36 282/170/36 278/172/36
f 530/173/37 278/172/37 274/174/37
f 522/176/38 270/335/38 265/177/38
f 137/179/39 105/242/39 106/180/39
f 138/181/40 106/180/40 107/182/40
f 140/184/41 139/183/41 107/182/41
f 140/184/42 108/185/42 109/186/42
f 142/188/43 141/187/43 109/186/43
f 143/190/44 142/188/44 110/189/44
f 143/190/45 111/191/45 112/192/45
f 144/193/46 112/192/46 113/194/46
f 146/196/47 145/195/47 113/194/47
f 147/198/48 146/196/48 114/197/48
f 147/198/49 115/199/49 116/200/49
f 148/201/50 116/200/50 117/202/50
f 149/203/51 117/202/51 118/204/51
f 151/206/52 150/205/52 118/204/52
f 152/208/53 151/206/53 119/207/53
f 152/208/54 120/209/54 121/210/54
f 154/212/55 153/211/55 121/210/55
f 155/214/56 154/212/56 122/213/56
f 155/214/57 123/215/57 124/216/57
f 157/218/58 156/217/58 124/216/58
f 158/220/59 157/218/59 125/219/59
f 158/220/60 126/221/60 127/222/60
f 159/223/61 127/222/61 128/224/61
f 161/226/62 160/225/62 128/224/62
f 161/226/63 129/227/63 130/228/63
f 163/230/64 162/229/64 130/228/64
f 163/230/65 131/231/65 132/232/65
f 164/233/66 132/232/66 133/234/66
f 166/236/67 165/235/67 133/234/67
f 166/236/68 134/237/68 135/238/68
f 167/239/69 135/238/69 136/240/69
f 137/179/70 168/241/70 136/240/70
f 73/243/71 137/179/71 138/181/71
f 75/245/72 74/244/72 138/181/72
f 76/246/73 75/245/73 139/183/73
f 77/247/74 76/246/74 140/184/74
f 78/248/75 77/247/75 141/187/75
f 78/248/76 142/188/76 143/190/76
f 79/249/77 143/190/77 144/193/77
f 80/250/78 144/193/78 145/195/78
f 82/252/79 81/251/79 145/195/79
f 82/252/80 146/196/80 147/198/80
f 83/253/81 147/198/81 148/201/81
f 85/255/243 84/254/243 148/201/243
f 86/256/83 85/255/83 149/203/83
f 87/257/84 86/256/84 150/205/84
f 88/109/85 87/257/85 151/206/85
f 89/258/86 88/109/86 152/208/86
f 89/258/87 153/211/87 154/212/87
f 90/259/88 154/212/88 155/214/88
f 91/260/89 155/214/89 156/217/89
f 92/261/90 156/217/90 157/218/90
f 93/262/244 157/218/244 158/220/244
f 95/264/92 94/263/92 158/220/92
f 95/264/93 159/223/93 160/225/93
f 96/110/94 160/225/94 161/226/94
f 98/266/95 97/265/95 161/226/95
f 99/267/96 98/266/96 162/229/96
f 100/268/97 99/267/97 163/230/97
f 100/268/98 164/233/98 165/235/98
f 101/269/99 165/235/99 166/236/99
f 103/271/100 102/270/100 166/236/100
f 103/271/101 167/239/101 168/241/101
f 73/243/102 104/111/102 168/241/102
f 398/272/37 402/276/37 108/273/37
f 517/274/38 394/115/38 106/117/38
f 402/276/36 406/278/36 109/277/36
f 406/278/35 410/280/35 110/279/35
f 410/280/34 414/282/34 111/281/34
f 414/282/33 418/284/33 112/283/33
f 418/284/32 422/286/32 113/285/32
f 422/286/31 426/288/31 114/287/31
f 426/288/30 430/290/30 115/289/30
f 430/290/29 434/292/29 116/291/29
f 434/292/28 438/294/28 117/293/28
f 438/294/27 442/296/27 118/295/27
f 442/296/26 446/298/26 119/297/26
f 446/298/25 450/300/25 120/299/25
f 450/300/24 454/302/24 121/301/24
f 454/302/23 458/304/23 122/303/23
f 458/304/22 462/306/22 123/305/22
f 462/306/21 466/308/21 124/307/21
f 466/308/20 470/310/20 125/309/20
f 470/310/19 474/312/19 126/311/19
f 474/312/18 478/423/18 127/313/18
f 127/313/17 478/423/17 482/314/17
f 482/314/16 486/317/16 129/316/16
f 486/317/15 490/424/15 130/318/15
f 130/318/14 490/424/14 494/319/14
f 494/319/13 498/322/13 132/321/13
f 498/322/12 502/324/12 133/323/12
f 502/324/11 506/326/11 134/325/11
f 506/326/10 510/328/10 135/327/10
f 510/328/9 514/330/9 136/329/9
f 514/330/7 517/526/7 105/331/7
f 203/116/8 525/272/8 521/115/8
f 170/334/4 169/392/4 198/418/4
f 169/392/4 200/420/4 198/418/4
f 200/420/4 199/419/4 198/418/4
f 198/418/4 197/417/4 194/414/4
f 197/417/4 196/416/4 194/414/4
f 196/416/4 195/415/4 194/414/4
f 194/414/4 193/413/4 190/410/4
f 193/413/4 192/412/4 190/410/4
f 192/412/4 191/411/4 190/410/4
f 190/410/4 189/409/4 186/406/4
f 189/409/4 188/408/4 186/406/4
f 188/408/4 187/407/4 186/406/4
f 186/406/4 185/405/4 182/332/4
f 185/405/4 184/404/4 182/332/4
f 184/404/4 183/403/4 182/332/4
f 182/332/4 181/402/4 178/333/4
f 181/402/4 180/401/4 178/333/4
f 180/401/4 179/400/4 178/333/4
f 178/333/4 177/399/4 174/396/4
f 177/399/4 176/398/4 174/396/4
f 176/398/4 175/397/4 174/396/4
f 174/396/4 173/395/4 172/394/4
f 172/394/4 171/393/4 170/334/4
f 174/396/4 172/394/4 178/333/4
f 172/394/4 170/334/4 178/333/4
f 170/334/4 198/418/4 186/406/4
f 198/418/4 194/414/4 186/406/4
f 194/414/4 190/410/4 186/406/4
f 186/406/4 182/332/4 170/334/4
f 526/175/8 274/174/8 270/335/8
f 385/118/9 389/113/9 513/114/9
f 381/120/10 385/118/10 509/119/10
f 377/123/11 381/120/11 505/121/11
f 497/125/12 373/124/12 377/123/12
f 369/126/13 373/124/13 497/125/13
f 365/128/14 369/126/14 493/127/14
f 361/130/15 365/128/15 489/129/15
f 357/132/16 361/130/16 485/131/16
f 353/134/17 357/132/17 481/133/17
f 349/136/18 353/134/18 477/135/18
f 469/139/19 345/138/19 349/136/19
f 341/140/20 345/138/20 469/139/20
f 461/143/21 337/142/21 341/140/21
f 333/144/22 337/142/22 461/143/22
f 329/146/23 333/144/23 457/145/23
f 325/148/24 329/146/24 453/147/24
f 321/150/25 325/148/25 449/149/25
f 317/153/26 321/150/26 445/151/26
f 437/155/27 313/154/27 317/153/27
f 309/157/28 313/154/28 437/155/28
f 305/159/29 309/157/29 433/156/29
f 301/160/30 305/159/30 429/158/30
f 297/162/31 301/160/31 425/161/31
f 293/164/32 297/162/32 421/163/32
f 289/166/33 293/164/33 417/165/33
f 285/168/34 289/166/34 413/167/34
f 281/170/35 285/168/35 409/169/35
f 401/173/36 277/172/36 281/170/36
f 273/174/37 277/172/37 401/173/37
f 269/335/8 273/174/8 397/336/8
f 389/113/7 266/427/7 518/112/7
f 234/337/103 202/1221/103 201/338/103
f 203/340/104 202/1221/104 234/337/104
f 236/342/105 204/1222/105 203/340/105
f 205/343/106 204/1222/106 236/342/106
f 238/345/107 206/347/107 205/343/107
f 239/346/108 207/1223/108 206/347/108
f 208/348/109 207/1223/109 239/346/109
f 209/350/110 208/348/110 240/349/110
f 242/352/111 210/354/111 209/350/111
f 243/353/112 211/1224/112 210/354/112
f 212/355/113 211/1224/113 243/353/113
f 213/357/114 212/355/114 244/356/114
f 214/359/115 213/357/115 245/358/115
f 215/361/116 214/359/116 246/360/116
f 216/363/117 215/361/117 247/362/117
f 249/365/118 217/1225/118 216/363/118
f 218/366/119 217/1225/119 249/365/119
f 251/368/120 219/370/120 218/366/120
f 252/369/121 220/1226/121 219/370/121
f 221/371/122 220/1226/122 252/369/122
f 254/373/123 222/1227/123 221/371/123
f 223/374/124 222/1227/124 254/373/124
f 224/376/125 223/374/125 255/375/125
f 257/378/126 225/1228/126 224/376/126
f 226/379/127 225/1228/127 257/378/127
f 259/381/128 227/383/128 226/379/128
f 260/382/129 228/385/129 227/383/129
f 261/384/130 229/387/130 228/385/130
f 262/386/131 230/1229/131 229/387/131
f 231/388/132 230/1229/132 262/386/132
f 232/390/133 231/388/133 263/389/133
f 201/338/134 232/390/134 264/391/134
f 234/337/135 233/339/135 169/392/135
f 235/341/136 234/337/136 170/334/136
f 236/342/137 235/341/137 171/393/137
f 237/344/138 236/342/138 172/394/138
f 238/345/245 237/344/245 173/395/245
f 175/397/140 239/346/140 238/345/140
f 176/398/141 240/349/141 239/346/141
f 241/351/142 240/349/142 176/398/142
f 178/333/143 242/352/143 241/351/143
f 179/400/144 243/353/144 242/352/144
f 244/356/145 243/353/145 179/400/145
f 245/358/146 244/356/146 180/401/146
f 182/332/147 246/360/147 245/358/147
f 247/362/148 246/360/148 182/332/148
f 248/364/149 247/362/149 183/403/149
f 249/365/150 248/364/150 184/404/150
f 250/367/151 249/365/151 185/405/151
f 187/407/152 251/368/152 250/367/152
f 252/369/153 251/368/153 187/407/153
f 253/372/154 252/369/154 188/408/154
f 190/410/246 254/373/246 253/372/246
f 191/411/156 255/375/156 254/373/156
f 256/377/157 255/375/157 191/411/157
f 257/378/158 256/377/158 192/412/158
f 194/414/159 258/380/159 257/378/159
f 195/415/160 259/381/160 258/380/160
f 260/382/161 259/381/161 195/415/161
f 197/417/247 261/384/247 260/382/247
f 198/418/163 262/386/163 261/384/163
f 199/419/164 263/389/164 262/386/164
f 200/420/165 264/391/165 263/389/165
f 233/339/166 264/391/166 200/420/166
f 204/273/37 529/276/37 525/272/37
f 202/117/38 521/115/38 646/274/38
f 205/277/36 533/278/36 529/276/36
f 206/279/35 537/280/35 533/278/35
f 207/281/34 541/282/34 537/280/34
f 208/283/33 545/284/33 541/282/33
f 209/285/32 549/421/32 545/284/32
f 210/287/31 553/288/31 549/421/31
f 210/287/30 211/289/30 557/290/30
f 212/291/29 561/292/29 557/290/29
f 213/293/28 565/294/28 561/292/28
f 214/295/27 569/296/27 565/294/27
f 215/297/26 573/298/26 569/296/26
f 216/299/25 577/300/25 573/298/25
f 217/301/24 581/302/24 577/300/24
f 218/303/23 585/304/23 581/302/23
f 219/305/22 589/306/22 585/304/22
f 220/307/21 593/308/21 589/306/21
f 221/309/20 597/310/20 593/308/20
f 222/311/19 601/422/19 597/310/19
f 223/313/18 605/423/18 601/422/18
f 224/315/17 609/314/17 605/423/17
f 225/316/16 613/317/16 609/314/16
f 226/318/15 617/424/15 613/317/15
f 227/320/14 621/319/14 617/424/14
f 228/321/13 625/322/13 621/319/13
f 229/323/12 629/324/12 625/322/12
f 230/325/11 633/326/11 629/324/11
f 231/327/10 637/425/10 633/326/10
f 232/329/9 641/426/9 637/425/9
f 201/331/7 646/527/7 641/426/7
f 265/427/167 267/429/167 392/428/167
f 267/429/7 268/429/7 391/428/7
f 391/428/168 268/429/168 266/427/168
f 390/113/169 392/428/169 388/430/169
f 392/428/9 391/428/9 387/430/9
f 387/430/170 391/428/170 389/113/170
f 386/118/171 388/430/171 384/431/171
f 388/430/10 387/430/10 383/431/10
f 383/431/172 387/430/172 385/118/172
f 378/123/173 382/120/173 384/431/173
f 384/431/11 383/431/11 379/432/11
f 383/431/174 381/120/174 377/123/174
f 378/123/175 380/432/175 376/433/175
f 380/432/12 379/432/12 375/433/12
f 375/433/176 379/432/176 377/123/176
f 374/124/177 376/433/177 372/434/177
f 376/433/13 375/433/13 371/434/13
f 371/434/178 375/433/178 373/124/178
f 366/128/179 370/126/179 372/434/179
f 368/435/14 372/434/14 371/434/14
f 367/435/180 371/434/180 369/126/180
f 362/130/181 366/128/181 368/435/181
f 368/435/15 367/435/15 363/436/15
f 367/435/182 365/128/182 361/130/182
f 362/130/183 364/436/183 360/437/183
f 364/436/16 363/436/16 359/437/16
f 359/437/184 363/436/184 361/130/184
f 354/134/185 358/132/185 360/437/185
f 356/438/17 360/437/17 359/437/17
f 355/438/186 359/437/186 357/132/186
f 350/136/187 354/134/187 356/438/187
f 356/438/18 355/438/18 351/439/18
f 355/438/188 353/134/188 349/136/188
f 346/138/189 350/136/189 352/439/189
f 352/439/19 351/439/19 347/440/19
f 351/439/190 349/136/190 345/138/190
f 346/138/191 348/440/191 344/441/191
f 348/440/20 347/440/20 343/441/20
f 343/441/192 347/440/192 345/138/192
f 338/142/193 342/140/193 344/441/193
f 344/441/21 343/441/21 339/442/21
f 343/441/194 341/140/194 337/142/194
f 334/144/195 338/142/195 340/442/195
f 340/442/22 339/442/22 335/443/22
f 339/442/196 337/142/196 333/144/196
f 330/146/197 334/144/197 336/443/197
f 336/443/23 335/443/23 331/444/23
f 335/443/198 333/144/198 329/146/198
f 326/148/199 330/146/199 332/444/199
f 332/444/24 331/444/24 327/445/24
f 331/444/200 329/146/200 325/148/200
f 322/150/201 326/148/201 328/445/201
f 328/445/25 327/445/25 323/446/25
f 327/445/202 325/148/202 321/150/202
f 318/153/203 322/150/203 324/446/203
f 324/446/26 323/446/26 319/447/26
f 323/446/204 321/150/204 317/153/204
f 314/154/205 318/153/205 320/447/205
f 320/447/27 319/447/27 315/448/27
f 319/447/206 317/153/206 313/154/206
f 314/154/207 316/448/207 312/449/207
f 316/448/28 315/448/28 311/449/28
f 311/449/208 315/448/208 313/154/208
f 310/157/209 312/449/209 308/450/209
f 312/449/29 311/449/29 307/450/29
f 307/450/210 311/449/210 309/157/210
f 306/159/211 308/450/211 304/451/211
f 308/450/30 307/450/30 303/451/30
f 303/451/212 307/450/212 305/159/212
f 298/162/213 302/160/213 304/451/213
f 304/451/31 303/451/31 299/452/31
f 303/451/214 301/160/214 297/162/214
f 298/162/215 300/452/215 296/453/215
f 300/452/32 299/452/32 295/453/32
f 295/453/216 299/452/216 297/162/216
f 290/166/217 294/164/217 296/453/217
f 296/453/33 295/453/33 291/454/33
f 295/453/218 293/164/218 289/166/218
f 286/168/219 290/166/219 292/454/219
f 292/454/34 291/454/34 287/455/34
f 291/454/220 289/166/220 285/168/220
f 282/170/221 286/168/221 288/455/221
f 288/455/35 287/455/35 283/456/35
f 287/455/222 285/168/222 281/170/222
f 282/170/223 284/456/223 280/457/223
f 284/456/36 283/456/36 279/457/36
f 279/457/224 283/456/224 281/170/224
f 278/172/225 280/457/225 276/458/225
f 280/457/37 279/457/37 275/458/37
f 275/458/226 279/457/226 277/172/226
f 274/174/227 276/458/227 272/459/227
f 276/458/8 275/458/8 271/459/8
f 271/459/228 275/458/228 273/174/228
f 270/335/229 272/459/229 267/460/229
f 272/459/38 271/459/38 268/460/38
f 268/460/230 271/459/230 269/335/230
f 393/176/229 395/462/229 520/461/229
f 395/462/38 396/465/38 519/463/38
f 519/463/230 396/465/230 394/115/230
f 397/336/227 399/464/227 395/462/227
f 399/464/8 400/467/8 396/465/8
f 396/465/228 400/467/228 398/272/228
f 401/173/225 403/466/225 399/464/225
f 403/466/37 404/469/37 400/467/37
f 400/467/226 404/469/226 402/276/226
f 405/171/223 407/468/223 403/466/223
f 407/468/36 408/471/36 404/469/36
f 404/469/224 408/471/224 406/278/224
f 405/171/221 409/169/221 411/470/221
f 411/470/35 412/472/35 408/471/35
f 412/472/222 410/280/222 406/278/222
f 409/169/219 413/167/219 415/473/219
f 415/473/34 416/474/34 412/472/34
f 416/474/220 414/282/220 410/280/220
f 413/167/217 417/165/217 419/475/217
f 419/475/33 420/476/33 416/474/33
f 420/476/218 418/284/218 414/282/218
f 421/163/215 423/477/215 419/475/215
f 423/477/32 424/479/32 420/476/32
f 420/476/216 424/479/216 422/286/216
f 421/163/213 425/161/213 427/478/213
f 427/478/31 428/480/31 424/479/31
f 428/480/214 426/288/214 422/286/214
f 429/158/211 431/481/211 427/478/211
f 431/481/30 432/483/30 428/480/30
f 428/480/212 432/483/212 430/290/212
f 433/156/209 435/482/209 431/481/209
f 435/482/29 436/485/29 432/483/29
f 432/483/210 436/485/210 434/292/210
f 437/155/207 439/484/207 435/482/207
f 439/484/28 440/487/28 436/485/28
f 436/485/208 440/487/208 438/294/208
f 441/152/205 443/486/205 439/484/205
f 443/486/27 444/488/27 440/487/27
f 444/488/206 442/296/206 438/294/206
f 441/152/203 445/151/203 447/489/203
f 447/489/26 448/490/26 444/488/26
f 448/490/204 446/298/204 442/296/204
f 445/151/201 449/149/201 451/491/201
f 451/491/25 452/492/25 448/490/25
f 452/492/202 450/300/202 446/298/202
f 449/149/199 453/147/199 455/493/199
f 455/493/24 456/494/24 452/492/24
f 456/494/200 454/302/200 450/300/200
f 453/147/197 457/145/197 459/495/197
f 459/495/23 460/496/23 456/494/23
f 460/496/198 458/304/198 454/302/198
f 461/143/195 463/497/195 459/495/195
f 463/497/22 464/498/22 460/496/22
f 464/498/196 462/306/196 458/304/196
f 465/141/193 467/499/193 463/497/193
f 467/499/21 468/500/21 464/498/21
f 468/500/194 466/308/194 462/306/194
f 465/141/191 469/139/191 471/501/191
f 471/501/20 472/503/20 468/500/20
f 468/500/192 472/503/192 470/310/192
f 469/139/189 473/137/189 475/502/189
f 475/502/19 476/504/19 472/503/19
f 476/504/190 474/312/190 470/310/190
f 477/135/187 479/505/187 475/502/187
f 479/505/18 480/506/18 476/504/18
f 480/506/188 478/423/188 474/312/188
f 481/133/185 483/507/185 479/505/185
f 483/507/17 484/509/17 480/506/17
f 480/506/186 484/509/186 482/314/186
f 485/131/183 487/508/183 483/507/183
f 487/508/16 488/510/16 484/509/16
f 488/510/184 486/317/184 482/314/184
f 485/131/181 489/129/181 491/511/181
f 491/511/15 492/512/15 488/510/15
f 492/512/182 490/424/182 486/317/182
f 489/129/179 493/127/179 495/513/179
f 495/513/14 496/514/14 492/512/14
f 496/514/180 494/319/180 490/424/180
f 497/125/177 499/515/177 495/513/177
f 499/515/13 500/517/13 496/514/13
f 496/514/178 500/517/178 498/322/178
f 501/122/175 503/516/175 499/515/175
f 503/516/12 504/520/12 500/517/12
f 500/517/176 504/520/176 502/324/176
f 501/122/173 505/121/173 507/518/173
f 503/516/11 507/518/11 508/519/11
f 508/519/174 506/326/174 502/324/174
f 509/119/171 511/521/171 507/518/171
f 511/521/10 512/523/10 508/519/10
f 508/519/172 512/523/172 510/328/172
f 513/114/169 515/522/169 511/521/169
f 515/522/9 516/525/9 512/523/9
f 512/523/170 516/525/170 514/330/170
f 518/112/167 520/524/167 515/522/167
f 520/524/7 519/528/7 516/525/7
f 516/525/168 519/528/168 517/526/168
f 521/115/229 523/465/229 648/463/229
f 523/465/38 524/462/38 647/461/38
f 647/461/230 524/462/230 522/176/230
f 525/272/227 527/467/227 523/465/227
f 527/467/8 528/464/8 524/462/8
f 524/462/228 528/464/228 526/175/228
f 529/276/225 531/469/225 527/467/225
f 531/469/37 532/466/37 528/464/37
f 528/464/226 532/466/226 530/173/226
f 533/278/223 535/471/223 531/469/223
f 535/471/36 536/468/36 532/466/36
f 532/466/224 536/468/224 534/171/224
f 533/278/221 537/280/221 539/472/221
f 539/472/35 540/470/35 536/468/35
f 540/470/222 538/169/222 534/171/222
f 537/280/219 541/282/219 543/474/219
f 543/474/34 544/473/34 540/470/34
f 544/473/220 542/167/220 538/169/220
f 541/282/217 545/284/217 547/476/217
f 547/476/33 548/475/33 544/473/33
f 548/475/218 546/165/218 542/167/218
f 549/421/215 551/479/215 547/476/215
f 551/479/32 552/477/32 548/475/32
f 548/475/216 552/477/216 550/163/216
f 549/421/213 553/288/213 555/480/213
f 555/480/31 556/478/31 552/477/31
f 556/478/214 554/161/214 550/163/214
f 557/290/211 559/483/211 555/480/211
f 559/483/30 560/481/30 556/478/30
f 556/478/212 560/481/212 558/158/212
f 561/292/209 563/485/209 559/483/209
f 563/485/29 564/482/29 560/481/29
f 560/481/210 564/482/210 562/156/210
f 565/294/207 567/487/207 563/485/207
f 567/487/28 568/484/28 564/482/28
f 564/482/208 568/484/208 566/155/208
f 565/294/205 569/296/205 571/488/205
f 571/488/27 572/486/27 568/484/27
f 572/486/206 570/152/206 566/155/206
f 569/296/203 573/298/203 575/490/203
f 575/490/26 576/489/26 572/486/26
f 576/489/204 574/151/204 570/152/204
f 573/298/201 577/300/201 579/492/201
f 579/492/25 580/491/25 576/489/25
f 580/491/202 578/149/202 574/151/202
f 577/300/199 581/302/199 583/494/199
f 583/494/24 584/493/24 580/491/24
f 584/493/200 582/147/200 578/149/200
f 581/302/197 585/304/197 587/496/197
f 587/496/23 588/495/23 584/493/23
f 588/495/198 586/145/198 582/147/198
f 585/304/195 589/306/195 591/498/195
f 591/498/22 592/497/22 588/495/22
f 592/497/196 590/143/196 586/145/196
f 593/308/193 595/500/193 591/498/193
f 595/500/21 596/499/21 592/497/21
f 596/499/194 594/141/194 590/143/194
f 597/310/191 599/503/191 595/500/191
f 599/503/20 600/501/20 596/499/20
f 596/499/192 600/501/192 598/139/192
f 597/310/189 601/422/189 603/504/189
f 603/504/19 604/502/19 600/501/19
f 604/502/190 602/137/190 598/139/190
f 601/422/187 605/423/187 607/506/187
f 607/506/18 608/505/18 604/502/18
f 608/505/188 606/135/188 602/137/188
f 609/314/185 611/509/185 607/506/185
f 611/509/17 612/507/17 608/505/17
f 608/505/186 612/507/186 610/133/186
f 613/317/183 615/510/183 611/509/183
f 615/510/16 616/508/16 612/507/16
f 612/507/184 616/508/184 614/131/184
f 613/317/181 617/424/181 619/512/181
f 619/512/15 620/511/15 616/508/15
f 620/511/182 618/129/182 614/131/182
f 621/319/179 623/514/179 619/512/179
f 623/514/14 624/513/14 620/511/14
f 620/511/180 624/513/180 622/127/180
f 625/322/177 627/517/177 623/514/177
f 627/517/13 628/515/13 624/513/13
f 624/513/178 628/515/178 626/125/178
f 629/324/175 631/520/175 627/517/175
f 631/520/12 632/516/12 628/515/12
f 628/515/176 632/516/176 630/122/176
f 629/324/173 633/326/173 635/519/173
f 635/519/11 636/518/11 632/516/11
f 636/518/174 634/121/174 630/122/174
f 633/326/171 637/425/171 639/523/171
f 639/523/10 640/521/10 636/518/10
f 640/521/172 638/119/172 634/121/172
f 641/426/169 643/525/169 639/523/169
f 643/525/9 644/522/9 640/521/9
f 640/521/170 644/522/170 642/114/170
f 646/527/167 648/528/167 643/525/167
f 648/528/7 647/524/7 644/522/7
f 644/522/168 647/524/168 645/112/168
f 266/177/38 269/335/38 393/176/38
f 649/529/2 653/1230/2 655/530/2
f 663/532/4 661/1231/4 657/533/4
f 655/535/231 653/1232/231 661/536/231
f 651/538/232 659/1233/232 657/539/232
f 655/541/6 663/1234/6 659/542/6
f 661/544/3 653/1235/3 649/545/3
f 665/547/5 664/551/5 667/548/5
f 671/550/3 666/552/3 664/551/3
f 666/552/4 669/1236/4 667/553/4
f 670/554/6 669/1237/6 666/552/6
f 670/555/2 671/550/2 665/547/2
f 677/557/5 676/565/5 672/558/5
f 674/560/1 680/576/1 673/561/1
f 678/563/4 674/1238/4 672/564/4
f 698/568/3 678/563/3 700/566/3
f 678/563/3 676/565/3 700/566/3
f 677/557/3 679/567/3 697/1239/3
f 679/567/3 699/569/3 697/1239/3
f 677/557/3 697/1239/3 700/566/3
f 679/567/3 678/563/3 698/568/3
f 703/572/6 702/573/6 680/570/6
f 702/573/6 679/567/6 680/570/6
f 680/570/6 674/1240/6 701/571/6
f 704/574/6 701/571/6 674/1240/6
f 678/563/6 679/567/6 702/573/6
f 704/574/6 674/1240/6 678/563/6
f 708/575/2 706/577/2 679/567/2
f 673/561/2 680/576/2 705/1241/2
f 680/576/2 707/578/2 705/1241/2
f 708/575/2 679/567/2 677/557/2
f 673/561/2 705/1241/2 708/575/2
f 680/576/2 679/567/2 706/577/2
f 684/579/4 681/1242/4 682/580/4
f 681/582/1 683/588/1 688/583/1
f 683/585/6 681/1243/6 684/579/6
f 685/586/3 684/579/3 686/581/3
f 683/588/2 685/586/2 687/587/2
f 690/589/2 696/598/2 691/590/2
f 694/592/1 690/589/1 689/591/1
f 691/590/5 693/599/5 692/594/5
f 690/596/6 694/1244/6 695/597/6
f 696/598/3 695/597/3 693/599/3
f 654/600/3 656/609/3 652/601/3
f 650/603/2 652/1245/2 660/604/2
f 650/606/6 658/605/6 662/607/6
f 654/600/3 705/600/3 707/609/3
f 656/609/5 707/609/5 706/610/5
f 675/610/1 706/610/1 708/607/1
f 654/600/6 662/607/6 708/607/6
f 662/607/4 697/607/4 699/610/4
f 675/610/5 699/610/5 698/604/5
f 660/604/2 698/604/2 700/605/2
f 658/605/6 700/605/6 697/607/6
f 656/611/4 675/610/4 702/610/4
f 652/612/3 656/611/3 703/611/3
f 652/612/2 701/612/2 704/604/2
f 660/604/1 704/604/1 702/610/1
f 709/613/2 711/1246/2 715/614/2
f 723/616/4 719/1247/4 717/617/4
f 721/619/233 713/1248/233 715/620/233
f 717/622/234 719/1249/234 711/623/234
f 719/625/6 723/1250/6 715/626/6
f 709/628/1 713/1251/1 721/629/1
f 667/548/5 724/551/5 725/547/5
f 724/551/1 726/552/1 727/550/1
f 667/553/4 669/1236/4 726/552/4
f 726/552/6 669/1237/6 670/554/6
f 725/547/2 727/550/2 670/555/2
f 728/631/5 732/639/5 733/632/5
f 729/634/3 736/650/3 730/635/3
f 728/637/4 730/1252/4 734/638/4
f 732/639/1 734/638/1 756/1253/1
f 734/638/1 754/641/1 756/1253/1
f 755/643/1 735/642/1 753/640/1
f 735/642/1 733/632/1 753/640/1
f 732/639/1 756/1253/1 753/640/1
f 754/641/1 734/638/1 735/642/1
f 735/642/6 758/1254/6 759/644/6
f 759/644/6 757/1255/6 730/645/6
f 736/646/6 735/642/6 759/644/6
f 730/645/6 757/1255/6 760/647/6
f 760/647/6 758/1254/6 735/642/6
f 734/638/6 730/645/6 760/647/6
f 735/642/2 762/649/2 764/1256/2
f 761/648/2 763/651/2 736/650/2
f 733/632/2 735/642/2 764/1256/2
f 761/648/2 736/650/2 729/634/2
f 733/632/2 764/1256/2 761/648/2
f 762/649/2 735/642/2 736/650/2
f 738/652/4 737/1257/4 740/653/4
f 744/655/3 739/661/3 737/656/3
f 740/653/6 737/1258/6 739/658/6
f 742/654/1 740/653/1 741/659/1
f 743/660/2 741/659/2 739/661/2
f 747/662/2 752/671/2 746/663/2
f 745/664/3 746/663/3 750/665/3
f 748/667/5 749/672/5 747/662/5
f 751/669/6 750/1259/6 746/670/6
f 749/672/1 751/669/1 752/671/1
f 712/673/1 716/682/1 714/674/1
f 720/676/2 712/1260/2 710/677/2
f 722/679/6 718/678/6 710/680/6
f 763/682/1 761/674/1 714/674/1
f 762/683/5 763/682/5 716/682/5
f 764/679/3 762/683/3 731/683/3
f 764/679/6 722/679/6 714/674/6
f 755/683/4 753/679/4 722/679/4
f 754/676/5 755/683/5 731/683/5
f 756/678/2 754/676/2 720/676/2
f 753/679/6 756/678/6 718/678/6
f 758/683/4 731/683/4 716/684/4
f 759/684/1 716/684/1 712/685/1
f 760/676/2 757/685/2 712/685/2
f 758/683/3 760/676/3 720/676/3
f 765/686/4 767/1261/4 771/687/4
f 779/689/2 775/1262/2 773/690/2
f 777/692/231 769/1263/231 771/693/231
f 773/695/232 775/1264/232 767/696/232
f 775/698/6 779/1265/6 771/699/6
f 765/701/3 769/1266/3 777/702/3
f 783/704/5 780/707/5 781/705/5
f 780/707/3 782/710/3 787/708/3
f 783/709/2 785/1267/2 782/710/2
f 782/710/6 785/1268/6 786/711/6
f 781/705/4 787/708/4 786/712/4
f 788/714/5 792/722/5 793/715/5
f 789/717/1 796/735/1 790/718/1
f 788/720/2 790/1269/2 794/721/2
f 792/722/3 794/721/3 812/723/3
f 794/721/3 810/725/3 812/723/3
f 811/727/3 795/726/3 809/724/3
f 795/726/3 793/715/3 809/724/3
f 792/722/3 812/723/3 793/715/3
f 810/725/3 794/721/3 795/726/3
f 795/726/6 814/1270/6 796/730/6
f 814/1270/6 815/1271/6 796/730/6
f 815/1271/6 813/728/6 796/730/6
f 790/729/6 813/728/6 816/731/6
f 816/731/6 814/1270/6 795/726/6
f 794/721/6 790/729/6 816/731/6
f 795/726/4 818/734/4 820/732/4
f 817/733/4 819/736/4 796/735/4
f 793/715/4 795/726/4 820/732/4
f 817/733/4 796/735/4 789/717/4
f 793/715/4 820/732/4 789/717/4
f 818/734/4 795/726/4 796/735/4
f 798/737/2 797/1272/2 800/738/2
f 804/740/1 799/746/1 797/741/1
f 800/738/6 797/1273/6 799/743/6
f 802/739/3 800/738/3 801/744/3
f 803/745/4 801/744/4 799/746/4
f 807/590/4 808/598/4 806/589/4
f 805/591/1 806/589/1 694/592/1
f 692/594/5 693/599/5 807/590/5
f 695/597/6 694/1244/6 806/596/6
f 693/599/3 695/597/3 808/598/3
f 768/747/3 772/756/3 770/748/3
f 776/750/4 768/1274/4 766/751/4
f 778/753/6 774/752/6 766/754/6
f 819/756/3 817/748/3 770/748/3
f 818/757/5 819/756/5 772/756/5
f 820/753/1 818/757/1 791/757/1
f 820/753/6 778/753/6 770/748/6
f 811/757/2 809/753/2 778/753/2
f 810/750/5 811/757/5 791/757/5
f 812/752/4 810/750/4 776/750/4
f 809/753/6 812/752/6 774/752/6
f 814/757/2 791/757/2 772/758/2
f 815/758/3 772/758/3 768/759/3
f 816/750/4 813/759/4 768/759/4
f 814/757/1 816/750/1 776/750/1
f 821/760/4 825/1275/4 827/761/4
f 835/763/2 833/1276/2 829/764/2
f 827/766/233 825/1277/233 833/767/233
f 823/769/234 831/1278/234 829/770/234
f 827/772/6 835/1279/6 831/773/6
f 833/775/1 825/1280/1 821/776/1
f 837/705/5 836/707/5 783/704/5
f 839/708/1 838/710/1 836/707/1
f 838/710/2 785/1267/2 783/709/2
f 786/711/6 785/1268/6 838/710/6
f 786/712/4 839/708/4 837/705/4
f 845/778/5 844/786/5 840/779/5
f 842/781/3 848/797/3 841/782/3
f 846/784/2 842/1281/2 840/785/2
f 862/789/1 846/784/1 864/787/1
f 846/784/1 844/786/1 864/787/1
f 845/778/1 847/788/1 861/1282/1
f 847/788/1 863/790/1 861/1282/1
f 845/778/1 861/1282/1 864/787/1
f 847/788/1 846/784/1 862/789/1
f 867/793/6 866/1283/6 847/788/6
f 848/791/6 842/795/6 865/792/6
f 867/793/6 847/788/6 848/791/6
f 868/794/6 865/792/6 842/795/6
f 846/784/6 847/788/6 868/794/6
f 847/788/6 866/1283/6 868/794/6
f 872/796/4 870/798/4 847/788/4
f 841/782/4 848/797/4 869/1284/4
f 848/797/4 871/799/4 869/1284/4
f 872/796/4 847/788/4 845/778/4
f 841/782/4 869/1284/4 872/796/4
f 848/797/4 847/788/4 870/798/4
f 852/800/2 849/1285/2 850/801/2
f 849/803/3 851/809/3 856/804/3
f 851/806/6 849/1286/6 852/800/6
f 853/807/1 852/800/1 854/802/1
f 851/809/4 853/807/4 855/808/4
f 858/663/4 860/671/4 859/662/4
f 750/665/3 858/663/3 857/664/3
f 859/662/5 749/672/5 748/667/5
f 858/670/6 750/1259/6 751/669/6
f 860/671/1 751/669/1 749/672/1
f 826/810/1 828/819/1 824/811/1
f 822/813/4 824/1287/4 832/814/4
f 822/816/6 830/815/6 834/817/6
f 826/810/1 869/810/1 871/819/1
f 828/819/5 871/819/5 870/820/5
f 843/820/3 870/820/3 872/817/3
f 826/810/6 834/817/6 872/817/6
f 834/817/2 861/817/2 863/820/2
f 843/820/5 863/820/5 862/814/5
f 832/814/4 862/814/4 864/815/4
f 830/815/6 864/815/6 861/817/6
f 828/821/2 843/820/2 866/820/2
f 824/822/1 828/821/1 867/821/1
f 824/822/4 865/822/4 868/814/4
f 832/814/3 868/814/3 866/820/3
f 875/823/2 879/1288/2 877/824/2
f 883/826/4 881/1289/4 885/827/4
f 885/829/234 877/1290/234 879/830/234
f 881/832/233 883/1291/233 875/833/233
f 883/835/5 887/1292/5 879/836/5
f 873/838/3 877/1293/3 885/839/3
f 891/841/6 888/844/6 889/842/6
f 888/844/3 890/847/3 895/845/3
f 891/846/4 893/1294/4 890/847/4
f 890/847/5 893/1295/5 894/848/5
f 889/842/2 895/845/2 894/849/2
f 896/851/6 900/859/6 901/852/6
f 897/854/1 904/871/1 898/855/1
f 896/857/4 898/1296/4 902/858/4
f 900/859/3 902/858/3 920/1297/3
f 902/858/3 918/861/3 920/1297/3
f 919/863/3 903/862/3 917/860/3
f 903/862/3 901/852/3 917/860/3
f 900/859/3 920/1297/3 917/860/3
f 918/861/3 902/858/3 903/862/3
f 903/862/5 922/1298/5 904/866/5
f 922/1298/5 923/864/5 904/866/5
f 923/864/5 921/1299/5 898/865/5
f 898/865/5 921/1299/5 924/867/5
f 924/867/5 922/1298/5 903/862/5
f 902/858/5 898/865/5 924/867/5
f 903/862/2 926/870/2 928/868/2
f 925/869/2 927/872/2 904/871/2
f 901/852/2 903/862/2 928/868/2
f 925/869/2 904/871/2 897/854/2
f 901/852/2 928/868/2 897/854/2
f 926/870/2 903/862/2 904/871/2
f 682/580/4 905/1242/4 907/579/4
f 688/583/1 906/588/1 905/582/1
f 907/579/5 905/1243/5 906/585/5
f 686/581/3 907/579/3 908/586/3
f 687/587/2 908/586/2 906/588/2
f 909/873/2 911/879/2 916/874/2
f 909/873/1 910/875/1 914/876/1
f 912/878/6 913/883/6 911/879/6
f 915/881/5 914/1300/5 910/882/5
f 913/883/3 915/881/3 916/874/3
f 876/884/3 880/893/3 878/885/3
f 884/887/2 876/1301/2 874/888/2
f 886/890/5 882/889/5 874/891/5
f 927/893/3 925/885/3 878/885/3
f 926/894/6 927/893/6 880/893/6
f 928/890/1 926/894/1 899/894/1
f 928/890/5 886/890/5 878/885/5
f 919/894/4 917/890/4 886/890/4
f 918/887/6 919/894/6 899/894/6
f 920/889/2 918/887/2 884/887/2
f 917/890/5 920/889/5 882/889/5
f 922/894/4 899/894/4 880/895/4
f 923/895/3 880/895/3 876/896/3
f 924/887/2 921/896/2 876/896/2
f 922/894/1 924/887/1 884/887/1
f 929/897/2 933/1302/2 935/898/2
f 943/900/4 941/1303/4 937/901/4
f 935/903/232 933/1304/232 941/904/232
f 931/906/231 939/1305/231 937/907/231
f 935/909/5 943/1306/5 939/910/5
f 941/912/1 933/1307/1 929/913/1
f 945/842/6 944/844/6 891/841/6
f 947/845/1 946/847/1 944/844/1
f 946/847/4 893/1294/4 891/846/4
f 894/848/5 893/1295/5 946/847/5
f 894/849/2 947/845/2 945/842/2
f 953/915/6 952/923/6 948/916/6
f 950/918/3 956/934/3 949/919/3
f 954/921/4 950/1308/4 948/922/4
f 970/926/1 954/921/1 972/924/1
f 954/921/1 952/923/1 972/924/1
f 953/915/1 955/925/1 969/1309/1
f 955/925/1 971/927/1 969/1309/1
f 953/915/1 969/1309/1 972/924/1
f 955/925/1 954/921/1 970/926/1
f 975/930/5 974/931/5 955/925/5
f 956/928/5 950/1310/5 973/929/5
f 975/930/5 955/925/5 956/928/5
f 976/932/5 973/929/5 950/1310/5
f 954/921/5 955/925/5 974/931/5
f 976/932/5 950/1310/5 954/921/5
f 980/933/2 978/935/2 955/925/2
f 949/919/2 956/934/2 977/1311/2
f 956/934/2 979/936/2 977/1311/2
f 980/933/2 955/925/2 953/915/2
f 949/919/2 977/1311/2 980/933/2
f 956/934/2 955/925/2 978/935/2
f 959/653/4 957/1257/4 738/652/4
f 957/656/3 958/661/3 744/655/3
f 958/658/5 957/1258/5 959/653/5
f 960/659/1 959/653/1 742/654/1
f 958/661/2 960/659/2 743/660/2
f 961/937/2 962/1062/2 968/938/2
f 966/940/3 962/1062/3 961/937/3
f 963/939/6 965/946/6 964/942/6
f 962/944/5 966/1312/5 967/945/5
f 968/938/1 967/945/1 965/946/1
f 934/947/1 936/956/1 932/948/1
f 930/950/2 932/1313/2 940/951/2
f 930/953/5 938/952/5 942/954/5
f 934/947/1 977/947/1 979/956/1
f 936/956/6 979/956/6 978/957/6
f 951/957/3 978/957/3 980/954/3
f 934/947/5 942/954/5 980/954/5
f 942/954/4 969/954/4 971/957/4
f 951/957/6 971/957/6 970/951/6
f 940/951/2 970/951/2 972/952/2
f 938/952/5 972/952/5 969/954/5
f 936/958/4 951/957/4 974/957/4
f 932/959/1 936/958/1 975/958/1
f 932/959/2 973/959/2 976/951/2
f 940/951/3 976/951/3 974/957/3
f 985/960/4 987/1314/4 983/961/4
f 993/963/2 989/1315/2 991/964/2
f 987/966/234 985/1316/234 993/967/234
f 983/969/233 991/1317/233 989/970/233
f 987/972/5 995/1318/5 991/973/5
f 993/975/3 985/1319/3 981/976/3
f 997/978/6 996/982/6 999/979/6
f 1003/981/3 998/983/3 996/982/3
f 998/983/2 1001/1320/2 999/984/2
f 1002/985/5 1001/1321/5 998/983/5
f 1002/986/4 1003/981/4 997/978/4
f 1009/988/6 1008/996/6 1004/989/6
f 1006/991/1 1012/1007/1 1005/992/1
f 1010/994/2 1006/1322/2 1004/995/2
f 1022/999/3 1010/994/3 1024/997/3
f 1010/994/3 1008/996/3 1024/997/3
f 1009/988/3 1011/998/3 1021/1323/3
f 1011/998/3 1023/1000/3 1021/1323/3
f 1009/988/3 1021/1323/3 1024/997/3
f 1011/998/3 1010/994/3 1022/999/3
f 1027/1003/5 1026/1324/5 1012/1001/5
f 1026/1324/5 1011/998/5 1012/1001/5
f 1012/1001/5 1006/1005/5 1025/1002/5
f 1028/1004/5 1025/1002/5 1006/1005/5
f 1010/994/5 1011/998/5 1028/1004/5
f 1011/998/5 1026/1324/5 1028/1004/5
f 1032/1006/4 1030/1008/4 1011/998/4
f 1005/992/4 1012/1007/4 1029/1325/4
f 1012/1007/4 1031/1009/4 1029/1325/4
f 1032/1006/4 1011/998/4 1009/988/4
f 1005/992/4 1029/1325/4 1032/1006/4
f 1012/1007/4 1011/998/4 1030/1008/4
f 1015/738/2 1013/1272/2 798/737/2
f 1013/741/1 1014/746/1 804/740/1
f 1014/743/5 1013/1273/5 1015/738/5
f 1016/744/3 1015/738/3 802/739/3
f 1014/746/4 1016/744/4 803/745/4
f 1017/873/4 1018/875/4 1020/874/4
f 914/876/1 1018/875/1 1017/873/1
f 1019/879/6 913/883/6 912/878/6
f 1018/882/5 914/1300/5 915/881/5
f 1020/874/3 915/881/3 913/883/3
f 986/1010/3 988/1019/3 984/1011/3
f 982/1013/4 984/1326/4 992/1014/4
f 982/1016/5 990/1015/5 994/1017/5
f 986/1010/3 1029/1010/3 1031/1019/3
f 988/1019/6 1031/1019/6 1030/1020/6
f 1007/1020/1 1030/1020/1 1032/1017/1
f 986/1010/5 994/1017/5 1032/1017/5
f 994/1017/2 1021/1017/2 1023/1020/2
f 1007/1020/6 1023/1020/6 1022/1014/6
f 992/1014/4 1022/1014/4 1024/1015/4
f 990/1015/5 1024/1015/5 1021/1017/5
f 988/1021/2 1007/1020/2 1026/1020/2
f 984/1022/3 988/1021/3 1027/1021/3
f 984/1022/4 1025/1022/4 1028/1014/4
f 992/1014/1 1028/1014/1 1026/1020/1
f 1033/1023/4 1035/1327/4 1039/1024/4
f 1047/1026/2 1043/1328/2 1041/1027/2
f 1045/1029/232 1037/1329/232 1039/1030/232
f 1041/1032/231 1043/1330/231 1035/1033/231
f 1043/1035/5 1047/1331/5 1039/1036/5
f 1033/1038/1 1037/1332/1 1045/1039/1
f 999/979/6 1048/982/6 1049/978/6
f 1048/982/1 1050/983/1 1051/981/1
f 999/984/2 1001/1320/2 1050/983/2
f 1050/983/5 1001/1321/5 1002/985/5
f 1049/978/4 1051/981/4 1002/986/4
f 1052/1041/6 1056/1049/6 1057/1042/6
f 1053/1044/3 1060/1060/3 1054/1045/3
f 1052/1047/2 1054/1333/2 1058/1048/2
f 1056/1049/1 1058/1048/1 1072/1050/1
f 1058/1048/1 1070/1052/1 1072/1050/1
f 1071/1054/1 1059/1053/1 1069/1051/1
f 1059/1053/1 1057/1042/1 1069/1051/1
f 1056/1049/1 1072/1050/1 1057/1042/1
f 1070/1052/1 1058/1048/1 1059/1053/1
f 1059/1053/5 1074/1334/5 1075/1056/5
f 1075/1056/5 1073/1335/5 1060/1055/5
f 1073/1335/5 1054/1336/5 1060/1055/5
f 1054/1336/5 1073/1335/5 1076/1057/5
f 1076/1057/5 1074/1334/5 1059/1053/5
f 1058/1048/5 1054/1336/5 1076/1057/5
f 1059/1053/4 1078/1059/4 1080/1337/4
f 1077/1058/4 1079/1061/4 1060/1060/4
f 1057/1042/4 1059/1053/4 1080/1337/4
f 1077/1058/4 1060/1060/4 1053/1044/4
f 1057/1042/4 1080/1337/4 1077/1058/4
f 1078/1059/4 1059/1053/4 1060/1060/4
f 850/801/2 1061/1285/2 1063/800/2
f 856/804/3 1062/809/3 1061/803/3
f 1063/800/5 1061/1286/5 1062/806/5
f 854/802/1 1063/800/1 1064/807/1
f 855/808/4 1064/807/4 1062/809/4
f 1065/937/4 1067/939/4 1068/938/4
f 1065/937/3 1066/1062/3 966/940/3
f 964/942/6 965/946/6 1067/939/6
f 967/945/5 966/1312/5 1066/944/5
f 965/946/1 967/945/1 1068/938/1
f 1036/1063/1 1040/1072/1 1038/1064/1
f 1044/1066/4 1036/1338/4 1034/1067/4
f 1046/1069/5 1042/1068/5 1034/1070/5
f 1079/1072/1 1077/1064/1 1038/1064/1
f 1078/1073/6 1079/1072/6 1040/1072/6
f 1080/1069/3 1078/1073/3 1055/1073/3
f 1080/1069/5 1046/1069/5 1038/1064/5
f 1071/1073/2 1069/1069/2 1046/1069/2
f 1070/1066/6 1071/1073/6 1055/1073/6
f 1072/1068/4 1070/1066/4 1044/1066/4
f 1069/1069/5 1072/1068/5 1042/1068/5
f 1074/1073/2 1055/1073/2 1040/1074/2
f 1075/1074/1 1040/1074/1 1036/1075/1
f 1076/1066/4 1073/1075/4 1036/1075/4
f 1074/1073/3 1076/1066/3 1044/1066/3
f 1082/1076/1 1081/1339/1 1084/1077/1
f 1087/1079/3 1086/1084/3 1085/1080/3
f 1088/1081/235 1083/1340/235 1084/1082/235
f 1082/1083/236 1085/1080/236 1086/1084/236
f 1090/1086/1 1092/1341/1 1091/1087/1
f 1094/1089/3 1093/1342/3 1095/1090/3
f 1095/1090/237 1091/1343/237 1092/1092/237
f 1089/1093/238 1093/1342/238 1094/1089/238
f 1098/1095/1 1100/1344/1 1099/1096/1
f 1102/1098/3 1101/1345/3 1103/1099/3
f 1100/1101/237 1104/1100/237 1103/1099/237
f 1097/1103/238 1101/1345/238 1102/1098/238
f 1106/1105/1 1105/1346/1 1108/1106/1
f 1111/1108/3 1110/1113/3 1109/1109/3
f 1112/1110/235 1107/1347/235 1108/1111/235
f 1106/1112/236 1109/1109/236 1110/1113/236
f 1115/1115/6 1113/1348/6 1114/1116/6
f 1118/1118/5 1117/1123/5 1120/1119/5
f 1119/1120/239 1120/1119/239 1115/1121/239
f 1117/1123/240 1118/1118/240 1114/1124/240
f 1123/1126/5 1122/1349/5 1121/1127/5
f 1128/1129/6 1127/1133/6 1125/1130/6
f 1123/1132/241 1124/1350/241 1127/1133/241
f 1125/1130/242 1121/1351/242 1122/1134/242
f 1129/1135/6 1132/1352/6 1131/1136/6
f 1134/1138/5 1133/1144/5 1135/1139/5
f 1132/1141/239 1136/1140/239 1135/1139/239
f 1129/1143/240 1130/1353/240 1133/1144/240
f 1139/1145/5 1138/1354/5 1137/1146/5
f 1144/1148/6 1143/1152/6 1142/1149/6
f 1139/1151/241 1140/1355/241 1143/1152/241
f 1138/1153/242 1141/1150/242 1142/1149/242
f 1127/1155/2 1124/1356/2 1121/1156/2
f 1100/1158/2 1098/1357/2 1102/1159/2
f 1128/1161/3 1126/1358/3 1122/1162/3
f 1103/1164/5 1101/1359/5 1097/1165/5
f 1119/1167/2 1116/1360/2 1114/1168/2
f 1092/1170/2 1090/1361/2 1094/1171/2
f 1115/1173/1 1120/1362/1 1117/1174/1
f 1095/1176/5 1093/1363/5 1089/1177/5
f 1133/1179/4 1130/1364/4 1131/1180/4
f 1107/1182/4 1112/1365/4 1109/1183/4
f 1129/1185/3 1134/1366/3 1136/1186/3
f 1108/1188/5 1105/1367/5 1110/1189/5
f 1141/1191/4 1138/1368/4 1139/1192/4
f 1083/1194/4 1088/1369/4 1085/1195/4
f 1142/1197/1 1143/1370/1 1140/1198/1
f 1084/1200/5 1081/1371/5 1086/1201/5
