# Blender 4.4.0
# www.blender.org
mtllib brickPallet.mtl
o pallet
v -2.500000 -2.000000 0.400000
v -2.500000 -1.200000 0.400000
v -2.500000 -2.000000 -0.400000
v -2.500000 -1.200000 -0.400000
v 2.500000 -2.000000 0.400000
v 2.500000 -1.200000 0.400000
v 2.500000 -2.000000 -0.400000
v 2.500000 -1.200000 -0.400000
v -1.700000 -1.300000 -0.400000
v -0.400000 -1.300000 -0.400000
v 0.400000 -1.300000 -0.400000
v 1.700000 -1.300000 -0.400000
v -1.700000 -1.900000 -0.400000
v -0.400000 -1.900000 -0.400000
v 0.400000 -1.900000 -0.400000
v 1.700000 -1.900000 -0.400000
v -1.700000 -1.300000 0.400000
v -0.400000 -1.300000 0.400000
v 1.700000 -1.300000 0.400000
v 0.400000 -1.300000 0.400000
v -0.400000 -1.900000 0.400000
v -1.700000 -1.900000 0.400000
v 1.700000 -1.900000 0.400000
v 0.400000 -1.900000 0.400000
v -2.500000 -2.000000 -1.700000
v -2.500000 -1.200000 -1.700000
v -2.500000 -2.000000 -2.500000
v -2.500000 -1.200000 -2.500000
v 2.500000 -2.000000 -1.700000
v 2.500000 -1.200000 -1.700000
v 2.500000 -2.000000 -2.500000
v 2.500000 -1.200000 -2.500000
v -1.700000 -1.300000 -2.500000
v -0.400000 -1.300000 -2.500000
v 0.400000 -1.300000 -2.500000
v 1.700000 -1.300000 -2.500000
v -1.700000 -1.900000 -2.500000
v -0.400000 -1.900000 -2.500000
v 0.400000 -1.900000 -2.500000
v 1.700000 -1.900000 -2.500000
v -1.700000 -1.300000 -1.700000
v -0.400000 -1.300000 -1.700000
v 1.700000 -1.300000 -1.700000
v 0.400000 -1.300000 -1.700000
v -0.400000 -1.900000 -1.700000
v -1.700000 -1.900000 -1.700000
v 1.700000 -1.900000 -1.700000
v 0.400000 -1.900000 -1.700000
v -2.500000 -2.000000 2.500000
v -2.500000 -1.200000 2.500000
v -2.500000 -2.000000 1.700000
v -2.500000 -1.200000 1.700000
v 2.500000 -2.000000 2.500000
v 2.500000 -1.200000 2.500000
v 2.500000 -2.000000 1.700000
v 2.500000 -1.200000 1.700000
v -1.700000 -1.300000 1.700000
v -0.400000 -1.300000 1.700000
v 0.400000 -1.300000 1.700000
v 1.700000 -1.300000 1.700000
v -1.700000 -1.900000 1.700000
v -0.400000 -1.900000 1.700000
v 0.400000 -1.900000 1.700000
v 1.700000 -1.900000 1.700000
v -1.700000 -1.300000 2.500000
v -0.400000 -1.300000 2.500000
v 1.700000 -1.300000 2.500000
v 0.400000 -1.300000 2.500000
v -0.400000 -1.900000 2.500000
v -1.700000 -1.900000 2.500000
v 1.700000 -1.900000 2.500000
v 0.400000 -1.900000 2.500000
v 2.000000 -1.200000 2.500000
v 2.000000 -1.150000 2.500000
v 2.000000 -1.200000 -2.500000
v 2.000000 -1.150000 -2.500000
v 2.500000 -1.200000 2.500000
v 2.500000 -1.150000 2.500000
v 2.500000 -1.200000 -2.500000
v 2.500000 -1.150000 -2.500000
v -2.500000 -1.200000 2.500000
v -2.500000 -1.150000 2.500000
v -2.500000 -1.200000 -2.500000
v -2.500000 -1.150000 -2.500000
v -2.000000 -1.200000 2.500000
v -2.000000 -1.150000 2.500000
v -2.000000 -1.200000 -2.500000
v -2.000000 -1.150000 -2.500000
v -0.250000 -1.200000 2.500000
v -0.250000 -1.150000 2.500000
v -0.250000 -1.200000 -2.500000
v -0.250000 -1.150000 -2.500000
v 0.250000 -1.200000 2.500000
v 0.250000 -1.150000 2.500000
v 0.250000 -1.200000 -2.500000
v 0.250000 -1.150000 -2.500000
v -1.000000 -1.200000 2.500000
v -1.000000 -1.150000 2.500000
v -1.000000 -1.200000 -2.500000
v -1.000000 -1.150000 -2.500000
v -0.500000 -1.200000 2.500000
v -0.500000 -1.150000 2.500000
v -0.500000 -1.200000 -2.500000
v -0.500000 -1.150000 -2.500000
v -1.750000 -1.200000 2.500000
v -1.750000 -1.150000 2.500000
v -1.750000 -1.200000 -2.500000
v -1.750000 -1.150000 -2.500000
v -1.250000 -1.200000 2.500000
v -1.250000 -1.150000 2.500000
v -1.250000 -1.200000 -2.500000
v -1.250000 -1.150000 -2.500000
v 0.500000 -1.200000 2.500000
v 0.500000 -1.150000 2.500000
v 0.500000 -1.200000 -2.500000
v 0.500000 -1.150000 -2.500000
v 1.000000 -1.200000 2.500000
v 1.000000 -1.150000 2.500000
v 1.000000 -1.200000 -2.500000
v 1.000000 -1.150000 -2.500000
v 1.250000 -1.200000 2.500000
v 1.250000 -1.150000 2.500000
v 1.250000 -1.200000 -2.500000
v 1.250000 -1.150000 -2.500000
v 1.750000 -1.200000 2.500000
v 1.750000 -1.150000 2.500000
v 1.750000 -1.200000 -2.500000
v 1.750000 -1.150000 -2.500000
v 0.064751 0.419541 -0.000553
v 0.064751 0.419541 -1.250553
v 0.064751 1.199541 -0.000553
v 2.564751 0.419541 -0.000553
v 0.314751 0.419541 -0.375554
v 0.314751 0.419541 -0.875554
v 0.814751 0.419541 -0.375554
v 0.314751 1.199541 -0.375554
v 0.814751 1.199541 -0.375554
v 0.314751 1.199541 -0.875554
v 0.064751 1.199541 -1.250553
v 0.814751 1.199541 -0.875554
v 1.064751 1.199541 -0.875554
v 0.814751 0.419541 -0.875554
v 1.064751 0.419541 -0.875554
v 1.064751 0.419541 -0.375554
v 1.564751 0.419541 -0.875554
v 1.814751 0.419541 -0.875554
v 1.564751 0.419541 -0.375554
v 1.564751 1.199541 -0.875554
v 1.814751 1.199541 -0.875554
v 1.564751 1.199541 -0.375554
v 1.814751 1.199541 -0.375554
v 1.064751 1.199541 -0.375554
v 2.314751 1.199541 -0.375554
v 1.814751 0.419541 -0.375554
v 2.314751 0.419541 -0.375554
v 2.314751 0.419541 -0.875554
v 2.314751 1.199541 -0.875554
v 2.564751 1.199541 -1.250553
v 2.564751 0.419541 -1.250553
v 2.564751 1.199541 -0.000553
v 0.000000 1.183834 2.533804
v 0.000000 1.963834 2.533804
v 0.000000 1.183834 1.283804
v 0.000000 1.963834 1.283804
v 2.500000 1.183834 2.533804
v 2.500000 1.963834 2.533804
v 2.500000 1.183834 1.283804
v 2.500000 1.963834 1.283804
v 1.000000 1.183834 1.658804
v 0.750000 1.183834 1.658804
v 1.500000 1.183834 1.658804
v 2.250000 1.183834 2.158804
v 2.250000 1.183834 1.658804
v 1.750000 1.183834 1.658804
v 1.750000 1.183834 2.158804
v 0.250000 1.183834 2.158804
v 0.750000 1.183834 2.158804
v 0.250000 1.183834 1.658804
v 1.500000 1.183834 2.158804
v 1.000000 1.183834 2.158804
v 0.250000 1.963834 2.158804
v 0.750000 1.963834 2.158804
v 0.250000 1.963834 1.658804
v 1.000000 1.963834 1.658804
v 0.750000 1.963834 1.658804
v 1.500000 1.963834 1.658804
v 1.750000 1.963834 1.658804
v 1.000000 1.963834 2.158804
v 1.750000 1.963834 2.158804
v 1.500000 1.963834 2.158804
v 2.250000 1.963834 2.158804
v 2.250000 1.963834 1.658804
v 0.031765 -1.150000 2.501030
v 0.031765 -1.150000 1.251030
v 0.031765 -0.370000 2.501030
v 2.531765 -1.150000 2.501030
v 0.281765 -1.150000 2.126030
v 0.281765 -1.150000 1.626030
v 0.781765 -1.150000 2.126030
v 0.281765 -0.370000 2.126030
v 0.781765 -0.370000 2.126030
v 0.281765 -0.370000 1.626030
v 0.031765 -0.370000 1.251030
v 0.781765 -0.370000 1.626030
v 1.031765 -0.370000 1.626030
v 0.781765 -1.150000 1.626030
v 1.031765 -1.150000 1.626030
v 1.031765 -1.150000 2.126030
v 1.531764 -1.150000 1.626030
v 1.781765 -1.150000 1.626030
v 1.531764 -1.150000 2.126030
v 1.531764 -0.370000 1.626030
v 1.781765 -0.370000 1.626030
v 1.531764 -0.370000 2.126030
v 1.781765 -0.370000 2.126030
v 1.031765 -0.370000 2.126030
v 2.281765 -0.370000 2.126030
v 1.781765 -1.150000 2.126030
v 2.281765 -1.150000 2.126030
v 2.281765 -1.150000 1.626030
v 2.281765 -0.370000 1.626030
v 2.531765 -0.370000 1.251030
v 2.531765 -1.150000 1.251030
v 2.531765 -0.370000 2.501030
v 0.000000 -1.150000 2.501028
v 0.000000 -1.150000 1.251028
v 0.000000 -0.370000 2.501028
v 2.500000 -1.150000 2.501028
v 0.250000 -1.150000 2.126028
v 0.250000 -1.150000 1.626028
v 0.750000 -1.150000 2.126028
v 0.250000 -0.370000 2.126028
v 0.750000 -0.370000 2.126028
v 0.250000 -0.370000 1.626028
v 0.000000 -0.370000 1.251028
v 0.750000 -0.370000 1.626028
v 1.000000 -0.370000 1.626028
v 0.750000 -1.150000 1.626028
v 1.000000 -1.150000 1.626028
v 1.000000 -1.150000 2.126028
v 1.500000 -1.150000 1.626028
v 1.750000 -1.150000 1.626028
v 1.500000 -1.150000 2.126028
v 1.500000 -0.370000 1.626028
v 1.750000 -0.370000 1.626028
v 1.500000 -0.370000 2.126028
v 1.750000 -0.370000 2.126028
v 1.000000 -0.370000 2.126028
v 2.250000 -0.370000 2.126028
v 1.750000 -1.150000 2.126028
v 2.250000 -1.150000 2.126028
v 2.250000 -1.150000 1.626028
v 2.250000 -0.370000 1.626028
v 2.500000 -0.370000 1.251028
v 2.500000 -1.150000 1.251028
v 2.500000 -0.370000 2.501028
v 0.000000 -1.150000 -1.251030
v 0.000000 -1.150000 -2.501030
v 0.000000 -0.370000 -1.251030
v 2.500000 -1.150000 -1.251030
v 0.250000 -1.150000 -1.626030
v 0.250000 -1.150000 -2.126030
v 0.750000 -1.150000 -1.626030
v 0.250000 -0.370000 -1.626030
v 0.750000 -0.370000 -1.626030
v 0.250000 -0.370000 -2.126030
v 0.000000 -0.370000 -2.501030
v 0.750000 -0.370000 -2.126030
v 1.000000 -0.370000 -2.126030
v 0.750000 -1.150000 -2.126030
v 1.000000 -1.150000 -2.126030
v 1.000000 -1.150000 -1.626030
v 1.500000 -1.150000 -2.126030
v 1.750000 -1.150000 -2.126030
v 1.500000 -1.150000 -1.626030
v 1.500000 -0.370000 -2.126030
v 1.750000 -0.370000 -2.126030
v 1.500000 -0.370000 -1.626030
v 1.750000 -0.370000 -1.626030
v 1.000000 -0.370000 -1.626030
v 2.250000 -0.370000 -1.626030
v 1.750000 -1.150000 -1.626030
v 2.250000 -1.150000 -1.626030
v 2.250000 -1.150000 -2.126030
v 2.250000 -0.370000 -2.126030
v 2.500000 -0.370000 -2.501030
v 2.500000 -1.150000 -2.501030
v 2.500000 -0.370000 -1.251030
v 0.000000 -1.150000 1.249811
v 0.000000 -1.150000 -0.000189
v 0.000000 -0.370000 1.249811
v 2.500000 -1.150000 1.249811
v 0.250000 -1.150000 0.874811
v 0.250000 -1.150000 0.374811
v 0.750000 -1.150000 0.874811
v 0.250000 -0.370000 0.874811
v 0.750000 -0.370000 0.874811
v 0.250000 -0.370000 0.374811
v 0.000000 -0.370000 -0.000189
v 0.750000 -0.370000 0.374811
v 1.000000 -0.370000 0.374811
v 0.750000 -1.150000 0.374811
v 1.000000 -1.150000 0.374811
v 1.000000 -1.150000 0.874811
v 1.500000 -1.150000 0.374811
v 1.750000 -1.150000 0.374811
v 1.500000 -1.150000 0.874811
v 1.500000 -0.370000 0.374811
v 1.750000 -0.370000 0.374811
v 1.500000 -0.370000 0.874811
v 1.750000 -0.370000 0.874811
v 1.000000 -0.370000 0.874811
v 2.250000 -0.370000 0.874811
v 1.750000 -1.150000 0.874811
v 2.250000 -1.150000 0.874811
v 2.250000 -1.150000 0.374811
v 2.250000 -0.370000 0.374811
v 2.500000 -0.370000 -0.000189
v 2.500000 -1.150000 -0.000189
v 2.500000 -0.370000 1.249811
v 0.069009 -1.150000 -0.000553
v 0.069009 -1.150000 -1.250553
v 0.069009 -0.370000 -0.000553
v 2.569009 -1.150000 -0.000553
v 0.319009 -1.150000 -0.375554
v 0.319009 -1.150000 -0.875554
v 0.819009 -1.150000 -0.375554
v 0.319009 -0.370000 -0.375554
v 0.819009 -0.370000 -0.375554
v 0.319009 -0.370000 -0.875554
v 0.069009 -0.370000 -1.250553
v 0.819009 -0.370000 -0.875554
v 1.069009 -0.370000 -0.875554
v 0.819009 -1.150000 -0.875554
v 1.069009 -1.150000 -0.875554
v 1.069009 -1.150000 -0.375554
v 1.569009 -1.150000 -0.875554
v 1.819009 -1.150000 -0.875554
v 1.569009 -1.150000 -0.375554
v 1.569009 -0.370000 -0.875554
v 1.819009 -0.370000 -0.875554
v 1.569009 -0.370000 -0.375554
v 1.819009 -0.370000 -0.375554
v 1.069009 -0.370000 -0.375554
v 2.319009 -0.370000 -0.375554
v 1.819009 -1.150000 -0.375554
v 2.319009 -1.150000 -0.375554
v 2.319009 -1.150000 -0.875554
v 2.319009 -0.370000 -0.875554
v 2.569009 -0.370000 -1.250553
v 2.569009 -1.150000 -1.250553
v 2.569009 -0.370000 -0.000553
v -2.568465 -1.150000 -0.000553
v -2.568465 -1.150000 -1.250553
v -2.568465 -0.370000 -0.000553
v -0.068465 -1.150000 -0.000553
v -2.318465 -1.150000 -0.375554
v -2.318465 -1.150000 -0.875554
v -1.818465 -1.150000 -0.375554
v -2.318465 -0.370000 -0.375554
v -1.818465 -0.370000 -0.375554
v -2.318465 -0.370000 -0.875554
v -2.568465 -0.370000 -1.250553
v -1.818465 -0.370000 -0.875554
v -1.568465 -0.370000 -0.875554
v -1.818465 -1.150000 -0.875554
v -1.568465 -1.150000 -0.875554
v -1.568465 -1.150000 -0.375554
v -1.068465 -1.150000 -0.875554
v -0.818465 -1.150000 -0.875554
v -1.068465 -1.150000 -0.375554
v -1.068465 -0.370000 -0.875554
v -0.818465 -0.370000 -0.875554
v -1.068465 -0.370000 -0.375554
v -0.818465 -0.370000 -0.375554
v -1.568465 -0.370000 -0.375554
v -0.318465 -0.370000 -0.375554
v -0.818465 -1.150000 -0.375554
v -0.318465 -1.150000 -0.375554
v -0.318465 -1.150000 -0.875554
v -0.318465 -0.370000 -0.875554
v -0.068465 -0.370000 -1.250553
v -0.068465 -1.150000 -1.250553
v -0.068465 -0.370000 -0.000553
v -2.516774 -1.150000 1.249811
v -2.516774 -1.150000 -0.000189
v -2.516774 -0.370000 1.249811
v -0.016773 -1.150000 1.249811
v -2.266773 -1.150000 0.874811
v -2.266773 -1.150000 0.374811
v -1.766773 -1.150000 0.874811
v -2.266773 -0.370000 0.874811
v -1.766773 -0.370000 0.874811
v -2.266773 -0.370000 0.374811
v -2.516774 -0.370000 -0.000189
v -1.766773 -0.370000 0.374811
v -1.516774 -0.370000 0.374811
v -1.766773 -1.150000 0.374811
v -1.516774 -1.150000 0.374811
v -1.516774 -1.150000 0.874811
v -1.016774 -1.150000 0.374811
v -0.766774 -1.150000 0.374811
v -1.016774 -1.150000 0.874811
v -1.016774 -0.370000 0.374811
v -0.766774 -0.370000 0.374811
v -1.016774 -0.370000 0.874811
v -0.766774 -0.370000 0.874811
v -1.516774 -0.370000 0.874811
v -0.266774 -0.370000 0.874811
v -0.766774 -1.150000 0.874811
v -0.266774 -1.150000 0.874811
v -0.266774 -1.150000 0.374811
v -0.266774 -0.370000 0.374811
v -0.016773 -0.370000 -0.000189
v -0.016773 -1.150000 -0.000189
v -0.016773 -0.370000 1.249811
v -2.516774 -1.150000 -1.268337
v -2.516774 -1.150000 -2.518337
v -2.516774 -0.370000 -1.268337
v -0.016773 -1.150000 -1.268337
v -2.266773 -1.150000 -1.643337
v -2.266773 -1.150000 -2.143337
v -1.766773 -1.150000 -1.643337
v -2.266773 -0.370000 -1.643337
v -1.766773 -0.370000 -1.643337
v -2.266773 -0.370000 -2.143337
v -2.516774 -0.370000 -2.518337
v -1.766773 -0.370000 -2.143337
v -1.516774 -0.370000 -2.143337
v -1.766773 -1.150000 -2.143337
v -1.516774 -1.150000 -2.143337
v -1.516774 -1.150000 -1.643337
v -1.016774 -1.150000 -2.143337
v -0.766774 -1.150000 -2.143337
v -1.016774 -1.150000 -1.643337
v -1.016774 -0.370000 -2.143337
v -0.766774 -0.370000 -2.143337
v -1.016774 -0.370000 -1.643337
v -0.766774 -0.370000 -1.643337
v -1.516774 -0.370000 -1.643337
v -0.266774 -0.370000 -1.643337
v -0.766774 -1.150000 -1.643337
v -0.266774 -1.150000 -1.643337
v -0.266774 -1.150000 -2.143337
v -0.266774 -0.370000 -2.143337
v -0.016773 -0.370000 -2.518337
v -0.016773 -1.150000 -2.518337
v -0.016773 -0.370000 -1.268337
v -2.516774 -1.150000 2.501030
v -2.516774 -1.150000 1.251030
v -2.516774 -0.370000 2.501030
v -0.016773 -1.150000 2.501030
v -2.266773 -1.150000 2.126030
v -2.266773 -1.150000 1.626030
v -1.766773 -1.150000 2.126030
v -2.266773 -0.370000 2.126030
v -1.766773 -0.370000 2.126030
v -2.266773 -0.370000 1.626030
v -2.516774 -0.370000 1.251030
v -1.766773 -0.370000 1.626030
v -1.516774 -0.370000 1.626030
v -1.766773 -1.150000 1.626030
v -1.516774 -1.150000 1.626030
v -1.516774 -1.150000 2.126030
v -1.016774 -1.150000 1.626030
v -0.766774 -1.150000 1.626030
v -1.016774 -1.150000 2.126030
v -1.016774 -0.370000 1.626030
v -0.766774 -0.370000 1.626030
v -1.016774 -0.370000 2.126030
v -0.766774 -0.370000 2.126030
v -1.516774 -0.370000 2.126030
v -0.266774 -0.370000 2.126030
v -0.766774 -1.150000 2.126030
v -0.266774 -1.150000 2.126030
v -0.266774 -1.150000 1.626030
v -0.266774 -0.370000 1.626030
v -0.016773 -0.370000 1.251030
v -0.016773 -1.150000 1.251030
v -0.016773 -0.370000 2.501030
v -2.516774 -0.367819 2.501030
v -2.516774 -0.367819 1.251030
v -2.516774 0.412181 2.501030
v -0.016773 -0.367819 2.501030
v -2.266773 -0.367819 2.126030
v -2.266773 -0.367819 1.626030
v -1.766773 -0.367819 2.126030
v -2.266773 0.412181 2.126030
v -1.766773 0.412181 2.126030
v -2.266773 0.412181 1.626030
v -2.516774 0.412181 1.251030
v -1.766773 0.412181 1.626030
v -1.516774 0.412181 1.626030
v -1.766773 -0.367819 1.626030
v -1.516774 -0.367819 1.626030
v -1.516774 -0.367819 2.126030
v -1.016774 -0.367819 1.626030
v -0.766774 -0.367819 1.626030
v -1.016774 -0.367819 2.126030
v -1.016774 0.412181 1.626030
v -0.766774 0.412181 1.626030
v -1.016774 0.412181 2.126030
v -0.766774 0.412181 2.126030
v -1.516774 0.412181 2.126030
v -0.266774 0.412181 2.126030
v -0.766774 -0.367819 2.126030
v -0.266774 -0.367819 2.126030
v -0.266774 -0.367819 1.626030
v -0.266774 0.412181 1.626030
v -0.016773 0.412181 1.251030
v -0.016773 -0.367819 1.251030
v -0.016773 0.412181 2.501030
v -2.540515 -0.367819 -1.251030
v -2.540515 -0.367819 -2.501030
v -2.540515 0.412181 -1.251030
v -0.040515 -0.367819 -1.251030
v -2.290515 -0.367819 -1.626030
v -2.290515 -0.367819 -2.126030
v -1.790515 -0.367819 -1.626030
v -2.290515 0.412181 -1.626030
v -1.790515 0.412181 -1.626030
v -2.290515 0.412181 -2.126030
v -2.540515 0.412181 -2.501030
v -1.790515 0.412181 -2.126030
v -1.540515 0.412181 -2.126030
v -1.790515 -0.367819 -2.126030
v -1.540515 -0.367819 -2.126030
v -1.540515 -0.367819 -1.626030
v -1.040515 -0.367819 -2.126030
v -0.790515 -0.367819 -2.126030
v -1.040515 -0.367819 -1.626030
v -1.040515 0.412181 -2.126030
v -0.790515 0.412181 -2.126030
v -1.040515 0.412181 -1.626030
v -0.790515 0.412181 -1.626030
v -1.540515 0.412181 -1.626030
v -0.290515 0.412181 -1.626030
v -0.790515 -0.367819 -1.626030
v -0.290515 -0.367819 -1.626030
v -0.290515 -0.367819 -2.126030
v -0.290515 0.412181 -2.126030
v -0.040515 0.412181 -2.501030
v -0.040515 -0.367819 -2.501030
v -0.040515 0.412181 -1.251030
v -2.572370 -0.367819 1.249811
v -2.572370 -0.367819 -0.000189
v -2.572370 0.412181 1.249811
v -0.072370 -0.367819 1.249811
v -2.322370 -0.367819 0.874811
v -2.322370 -0.367819 0.374811
v -1.822370 -0.367819 0.874811
v -2.322370 0.412181 0.874811
v -1.822370 0.412181 0.874811
v -2.322370 0.412181 0.374811
v -2.572370 0.412181 -0.000189
v -1.822370 0.412181 0.374811
v -1.572370 0.412181 0.374811
v -1.822370 -0.367819 0.374811
v -1.572370 -0.367819 0.374811
v -1.572370 -0.367819 0.874811
v -1.072370 -0.367819 0.374811
v -0.822370 -0.367819 0.374811
v -1.072370 -0.367819 0.874811
v -1.072370 0.412181 0.374811
v -0.822370 0.412181 0.374811
v -1.072370 0.412181 0.874811
v -0.822370 0.412181 0.874811
v -1.572370 0.412181 0.874811
v -0.322370 0.412181 0.874811
v -0.822370 -0.367819 0.874811
v -0.322370 -0.367819 0.874811
v -0.322370 -0.367819 0.374811
v -0.322370 0.412181 0.374811
v -0.072370 0.412181 -0.000189
v -0.072370 -0.367819 -0.000189
v -0.072370 0.412181 1.249811
v -2.516774 -0.367819 -0.000553
v -2.516774 -0.367819 -1.250553
v -2.516774 0.412181 -0.000553
v -0.016773 -0.367819 -0.000553
v -2.266773 -0.367819 -0.375554
v -2.266773 -0.367819 -0.875554
v -1.766773 -0.367819 -0.375554
v -2.266773 0.412181 -0.375554
v -1.766773 0.412181 -0.375554
v -2.266773 0.412181 -0.875554
v -2.516774 0.412181 -1.250553
v -1.766773 0.412181 -0.875554
v -1.516774 0.412181 -0.875554
v -1.766773 -0.367819 -0.875554
v -1.516774 -0.367819 -0.875554
v -1.516774 -0.367819 -0.375554
v -1.016774 -0.367819 -0.875554
v -0.766774 -0.367819 -0.875554
v -1.016774 -0.367819 -0.375554
v -1.016774 0.412181 -0.875554
v -0.766774 0.412181 -0.875554
v -1.016774 0.412181 -0.375554
v -0.766774 0.412181 -0.375554
v -1.516774 0.412181 -0.375554
v -0.266774 0.412181 -0.375554
v -0.766774 -0.367819 -0.375554
v -0.266774 -0.367819 -0.375554
v -0.266774 -0.367819 -0.875554
v -0.266774 0.412181 -0.875554
v -0.016773 0.412181 -1.250553
v -0.016773 -0.367819 -1.250553
v -0.016773 0.412181 -0.000553
v 0.000000 -0.367819 -0.000553
v 0.000000 -0.367819 -1.250553
v 0.000000 0.412181 -0.000553
v 2.500000 -0.367819 -0.000553
v 0.250000 -0.367819 -0.375554
v 0.250000 -0.367819 -0.875554
v 0.750000 -0.367819 -0.375554
v 0.250000 0.412181 -0.375554
v 0.750000 0.412181 -0.375554
v 0.250000 0.412181 -0.875554
v 0.000000 0.412181 -1.250553
v 0.750000 0.412181 -0.875554
v 1.000000 0.412181 -0.875554
v 0.750000 -0.367819 -0.875554
v 1.000000 -0.367819 -0.875554
v 1.000000 -0.367819 -0.375554
v 1.500000 -0.367819 -0.875554
v 1.750000 -0.367819 -0.875554
v 1.500000 -0.367819 -0.375554
v 1.500000 0.412181 -0.875554
v 1.750000 0.412181 -0.875554
v 1.500000 0.412181 -0.375554
v 1.750000 0.412181 -0.375554
v 1.000000 0.412181 -0.375554
v 2.250000 0.412181 -0.375554
v 1.750000 -0.367819 -0.375554
v 2.250000 -0.367819 -0.375554
v 2.250000 -0.367819 -0.875554
v 2.250000 0.412181 -0.875554
v 2.500000 0.412181 -1.250553
v 2.500000 -0.367819 -1.250553
v 2.500000 0.412181 -0.000553
v 0.033079 -0.367819 1.249811
v 0.033079 -0.367819 -0.000189
v 0.033079 0.412181 1.249811
v 2.533079 -0.367819 1.249811
v 0.283079 -0.367819 0.874811
v 0.283079 -0.367819 0.374811
v 0.783079 -0.367819 0.874811
v 0.283079 0.412181 0.874811
v 0.783079 0.412181 0.874811
v 0.283079 0.412181 0.374811
v 0.033079 0.412181 -0.000189
v 0.783079 0.412181 0.374811
v 1.033080 0.412181 0.374811
v 0.783079 -0.367819 0.374811
v 1.033080 -0.367819 0.374811
v 1.033080 -0.367819 0.874811
v 1.533079 -0.367819 0.374811
v 1.783079 -0.367819 0.374811
v 1.533079 -0.367819 0.874811
v 1.533079 0.412181 0.374811
v 1.783079 0.412181 0.374811
v 1.533079 0.412181 0.874811
v 1.783079 0.412181 0.874811
v 1.033080 0.412181 0.874811
v 2.283079 0.412181 0.874811
v 1.783079 -0.367819 0.874811
v 2.283079 -0.367819 0.874811
v 2.283079 -0.367819 0.374811
v 2.283079 0.412181 0.374811
v 2.533079 0.412181 -0.000189
v 2.533079 -0.367819 -0.000189
v 2.533079 0.412181 1.249811
v 0.012976 -0.367819 -1.251030
v 0.012976 -0.367819 -2.501030
v 0.012976 0.412181 -1.251030
v 2.512976 -0.367819 -1.251030
v 0.262976 -0.367819 -1.626030
v 0.262976 -0.367819 -2.126030
v 0.762976 -0.367819 -1.626030
v 0.262976 0.412181 -1.626030
v 0.762976 0.412181 -1.626030
v 0.262976 0.412181 -2.126030
v 0.012976 0.412181 -2.501030
v 0.762976 0.412181 -2.126030
v 1.012976 0.412181 -2.126030
v 0.762976 -0.367819 -2.126030
v 1.012976 -0.367819 -2.126030
v 1.012976 -0.367819 -1.626030
v 1.512976 -0.367819 -2.126030
v 1.762976 -0.367819 -2.126030
v 1.512976 -0.367819 -1.626030
v 1.512976 0.412181 -2.126030
v 1.762976 0.412181 -2.126030
v 1.512976 0.412181 -1.626030
v 1.762976 0.412181 -1.626030
v 1.012976 0.412181 -1.626030
v 2.262976 0.412181 -1.626030
v 1.762976 -0.367819 -1.626030
v 2.262976 -0.367819 -1.626030
v 2.262976 -0.367819 -2.126030
v 2.262976 0.412181 -2.126030
v 2.512976 0.412181 -2.501030
v 2.512976 -0.367819 -2.501030
v 2.512976 0.412181 -1.251030
v 0.046484 -0.367819 2.534486
v 0.046484 -0.367819 1.284486
v 0.046484 0.412181 2.534486
v 2.546484 -0.367819 2.534486
v 0.296484 -0.367819 2.159486
v 0.296484 -0.367819 1.659486
v 0.796484 -0.367819 2.159486
v 0.296484 0.412181 2.159486
v 0.796484 0.412181 2.159486
v 0.296484 0.412181 1.659486
v 0.046484 0.412181 1.284486
v 0.796484 0.412181 1.659486
v 1.046484 0.412181 1.659486
v 0.796484 -0.367819 1.659486
v 1.046484 -0.367819 1.659486
v 1.046484 -0.367819 2.159486
v 1.546484 -0.367819 1.659486
v 1.796484 -0.367819 1.659486
v 1.546484 -0.367819 2.159486
v 1.546484 0.412181 1.659486
v 1.796484 0.412181 1.659486
v 1.546484 0.412181 2.159486
v 1.796484 0.412181 2.159486
v 1.046484 0.412181 2.159486
v 2.296484 0.412181 2.159486
v 1.796484 -0.367819 2.159486
v 2.296484 -0.367819 2.159486
v 2.296484 -0.367819 1.659486
v 2.296484 0.412181 1.659486
v 2.546484 0.412181 1.284486
v 2.546484 -0.367819 1.284486
v 2.546484 0.412181 2.534486
v 0.000000 -0.367819 2.501030
v 0.000000 -0.367819 1.251030
v 0.000000 0.412181 2.501030
v 2.500000 -0.367819 2.501030
v 0.250000 -0.367819 2.126030
v 0.250000 -0.367819 1.626030
v 0.750000 -0.367819 2.126030
v 0.250000 0.412181 2.126030
v 0.750000 0.412181 2.126030
v 0.250000 0.412181 1.626030
v 0.000000 0.412181 1.251030
v 0.750000 0.412181 1.626030
v 1.000000 0.412181 1.626030
v 0.750000 -0.367819 1.626030
v 1.000000 -0.367819 1.626030
v 1.000000 -0.367819 2.126030
v 1.500000 -0.367819 1.626030
v 1.750000 -0.367819 1.626030
v 1.500000 -0.367819 2.126030
v 1.500000 0.412181 1.626030
v 1.750000 0.412181 1.626030
v 1.500000 0.412181 2.126030
v 1.750000 0.412181 2.126030
v 1.000000 0.412181 2.126030
v 2.250000 0.412181 2.126030
v 1.750000 -0.367819 2.126030
v 2.250000 -0.367819 2.126030
v 2.250000 -0.367819 1.626030
v 2.250000 0.412181 1.626030
v 2.500000 0.412181 1.251030
v 2.500000 -0.367819 1.251030
v 2.500000 0.412181 2.501030
v -2.542621 0.419541 2.537294
v -2.542621 0.419541 1.287294
v -2.542621 1.199541 2.537294
v -0.042621 0.419541 2.537294
v -2.292621 0.419541 2.162294
v -2.292621 0.419541 1.662294
v -1.792621 0.419541 2.162294
v -2.292621 1.199541 2.162294
v -1.792621 1.199541 2.162294
v -2.292621 1.199541 1.662294
v -2.542621 1.199541 1.287294
v -1.792621 1.199541 1.662294
v -1.542621 1.199541 1.662294
v -1.792621 0.419541 1.662294
v -1.542621 0.419541 1.662294
v -1.542621 0.419541 2.162294
v -1.042621 0.419541 1.662294
v -0.792621 0.419541 1.662294
v -1.042621 0.419541 2.162294
v -1.042621 1.199541 1.662294
v -0.792621 1.199541 1.662294
v -1.042621 1.199541 2.162294
v -0.792621 1.199541 2.162294
v -1.542621 1.199541 2.162294
v -0.292621 1.199541 2.162294
v -0.792621 0.419541 2.162294
v -0.292621 0.419541 2.162294
v -0.292621 0.419541 1.662294
v -0.292621 1.199541 1.662294
v -0.042621 1.199541 1.287294
v -0.042621 0.419541 1.287294
v -0.042621 1.199541 2.537294
v -2.516774 0.419541 -1.251030
v -2.516774 0.419541 -2.501030
v -2.516774 1.199541 -1.251030
v -0.016773 0.419541 -1.251030
v -2.266773 0.419541 -1.626030
v -2.266773 0.419541 -2.126030
v -1.766773 0.419541 -1.626030
v -2.266773 1.199541 -1.626030
v -1.766773 1.199541 -1.626030
v -2.266773 1.199541 -2.126030
v -2.516774 1.199541 -2.501030
v -1.766773 1.199541 -2.126030
v -1.516774 1.199541 -2.126030
v -1.766773 0.419541 -2.126030
v -1.516774 0.419541 -2.126030
v -1.516774 0.419541 -1.626030
v -1.016774 0.419541 -2.126030
v -0.766774 0.419541 -2.126030
v -1.016774 0.419541 -1.626030
v -1.016774 1.199541 -2.126030
v -0.766774 1.199541 -2.126030
v -1.016774 1.199541 -1.626030
v -0.766774 1.199541 -1.626030
v -1.516774 1.199541 -1.626030
v -0.266774 1.199541 -1.626030
v -0.766774 0.419541 -1.626030
v -0.266774 0.419541 -1.626030
v -0.266774 0.419541 -2.126030
v -0.266774 1.199541 -2.126030
v -0.016773 1.199541 -2.501030
v -0.016773 0.419541 -2.501030
v -0.016773 1.199541 -1.251030
v -2.516774 0.419541 1.249811
v -2.516774 0.419541 -0.000189
v -2.516774 1.199541 1.249811
v -0.016773 0.419541 1.249811
v -2.266773 0.419541 0.874811
v -2.266773 0.419541 0.374811
v -1.766773 0.419541 0.874811
v -2.266773 1.199541 0.874811
v -1.766773 1.199541 0.874811
v -2.266773 1.199541 0.374811
v -2.516774 1.199541 -0.000189
v -1.766773 1.199541 0.374811
v -1.516774 1.199541 0.374811
v -1.766773 0.419541 0.374811
v -1.516774 0.419541 0.374811
v -1.516774 0.419541 0.874811
v -1.016774 0.419541 0.374811
v -0.766774 0.419541 0.374811
v -1.016774 0.419541 0.874811
v -1.016774 1.199541 0.374811
v -0.766774 1.199541 0.374811
v -1.016774 1.199541 0.874811
v -0.766774 1.199541 0.874811
v -1.516774 1.199541 0.874811
v -0.266774 1.199541 0.874811
v -0.766774 0.419541 0.874811
v -0.266774 0.419541 0.874811
v -0.266774 0.419541 0.374811
v -0.266774 1.199541 0.374811
v -0.016773 1.199541 -0.000189
v -0.016773 0.419541 -0.000189
v -0.016773 1.199541 1.249811
v -2.542665 0.419541 -0.000553
v -2.542665 0.419541 -1.250553
v -2.542665 1.199541 -0.000553
v -0.042666 0.419541 -0.000553
v -2.292665 0.419541 -0.375554
v -2.292665 0.419541 -0.875554
v -1.792665 0.419541 -0.375554
v -2.292665 1.199541 -0.375554
v -1.792665 1.199541 -0.375554
v -2.292665 1.199541 -0.875554
v -2.542665 1.199541 -1.250553
v -1.792665 1.199541 -0.875554
v -1.542666 1.199541 -0.875554
v -1.792665 0.419541 -0.875554
v -1.542666 0.419541 -0.875554
v -1.542666 0.419541 -0.375554
v -1.042666 0.419541 -0.875554
v -0.792666 0.419541 -0.875554
v -1.042666 0.419541 -0.375554
v -1.042666 1.199541 -0.875554
v -0.792666 1.199541 -0.875554
v -1.042666 1.199541 -0.375554
v -0.792666 1.199541 -0.375554
v -1.542666 1.199541 -0.375554
v -0.292666 1.199541 -0.375554
v -0.792666 0.419541 -0.375554
v -0.292666 0.419541 -0.375554
v -0.292666 0.419541 -0.875554
v -0.292666 1.199541 -0.875554
v -0.042666 1.199541 -1.250553
v -0.042666 0.419541 -1.250553
v -0.042666 1.199541 -0.000553
v 0.070427 0.419541 1.249811
v 0.070427 0.419541 -0.000189
v 0.070427 1.199541 1.249811
v 2.570426 0.419541 1.249811
v 0.320427 0.419541 0.874811
v 0.320427 0.419541 0.374811
v 0.820427 0.419541 0.874811
v 0.320427 1.199541 0.874811
v 0.820427 1.199541 0.874811
v 0.320427 1.199541 0.374811
v 0.070427 1.199541 -0.000189
v 0.820427 1.199541 0.374811
v 1.070427 1.199541 0.374811
v 0.820427 0.419541 0.374811
v 1.070427 0.419541 0.374811
v 1.070427 0.419541 0.874811
v 1.570427 0.419541 0.374811
v 1.820427 0.419541 0.374811
v 1.570427 0.419541 0.874811
v 1.570427 1.199541 0.374811
v 1.820427 1.199541 0.374811
v 1.570427 1.199541 0.874811
v 1.820427 1.199541 0.874811
v 1.070427 1.199541 0.874811
v 2.320427 1.199541 0.874811
v 1.820427 0.419541 0.874811
v 2.320427 0.419541 0.874811
v 2.320427 0.419541 0.374811
v 2.320427 1.199541 0.374811
v 2.570426 1.199541 -0.000189
v 2.570426 0.419541 -0.000189
v 2.570426 1.199541 1.249811
v 0.050212 0.419541 -1.272543
v 0.050212 0.419541 -2.522543
v 0.050212 1.199541 -1.272543
v 2.550211 0.419541 -1.272543
v 0.300211 0.419541 -1.647543
v 0.300211 0.419541 -2.147543
v 0.800211 0.419541 -1.647543
v 0.300211 1.199541 -1.647543
v 0.800211 1.199541 -1.647543
v 0.300211 1.199541 -2.147543
v 0.050212 1.199541 -2.522543
v 0.800211 1.199541 -2.147543
v 1.050211 1.199541 -2.147543
v 0.800211 0.419541 -2.147543
v 1.050211 0.419541 -2.147543
v 1.050211 0.419541 -1.647543
v 1.550211 0.419541 -2.147543
v 1.800211 0.419541 -2.147543
v 1.550211 0.419541 -1.647543
v 1.550211 1.199541 -2.147543
v 1.800211 1.199541 -2.147543
v 1.550211 1.199541 -1.647543
v 1.800211 1.199541 -1.647543
v 1.050211 1.199541 -1.647543
v 2.300211 1.199541 -1.647543
v 1.800211 0.419541 -1.647543
v 2.300211 0.419541 -1.647543
v 2.300211 0.419541 -2.147543
v 2.300211 1.199541 -2.147543
v 2.550211 1.199541 -2.522543
v 2.550211 0.419541 -2.522543
v 2.550211 1.199541 -1.272543
v 0.000000 0.419541 2.501028
v 0.000000 0.419541 1.251028
v 0.000000 1.199541 2.501028
v 2.500000 0.419541 2.501028
v 0.250000 0.419541 2.126028
v 0.250000 0.419541 1.626028
v 0.750000 0.419541 2.126028
v 0.250000 1.199541 2.126028
v 0.750000 1.199541 2.126028
v 0.250000 1.199541 1.626028
v 0.000000 1.199541 1.251028
v 0.750000 1.199541 1.626028
v 1.000000 1.199541 1.626028
v 0.750000 0.419541 1.626028
v 1.000000 0.419541 1.626028
v 1.000000 0.419541 2.126028
v 1.500000 0.419541 1.626028
v 1.750000 0.419541 1.626028
v 1.500000 0.419541 2.126028
v 1.500000 1.199541 1.626028
v 1.750000 1.199541 1.626028
v 1.500000 1.199541 2.126028
v 1.750000 1.199541 2.126028
v 1.000000 1.199541 2.126028
v 2.250000 1.199541 2.126028
v 1.750000 0.419541 2.126028
v 2.250000 0.419541 2.126028
v 2.250000 0.419541 1.626028
v 2.250000 1.199541 1.626028
v 2.500000 1.199541 1.251028
v 2.500000 0.419541 1.251028
v 2.500000 1.199541 2.501028
v 0.000000 0.419541 2.501030
v 0.000000 0.419541 1.251030
v 0.000000 1.199541 2.501030
v 2.500000 0.419541 2.501030
v 0.250000 0.419541 2.126030
v 0.250000 0.419541 1.626030
v 0.750000 0.419541 2.126030
v 0.250000 1.199541 2.126030
v 0.750000 1.199541 2.126030
v 0.250000 1.199541 1.626030
v 0.000000 1.199541 1.251030
v 0.750000 1.199541 1.626030
v 1.000000 1.199541 1.626030
v 0.750000 0.419541 1.626030
v 1.000000 0.419541 1.626030
v 1.000000 0.419541 2.126030
v 1.500000 0.419541 1.626030
v 1.750000 0.419541 1.626030
v 1.500000 0.419541 2.126030
v 1.500000 1.199541 1.626030
v 1.750000 1.199541 1.626030
v 1.500000 1.199541 2.126030
v 1.750000 1.199541 2.126030
v 1.000000 1.199541 2.126030
v 2.250000 1.199541 2.126030
v 1.750000 0.419541 2.126030
v 2.250000 0.419541 2.126030
v 2.250000 0.419541 1.626030
v 2.250000 1.199541 1.626030
v 2.500000 1.199541 1.251030
v 2.500000 0.419541 1.251030
v 2.500000 1.199541 2.501030
v 0.000000 1.183834 2.501028
v 0.000000 1.183834 1.251028
v 0.000000 1.963834 2.501028
v 2.500000 1.183834 2.501028
v 0.250000 1.183834 2.126028
v 0.250000 1.183834 1.626028
v 0.750000 1.183834 2.126028
v 0.250000 1.963834 2.126028
v 0.750000 1.963834 2.126028
v 0.250000 1.963834 1.626028
v 0.000000 1.963834 1.251028
v 0.750000 1.963834 1.626028
v 1.000000 1.963834 1.626028
v 0.750000 1.183834 1.626028
v 1.000000 1.183834 1.626028
v 1.000000 1.183834 2.126028
v 1.500000 1.183834 1.626028
v 1.750000 1.183834 1.626028
v 1.500000 1.183834 2.126028
v 1.500000 1.963834 1.626028
v 1.750000 1.963834 1.626028
v 1.500000 1.963834 2.126028
v 1.750000 1.963834 2.126028
v 1.000000 1.963834 2.126028
v 2.250000 1.963834 2.126028
v 1.750000 1.183834 2.126028
v 2.250000 1.183834 2.126028
v 2.250000 1.183834 1.626028
v 2.250000 1.963834 1.626028
v 2.500000 1.963834 1.251028
v 2.500000 1.183834 1.251028
v 2.500000 1.963834 2.501028
v 0.000000 1.183834 -1.251030
v 0.000000 1.183834 -2.501030
v 0.000000 1.963834 -1.251030
v 2.500000 1.183834 -1.251030
v 0.250000 1.183834 -1.626030
v 0.250000 1.183834 -2.126030
v 0.750000 1.183834 -1.626030
v 0.250000 1.963834 -1.626030
v 0.750000 1.963834 -1.626030
v 0.250000 1.963834 -2.126030
v 0.000000 1.963834 -2.501030
v 0.750000 1.963834 -2.126030
v 1.000000 1.963834 -2.126030
v 0.750000 1.183834 -2.126030
v 1.000000 1.183834 -2.126030
v 1.000000 1.183834 -1.626030
v 1.500000 1.183834 -2.126030
v 1.750000 1.183834 -2.126030
v 1.500000 1.183834 -1.626030
v 1.500000 1.963834 -2.126030
v 1.750000 1.963834 -2.126030
v 1.500000 1.963834 -1.626030
v 1.750000 1.963834 -1.626030
v 1.000000 1.963834 -1.626030
v 2.250000 1.963834 -1.626030
v 1.750000 1.183834 -1.626030
v 2.250000 1.183834 -1.626030
v 2.250000 1.183834 -2.126030
v 2.250000 1.963834 -2.126030
v 2.500000 1.963834 -2.501030
v 2.500000 1.183834 -2.501030
v 2.500000 1.963834 -1.251030
v 0.024457 1.183834 1.249811
v 0.024457 1.183834 -0.000189
v 0.024457 1.963834 1.249811
v 2.524457 1.183834 1.249811
v 0.274457 1.183834 0.874811
v 0.274457 1.183834 0.374811
v 0.774457 1.183834 0.874811
v 0.274457 1.963834 0.874811
v 0.774457 1.963834 0.874811
v 0.274457 1.963834 0.374811
v 0.024457 1.963834 -0.000189
v 0.774457 1.963834 0.374811
v 1.024457 1.963834 0.374811
v 0.774457 1.183834 0.374811
v 1.024457 1.183834 0.374811
v 1.024457 1.183834 0.874811
v 1.524457 1.183834 0.374811
v 1.774457 1.183834 0.374811
v 1.524457 1.183834 0.874811
v 1.524457 1.963834 0.374811
v 1.774457 1.963834 0.374811
v 1.524457 1.963834 0.874811
v 1.774457 1.963834 0.874811
v 1.024457 1.963834 0.874811
v 2.274457 1.963834 0.874811
v 1.774457 1.183834 0.874811
v 2.274457 1.183834 0.874811
v 2.274457 1.183834 0.374811
v 2.274457 1.963834 0.374811
v 2.524457 1.963834 -0.000189
v 2.524457 1.183834 -0.000189
v 2.524457 1.963834 1.249811
v 0.011207 1.183834 -0.000553
v 0.011207 1.183834 -1.250553
v 0.011207 1.963834 -0.000553
v 2.511207 1.183834 -0.000553
v 0.261207 1.183834 -0.375554
v 0.261207 1.183834 -0.875554
v 0.761207 1.183834 -0.375554
v 0.261207 1.963834 -0.375554
v 0.761207 1.963834 -0.375554
v 0.261207 1.963834 -0.875554
v 0.011207 1.963834 -1.250553
v 0.761207 1.963834 -0.875554
v 1.011207 1.963834 -0.875554
v 0.761207 1.183834 -0.875554
v 1.011207 1.183834 -0.875554
v 1.011207 1.183834 -0.375554
v 1.511207 1.183834 -0.875554
v 1.761207 1.183834 -0.875554
v 1.511207 1.183834 -0.375554
v 1.511207 1.963834 -0.875554
v 1.761207 1.963834 -0.875554
v 1.511207 1.963834 -0.375554
v 1.761207 1.963834 -0.375554
v 1.011207 1.963834 -0.375554
v 2.261207 1.963834 -0.375554
v 1.761207 1.183834 -0.375554
v 2.261207 1.183834 -0.375554
v 2.261207 1.183834 -0.875554
v 2.261207 1.963834 -0.875554
v 2.511207 1.963834 -1.250553
v 2.511207 1.183834 -1.250553
v 2.511207 1.963834 -0.000553
v -2.514177 1.183834 -0.000553
v -2.514177 1.183834 -1.250553
v -2.514177 1.963834 -0.000553
v -0.014177 1.183834 -0.000553
v -2.264177 1.183834 -0.375554
v -2.264177 1.183834 -0.875554
v -1.764176 1.183834 -0.375554
v -2.264177 1.963834 -0.375554
v -1.764176 1.963834 -0.375554
v -2.264177 1.963834 -0.875554
v -2.514177 1.963834 -1.250553
v -1.764176 1.963834 -0.875554
v -1.514177 1.963834 -0.875554
v -1.764176 1.183834 -0.875554
v -1.514177 1.183834 -0.875554
v -1.514177 1.183834 -0.375554
v -1.014177 1.183834 -0.875554
v -0.764177 1.183834 -0.875554
v -1.014177 1.183834 -0.375554
v -1.014177 1.963834 -0.875554
v -0.764177 1.963834 -0.875554
v -1.014177 1.963834 -0.375554
v -0.764177 1.963834 -0.375554
v -1.514177 1.963834 -0.375554
v -0.264177 1.963834 -0.375554
v -0.764177 1.183834 -0.375554
v -0.264177 1.183834 -0.375554
v -0.264177 1.183834 -0.875554
v -0.264177 1.963834 -0.875554
v -0.014177 1.963834 -1.250553
v -0.014177 1.183834 -1.250553
v -0.014177 1.963834 -0.000553
v -2.507763 1.183834 1.249811
v -2.507763 1.183834 -0.000189
v -2.507763 1.963834 1.249811
v -0.007763 1.183834 1.249811
v -2.257763 1.183834 0.874811
v -2.257763 1.183834 0.374811
v -1.757763 1.183834 0.874811
v -2.257763 1.963834 0.874811
v -1.757763 1.963834 0.874811
v -2.257763 1.963834 0.374811
v -2.507763 1.963834 -0.000189
v -1.757763 1.963834 0.374811
v -1.507764 1.963834 0.374811
v -1.757763 1.183834 0.374811
v -1.507764 1.183834 0.374811
v -1.507764 1.183834 0.874811
v -1.007764 1.183834 0.374811
v -0.757763 1.183834 0.374811
v -1.007764 1.183834 0.874811
v -1.007764 1.963834 0.374811
v -0.757763 1.963834 0.374811
v -1.007764 1.963834 0.874811
v -0.757763 1.963834 0.874811
v -1.507764 1.963834 0.874811
v -0.257764 1.963834 0.874811
v -0.757763 1.183834 0.874811
v -0.257764 1.183834 0.874811
v -0.257764 1.183834 0.374811
v -0.257764 1.963834 0.374811
v -0.007763 1.963834 -0.000189
v -0.007763 1.183834 -0.000189
v -0.007763 1.963834 1.249811
v -2.516774 1.183834 -1.291437
v -2.516774 1.183834 -2.541437
v -2.516774 1.963834 -1.291437
v -0.016773 1.183834 -1.291437
v -2.266773 1.183834 -1.666437
v -2.266773 1.183834 -2.166437
v -1.766773 1.183834 -1.666437
v -2.266773 1.963834 -1.666437
v -1.766773 1.963834 -1.666437
v -2.266773 1.963834 -2.166437
v -2.516774 1.963834 -2.541437
v -1.766773 1.963834 -2.166437
v -1.516774 1.963834 -2.166437
v -1.766773 1.183834 -2.166437
v -1.516774 1.183834 -2.166437
v -1.516774 1.183834 -1.666437
v -1.016774 1.183834 -2.166437
v -0.766774 1.183834 -2.166437
v -1.016774 1.183834 -1.666437
v -1.016774 1.963834 -2.166437
v -0.766774 1.963834 -2.166437
v -1.016774 1.963834 -1.666437
v -0.766774 1.963834 -1.666437
v -1.516774 1.963834 -1.666437
v -0.266774 1.963834 -1.666437
v -0.766774 1.183834 -1.666437
v -0.266774 1.183834 -1.666437
v -0.266774 1.183834 -2.166437
v -0.266774 1.963834 -2.166437
v -0.016773 1.963834 -2.541437
v -0.016773 1.183834 -2.541437
v -0.016773 1.963834 -1.291437
v -2.516774 1.183834 2.516488
v -2.516774 1.183834 1.266488
v -2.516774 1.963834 2.516488
v -0.016773 1.183834 2.516488
v -2.266773 1.183834 2.141488
v -2.266773 1.183834 1.641488
v -1.766773 1.183834 2.141488
v -2.266773 1.963834 2.141488
v -1.766773 1.963834 2.141488
v -2.266773 1.963834 1.641488
v -2.516774 1.963834 1.266488
v -1.766773 1.963834 1.641488
v -1.516774 1.963834 1.641488
v -1.766773 1.183834 1.641488
v -1.516774 1.183834 1.641488
v -1.516774 1.183834 2.141488
v -1.016774 1.183834 1.641488
v -0.766774 1.183834 1.641488
v -1.016774 1.183834 2.141488
v -1.016774 1.963834 1.641488
v -0.766774 1.963834 1.641488
v -1.016774 1.963834 2.141488
v -0.766774 1.963834 2.141488
v -1.516774 1.963834 2.141488
v -0.266774 1.963834 2.141488
v -0.766774 1.183834 2.141488
v -0.266774 1.183834 2.141488
v -0.266774 1.183834 1.641488
v -0.266774 1.963834 1.641488
v -0.016773 1.963834 1.266488
v -0.016773 1.183834 1.266488
v -0.016773 1.963834 2.516488
v 2.590000 -1.239699 1.090000
v -2.590000 -1.239699 1.090000
v 2.590000 1.999699 1.090000
v 2.590000 -1.239699 0.890000
v 2.559530 -1.220185 0.890000
v -2.590000 -1.239699 0.890000
v 2.590000 1.999699 0.890000
v -2.590000 1.999699 0.890000
v 2.559530 1.980184 0.890000
v -2.559530 1.980184 0.890000
v 2.559530 1.980184 1.090000
v -2.559530 1.980184 1.090000
v 2.559530 -1.220185 1.090000
v -2.559530 -1.220185 1.090000
v -2.559530 -1.220185 0.890000
v -2.590000 1.999699 1.090000
v -1.100000 -1.330000 2.580000
v -1.100000 1.990000 2.580000
v -1.100000 -1.330000 -2.560000
v -1.100000 1.990000 -2.560000
v -0.900000 -1.330000 2.580000
v -0.900000 1.990000 2.580000
v -0.900000 -1.330000 -2.560000
v -0.900000 1.990000 -2.560000
v -1.100000 -1.310000 2.549765
v -1.100000 1.970000 2.549765
v -1.100000 -1.310000 -2.529765
v -1.100000 1.970000 -2.529765
v -0.900000 -1.310000 -2.529765
v -0.900000 1.970000 -2.529765
v -0.900000 -1.310000 2.549765
v -0.900000 1.970000 2.549765
v 0.900000 -1.330000 2.560000
v 0.900000 -1.330000 -2.540000
v 0.900000 1.990000 2.560000
v 1.100000 -1.330000 2.560000
v 1.100000 -1.310000 2.530000
v 1.100000 -1.330000 -2.540000
v 1.100000 1.990000 2.560000
v 1.100000 1.990000 -2.540000
v 1.100000 1.970000 2.530000
v 1.100000 1.970000 -2.510000
v 0.900000 1.970000 2.530000
v 0.900000 1.970000 -2.510000
v 0.900000 -1.310000 2.530000
v 0.900000 -1.310000 -2.510000
v 1.100000 -1.310000 -2.510000
v 0.900000 1.990000 -2.540000
v 2.590001 -1.239699 -0.900000
v -2.590000 -1.239699 -0.900000
v 2.590001 1.999699 -0.900000
v 2.590001 -1.239699 -1.100000
v 2.559530 -1.220185 -1.100000
v -2.590000 -1.239699 -1.100000
v 2.590001 1.999699 -1.100000
v -2.590000 1.999699 -1.100000
v 2.559530 1.980184 -1.100000
v -2.559530 1.980184 -1.100000
v 2.559530 1.980184 -0.900000
v -2.559530 1.980184 -0.900000
v 2.559530 -1.220185 -0.900000
v -2.559530 -1.220185 -0.900000
v -2.559530 -1.220185 -1.100000
v -2.590000 1.999699 -0.900000
vn -1.0000 -0.0000 -0.0000
vn -0.0000 -0.0000 -1.0000
vn 1.0000 -0.0000 -0.0000
vn -0.0000 -0.0000 1.0000
vn -0.0000 -1.0000 -0.0000
vn -0.0000 1.0000 -0.0000
vt 0.865848 0.840245
vt 0.855329 0.850765
vt 0.855329 0.840245
vt 0.855329 0.861284
vt 0.864533 0.859601
vt 0.865848 0.861284
vt 0.865848 0.850765
vt 0.856644 0.852448
vt 0.864533 0.856866
vt 0.856644 0.855183
vt 0.864533 0.855183
vt 0.855329 0.871803
vt 0.865848 0.882322
vt 0.855329 0.882322
vt 0.864533 0.880639
vt 0.856644 0.877904
vt 0.864533 0.876221
vt 0.864533 0.877904
vt 0.865848 0.871803
vt 0.856644 0.873486
vt 0.844810 0.871803
vt 0.844810 0.861284
vt 0.876367 0.861284
vt 0.939794 0.956269
vt 0.948210 0.945749
vt 0.939794 0.945749
vt 0.948210 0.903465
vt 0.939794 0.892945
vt 0.939794 0.903465
vt 0.948210 0.913984
vt 0.948210 0.882426
vt 0.939794 0.882426
vt 0.948313 0.945749
vt 0.956729 0.956269
vt 0.956729 0.945749
vt 0.939794 0.924607
vt 0.948210 0.935126
vt 0.948210 0.924607
vt 0.939794 0.935126
vt 0.948210 0.945646
vt 0.948210 0.914088
vt 0.939794 0.914088
vt 0.897510 0.840245
vt 0.886990 0.850765
vt 0.886990 0.840245
vt 0.886990 0.861284
vt 0.896195 0.859601
vt 0.897510 0.861284
vt 0.897510 0.850765
vt 0.888305 0.852448
vt 0.896195 0.856866
vt 0.888305 0.855183
vt 0.896195 0.855183
vt 0.886990 0.871803
vt 0.897510 0.882322
vt 0.886990 0.882322
vt 0.896195 0.880639
vt 0.888305 0.877904
vt 0.896195 0.876221
vt 0.896195 0.877904
vt 0.897510 0.871803
vt 0.888305 0.873486
vt 0.876471 0.871803
vt 0.876471 0.861284
vt 0.908029 0.861284
vt 0.956833 0.956269
vt 0.965248 0.945749
vt 0.956833 0.945749
vt 0.956729 0.903465
vt 0.948313 0.892945
vt 0.948313 0.903465
vt 0.956729 0.913984
vt 0.956729 0.882426
vt 0.948313 0.882426
vt 0.939794 0.956372
vt 0.948210 0.966892
vt 0.948210 0.956372
vt 0.948313 0.924607
vt 0.956729 0.935126
vt 0.956729 0.924607
vt 0.948313 0.935126
vt 0.956729 0.945646
vt 0.956729 0.914088
vt 0.948313 0.914088
vt 0.865848 0.882426
vt 0.855329 0.892945
vt 0.855329 0.882426
vt 0.855329 0.903465
vt 0.864533 0.901782
vt 0.865848 0.903465
vt 0.865848 0.892945
vt 0.856644 0.894629
vt 0.864533 0.899047
vt 0.856644 0.897364
vt 0.864533 0.897364
vt 0.855329 0.913984
vt 0.865848 0.924503
vt 0.855329 0.924503
vt 0.864533 0.922820
vt 0.856644 0.920085
vt 0.864533 0.918402
vt 0.864533 0.920085
vt 0.865848 0.913984
vt 0.856644 0.915667
vt 0.844810 0.913984
vt 0.844810 0.903465
vt 0.876367 0.903465
vt 0.948313 0.966892
vt 0.956729 0.956372
vt 0.948313 0.956372
vt 0.965248 0.903465
vt 0.956833 0.892945
vt 0.956833 0.903465
vt 0.965248 0.913984
vt 0.965248 0.882426
vt 0.956833 0.882426
vt 0.956833 0.956372
vt 0.965248 0.966892
vt 0.965248 0.956372
vt 0.956833 0.924607
vt 0.965248 0.935126
vt 0.965248 0.924607
vt 0.956833 0.935126
vt 0.965248 0.945646
vt 0.965248 0.914088
vt 0.956833 0.914088
vt 0.897510 0.882426
vt 0.886990 0.892945
vt 0.886990 0.882426
vt 0.897510 0.892945
vt 0.886990 0.903465
vt 0.897510 0.903465
vt 0.886990 0.913984
vt 0.897510 0.913984
vt 0.886990 0.924503
vt 0.876471 0.913984
vt 0.876471 0.903465
vt 0.908029 0.903465
vt 0.929171 0.840245
vt 0.918652 0.850765
vt 0.918652 0.840245
vt 0.929171 0.850765
vt 0.918652 0.861284
vt 0.929171 0.861284
vt 0.918652 0.871803
vt 0.929171 0.871803
vt 0.918652 0.882322
vt 0.908133 0.871803
vt 0.908133 0.861284
vt 0.939690 0.861284
vt 0.929171 0.882426
vt 0.918652 0.892945
vt 0.918652 0.882426
vt 0.929171 0.892945
vt 0.918652 0.903465
vt 0.929171 0.903465
vt 0.918652 0.913984
vt 0.929171 0.913984
vt 0.918652 0.924503
vt 0.908133 0.913984
vt 0.908133 0.903465
vt 0.939690 0.903465
vt 0.865848 0.924607
vt 0.855329 0.935126
vt 0.855329 0.924607
vt 0.865848 0.935126
vt 0.855329 0.945646
vt 0.865848 0.945646
vt 0.855329 0.956165
vt 0.865848 0.956165
vt 0.855329 0.966684
vt 0.844810 0.956165
vt 0.844810 0.945646
vt 0.876367 0.945646
vt 0.897510 0.924607
vt 0.886990 0.935126
vt 0.886990 0.924607
vt 0.897510 0.935126
vt 0.886990 0.945646
vt 0.897510 0.945646
vt 0.886990 0.956165
vt 0.897510 0.956165
vt 0.886990 0.966684
vt 0.876471 0.956165
vt 0.876471 0.945646
vt 0.908029 0.945646
vt 0.929171 0.924607
vt 0.918652 0.935126
vt 0.918652 0.924607
vt 0.929171 0.935126
vt 0.918652 0.945646
vt 0.929171 0.945646
vt 0.918652 0.956165
vt 0.929171 0.956165
vt 0.918652 0.966684
vt 0.908133 0.956165
vt 0.908133 0.945646
vt 0.939690 0.945646
vt 0.960833 0.840245
vt 0.950313 0.850765
vt 0.950313 0.840245
vt 0.960833 0.850765
vt 0.950313 0.861284
vt 0.960833 0.861284
vt 0.950313 0.871803
vt 0.960833 0.871803
vt 0.950313 0.882322
vt 0.939794 0.871803
vt 0.939794 0.861284
vt 0.971352 0.861284
vt 0.151276 0.894727
vt 0.150522 0.889450
vt 0.151276 0.891712
vt 0.165599 0.874373
vt 0.158061 0.881912
vt 0.158061 0.874373
vt 0.165599 0.896989
vt 0.158061 0.904528
vt 0.158061 0.896989
vt 0.157307 0.894727
vt 0.157307 0.891712
vt 0.158061 0.889450
vt 0.190812 0.935465
vt 0.193752 0.943003
vt 0.193752 0.935465
vt 0.190812 0.965619
vt 0.193752 0.958081
vt 0.190812 0.958081
vt 0.165599 0.889450
vt 0.166353 0.894727
vt 0.173138 0.889450
vt 0.172384 0.894727
vt 0.172384 0.891712
vt 0.190812 0.943003
vt 0.193752 0.950542
vt 0.170876 0.891712
vt 0.170122 0.894727
vt 0.170122 0.891712
vt 0.190812 0.950542
vt 0.152784 0.894727
vt 0.153537 0.891712
vt 0.153537 0.894727
vt 0.194144 0.935465
vt 0.197084 0.943003
vt 0.197084 0.935465
vt 0.194144 0.943003
vt 0.197084 0.950542
vt 0.155045 0.894727
vt 0.155799 0.891712
vt 0.155799 0.894727
vt 0.194144 0.958081
vt 0.194144 0.950542
vt 0.168615 0.891712
vt 0.167861 0.894727
vt 0.167861 0.891712
vt 0.194144 0.965619
vt 0.197084 0.958081
vt 0.197475 0.965619
vt 0.200415 0.958081
vt 0.197475 0.958081
vt 0.197475 0.935465
vt 0.200415 0.943003
vt 0.200415 0.935465
vt 0.200415 0.950542
vt 0.197475 0.950542
vt 0.197475 0.943003
vt 0.165599 0.881912
vt 0.050563 0.782736
vt 0.043024 0.790274
vt 0.043024 0.782736
vt 0.050563 0.790274
vt 0.043024 0.797813
vt 0.050563 0.797813
vt 0.043024 0.805351
vt 0.050563 0.805351
vt 0.043024 0.812890
vt 0.037747 0.803090
vt 0.038501 0.800074
vt 0.038501 0.803090
vt 0.035486 0.805351
vt 0.036240 0.800074
vt 0.036240 0.803090
vt 0.042270 0.800074
vt 0.040009 0.803090
vt 0.040763 0.800074
vt 0.040763 0.803090
vt 0.051317 0.803090
vt 0.058102 0.805351
vt 0.057348 0.800074
vt 0.058102 0.797813
vt 0.055840 0.800074
vt 0.055086 0.803090
vt 0.055086 0.800074
vt 0.053578 0.800074
vt 0.052825 0.803090
vt 0.052825 0.800074
vt 0.196536 0.782736
vt 0.199476 0.790274
vt 0.199476 0.782736
vt 0.196536 0.790274
vt 0.199476 0.797813
vt 0.196536 0.805351
vt 0.196536 0.797813
vt 0.196536 0.812890
vt 0.199476 0.805351
vt 0.196536 0.813281
vt 0.199476 0.820820
vt 0.199476 0.813281
vt 0.196536 0.820820
vt 0.199476 0.828359
vt 0.196536 0.835897
vt 0.196536 0.828359
vt 0.196536 0.843436
vt 0.199476 0.835897
vt 0.196536 0.843827
vt 0.199476 0.851366
vt 0.199476 0.843827
vt 0.196536 0.851366
vt 0.199476 0.858904
vt 0.196536 0.866443
vt 0.196536 0.858904
vt 0.196536 0.873982
vt 0.199476 0.866443
vt 0.059247 0.803090
vt 0.058493 0.797813
vt 0.059247 0.800074
vt 0.073570 0.782736
vt 0.066032 0.790274
vt 0.066032 0.782736
vt 0.073570 0.805351
vt 0.066032 0.812890
vt 0.066032 0.805351
vt 0.066032 0.797813
vt 0.065278 0.800074
vt 0.196536 0.874373
vt 0.199476 0.881912
vt 0.199476 0.874373
vt 0.196536 0.904528
vt 0.199476 0.896989
vt 0.196536 0.896989
vt 0.073570 0.797813
vt 0.074324 0.803090
vt 0.081109 0.797813
vt 0.080355 0.803090
vt 0.080355 0.800074
vt 0.196536 0.881912
vt 0.199476 0.889450
vt 0.078847 0.800074
vt 0.078093 0.803090
vt 0.078093 0.800074
vt 0.196536 0.889450
vt 0.060755 0.803090
vt 0.061508 0.800074
vt 0.061508 0.803090
vt 0.196536 0.904919
vt 0.199476 0.912458
vt 0.199476 0.904919
vt 0.196536 0.912458
vt 0.199476 0.919996
vt 0.063016 0.803090
vt 0.063770 0.800074
vt 0.063770 0.803090
vt 0.196536 0.927535
vt 0.196536 0.919996
vt 0.076586 0.800074
vt 0.075832 0.803090
vt 0.075832 0.800074
vt 0.196536 0.935073
vt 0.199476 0.927535
vt 0.199868 0.812890
vt 0.202808 0.805351
vt 0.199868 0.805351
vt 0.199868 0.782736
vt 0.202808 0.790274
vt 0.202808 0.782736
vt 0.202808 0.797813
vt 0.199868 0.797813
vt 0.199868 0.790274
vt 0.073570 0.790274
vt 0.035486 0.835897
vt 0.036240 0.830620
vt 0.036240 0.833636
vt 0.050563 0.813281
vt 0.043024 0.820820
vt 0.043024 0.813281
vt 0.050563 0.835897
vt 0.043024 0.843436
vt 0.043024 0.835897
vt 0.043024 0.828359
vt 0.042270 0.830620
vt 0.199868 0.813281
vt 0.202808 0.820820
vt 0.202808 0.813281
vt 0.199868 0.843436
vt 0.202808 0.835897
vt 0.199868 0.835897
vt 0.050563 0.828359
vt 0.051317 0.833636
vt 0.058102 0.835897
vt 0.057348 0.830620
vt 0.058102 0.828359
vt 0.199868 0.820820
vt 0.202808 0.828359
vt 0.055840 0.830620
vt 0.055086 0.833636
vt 0.055086 0.830620
vt 0.199868 0.828359
vt 0.037747 0.833636
vt 0.038501 0.830620
vt 0.038501 0.833636
vt 0.199868 0.843827
vt 0.202808 0.851366
vt 0.202808 0.843827
vt 0.199868 0.851366
vt 0.202808 0.858904
vt 0.040009 0.833636
vt 0.040763 0.830620
vt 0.040763 0.833636
vt 0.199868 0.866443
vt 0.199868 0.858904
vt 0.053578 0.830620
vt 0.052825 0.833636
vt 0.052825 0.830620
vt 0.199868 0.873982
vt 0.202808 0.866443
vt 0.199868 0.904528
vt 0.202808 0.896989
vt 0.199868 0.896989
vt 0.199868 0.874373
vt 0.202808 0.881912
vt 0.202808 0.874373
vt 0.202808 0.889450
vt 0.199868 0.889450
vt 0.199868 0.881912
vt 0.050563 0.820820
vt 0.058493 0.835897
vt 0.059247 0.830620
vt 0.059247 0.833636
vt 0.073570 0.813281
vt 0.066032 0.820820
vt 0.066032 0.813281
vt 0.073570 0.835897
vt 0.066032 0.843436
vt 0.066032 0.835897
vt 0.066032 0.828359
vt 0.065278 0.830620
vt 0.199868 0.904919
vt 0.202808 0.912458
vt 0.202808 0.904919
vt 0.199868 0.935073
vt 0.202808 0.927535
vt 0.199868 0.927535
vt 0.073570 0.828359
vt 0.074324 0.833636
vt 0.081109 0.835897
vt 0.080355 0.830620
vt 0.081109 0.828359
vt 0.199868 0.912458
vt 0.202808 0.919996
vt 0.078847 0.830620
vt 0.078093 0.833636
vt 0.078093 0.830620
vt 0.199868 0.919996
vt 0.060755 0.833636
vt 0.061508 0.830620
vt 0.061508 0.833636
vt 0.203199 0.782736
vt 0.206139 0.790274
vt 0.206139 0.782736
vt 0.203199 0.790274
vt 0.206139 0.797813
vt 0.063016 0.833636
vt 0.063770 0.830620
vt 0.063770 0.833636
vt 0.203199 0.805351
vt 0.203199 0.797813
vt 0.076586 0.830620
vt 0.075832 0.833636
vt 0.075832 0.830620
vt 0.203199 0.812890
vt 0.206139 0.805351
vt 0.203199 0.843436
vt 0.206139 0.835897
vt 0.203199 0.835897
vt 0.203199 0.813281
vt 0.206139 0.820820
vt 0.206139 0.813281
vt 0.206139 0.828359
vt 0.203199 0.828359
vt 0.203199 0.820820
vt 0.073570 0.820820
vt 0.082254 0.803090
vt 0.081500 0.797813
vt 0.082254 0.800074
vt 0.096577 0.782736
vt 0.089039 0.790274
vt 0.089039 0.782736
vt 0.096577 0.805351
vt 0.089039 0.812890
vt 0.089039 0.805351
vt 0.089039 0.797813
vt 0.088285 0.800074
vt 0.203199 0.843827
vt 0.206139 0.851366
vt 0.206139 0.843827
vt 0.203199 0.873982
vt 0.206139 0.866443
vt 0.203199 0.866443
vt 0.096577 0.797813
vt 0.097331 0.803090
vt 0.104116 0.797813
vt 0.103362 0.803090
vt 0.103362 0.800074
vt 0.203199 0.851366
vt 0.206139 0.858904
vt 0.101854 0.800074
vt 0.101101 0.803090
vt 0.101101 0.800074
vt 0.203199 0.858904
vt 0.083762 0.803090
vt 0.084516 0.800074
vt 0.084516 0.803090
vt 0.203199 0.874373
vt 0.206139 0.881912
vt 0.206139 0.874373
vt 0.203199 0.881912
vt 0.206139 0.889450
vt 0.086023 0.803090
vt 0.086777 0.800074
vt 0.086777 0.803090
vt 0.203199 0.896989
vt 0.203199 0.889450
vt 0.099593 0.800074
vt 0.098839 0.803090
vt 0.098839 0.800074
vt 0.203199 0.904528
vt 0.206139 0.896989
vt 0.203199 0.935073
vt 0.206139 0.927535
vt 0.203199 0.927535
vt 0.203199 0.904919
vt 0.206139 0.912458
vt 0.206139 0.904919
vt 0.206139 0.919996
vt 0.203199 0.919996
vt 0.203199 0.912458
vt 0.096577 0.790274
vt 0.082254 0.833636
vt 0.081500 0.828359
vt 0.082254 0.830620
vt 0.096577 0.813281
vt 0.089039 0.820820
vt 0.089039 0.813281
vt 0.096577 0.835897
vt 0.089039 0.843436
vt 0.089039 0.835897
vt 0.088285 0.833636
vt 0.088285 0.830620
vt 0.089039 0.828359
vt 0.206531 0.782736
vt 0.209471 0.790274
vt 0.209471 0.782736
vt 0.206531 0.812890
vt 0.209471 0.805351
vt 0.206531 0.805351
vt 0.096577 0.828359
vt 0.097331 0.833636
vt 0.104116 0.828359
vt 0.103362 0.833636
vt 0.103362 0.830620
vt 0.206531 0.790274
vt 0.209471 0.797813
vt 0.101854 0.830620
vt 0.101101 0.833636
vt 0.101101 0.830620
vt 0.206531 0.797813
vt 0.083762 0.833636
vt 0.084516 0.830620
vt 0.084516 0.833636
vt 0.206531 0.813281
vt 0.209471 0.820820
vt 0.209471 0.813281
vt 0.206531 0.820820
vt 0.209471 0.828359
vt 0.086023 0.833636
vt 0.086777 0.830620
vt 0.086777 0.833636
vt 0.206531 0.835897
vt 0.206531 0.828359
vt 0.099593 0.830620
vt 0.098839 0.833636
vt 0.098839 0.830620
vt 0.206531 0.843436
vt 0.209471 0.835897
vt 0.206531 0.873982
vt 0.209471 0.866443
vt 0.206531 0.866443
vt 0.206531 0.843827
vt 0.209471 0.851366
vt 0.209471 0.843827
vt 0.209471 0.858904
vt 0.206531 0.858904
vt 0.206531 0.851366
vt 0.096577 0.820820
vt 0.036240 0.864182
vt 0.035486 0.858904
vt 0.036240 0.861166
vt 0.050563 0.843827
vt 0.043024 0.851366
vt 0.043024 0.843827
vt 0.050563 0.866443
vt 0.043024 0.873982
vt 0.043024 0.866443
vt 0.042270 0.864182
vt 0.042270 0.861166
vt 0.043024 0.858904
vt 0.206531 0.874373
vt 0.209471 0.881912
vt 0.209471 0.874373
vt 0.206531 0.904528
vt 0.209471 0.896989
vt 0.206531 0.896989
vt 0.050563 0.858904
vt 0.051317 0.864182
vt 0.058102 0.858904
vt 0.057348 0.864182
vt 0.057348 0.861166
vt 0.206531 0.881912
vt 0.209471 0.889450
vt 0.055840 0.861166
vt 0.055086 0.864182
vt 0.055086 0.861166
vt 0.206531 0.889450
vt 0.037747 0.864182
vt 0.038501 0.861166
vt 0.038501 0.864182
vt 0.206531 0.904919
vt 0.209471 0.912458
vt 0.209471 0.904919
vt 0.206531 0.912458
vt 0.209471 0.919996
vt 0.040009 0.864182
vt 0.040763 0.861166
vt 0.040763 0.864182
vt 0.206531 0.927535
vt 0.206531 0.919996
vt 0.053578 0.861166
vt 0.052825 0.864182
vt 0.052825 0.861166
vt 0.206531 0.935073
vt 0.209471 0.927535
vt 0.209862 0.812890
vt 0.212802 0.805351
vt 0.209862 0.805351
vt 0.209862 0.782736
vt 0.212802 0.790274
vt 0.212802 0.782736
vt 0.212802 0.797813
vt 0.209862 0.797813
vt 0.209862 0.790274
vt 0.050563 0.851366
vt 0.059247 0.864182
vt 0.058493 0.858904
vt 0.059247 0.861166
vt 0.073570 0.843827
vt 0.066032 0.851366
vt 0.066032 0.843827
vt 0.073570 0.866443
vt 0.066032 0.873982
vt 0.066032 0.866443
vt 0.065278 0.864182
vt 0.065278 0.861166
vt 0.066032 0.858904
vt 0.209862 0.813281
vt 0.212802 0.820820
vt 0.212802 0.813281
vt 0.209862 0.843436
vt 0.212802 0.835897
vt 0.209862 0.835897
vt 0.073570 0.858904
vt 0.074324 0.864182
vt 0.081109 0.858904
vt 0.080355 0.864182
vt 0.080355 0.861166
vt 0.209862 0.820820
vt 0.212802 0.828359
vt 0.078847 0.861166
vt 0.078093 0.864182
vt 0.078093 0.861166
vt 0.209862 0.828359
vt 0.060755 0.864182
vt 0.061508 0.861166
vt 0.061508 0.864182
vt 0.209862 0.843827
vt 0.212802 0.851366
vt 0.212802 0.843827
vt 0.209862 0.851366
vt 0.212802 0.858904
vt 0.063016 0.864182
vt 0.063770 0.861166
vt 0.063770 0.864182
vt 0.209862 0.866443
vt 0.209862 0.858904
vt 0.076586 0.861166
vt 0.075832 0.864182
vt 0.075832 0.861166
vt 0.209862 0.873982
vt 0.212802 0.866443
vt 0.209862 0.904528
vt 0.212802 0.896989
vt 0.209862 0.896989
vt 0.209862 0.874373
vt 0.212802 0.881912
vt 0.212802 0.874373
vt 0.212802 0.889450
vt 0.209862 0.889450
vt 0.209862 0.881912
vt 0.073570 0.851366
vt 0.082254 0.864182
vt 0.081500 0.858904
vt 0.082254 0.861166
vt 0.096577 0.843827
vt 0.089039 0.851366
vt 0.089039 0.843827
vt 0.096577 0.866443
vt 0.089039 0.873982
vt 0.089039 0.866443
vt 0.089039 0.858904
vt 0.088285 0.861166
vt 0.209862 0.904919
vt 0.212802 0.912458
vt 0.212802 0.904919
vt 0.209862 0.935073
vt 0.212802 0.927535
vt 0.209862 0.927535
vt 0.096577 0.858904
vt 0.097331 0.864182
vt 0.104116 0.858904
vt 0.103362 0.864182
vt 0.103362 0.861166
vt 0.209862 0.912458
vt 0.212802 0.919996
vt 0.101854 0.861166
vt 0.101101 0.864182
vt 0.101101 0.861166
vt 0.209862 0.919996
vt 0.083762 0.864182
vt 0.084516 0.861166
vt 0.084516 0.864182
vt 0.213194 0.782736
vt 0.216134 0.790274
vt 0.216134 0.782736
vt 0.213194 0.790274
vt 0.216134 0.797813
vt 0.086023 0.864182
vt 0.086777 0.861166
vt 0.086777 0.864182
vt 0.213194 0.805351
vt 0.213194 0.797813
vt 0.099593 0.861166
vt 0.098839 0.864182
vt 0.098839 0.861166
vt 0.213194 0.812890
vt 0.216134 0.805351
vt 0.213194 0.843436
vt 0.216134 0.835897
vt 0.213194 0.835897
vt 0.213194 0.813281
vt 0.216134 0.820820
vt 0.216134 0.813281
vt 0.216134 0.828359
vt 0.213194 0.828359
vt 0.213194 0.820820
vt 0.096577 0.851366
vt 0.105261 0.803090
vt 0.104507 0.797813
vt 0.105261 0.800074
vt 0.119585 0.782736
vt 0.112046 0.790274
vt 0.112046 0.782736
vt 0.119585 0.805351
vt 0.112046 0.812890
vt 0.112046 0.805351
vt 0.111292 0.803090
vt 0.111292 0.800074
vt 0.112046 0.797813
vt 0.213194 0.843827
vt 0.216134 0.851366
vt 0.216134 0.843827
vt 0.213194 0.873982
vt 0.216134 0.866443
vt 0.213194 0.866443
vt 0.119585 0.797813
vt 0.120339 0.803090
vt 0.127123 0.797813
vt 0.126369 0.803090
vt 0.126369 0.800074
vt 0.213194 0.851366
vt 0.216134 0.858904
vt 0.124862 0.800074
vt 0.124108 0.803090
vt 0.124108 0.800074
vt 0.213194 0.858904
vt 0.106769 0.803090
vt 0.107523 0.800074
vt 0.107523 0.803090
vt 0.213194 0.874373
vt 0.216134 0.881912
vt 0.216134 0.874373
vt 0.213194 0.881912
vt 0.216134 0.889450
vt 0.109031 0.803090
vt 0.109784 0.800074
vt 0.109784 0.803090
vt 0.213194 0.896989
vt 0.213194 0.889450
vt 0.122600 0.800074
vt 0.121846 0.803090
vt 0.121846 0.800074
vt 0.213194 0.904528
vt 0.216134 0.896989
vt 0.213194 0.935073
vt 0.216134 0.927535
vt 0.213194 0.927535
vt 0.213194 0.904919
vt 0.216134 0.912458
vt 0.216134 0.904919
vt 0.216134 0.919996
vt 0.213194 0.919996
vt 0.213194 0.912458
vt 0.119585 0.790274
vt 0.105261 0.833636
vt 0.104507 0.828359
vt 0.105261 0.830620
vt 0.119585 0.813281
vt 0.112046 0.820820
vt 0.112046 0.813281
vt 0.119585 0.835897
vt 0.112046 0.843436
vt 0.112046 0.835897
vt 0.111292 0.833636
vt 0.111292 0.830620
vt 0.112046 0.828359
vt 0.058493 0.935465
vt 0.061433 0.943003
vt 0.061433 0.935465
vt 0.058493 0.965619
vt 0.061433 0.958081
vt 0.058493 0.958081
vt 0.119585 0.828359
vt 0.120339 0.833636
vt 0.127123 0.828359
vt 0.126369 0.833636
vt 0.126369 0.830620
vt 0.058493 0.943003
vt 0.061433 0.950542
vt 0.124862 0.830620
vt 0.124108 0.833636
vt 0.124108 0.830620
vt 0.058493 0.950542
vt 0.106769 0.833636
vt 0.107523 0.830620
vt 0.107523 0.833636
vt 0.061824 0.935465
vt 0.064764 0.943003
vt 0.064764 0.935465
vt 0.061824 0.943003
vt 0.064764 0.950542
vt 0.109031 0.833636
vt 0.109784 0.830620
vt 0.109784 0.833636
vt 0.061824 0.958081
vt 0.061824 0.950542
vt 0.122600 0.830620
vt 0.121846 0.833636
vt 0.121846 0.830620
vt 0.061824 0.965619
vt 0.064764 0.958081
vt 0.065156 0.965619
vt 0.068096 0.958081
vt 0.065156 0.958081
vt 0.065156 0.935465
vt 0.068096 0.943003
vt 0.068096 0.935465
vt 0.068096 0.950542
vt 0.065156 0.950542
vt 0.065156 0.943003
vt 0.119585 0.820820
vt 0.104507 0.866443
vt 0.105261 0.861166
vt 0.105261 0.864182
vt 0.119585 0.843827
vt 0.112046 0.851366
vt 0.112046 0.843827
vt 0.119585 0.866443
vt 0.112046 0.873982
vt 0.112046 0.866443
vt 0.112046 0.858904
vt 0.111292 0.861166
vt 0.068487 0.935465
vt 0.071427 0.943003
vt 0.071427 0.935465
vt 0.068487 0.965619
vt 0.071427 0.958081
vt 0.068487 0.958081
vt 0.119585 0.858904
vt 0.120339 0.864182
vt 0.127123 0.866443
vt 0.126369 0.861166
vt 0.127123 0.858904
vt 0.068487 0.943003
vt 0.071427 0.950542
vt 0.124862 0.861166
vt 0.124108 0.864182
vt 0.124108 0.861166
vt 0.068487 0.950542
vt 0.106769 0.864182
vt 0.107523 0.861166
vt 0.107523 0.864182
vt 0.071819 0.935465
vt 0.074759 0.943003
vt 0.074759 0.935465
vt 0.071819 0.943003
vt 0.074759 0.950542
vt 0.109031 0.864182
vt 0.109784 0.861166
vt 0.109784 0.864182
vt 0.071819 0.958081
vt 0.071819 0.950542
vt 0.122600 0.861166
vt 0.121846 0.864182
vt 0.121846 0.861166
vt 0.071819 0.965619
vt 0.074759 0.958081
vt 0.075150 0.965619
vt 0.078090 0.958081
vt 0.075150 0.958081
vt 0.075150 0.935465
vt 0.078090 0.943003
vt 0.078090 0.935465
vt 0.078090 0.950542
vt 0.075150 0.950542
vt 0.075150 0.943003
vt 0.119585 0.851366
vt 0.128269 0.803090
vt 0.127515 0.797813
vt 0.128269 0.800074
vt 0.142592 0.782736
vt 0.135053 0.790274
vt 0.135053 0.782736
vt 0.142592 0.805351
vt 0.135053 0.812890
vt 0.135053 0.805351
vt 0.135053 0.797813
vt 0.134299 0.800074
vt 0.078482 0.935465
vt 0.081422 0.943003
vt 0.081422 0.935465
vt 0.078482 0.965619
vt 0.081422 0.958081
vt 0.078482 0.958081
vt 0.142592 0.797813
vt 0.143346 0.803090
vt 0.150131 0.797813
vt 0.149377 0.803090
vt 0.149377 0.800074
vt 0.078482 0.943003
vt 0.081422 0.950542
vt 0.147869 0.800074
vt 0.147115 0.803090
vt 0.147115 0.800074
vt 0.078482 0.950542
vt 0.129776 0.803090
vt 0.130530 0.800074
vt 0.130530 0.803090
vt 0.081813 0.935465
vt 0.084753 0.943003
vt 0.084753 0.935465
vt 0.081813 0.943003
vt 0.084753 0.950542
vt 0.132038 0.803090
vt 0.132792 0.800074
vt 0.132792 0.803090
vt 0.081813 0.958081
vt 0.081813 0.950542
vt 0.145607 0.800074
vt 0.144853 0.803090
vt 0.144853 0.800074
vt 0.081813 0.965619
vt 0.084753 0.958081
vt 0.085145 0.965619
vt 0.088085 0.958081
vt 0.085145 0.958081
vt 0.085145 0.935465
vt 0.088085 0.943003
vt 0.088085 0.935465
vt 0.088085 0.950542
vt 0.085145 0.950542
vt 0.085145 0.943003
vt 0.142592 0.790274
vt 0.128269 0.833636
vt 0.127515 0.828359
vt 0.128269 0.830620
vt 0.142592 0.813281
vt 0.135053 0.820820
vt 0.135053 0.813281
vt 0.142592 0.835897
vt 0.135053 0.843436
vt 0.135053 0.835897
vt 0.134299 0.833636
vt 0.134299 0.830620
vt 0.135053 0.828359
vt 0.088476 0.935465
vt 0.091416 0.943003
vt 0.091416 0.935465
vt 0.088476 0.965619
vt 0.091416 0.958081
vt 0.088476 0.958081
vt 0.142592 0.828359
vt 0.143346 0.833636
vt 0.150131 0.828359
vt 0.149377 0.833636
vt 0.149377 0.830620
vt 0.088476 0.943003
vt 0.091416 0.950542
vt 0.147869 0.830620
vt 0.147115 0.833636
vt 0.147115 0.830620
vt 0.088476 0.950542
vt 0.129776 0.833636
vt 0.130530 0.830620
vt 0.130530 0.833636
vt 0.091808 0.935465
vt 0.094748 0.943003
vt 0.094748 0.935465
vt 0.091808 0.943003
vt 0.094748 0.950542
vt 0.132038 0.833636
vt 0.132792 0.830620
vt 0.132792 0.833636
vt 0.091808 0.958081
vt 0.091808 0.950542
vt 0.145607 0.830620
vt 0.144853 0.833636
vt 0.144853 0.830620
vt 0.091808 0.965619
vt 0.094748 0.958081
vt 0.095139 0.965619
vt 0.098079 0.958081
vt 0.095139 0.958081
vt 0.095139 0.935465
vt 0.098079 0.943003
vt 0.098079 0.935465
vt 0.098079 0.950542
vt 0.095139 0.950542
vt 0.095139 0.943003
vt 0.142592 0.820820
vt 0.128269 0.864182
vt 0.127515 0.858904
vt 0.128269 0.861166
vt 0.142592 0.843827
vt 0.135053 0.851366
vt 0.135053 0.843827
vt 0.142592 0.866443
vt 0.135053 0.873982
vt 0.135053 0.866443
vt 0.134299 0.864182
vt 0.134299 0.861166
vt 0.135053 0.858904
vt 0.098470 0.935465
vt 0.101411 0.943003
vt 0.101411 0.935465
vt 0.098470 0.965619
vt 0.101411 0.958081
vt 0.098470 0.958081
vt 0.142592 0.858904
vt 0.143346 0.864182
vt 0.150131 0.858904
vt 0.149377 0.864182
vt 0.149377 0.861166
vt 0.098470 0.943003
vt 0.101411 0.950542
vt 0.147869 0.861166
vt 0.147115 0.864182
vt 0.147115 0.861166
vt 0.098470 0.950542
vt 0.129776 0.864182
vt 0.130530 0.861166
vt 0.130530 0.864182
vt 0.101802 0.935465
vt 0.104742 0.943003
vt 0.104742 0.935465
vt 0.101802 0.943003
vt 0.104742 0.950542
vt 0.132038 0.864182
vt 0.132792 0.861166
vt 0.132792 0.864182
vt 0.101802 0.958081
vt 0.101802 0.950542
vt 0.145607 0.861166
vt 0.144853 0.864182
vt 0.144853 0.861166
vt 0.101802 0.965619
vt 0.104742 0.958081
vt 0.105133 0.965619
vt 0.108073 0.958081
vt 0.105133 0.958081
vt 0.105133 0.935465
vt 0.108073 0.943003
vt 0.108073 0.935465
vt 0.108073 0.950542
vt 0.105133 0.950542
vt 0.105133 0.943003
vt 0.142592 0.851366
vt 0.036240 0.894727
vt 0.035486 0.889450
vt 0.036240 0.891712
vt 0.050563 0.874373
vt 0.043024 0.881912
vt 0.043024 0.874373
vt 0.050563 0.896989
vt 0.043024 0.904528
vt 0.043024 0.896989
vt 0.043024 0.889450
vt 0.042270 0.891712
vt 0.108465 0.935465
vt 0.111405 0.943003
vt 0.111405 0.935465
vt 0.108465 0.965619
vt 0.111405 0.958081
vt 0.108465 0.958081
vt 0.050563 0.889450
vt 0.051317 0.894727
vt 0.058102 0.889450
vt 0.057348 0.894727
vt 0.057348 0.891712
vt 0.108465 0.943003
vt 0.111405 0.950542
vt 0.055840 0.891712
vt 0.055086 0.894727
vt 0.055086 0.891712
vt 0.108465 0.950542
vt 0.037747 0.894727
vt 0.038501 0.891712
vt 0.038501 0.894727
vt 0.111796 0.935465
vt 0.114736 0.943003
vt 0.114736 0.935465
vt 0.111796 0.943003
vt 0.114736 0.950542
vt 0.040009 0.894727
vt 0.040763 0.891712
vt 0.040763 0.894727
vt 0.111796 0.958081
vt 0.111796 0.950542
vt 0.053578 0.891712
vt 0.052825 0.894727
vt 0.052825 0.891712
vt 0.111796 0.965619
vt 0.114736 0.958081
vt 0.115128 0.965619
vt 0.118068 0.958081
vt 0.115128 0.958081
vt 0.115128 0.935465
vt 0.118068 0.943003
vt 0.118068 0.935465
vt 0.118068 0.950542
vt 0.115128 0.950542
vt 0.115128 0.943003
vt 0.050563 0.881912
vt 0.058493 0.896989
vt 0.059247 0.891712
vt 0.059247 0.894727
vt 0.073570 0.874373
vt 0.066032 0.881912
vt 0.066032 0.874373
vt 0.073570 0.896989
vt 0.066032 0.904528
vt 0.066032 0.896989
vt 0.066032 0.889450
vt 0.065278 0.891712
vt 0.118459 0.935465
vt 0.121399 0.943003
vt 0.121399 0.935465
vt 0.118459 0.965619
vt 0.121399 0.958081
vt 0.118459 0.958081
vt 0.073570 0.889450
vt 0.074324 0.894727
vt 0.081109 0.896989
vt 0.080355 0.891712
vt 0.081109 0.889450
vt 0.118459 0.943003
vt 0.121399 0.950542
vt 0.078847 0.891712
vt 0.078093 0.894727
vt 0.078093 0.891712
vt 0.118459 0.950542
vt 0.060755 0.894727
vt 0.061508 0.891712
vt 0.061508 0.894727
vt 0.121791 0.935465
vt 0.124731 0.943003
vt 0.124731 0.935465
vt 0.121791 0.943003
vt 0.124731 0.950542
vt 0.063016 0.894727
vt 0.063770 0.891712
vt 0.063770 0.894727
vt 0.121791 0.958081
vt 0.121791 0.950542
vt 0.076586 0.891712
vt 0.075832 0.894727
vt 0.075832 0.891712
vt 0.121791 0.965619
vt 0.124731 0.958081
vt 0.127515 0.965619
vt 0.130455 0.958081
vt 0.127515 0.958081
vt 0.127515 0.935465
vt 0.130455 0.943003
vt 0.130455 0.935465
vt 0.130455 0.950542
vt 0.127515 0.950542
vt 0.127515 0.943003
vt 0.073570 0.881912
vt 0.081500 0.896989
vt 0.082254 0.891712
vt 0.082254 0.894727
vt 0.096577 0.874373
vt 0.089039 0.881912
vt 0.089039 0.874373
vt 0.096577 0.896989
vt 0.089039 0.904528
vt 0.089039 0.896989
vt 0.089039 0.889450
vt 0.088285 0.891712
vt 0.130846 0.935465
vt 0.133786 0.943003
vt 0.133786 0.935465
vt 0.130846 0.965619
vt 0.133786 0.958081
vt 0.130846 0.958081
vt 0.096577 0.889450
vt 0.097331 0.894727
vt 0.104116 0.896989
vt 0.103362 0.891712
vt 0.104116 0.889450
vt 0.130846 0.943003
vt 0.133786 0.950542
vt 0.101854 0.891712
vt 0.101101 0.894727
vt 0.101101 0.891712
vt 0.130846 0.950542
vt 0.083762 0.894727
vt 0.084516 0.891712
vt 0.084516 0.894727
vt 0.134178 0.935465
vt 0.137118 0.943003
vt 0.137118 0.935465
vt 0.134178 0.943003
vt 0.137118 0.950542
vt 0.086023 0.894727
vt 0.086777 0.891712
vt 0.086777 0.894727
vt 0.134178 0.958081
vt 0.134178 0.950542
vt 0.099593 0.891712
vt 0.098839 0.894727
vt 0.098839 0.891712
vt 0.134178 0.965619
vt 0.137118 0.958081
vt 0.137509 0.965619
vt 0.140449 0.958081
vt 0.137509 0.958081
vt 0.137509 0.935465
vt 0.140449 0.943003
vt 0.140449 0.935465
vt 0.140449 0.950542
vt 0.137509 0.950542
vt 0.137509 0.943003
vt 0.096577 0.881912
vt 0.105261 0.894727
vt 0.104507 0.889450
vt 0.105261 0.891712
vt 0.119585 0.874373
vt 0.112046 0.881912
vt 0.112046 0.874373
vt 0.119585 0.896989
vt 0.112046 0.904528
vt 0.112046 0.896989
vt 0.112046 0.889450
vt 0.111292 0.891712
vt 0.140841 0.935465
vt 0.143781 0.943003
vt 0.143781 0.935465
vt 0.140841 0.965619
vt 0.143781 0.958081
vt 0.140841 0.958081
vt 0.119585 0.889450
vt 0.120339 0.894727
vt 0.127123 0.889450
vt 0.126369 0.894727
vt 0.126369 0.891712
vt 0.140841 0.943003
vt 0.143781 0.950542
vt 0.124862 0.891712
vt 0.124108 0.894727
vt 0.124108 0.891712
vt 0.140841 0.950542
vt 0.106769 0.894727
vt 0.107523 0.891712
vt 0.107523 0.894727
vt 0.144172 0.935465
vt 0.147112 0.943003
vt 0.147112 0.935465
vt 0.144172 0.943003
vt 0.147112 0.950542
vt 0.109031 0.894727
vt 0.109784 0.891712
vt 0.109784 0.894727
vt 0.144172 0.958081
vt 0.144172 0.950542
vt 0.122600 0.891712
vt 0.121846 0.894727
vt 0.121846 0.891712
vt 0.144172 0.965619
vt 0.147112 0.958081
vt 0.147503 0.965619
vt 0.150444 0.958081
vt 0.147503 0.958081
vt 0.147503 0.935465
vt 0.150444 0.943003
vt 0.150444 0.935465
vt 0.150444 0.950542
vt 0.147503 0.950542
vt 0.147503 0.943003
vt 0.119585 0.881912
vt 0.128269 0.894727
vt 0.127515 0.889450
vt 0.128269 0.891712
vt 0.142592 0.874373
vt 0.135053 0.881912
vt 0.135053 0.874373
vt 0.142592 0.896989
vt 0.135053 0.904528
vt 0.135053 0.896989
vt 0.134299 0.894727
vt 0.134299 0.891712
vt 0.135053 0.889450
vt 0.150835 0.935465
vt 0.153775 0.943003
vt 0.153775 0.935465
vt 0.150835 0.965619
vt 0.153775 0.958081
vt 0.150835 0.958081
vt 0.142592 0.889450
vt 0.143346 0.894727
vt 0.150131 0.889450
vt 0.149377 0.894727
vt 0.149377 0.891712
vt 0.150835 0.943003
vt 0.153775 0.950542
vt 0.147869 0.891712
vt 0.147115 0.894727
vt 0.147115 0.891712
vt 0.150835 0.950542
vt 0.129776 0.894727
vt 0.130530 0.891712
vt 0.130530 0.894727
vt 0.154166 0.935465
vt 0.157106 0.943003
vt 0.157106 0.935465
vt 0.154166 0.943003
vt 0.157106 0.950542
vt 0.132038 0.894727
vt 0.132792 0.891712
vt 0.132792 0.894727
vt 0.154166 0.958081
vt 0.154166 0.950542
vt 0.145607 0.891712
vt 0.144853 0.894727
vt 0.144853 0.891712
vt 0.154166 0.965619
vt 0.157106 0.958081
vt 0.157498 0.965619
vt 0.160438 0.958081
vt 0.157498 0.958081
vt 0.157498 0.935465
vt 0.160438 0.943003
vt 0.160438 0.935465
vt 0.160438 0.950542
vt 0.157498 0.950542
vt 0.157498 0.943003
vt 0.142592 0.881912
vt 0.150522 0.805351
vt 0.151276 0.800074
vt 0.151276 0.803090
vt 0.165599 0.782736
vt 0.158061 0.790274
vt 0.158061 0.782736
vt 0.165599 0.805351
vt 0.158061 0.812890
vt 0.158061 0.805351
vt 0.158061 0.797813
vt 0.157307 0.800074
vt 0.160829 0.935465
vt 0.163769 0.943003
vt 0.163769 0.935465
vt 0.160829 0.965619
vt 0.163769 0.958081
vt 0.160829 0.958081
vt 0.165599 0.797813
vt 0.166353 0.803090
vt 0.173138 0.805351
vt 0.172384 0.800074
vt 0.173138 0.797813
vt 0.160829 0.943003
vt 0.163769 0.950542
vt 0.170876 0.800074
vt 0.170122 0.803090
vt 0.170122 0.800074
vt 0.160829 0.950542
vt 0.152784 0.803090
vt 0.153537 0.800074
vt 0.153537 0.803090
vt 0.164161 0.935465
vt 0.167101 0.943003
vt 0.167101 0.935465
vt 0.164161 0.943003
vt 0.167101 0.950542
vt 0.155045 0.803090
vt 0.155799 0.800074
vt 0.155799 0.803090
vt 0.164161 0.958081
vt 0.164161 0.950542
vt 0.168615 0.800074
vt 0.167861 0.803090
vt 0.167861 0.800074
vt 0.164161 0.965619
vt 0.167101 0.958081
vt 0.167492 0.965619
vt 0.170432 0.958081
vt 0.167492 0.958081
vt 0.167492 0.935465
vt 0.170432 0.943003
vt 0.170432 0.935465
vt 0.170432 0.950542
vt 0.167492 0.950542
vt 0.167492 0.943003
vt 0.165599 0.790274
vt 0.151276 0.833636
vt 0.150522 0.828359
vt 0.151276 0.830620
vt 0.165599 0.813281
vt 0.158061 0.820820
vt 0.158061 0.813281
vt 0.165599 0.835897
vt 0.158061 0.843436
vt 0.158061 0.835897
vt 0.157307 0.833636
vt 0.157307 0.830620
vt 0.158061 0.828359
vt 0.170824 0.935465
vt 0.173764 0.943003
vt 0.173764 0.935465
vt 0.170824 0.965619
vt 0.173764 0.958081
vt 0.170824 0.958081
vt 0.165599 0.828359
vt 0.166353 0.833636
vt 0.173138 0.828359
vt 0.172384 0.833636
vt 0.172384 0.830620
vt 0.170824 0.943003
vt 0.173764 0.950542
vt 0.170876 0.830620
vt 0.170122 0.833636
vt 0.170122 0.830620
vt 0.170824 0.950542
vt 0.152784 0.833636
vt 0.153537 0.830620
vt 0.153537 0.833636
vt 0.174155 0.935465
vt 0.177095 0.943003
vt 0.177095 0.935465
vt 0.174155 0.943003
vt 0.177095 0.950542
vt 0.155045 0.833636
vt 0.155799 0.830620
vt 0.155799 0.833636
vt 0.174155 0.958081
vt 0.174155 0.950542
vt 0.168615 0.830620
vt 0.167861 0.833636
vt 0.167861 0.830620
vt 0.174155 0.965619
vt 0.177095 0.958081
vt 0.177487 0.965619
vt 0.180427 0.958081
vt 0.177487 0.958081
vt 0.177487 0.935465
vt 0.180427 0.943003
vt 0.180427 0.935465
vt 0.180427 0.950542
vt 0.177487 0.950542
vt 0.177487 0.943003
vt 0.165599 0.820820
vt 0.151276 0.864182
vt 0.150522 0.858904
vt 0.151276 0.861166
vt 0.165599 0.843827
vt 0.158061 0.851366
vt 0.158061 0.843827
vt 0.165599 0.866443
vt 0.158061 0.873982
vt 0.158061 0.866443
vt 0.157307 0.864182
vt 0.157307 0.861166
vt 0.158061 0.858904
vt 0.180818 0.935465
vt 0.183758 0.943003
vt 0.183758 0.935465
vt 0.180818 0.965619
vt 0.183758 0.958081
vt 0.180818 0.958081
vt 0.165599 0.858904
vt 0.166353 0.864182
vt 0.173138 0.858904
vt 0.172384 0.864182
vt 0.172384 0.861166
vt 0.180818 0.943003
vt 0.183758 0.950542
vt 0.170876 0.861166
vt 0.170122 0.864182
vt 0.170122 0.861166
vt 0.180818 0.950542
vt 0.152784 0.864182
vt 0.153537 0.861166
vt 0.153537 0.864182
vt 0.184150 0.935465
vt 0.187090 0.943003
vt 0.187090 0.935465
vt 0.184150 0.943003
vt 0.187090 0.950542
vt 0.155045 0.864182
vt 0.155799 0.861166
vt 0.155799 0.864182
vt 0.184150 0.958081
vt 0.184150 0.950542
vt 0.168615 0.861166
vt 0.167861 0.864182
vt 0.167861 0.861166
vt 0.184150 0.965619
vt 0.187090 0.958081
vt 0.187481 0.965619
vt 0.190421 0.958081
vt 0.187481 0.958081
vt 0.187481 0.935465
vt 0.190421 0.943003
vt 0.190421 0.935465
vt 0.190421 0.950542
vt 0.187481 0.950542
vt 0.187481 0.943003
vt 0.165599 0.851366
vt 0.036240 0.925273
vt 0.035486 0.919996
vt 0.036240 0.922258
vt 0.050563 0.904919
vt 0.043024 0.912458
vt 0.043024 0.904919
vt 0.050563 0.927535
vt 0.043024 0.935073
vt 0.043024 0.927535
vt 0.043024 0.919996
vt 0.042270 0.922258
vt 0.200807 0.935465
vt 0.203747 0.943003
vt 0.203747 0.935465
vt 0.200807 0.965619
vt 0.203747 0.958081
vt 0.200807 0.958081
vt 0.050563 0.919996
vt 0.051317 0.925273
vt 0.058102 0.919996
vt 0.057348 0.925273
vt 0.057348 0.922258
vt 0.200807 0.943003
vt 0.203747 0.950542
vt 0.055840 0.922258
vt 0.055086 0.925273
vt 0.055086 0.922258
vt 0.200807 0.950542
vt 0.037747 0.925273
vt 0.038501 0.922258
vt 0.038501 0.925273
vt 0.204138 0.935465
vt 0.207078 0.943003
vt 0.207078 0.935465
vt 0.204138 0.943003
vt 0.207078 0.950542
vt 0.040009 0.925273
vt 0.040763 0.922258
vt 0.040763 0.925273
vt 0.204138 0.958081
vt 0.204138 0.950542
vt 0.053578 0.922258
vt 0.052825 0.925273
vt 0.052825 0.922258
vt 0.204138 0.965619
vt 0.207078 0.958081
vt 0.209862 0.965619
vt 0.212802 0.958081
vt 0.209862 0.958081
vt 0.209862 0.935465
vt 0.212802 0.943003
vt 0.212802 0.935465
vt 0.212802 0.950542
vt 0.209862 0.950542
vt 0.209862 0.943003
vt 0.050563 0.912458
vt 0.058493 0.927535
vt 0.059247 0.922258
vt 0.059247 0.925273
vt 0.073570 0.904919
vt 0.066032 0.912458
vt 0.066032 0.904919
vt 0.073570 0.927535
vt 0.066032 0.935073
vt 0.066032 0.927535
vt 0.066032 0.919996
vt 0.065278 0.922258
vt 0.213194 0.935465
vt 0.216134 0.943003
vt 0.216134 0.935465
vt 0.213194 0.965619
vt 0.216134 0.958081
vt 0.213194 0.958081
vt 0.073570 0.919996
vt 0.074324 0.925273
vt 0.081109 0.927535
vt 0.080355 0.922258
vt 0.081109 0.919996
vt 0.213194 0.943003
vt 0.216134 0.950542
vt 0.078847 0.922258
vt 0.078093 0.925273
vt 0.078093 0.922258
vt 0.213194 0.950542
vt 0.060755 0.925273
vt 0.061508 0.922258
vt 0.061508 0.925273
vt 0.216525 0.782736
vt 0.219465 0.790274
vt 0.219465 0.782736
vt 0.216525 0.790274
vt 0.219465 0.797813
vt 0.063016 0.925273
vt 0.063770 0.922258
vt 0.063770 0.925273
vt 0.216525 0.805351
vt 0.216525 0.797813
vt 0.076586 0.922258
vt 0.075832 0.925273
vt 0.075832 0.922258
vt 0.216525 0.812890
vt 0.219465 0.805351
vt 0.216525 0.843436
vt 0.219465 0.835897
vt 0.216525 0.835897
vt 0.216525 0.813281
vt 0.219465 0.820820
vt 0.219465 0.813281
vt 0.219465 0.828359
vt 0.216525 0.828359
vt 0.216525 0.820820
vt 0.073570 0.912458
vt 0.081500 0.927535
vt 0.082254 0.922258
vt 0.082254 0.925273
vt 0.096577 0.904919
vt 0.089039 0.912458
vt 0.089039 0.904919
vt 0.096577 0.927535
vt 0.089039 0.935073
vt 0.089039 0.927535
vt 0.089039 0.919996
vt 0.088285 0.922258
vt 0.216525 0.843827
vt 0.219465 0.851366
vt 0.219465 0.843827
vt 0.216525 0.873982
vt 0.219465 0.866443
vt 0.216525 0.866443
vt 0.096577 0.919996
vt 0.097331 0.925273
vt 0.104116 0.927535
vt 0.103362 0.922258
vt 0.104116 0.919996
vt 0.216525 0.851366
vt 0.219465 0.858904
vt 0.101854 0.922258
vt 0.101101 0.925273
vt 0.101101 0.922258
vt 0.216525 0.858904
vt 0.083762 0.925273
vt 0.084516 0.922258
vt 0.084516 0.925273
vt 0.216525 0.874373
vt 0.219465 0.881912
vt 0.219465 0.874373
vt 0.216525 0.881912
vt 0.219465 0.889450
vt 0.086023 0.925273
vt 0.086777 0.922258
vt 0.086777 0.925273
vt 0.216525 0.896989
vt 0.216525 0.889450
vt 0.099593 0.922258
vt 0.098839 0.925273
vt 0.098839 0.922258
vt 0.216525 0.904528
vt 0.219465 0.896989
vt 0.216525 0.935073
vt 0.219465 0.927535
vt 0.216525 0.927535
vt 0.216525 0.904919
vt 0.219465 0.912458
vt 0.219465 0.904919
vt 0.219465 0.919996
vt 0.216525 0.919996
vt 0.216525 0.912458
vt 0.096577 0.912458
vt 0.105261 0.925273
vt 0.104507 0.919996
vt 0.105261 0.922258
vt 0.119585 0.904919
vt 0.112046 0.912458
vt 0.112046 0.904919
vt 0.119585 0.927535
vt 0.112046 0.935073
vt 0.112046 0.927535
vt 0.112046 0.919996
vt 0.111292 0.922258
vt 0.216525 0.935465
vt 0.219465 0.943003
vt 0.219465 0.935465
vt 0.216525 0.965619
vt 0.219465 0.958081
vt 0.216525 0.958081
vt 0.119585 0.919996
vt 0.120339 0.925273
vt 0.127123 0.919996
vt 0.126369 0.925273
vt 0.126369 0.922258
vt 0.216525 0.943003
vt 0.219465 0.950542
vt 0.124862 0.922258
vt 0.124108 0.925273
vt 0.124108 0.922258
vt 0.216525 0.950542
vt 0.106769 0.925273
vt 0.107523 0.922258
vt 0.107523 0.925273
vt 0.219857 0.782736
vt 0.222797 0.790274
vt 0.222797 0.782736
vt 0.219857 0.790274
vt 0.222797 0.797813
vt 0.109031 0.925273
vt 0.109784 0.922258
vt 0.109784 0.925273
vt 0.219857 0.805351
vt 0.219857 0.797813
vt 0.122600 0.922258
vt 0.121846 0.925273
vt 0.121846 0.922258
vt 0.219857 0.812890
vt 0.222797 0.805351
vt 0.219857 0.843436
vt 0.222797 0.835897
vt 0.219857 0.835897
vt 0.219857 0.813281
vt 0.222797 0.820820
vt 0.222797 0.813281
vt 0.222797 0.828359
vt 0.219857 0.828359
vt 0.219857 0.820820
vt 0.119585 0.912458
vt 0.127515 0.927535
vt 0.128269 0.922258
vt 0.128269 0.925273
vt 0.142592 0.904919
vt 0.135053 0.912458
vt 0.135053 0.904919
vt 0.142592 0.927535
vt 0.135053 0.935073
vt 0.135053 0.927535
vt 0.135053 0.919996
vt 0.134299 0.922258
vt 0.219857 0.843827
vt 0.222797 0.851366
vt 0.222797 0.843827
vt 0.219857 0.873982
vt 0.222797 0.866443
vt 0.219857 0.866443
vt 0.142592 0.919996
vt 0.143346 0.925273
vt 0.150131 0.927535
vt 0.149377 0.922258
vt 0.150131 0.919996
vt 0.219857 0.851366
vt 0.222797 0.858904
vt 0.147869 0.922258
vt 0.147115 0.925273
vt 0.147115 0.922258
vt 0.219857 0.858904
vt 0.129776 0.925273
vt 0.130530 0.922258
vt 0.130530 0.925273
vt 0.219857 0.874373
vt 0.222797 0.881912
vt 0.222797 0.874373
vt 0.219857 0.881912
vt 0.222797 0.889450
vt 0.132038 0.925273
vt 0.132792 0.922258
vt 0.132792 0.925273
vt 0.219857 0.896989
vt 0.219857 0.889450
vt 0.145607 0.922258
vt 0.144853 0.925273
vt 0.144853 0.922258
vt 0.219857 0.904528
vt 0.222797 0.896989
vt 0.219857 0.935073
vt 0.222797 0.927535
vt 0.219857 0.927535
vt 0.219857 0.904919
vt 0.222797 0.912458
vt 0.222797 0.904919
vt 0.222797 0.919996
vt 0.219857 0.919996
vt 0.219857 0.912458
vt 0.142592 0.912458
vt 0.150522 0.927535
vt 0.151276 0.922258
vt 0.151276 0.925273
vt 0.165599 0.904919
vt 0.158061 0.912458
vt 0.158061 0.904919
vt 0.165599 0.927535
vt 0.158061 0.935073
vt 0.158061 0.927535
vt 0.158061 0.919996
vt 0.157307 0.922258
vt 0.219857 0.935465
vt 0.222797 0.943003
vt 0.222797 0.935465
vt 0.219857 0.965619
vt 0.222797 0.958081
vt 0.219857 0.958081
vt 0.165599 0.919996
vt 0.166353 0.925273
vt 0.173138 0.927535
vt 0.172384 0.922258
vt 0.173138 0.919996
vt 0.219857 0.943003
vt 0.222797 0.950542
vt 0.170876 0.922258
vt 0.170122 0.925273
vt 0.170122 0.922258
vt 0.219857 0.950542
vt 0.152784 0.925273
vt 0.153537 0.922258
vt 0.153537 0.925273
vt 0.223188 0.782736
vt 0.226128 0.790274
vt 0.226128 0.782736
vt 0.223188 0.790274
vt 0.226128 0.797813
vt 0.155045 0.925273
vt 0.155799 0.922258
vt 0.155799 0.925273
vt 0.223188 0.805351
vt 0.223188 0.797813
vt 0.168615 0.922258
vt 0.167861 0.925273
vt 0.167861 0.922258
vt 0.223188 0.812890
vt 0.226128 0.805351
vt 0.223188 0.843436
vt 0.226128 0.835897
vt 0.223188 0.835897
vt 0.223188 0.813281
vt 0.226128 0.820820
vt 0.226128 0.813281
vt 0.226128 0.828359
vt 0.223188 0.828359
vt 0.223188 0.820820
vt 0.165599 0.912458
vt 0.174283 0.803090
vt 0.173529 0.797813
vt 0.174283 0.800074
vt 0.188606 0.782736
vt 0.181068 0.790274
vt 0.181068 0.782736
vt 0.188606 0.805351
vt 0.181068 0.812890
vt 0.181068 0.805351
vt 0.181068 0.797813
vt 0.180314 0.800074
vt 0.223188 0.843827
vt 0.226128 0.851366
vt 0.226128 0.843827
vt 0.223188 0.873982
vt 0.226128 0.866443
vt 0.223188 0.866443
vt 0.188606 0.797813
vt 0.189360 0.803090
vt 0.196145 0.797813
vt 0.195391 0.803090
vt 0.195391 0.800074
vt 0.223188 0.851366
vt 0.226128 0.858904
vt 0.193883 0.800074
vt 0.193130 0.803090
vt 0.193130 0.800074
vt 0.223188 0.858904
vt 0.175791 0.803090
vt 0.176545 0.800074
vt 0.176545 0.803090
vt 0.223188 0.874373
vt 0.226128 0.881912
vt 0.226128 0.874373
vt 0.223188 0.881912
vt 0.226128 0.889450
vt 0.178052 0.803090
vt 0.178806 0.800074
vt 0.178806 0.803090
vt 0.223188 0.896989
vt 0.223188 0.889450
vt 0.191622 0.800074
vt 0.190868 0.803090
vt 0.190868 0.800074
vt 0.223188 0.904528
vt 0.226128 0.896989
vt 0.223188 0.935073
vt 0.226128 0.927535
vt 0.223188 0.927535
vt 0.223188 0.904919
vt 0.226128 0.912458
vt 0.226128 0.904919
vt 0.226128 0.919996
vt 0.223188 0.919996
vt 0.223188 0.912458
vt 0.188606 0.790274
vt 0.174283 0.833636
vt 0.173529 0.828359
vt 0.174283 0.830620
vt 0.188606 0.813281
vt 0.181068 0.820820
vt 0.181068 0.813281
vt 0.188606 0.835897
vt 0.181068 0.843436
vt 0.181068 0.835897
vt 0.180314 0.833636
vt 0.180314 0.830620
vt 0.181068 0.828359
vt 0.223188 0.935465
vt 0.226128 0.943003
vt 0.226128 0.935465
vt 0.223188 0.965619
vt 0.226128 0.958081
vt 0.223188 0.958081
vt 0.188606 0.828359
vt 0.189360 0.833636
vt 0.196145 0.828359
vt 0.195391 0.833636
vt 0.195391 0.830620
vt 0.223188 0.943003
vt 0.226128 0.950542
vt 0.193883 0.830620
vt 0.193130 0.833636
vt 0.193130 0.830620
vt 0.223188 0.950542
vt 0.175791 0.833636
vt 0.176545 0.830620
vt 0.176545 0.833636
vt 0.226520 0.782736
vt 0.229460 0.790274
vt 0.229460 0.782736
vt 0.226520 0.790274
vt 0.229460 0.797813
vt 0.178052 0.833636
vt 0.178806 0.830620
vt 0.178806 0.833636
vt 0.226520 0.805351
vt 0.226520 0.797813
vt 0.191622 0.830620
vt 0.190868 0.833636
vt 0.190868 0.830620
vt 0.226520 0.812890
vt 0.229460 0.805351
vt 0.226520 0.843436
vt 0.229460 0.835897
vt 0.226520 0.835897
vt 0.226520 0.813281
vt 0.229460 0.820820
vt 0.229460 0.813281
vt 0.229460 0.828359
vt 0.226520 0.828359
vt 0.226520 0.820820
vt 0.188606 0.820820
vt 0.174283 0.864182
vt 0.173529 0.858904
vt 0.174283 0.861166
vt 0.188606 0.843827
vt 0.181068 0.851366
vt 0.181068 0.843827
vt 0.188606 0.866443
vt 0.181068 0.873982
vt 0.181068 0.866443
vt 0.180314 0.864182
vt 0.180314 0.861166
vt 0.181068 0.858904
vt 0.226520 0.843827
vt 0.229460 0.851366
vt 0.229460 0.843827
vt 0.226520 0.873982
vt 0.229460 0.866443
vt 0.226520 0.866443
vt 0.188606 0.858904
vt 0.189360 0.864182
vt 0.196145 0.858904
vt 0.195391 0.864182
vt 0.195391 0.861166
vt 0.226520 0.851366
vt 0.229460 0.858904
vt 0.193883 0.861166
vt 0.193130 0.864182
vt 0.193130 0.861166
vt 0.226520 0.858904
vt 0.175791 0.864182
vt 0.176545 0.861166
vt 0.176545 0.864182
vt 0.226520 0.874373
vt 0.229460 0.881912
vt 0.229460 0.874373
vt 0.226520 0.881912
vt 0.229460 0.889450
vt 0.178052 0.864182
vt 0.178806 0.861166
vt 0.178806 0.864182
vt 0.226520 0.896989
vt 0.226520 0.889450
vt 0.191622 0.861166
vt 0.190868 0.864182
vt 0.190868 0.861166
vt 0.226520 0.904528
vt 0.229460 0.896989
vt 0.226520 0.935073
vt 0.229460 0.927535
vt 0.226520 0.927535
vt 0.226520 0.904919
vt 0.229460 0.912458
vt 0.229460 0.904919
vt 0.229460 0.919996
vt 0.226520 0.919996
vt 0.226520 0.912458
vt 0.188606 0.851366
vt 0.174283 0.894727
vt 0.173529 0.889450
vt 0.174283 0.891712
vt 0.188606 0.874373
vt 0.181068 0.881912
vt 0.181068 0.874373
vt 0.188606 0.896989
vt 0.181068 0.904528
vt 0.181068 0.896989
vt 0.181068 0.889450
vt 0.180314 0.891712
vt 0.226520 0.935465
vt 0.229460 0.943003
vt 0.229460 0.935465
vt 0.226520 0.965619
vt 0.229460 0.958081
vt 0.226520 0.958081
vt 0.188606 0.889450
vt 0.189360 0.894727
vt 0.196145 0.889450
vt 0.195391 0.894727
vt 0.195391 0.891712
vt 0.226520 0.943003
vt 0.229460 0.950542
vt 0.193883 0.891712
vt 0.193130 0.894727
vt 0.193130 0.891712
vt 0.226520 0.950542
vt 0.175791 0.894727
vt 0.176545 0.891712
vt 0.176545 0.894727
vt 0.229851 0.782736
vt 0.232791 0.790274
vt 0.232791 0.782736
vt 0.229851 0.790274
vt 0.232791 0.797813
vt 0.178052 0.894727
vt 0.178806 0.891712
vt 0.178806 0.894727
vt 0.229851 0.805351
vt 0.229851 0.797813
vt 0.191622 0.891712
vt 0.190868 0.894727
vt 0.190868 0.891712
vt 0.229851 0.812890
vt 0.232791 0.805351
vt 0.229851 0.843436
vt 0.232791 0.835897
vt 0.229851 0.835897
vt 0.229851 0.813281
vt 0.232791 0.820820
vt 0.232791 0.813281
vt 0.232791 0.828359
vt 0.229851 0.828359
vt 0.229851 0.820820
vt 0.188606 0.881912
vt 0.174283 0.925273
vt 0.173529 0.919996
vt 0.174283 0.922258
vt 0.188606 0.904919
vt 0.181068 0.912458
vt 0.181068 0.904919
vt 0.188606 0.927535
vt 0.181068 0.935073
vt 0.181068 0.927535
vt 0.181068 0.919996
vt 0.180314 0.922258
vt 0.229851 0.843827
vt 0.232791 0.851366
vt 0.232791 0.843827
vt 0.229851 0.873982
vt 0.232791 0.866443
vt 0.229851 0.866443
vt 0.188606 0.919996
vt 0.189360 0.925273
vt 0.196145 0.919996
vt 0.195391 0.925273
vt 0.195391 0.922258
vt 0.229851 0.851366
vt 0.232791 0.858904
vt 0.193883 0.922258
vt 0.193130 0.925273
vt 0.193130 0.922258
vt 0.229851 0.858904
vt 0.175791 0.925273
vt 0.176545 0.922258
vt 0.176545 0.925273
vt 0.229851 0.874373
vt 0.232791 0.881912
vt 0.232791 0.874373
vt 0.229851 0.881912
vt 0.232791 0.889450
vt 0.178052 0.925273
vt 0.178806 0.922258
vt 0.178806 0.925273
vt 0.229851 0.896989
vt 0.229851 0.889450
vt 0.191622 0.922258
vt 0.190868 0.925273
vt 0.190868 0.922258
vt 0.229851 0.904528
vt 0.232791 0.896989
vt 0.229851 0.935073
vt 0.232791 0.927535
vt 0.229851 0.927535
vt 0.229851 0.904919
vt 0.232791 0.912458
vt 0.232791 0.904919
vt 0.232791 0.919996
vt 0.229851 0.919996
vt 0.229851 0.912458
vt 0.188606 0.912458
vt 0.036240 0.955819
vt 0.035486 0.950542
vt 0.036240 0.952804
vt 0.050563 0.935465
vt 0.043024 0.943003
vt 0.043024 0.935465
vt 0.050563 0.958081
vt 0.043024 0.965619
vt 0.043024 0.958081
vt 0.042270 0.955819
vt 0.042270 0.952804
vt 0.043024 0.950542
vt 0.229851 0.935465
vt 0.232791 0.943003
vt 0.232791 0.935465
vt 0.229851 0.965619
vt 0.232791 0.958081
vt 0.229851 0.958081
vt 0.050563 0.950542
vt 0.051317 0.955819
vt 0.058102 0.950542
vt 0.057348 0.955819
vt 0.057348 0.952804
vt 0.229851 0.943003
vt 0.232791 0.950542
vt 0.055840 0.952804
vt 0.055086 0.955819
vt 0.055086 0.952804
vt 0.229851 0.950542
vt 0.037747 0.955819
vt 0.038501 0.952804
vt 0.038501 0.955819
vt 0.233183 0.782736
vt 0.236123 0.790274
vt 0.236123 0.782736
vt 0.233183 0.790274
vt 0.236123 0.797813
vt 0.040009 0.955819
vt 0.040763 0.952804
vt 0.040763 0.955819
vt 0.233183 0.805351
vt 0.233183 0.797813
vt 0.053578 0.952804
vt 0.052825 0.955819
vt 0.052825 0.952804
vt 0.233183 0.812890
vt 0.236123 0.805351
vt 0.233183 0.843436
vt 0.236123 0.835897
vt 0.233183 0.835897
vt 0.233183 0.813281
vt 0.236123 0.820820
vt 0.236123 0.813281
vt 0.236123 0.828359
vt 0.233183 0.828359
vt 0.233183 0.820820
vt 0.050563 0.943003
vt 0.179663 0.247439
vt 0.143572 0.283530
vt 0.143572 0.247439
vt 0.179663 0.175257
vt 0.215754 0.175257
vt 0.179880 0.175469
vt 0.215754 0.283530
vt 0.179663 0.319622
vt 0.179663 0.283530
vt 0.215537 0.283318
vt 0.215754 0.247439
vt 0.179880 0.247651
vt 0.251845 0.283530
vt 0.271674 0.103074
vt 0.261920 0.066983
vt 0.261920 0.103074
vt 0.261760 0.175577
vt 0.252005 0.139486
vt 0.252005 0.175577
vt 0.271674 0.211988
vt 0.261920 0.248079
vt 0.271674 0.248079
vt 0.179663 0.211348
vt 0.215537 0.211136
vt 0.215754 0.211348
vt 0.271834 0.175577
vt 0.281589 0.139486
vt 0.271834 0.139486
vt 0.071229 0.066823
vt 0.107103 0.066611
vt 0.107320 0.066823
vt 0.107103 0.030944
vt 0.071447 0.030944
vt 0.071229 0.030732
vt 0.071229 0.102914
vt 0.107320 0.102914
vt 0.071447 0.103126
vt 0.071229 0.139005
vt 0.107103 0.138793
vt 0.107320 0.139005
vt 0.071229 0.175097
vt 0.035138 0.139005
vt 0.035138 0.102914
vt 0.143412 0.102914
vt 0.271834 0.066823
vt 0.281589 0.030732
vt 0.271834 0.030732
vt 0.261760 0.066823
vt 0.252005 0.030732
vt 0.252005 0.066823
vt 0.261920 0.103234
vt 0.271674 0.139325
vt 0.271674 0.103234
vt 0.261760 0.175737
vt 0.252005 0.211828
vt 0.261760 0.211828
vt 0.179663 0.102914
vt 0.143572 0.139005
vt 0.143572 0.102914
vt 0.179663 0.030732
vt 0.215754 0.030732
vt 0.179880 0.030944
vt 0.215754 0.139005
vt 0.179663 0.175097
vt 0.179663 0.139005
vt 0.215537 0.138793
vt 0.215537 0.103126
vt 0.179880 0.103126
vt 0.251845 0.102914
vt 0.215754 0.102914
vt 0.261760 0.211988
vt 0.252005 0.248079
vt 0.261760 0.248079
vt 0.261760 0.103074
vt 0.252005 0.066983
vt 0.252005 0.103074
vt 0.261920 0.139486
vt 0.271674 0.175577
vt 0.271674 0.139486
vt 0.179663 0.066823
vt 0.215537 0.066611
vt 0.215754 0.066823
vt 0.271834 0.103074
vt 0.281589 0.066983
vt 0.271834 0.066983
vt 0.856644 0.859601
vt 0.856644 0.856866
vt 0.864533 0.852448
vt 0.864533 0.873486
vt 0.856644 0.876221
vt 0.856644 0.880639
vt 0.876367 0.871803
vt 0.948210 0.956269
vt 0.948210 0.892945
vt 0.939794 0.913984
vt 0.948313 0.956269
vt 0.939794 0.945646
vt 0.888305 0.859601
vt 0.888305 0.856866
vt 0.896195 0.852448
vt 0.896195 0.873486
vt 0.888305 0.876221
vt 0.888305 0.880639
vt 0.908029 0.871803
vt 0.965248 0.956269
vt 0.956729 0.892945
vt 0.948313 0.913984
vt 0.939794 0.966892
vt 0.948313 0.945646
vt 0.856644 0.901782
vt 0.856644 0.899047
vt 0.864533 0.894629
vt 0.864533 0.915667
vt 0.856644 0.918402
vt 0.856644 0.922820
vt 0.876367 0.913984
vt 0.956729 0.966892
vt 0.965248 0.892945
vt 0.956833 0.913984
vt 0.956833 0.966892
vt 0.956833 0.945646
vt 0.897510 0.924503
vt 0.908029 0.913984
vt 0.929171 0.882322
vt 0.939690 0.871803
vt 0.929171 0.924503
vt 0.939690 0.913984
vt 0.865848 0.966684
vt 0.876367 0.956165
vt 0.897510 0.966684
vt 0.908029 0.956165
vt 0.929171 0.966684
vt 0.939690 0.956165
vt 0.960833 0.882322
vt 0.971352 0.871803
vt 0.150522 0.896989
vt 0.165599 0.904528
vt 0.152784 0.891712
vt 0.155045 0.891712
vt 0.193752 0.965619
vt 0.170876 0.894727
vt 0.173138 0.896989
vt 0.168615 0.894727
vt 0.166353 0.891712
vt 0.197084 0.965619
vt 0.200415 0.965619
vt 0.050563 0.812890
vt 0.037747 0.800074
vt 0.035486 0.797813
vt 0.040009 0.800074
vt 0.042270 0.803090
vt 0.055840 0.803090
vt 0.057348 0.803090
vt 0.053578 0.803090
vt 0.051317 0.800074
vt 0.199476 0.812890
vt 0.199476 0.843436
vt 0.199476 0.873982
vt 0.058493 0.805351
vt 0.073570 0.812890
vt 0.060755 0.800074
vt 0.063016 0.800074
vt 0.065278 0.803090
vt 0.199476 0.904528
vt 0.078847 0.803090
vt 0.081109 0.805351
vt 0.076586 0.803090
vt 0.074324 0.800074
vt 0.199476 0.935073
vt 0.202808 0.812890
vt 0.035486 0.828359
vt 0.050563 0.843436
vt 0.037747 0.830620
vt 0.040009 0.830620
vt 0.042270 0.833636
vt 0.202808 0.843436
vt 0.055840 0.833636
vt 0.057348 0.833636
vt 0.053578 0.833636
vt 0.051317 0.830620
vt 0.202808 0.873982
vt 0.202808 0.904528
vt 0.058493 0.828359
vt 0.073570 0.843436
vt 0.060755 0.830620
vt 0.063016 0.830620
vt 0.065278 0.833636
vt 0.202808 0.935073
vt 0.078847 0.833636
vt 0.080355 0.833636
vt 0.076586 0.833636
vt 0.074324 0.830620
vt 0.206139 0.812890
vt 0.206139 0.843436
vt 0.081500 0.805351
vt 0.096577 0.812890
vt 0.083762 0.800074
vt 0.086023 0.800074
vt 0.088285 0.803090
vt 0.206139 0.873982
vt 0.101854 0.803090
vt 0.104116 0.805351
vt 0.099593 0.803090
vt 0.097331 0.800074
vt 0.206139 0.904528
vt 0.206139 0.935073
vt 0.081500 0.835897
vt 0.096577 0.843436
vt 0.083762 0.830620
vt 0.086023 0.830620
vt 0.209471 0.812890
vt 0.101854 0.833636
vt 0.104116 0.835897
vt 0.099593 0.833636
vt 0.097331 0.830620
vt 0.209471 0.843436
vt 0.209471 0.873982
vt 0.035486 0.866443
vt 0.050563 0.873982
vt 0.037747 0.861166
vt 0.040009 0.861166
vt 0.209471 0.904528
vt 0.055840 0.864182
vt 0.058102 0.866443
vt 0.053578 0.864182
vt 0.051317 0.861166
vt 0.209471 0.935073
vt 0.212802 0.812890
vt 0.058493 0.866443
vt 0.073570 0.873982
vt 0.060755 0.861166
vt 0.063016 0.861166
vt 0.212802 0.843436
vt 0.078847 0.864182
vt 0.081109 0.866443
vt 0.076586 0.864182
vt 0.074324 0.861166
vt 0.212802 0.873982
vt 0.212802 0.904528
vt 0.081500 0.866443
vt 0.096577 0.873982
vt 0.083762 0.861166
vt 0.086023 0.861166
vt 0.088285 0.864182
vt 0.212802 0.935073
vt 0.101854 0.864182
vt 0.104116 0.866443
vt 0.099593 0.864182
vt 0.097331 0.861166
vt 0.216134 0.812890
vt 0.216134 0.843436
vt 0.104507 0.805351
vt 0.119585 0.812890
vt 0.106769 0.800074
vt 0.109031 0.800074
vt 0.216134 0.873982
vt 0.124862 0.803090
vt 0.127123 0.805351
vt 0.122600 0.803090
vt 0.120339 0.800074
vt 0.216134 0.904528
vt 0.216134 0.935073
vt 0.104507 0.835897
vt 0.119585 0.843436
vt 0.106769 0.830620
vt 0.109031 0.830620
vt 0.061433 0.965619
vt 0.124862 0.833636
vt 0.127123 0.835897
vt 0.122600 0.833636
vt 0.120339 0.830620
vt 0.064764 0.965619
vt 0.068096 0.965619
vt 0.104507 0.858904
vt 0.119585 0.873982
vt 0.106769 0.861166
vt 0.109031 0.861166
vt 0.111292 0.864182
vt 0.071427 0.965619
vt 0.124862 0.864182
vt 0.126369 0.864182
vt 0.122600 0.864182
vt 0.120339 0.861166
vt 0.074759 0.965619
vt 0.078090 0.965619
vt 0.127515 0.805351
vt 0.142592 0.812890
vt 0.129776 0.800074
vt 0.132038 0.800074
vt 0.134299 0.803090
vt 0.081422 0.965619
vt 0.147869 0.803090
vt 0.150131 0.805351
vt 0.145607 0.803090
vt 0.143346 0.800074
vt 0.084753 0.965619
vt 0.088085 0.965619
vt 0.127515 0.835897
vt 0.142592 0.843436
vt 0.129776 0.830620
vt 0.132038 0.830620
vt 0.091416 0.965619
vt 0.147869 0.833636
vt 0.150131 0.835897
vt 0.145607 0.833636
vt 0.143346 0.830620
vt 0.094748 0.965619
vt 0.098079 0.965619
vt 0.127515 0.866443
vt 0.142592 0.873982
vt 0.129776 0.861166
vt 0.132038 0.861166
vt 0.101411 0.965619
vt 0.147869 0.864182
vt 0.150131 0.866443
vt 0.145607 0.864182
vt 0.143346 0.861166
vt 0.104742 0.965619
vt 0.108073 0.965619
vt 0.035486 0.896989
vt 0.050563 0.904528
vt 0.037747 0.891712
vt 0.040009 0.891712
vt 0.042270 0.894727
vt 0.111405 0.965619
vt 0.055840 0.894727
vt 0.058102 0.896989
vt 0.053578 0.894727
vt 0.051317 0.891712
vt 0.114736 0.965619
vt 0.118068 0.965619
vt 0.058493 0.889450
vt 0.073570 0.904528
vt 0.060755 0.891712
vt 0.063016 0.891712
vt 0.065278 0.894727
vt 0.121399 0.965619
vt 0.078847 0.894727
vt 0.080355 0.894727
vt 0.076586 0.894727
vt 0.074324 0.891712
vt 0.124731 0.965619
vt 0.130455 0.965619
vt 0.081500 0.889450
vt 0.096577 0.904528
vt 0.083762 0.891712
vt 0.086023 0.891712
vt 0.088285 0.894727
vt 0.133786 0.965619
vt 0.101854 0.894727
vt 0.103362 0.894727
vt 0.099593 0.894727
vt 0.097331 0.891712
vt 0.137118 0.965619
vt 0.140449 0.965619
vt 0.104507 0.896989
vt 0.119585 0.904528
vt 0.106769 0.891712
vt 0.109031 0.891712
vt 0.111292 0.894727
vt 0.143781 0.965619
vt 0.124862 0.894727
vt 0.127123 0.896989
vt 0.122600 0.894727
vt 0.120339 0.891712
vt 0.147112 0.965619
vt 0.150444 0.965619
vt 0.127515 0.896989
vt 0.142592 0.904528
vt 0.129776 0.891712
vt 0.132038 0.891712
vt 0.153775 0.965619
vt 0.147869 0.894727
vt 0.150131 0.896989
vt 0.145607 0.894727
vt 0.143346 0.891712
vt 0.157106 0.965619
vt 0.160438 0.965619
vt 0.150522 0.797813
vt 0.165599 0.812890
vt 0.152784 0.800074
vt 0.155045 0.800074
vt 0.157307 0.803090
vt 0.163769 0.965619
vt 0.170876 0.803090
vt 0.172384 0.803090
vt 0.168615 0.803090
vt 0.166353 0.800074
vt 0.167101 0.965619
vt 0.170432 0.965619
vt 0.150522 0.835897
vt 0.165599 0.843436
vt 0.152784 0.830620
vt 0.155045 0.830620
vt 0.173764 0.965619
vt 0.170876 0.833636
vt 0.173138 0.835897
vt 0.168615 0.833636
vt 0.166353 0.830620
vt 0.177095 0.965619
vt 0.180427 0.965619
vt 0.150522 0.866443
vt 0.165599 0.873982
vt 0.152784 0.861166
vt 0.155045 0.861166
vt 0.183758 0.965619
vt 0.170876 0.864182
vt 0.173138 0.866443
vt 0.168615 0.864182
vt 0.166353 0.861166
vt 0.187090 0.965619
vt 0.190421 0.965619
vt 0.035486 0.927535
vt 0.050563 0.935073
vt 0.037747 0.922258
vt 0.040009 0.922258
vt 0.042270 0.925273
vt 0.203747 0.965619
vt 0.055840 0.925273
vt 0.058102 0.927535
vt 0.053578 0.925273
vt 0.051317 0.922258
vt 0.207078 0.965619
vt 0.212802 0.965619
vt 0.058493 0.919996
vt 0.073570 0.935073
vt 0.060755 0.922258
vt 0.063016 0.922258
vt 0.065278 0.925273
vt 0.216134 0.965619
vt 0.078847 0.925273
vt 0.080355 0.925273
vt 0.076586 0.925273
vt 0.074324 0.922258
vt 0.219465 0.812890
vt 0.219465 0.843436
vt 0.081500 0.919996
vt 0.096577 0.935073
vt 0.083762 0.922258
vt 0.086023 0.922258
vt 0.088285 0.925273
vt 0.219465 0.873982
vt 0.101854 0.925273
vt 0.103362 0.925273
vt 0.099593 0.925273
vt 0.097331 0.922258
vt 0.219465 0.904528
vt 0.219465 0.935073
vt 0.104507 0.927535
vt 0.119585 0.935073
vt 0.106769 0.922258
vt 0.109031 0.922258
vt 0.111292 0.925273
vt 0.219465 0.965619
vt 0.124862 0.925273
vt 0.127123 0.927535
vt 0.122600 0.925273
vt 0.120339 0.922258
vt 0.222797 0.812890
vt 0.222797 0.843436
vt 0.127515 0.919996
vt 0.142592 0.935073
vt 0.129776 0.922258
vt 0.132038 0.922258
vt 0.134299 0.925273
vt 0.222797 0.873982
vt 0.147869 0.925273
vt 0.149377 0.925273
vt 0.145607 0.925273
vt 0.143346 0.922258
vt 0.222797 0.904528
vt 0.222797 0.935073
vt 0.150522 0.919996
vt 0.165599 0.935073
vt 0.152784 0.922258
vt 0.155045 0.922258
vt 0.157307 0.925273
vt 0.222797 0.965619
vt 0.170876 0.925273
vt 0.172384 0.925273
vt 0.168615 0.925273
vt 0.166353 0.922258
vt 0.226128 0.812890
vt 0.226128 0.843436
vt 0.173529 0.805351
vt 0.188606 0.812890
vt 0.175791 0.800074
vt 0.178052 0.800074
vt 0.180314 0.803090
vt 0.226128 0.873982
vt 0.193883 0.803090
vt 0.196145 0.805351
vt 0.191622 0.803090
vt 0.189360 0.800074
vt 0.226128 0.904528
vt 0.226128 0.935073
vt 0.173529 0.835897
vt 0.188606 0.843436
vt 0.175791 0.830620
vt 0.178052 0.830620
vt 0.226128 0.965619
vt 0.193883 0.833636
vt 0.196145 0.835897
vt 0.191622 0.833636
vt 0.189360 0.830620
vt 0.229460 0.812890
vt 0.229460 0.843436
vt 0.173529 0.866443
vt 0.188606 0.873982
vt 0.175791 0.861166
vt 0.178052 0.861166
vt 0.229460 0.873982
vt 0.193883 0.864182
vt 0.196145 0.866443
vt 0.191622 0.864182
vt 0.189360 0.861166
vt 0.229460 0.904528
vt 0.229460 0.935073
vt 0.173529 0.896989
vt 0.188606 0.904528
vt 0.175791 0.891712
vt 0.178052 0.891712
vt 0.180314 0.894727
vt 0.229460 0.965619
vt 0.193883 0.894727
vt 0.196145 0.896989
vt 0.191622 0.894727
vt 0.189360 0.891712
vt 0.232791 0.812890
vt 0.232791 0.843436
vt 0.173529 0.927535
vt 0.188606 0.935073
vt 0.175791 0.922258
vt 0.178052 0.922258
vt 0.180314 0.925273
vt 0.232791 0.873982
vt 0.193883 0.925273
vt 0.196145 0.927535
vt 0.191622 0.925273
vt 0.189360 0.922258
vt 0.232791 0.904528
vt 0.232791 0.935073
vt 0.035486 0.958081
vt 0.050563 0.965619
vt 0.037747 0.952804
vt 0.040009 0.952804
vt 0.232791 0.965619
vt 0.055840 0.955819
vt 0.058102 0.958081
vt 0.053578 0.955819
vt 0.051317 0.952804
vt 0.236123 0.812890
vt 0.236123 0.843436
vt 0.179880 0.211136
vt 0.215537 0.175469
vt 0.215754 0.319622
vt 0.179880 0.283318
vt 0.215537 0.247651
vt 0.251845 0.247439
vt 0.271674 0.066983
vt 0.261760 0.139486
vt 0.261920 0.211988
vt 0.281589 0.175577
vt 0.071447 0.066611
vt 0.107320 0.030732
vt 0.071447 0.138793
vt 0.107103 0.103126
vt 0.107320 0.175097
vt 0.143412 0.139005
vt 0.281589 0.066823
vt 0.261760 0.030732
vt 0.261920 0.139325
vt 0.252005 0.175737
vt 0.179880 0.066611
vt 0.215537 0.030944
vt 0.215754 0.175097
vt 0.179880 0.138793
vt 0.251845 0.139005
vt 0.252005 0.211988
vt 0.261760 0.066983
vt 0.261920 0.175577
vt 0.281589 0.103074
s 0
usemtl マテリアル
f 2/1/1 3/2/1 1/3/1
f 7/4/2 12/5/2 8/6/2
f 3/2/2 4/7/2 13/8/2
f 11/9/2 14/10/2 10/11/2
f 8/6/3 5/12/3 7/4/3
f 2/13/4 1/14/4 17/15/4
f 21/16/4 20/17/4 18/18/4
f 6/19/4 23/20/4 5/12/4
f 7/4/5 1/21/5 3/22/5
f 4/23/6 6/19/6 8/6/6
f 11/24/3 24/25/3 15/26/3
f 23/27/1 12/28/1 16/29/1
f 16/29/6 24/30/6 23/27/6
f 12/28/5 20/31/5 11/32/5
f 13/33/3 17/34/3 22/35/3
f 10/36/1 21/37/1 18/38/1
f 14/39/6 22/40/6 21/37/6
f 10/36/5 17/41/5 9/42/5
f 26/43/1 27/44/1 25/45/1
f 31/46/2 36/47/2 32/48/2
f 27/44/2 28/49/2 37/50/2
f 35/51/2 38/52/2 34/53/2
f 32/48/3 29/54/3 31/46/3
f 26/55/4 25/56/4 41/57/4
f 45/58/4 44/59/4 42/60/4
f 30/61/4 47/62/4 29/54/4
f 31/46/5 25/63/5 27/64/5
f 28/65/6 30/61/6 32/48/6
f 35/66/3 48/67/3 39/68/3
f 47/69/1 36/70/1 40/71/1
f 40/71/6 48/72/6 47/69/6
f 36/70/5 44/73/5 35/74/5
f 37/75/3 41/76/3 46/77/3
f 34/78/1 45/79/1 42/80/1
f 38/81/6 46/82/6 45/79/6
f 34/78/5 41/83/5 33/84/5
f 50/85/1 51/86/1 49/87/1
f 55/88/2 60/89/2 56/90/2
f 51/86/2 52/91/2 61/92/2
f 59/93/2 62/94/2 58/95/2
f 56/90/3 53/96/3 55/88/3
f 50/97/4 49/98/4 65/99/4
f 69/100/4 68/101/4 66/102/4
f 54/103/4 71/104/4 53/96/4
f 55/88/5 49/105/5 51/106/5
f 52/107/6 54/103/6 56/90/6
f 59/108/3 72/109/3 63/110/3
f 71/111/1 60/112/1 64/113/1
f 64/113/6 72/114/6 71/111/6
f 60/112/5 68/115/5 59/116/5
f 61/117/3 65/118/3 70/119/3
f 58/120/1 69/121/1 66/122/1
f 62/123/6 70/124/6 69/121/6
f 58/120/5 65/125/5 57/126/5
f 74/127/1 75/128/1 73/129/1
f 76/130/2 79/131/2 75/128/2
f 80/132/3 77/133/3 79/131/3
f 78/134/4 73/135/4 77/133/4
f 79/131/5 73/136/5 75/137/5
f 76/138/6 78/134/6 80/132/6
f 82/139/1 83/140/1 81/141/1
f 84/142/2 87/143/2 83/140/2
f 88/144/3 85/145/3 87/143/3
f 86/146/4 81/147/4 85/145/4
f 87/143/5 81/148/5 83/149/5
f 84/150/6 86/146/6 88/144/6
f 90/151/1 91/152/1 89/153/1
f 92/154/2 95/155/2 91/152/2
f 96/156/3 93/157/3 95/155/3
f 94/158/4 89/159/4 93/157/4
f 95/155/5 89/160/5 91/161/5
f 92/162/6 94/158/6 96/156/6
f 98/163/1 99/164/1 97/165/1
f 100/166/2 103/167/2 99/164/2
f 104/168/3 101/169/3 103/167/3
f 102/170/4 97/171/4 101/169/4
f 103/167/5 97/172/5 99/173/5
f 100/174/6 102/170/6 104/168/6
f 106/175/1 107/176/1 105/177/1
f 108/178/2 111/179/2 107/176/2
f 112/180/3 109/181/3 111/179/3
f 110/182/4 105/183/4 109/181/4
f 111/179/5 105/184/5 107/185/5
f 108/186/6 110/182/6 112/180/6
f 114/187/1 115/188/1 113/189/1
f 116/190/2 119/191/2 115/188/2
f 120/192/3 117/193/3 119/191/3
f 118/194/4 113/195/4 117/193/4
f 119/191/5 113/196/5 115/197/5
f 116/198/6 118/194/6 120/192/6
f 122/199/1 123/200/1 121/201/1
f 124/202/2 127/203/2 123/200/2
f 128/204/3 125/205/3 127/203/3
f 126/206/4 121/207/4 125/205/4
f 127/203/5 121/208/5 123/209/5
f 124/210/6 126/206/6 128/204/6
f 133/211/5 130/212/5 134/213/5
f 131/214/1 130/215/1 129/216/1
f 160/217/4 129/218/4 132/219/4
f 155/220/5 156/221/5 159/222/5
f 133/223/3 138/224/3 136/225/3
f 133/226/2 137/227/2 135/228/2
f 160/217/6 158/229/6 153/230/6
f 139/231/6 136/232/6 138/233/6
f 134/234/4 140/235/4 138/224/4
f 140/236/6 152/237/6 141/238/6
f 135/228/1 140/235/1 142/239/1
f 135/240/5 143/241/5 144/242/5
f 144/243/3 141/244/3 152/245/3
f 143/246/4 148/247/4 141/244/4
f 147/248/5 146/249/5 154/250/5
f 147/251/1 148/247/1 145/252/1
f 148/253/6 151/254/6 149/255/6
f 144/256/2 150/257/2 147/251/2
f 154/258/2 153/259/2 155/260/2
f 154/261/3 149/262/3 151/263/3
f 155/260/1 157/264/1 156/265/1
f 146/266/4 157/264/4 149/262/4
f 139/267/2 159/222/2 130/215/2
f 158/229/3 132/219/3 159/222/3
f 162/268/1 163/269/1 161/270/1
f 164/271/2 167/272/2 163/269/2
f 168/273/3 165/274/3 167/272/3
f 166/275/4 161/276/4 165/274/4
f 177/277/5 169/278/5 180/279/5
f 161/280/5 178/281/5 176/282/5
f 167/272/5 165/274/5 173/283/5
f 179/284/5 174/285/5 175/286/5
f 166/275/6 168/273/6 191/287/6
f 162/288/6 183/289/6 164/290/6
f 185/291/6 188/292/6 184/293/6
f 186/294/6 189/295/6 187/296/6
f 176/297/3 183/298/3 181/299/3
f 178/300/4 185/301/4 183/298/4
f 177/302/1 185/301/1 170/303/1
f 176/304/2 182/305/2 177/302/2
f 180/306/3 184/307/3 188/308/3
f 169/309/4 186/310/4 184/307/4
f 179/311/1 186/310/1 171/312/1
f 180/313/2 190/314/2 179/311/2
f 175/315/3 187/316/3 189/317/3
f 174/318/4 192/319/4 187/316/4
f 172/320/1 192/319/1 173/321/1
f 175/322/2 191/323/2 172/320/2
f 197/324/5 194/325/5 198/326/5
f 195/327/1 194/328/1 193/329/1
f 224/330/4 193/331/4 196/332/4
f 223/333/5 196/332/5 220/334/5
f 197/335/3 202/336/3 200/337/3
f 197/338/2 201/339/2 199/340/2
f 224/330/6 222/341/6 217/342/6
f 203/343/6 200/344/6 202/345/6
f 198/346/4 204/347/4 202/336/4
f 204/348/6 216/349/6 205/350/6
f 199/340/1 204/347/1 206/351/1
f 199/352/5 207/353/5 208/354/5
f 208/355/3 205/356/3 216/357/3
f 207/358/4 212/359/4 205/356/4
f 211/360/5 210/361/5 218/362/5
f 211/363/1 212/359/1 209/364/1
f 212/365/6 215/366/6 213/367/6
f 208/368/2 214/369/2 211/363/2
f 218/370/2 217/371/2 219/372/2
f 218/373/3 213/374/3 215/375/3
f 219/372/1 221/376/1 220/377/1
f 210/378/4 221/376/4 213/374/4
f 203/379/2 223/333/2 194/328/2
f 222/341/3 196/332/3 223/333/3
f 225/380/5 230/381/5 229/382/5
f 227/383/1 226/384/1 225/385/1
f 256/386/4 225/387/4 228/388/4
f 255/389/5 228/388/5 252/390/5
f 229/391/3 234/392/3 232/393/3
f 229/394/2 233/395/2 231/396/2
f 256/386/6 254/397/6 249/398/6
f 227/399/6 234/400/6 235/401/6
f 230/402/4 236/403/4 234/392/4
f 236/404/6 248/405/6 237/406/6
f 231/396/1 236/403/1 238/407/1
f 231/408/5 239/409/5 240/410/5
f 240/411/3 237/412/3 248/413/3
f 239/414/4 244/415/4 237/412/4
f 243/416/5 242/417/5 250/418/5
f 243/419/1 244/415/1 241/420/1
f 244/421/6 247/422/6 245/423/6
f 240/424/2 246/425/2 243/419/2
f 250/426/2 249/427/2 251/428/2
f 250/429/3 245/430/3 247/431/3
f 251/428/1 253/432/1 252/433/1
f 242/434/4 253/432/4 245/430/4
f 235/435/2 255/389/2 226/384/2
f 254/397/3 228/388/3 255/389/3
f 257/436/5 262/437/5 261/438/5
f 259/439/1 258/440/1 257/441/1
f 288/442/4 257/443/4 260/444/4
f 287/445/5 260/444/5 284/446/5
f 261/447/3 266/448/3 264/449/3
f 261/450/2 265/451/2 263/452/2
f 288/442/6 286/453/6 281/454/6
f 259/455/6 266/456/6 267/457/6
f 262/458/4 268/459/4 266/448/4
f 268/460/6 280/461/6 269/462/6
f 263/452/1 268/459/1 270/463/1
f 263/464/5 271/465/5 272/466/5
f 272/467/3 269/468/3 280/469/3
f 271/470/4 276/471/4 269/468/4
f 275/472/5 274/473/5 282/474/5
f 275/475/1 276/471/1 273/476/1
f 276/477/6 279/478/6 277/479/6
f 272/480/2 278/481/2 275/475/2
f 282/482/2 281/483/2 283/484/2
f 282/485/3 277/486/3 279/487/3
f 283/484/1 285/488/1 284/489/1
f 274/490/4 285/488/4 277/486/4
f 267/491/2 287/445/2 258/440/2
f 286/453/3 260/444/3 287/445/3
f 293/492/5 290/493/5 294/494/5
f 291/495/1 290/496/1 289/497/1
f 320/498/4 289/499/4 292/500/4
f 319/501/5 292/500/5 316/502/5
f 293/503/3 298/504/3 296/505/3
f 293/506/2 297/507/2 295/508/2
f 320/498/6 318/509/6 313/510/6
f 299/511/6 296/512/6 298/513/6
f 294/514/4 300/515/4 298/504/4
f 300/516/6 312/517/6 301/518/6
f 295/508/1 300/515/1 302/519/1
f 295/520/5 303/521/5 304/522/5
f 304/523/3 301/524/3 312/525/3
f 303/526/4 308/527/4 301/524/4
f 307/528/5 306/529/5 314/530/5
f 307/531/1 308/527/1 305/532/1
f 308/533/6 311/534/6 309/535/6
f 304/536/2 310/537/2 307/531/2
f 314/538/2 313/539/2 315/540/2
f 314/541/3 309/542/3 311/543/3
f 315/540/1 317/544/1 316/545/1
f 306/546/4 317/544/4 309/542/4
f 299/547/2 319/501/2 290/496/2
f 318/509/3 292/500/3 319/501/3
f 325/548/5 322/549/5 326/550/5
f 323/551/1 322/552/1 321/553/1
f 352/554/4 321/555/4 324/556/4
f 347/557/5 348/558/5 351/559/5
f 325/560/3 330/561/3 328/562/3
f 325/563/2 329/564/2 327/565/2
f 352/554/6 350/566/6 345/567/6
f 331/568/6 328/569/6 330/570/6
f 326/571/4 332/572/4 330/561/4
f 332/573/6 344/574/6 333/575/6
f 327/565/1 332/572/1 334/576/1
f 327/577/5 335/578/5 336/579/5
f 336/580/3 333/581/3 344/582/3
f 335/583/4 340/584/4 333/581/4
f 339/585/5 338/586/5 346/587/5
f 339/588/1 340/584/1 337/589/1
f 340/590/6 343/591/6 341/592/6
f 336/593/2 342/594/2 339/588/2
f 346/595/2 345/596/2 347/597/2
f 346/598/3 341/599/3 343/600/3
f 347/597/1 349/601/1 348/602/1
f 338/603/4 349/601/4 341/599/4
f 331/604/2 351/559/2 322/552/2
f 350/566/3 324/556/3 351/559/3
f 357/605/5 354/606/5 358/607/5
f 355/608/1 354/609/1 353/610/1
f 384/611/4 353/612/4 356/613/4
f 379/614/5 380/615/5 383/616/5
f 357/617/3 362/618/3 360/619/3
f 357/620/2 361/621/2 359/622/2
f 384/611/6 382/623/6 377/624/6
f 363/625/6 360/626/6 362/627/6
f 358/628/4 364/629/4 362/618/4
f 364/630/6 376/631/6 365/632/6
f 359/622/1 364/629/1 366/633/1
f 359/634/5 367/635/5 368/636/5
f 368/637/3 365/638/3 376/639/3
f 367/640/4 372/641/4 365/638/4
f 371/642/5 370/643/5 378/644/5
f 371/645/1 372/641/1 369/646/1
f 372/647/6 375/648/6 373/649/6
f 368/650/2 374/651/2 371/645/2
f 378/652/2 377/653/2 379/654/2
f 378/655/3 373/656/3 375/657/3
f 379/654/1 381/658/1 380/659/1
f 370/660/4 381/658/4 373/656/4
f 363/661/2 383/616/2 354/609/2
f 382/623/3 356/613/3 383/616/3
f 389/662/5 386/663/5 390/664/5
f 387/665/1 386/666/1 385/667/1
f 416/668/4 385/669/4 388/670/4
f 411/671/5 412/672/5 415/673/5
f 389/674/3 394/675/3 392/676/3
f 389/677/2 393/678/2 391/679/2
f 416/668/6 414/680/6 409/681/6
f 395/682/6 392/683/6 394/684/6
f 390/685/4 396/686/4 394/675/4
f 396/687/6 408/688/6 397/689/6
f 391/679/1 396/686/1 398/690/1
f 391/691/5 399/692/5 400/693/5
f 400/694/3 397/695/3 408/696/3
f 399/697/4 404/698/4 397/695/4
f 403/699/5 402/700/5 410/701/5
f 403/702/1 404/698/1 401/703/1
f 404/704/6 407/705/6 405/706/6
f 400/707/2 406/708/2 403/702/2
f 410/709/2 409/710/2 411/711/2
f 410/712/3 405/713/3 407/714/3
f 411/711/1 413/715/1 412/716/1
f 402/717/4 413/715/4 405/713/4
f 395/718/2 415/673/2 386/666/2
f 414/680/3 388/670/3 415/673/3
f 421/719/5 418/720/5 422/721/5
f 419/722/1 418/723/1 417/724/1
f 448/725/4 417/726/4 420/727/4
f 447/728/5 420/727/5 444/729/5
f 421/730/3 426/731/3 424/732/3
f 421/733/2 425/734/2 423/735/2
f 448/725/6 446/736/6 441/737/6
f 427/738/6 424/739/6 426/740/6
f 422/741/4 428/742/4 426/731/4
f 428/743/6 440/744/6 429/745/6
f 423/735/1 428/742/1 430/746/1
f 423/747/5 431/748/5 432/749/5
f 432/750/3 429/751/3 440/752/3
f 431/753/4 436/754/4 429/751/4
f 435/755/5 434/756/5 442/757/5
f 435/758/1 436/754/1 433/759/1
f 436/760/6 439/761/6 437/762/6
f 432/763/2 438/764/2 435/758/2
f 442/765/2 441/766/2 443/767/2
f 442/768/3 437/769/3 439/770/3
f 443/767/1 445/771/1 444/772/1
f 434/773/4 445/771/4 437/769/4
f 427/774/2 447/728/2 418/723/2
f 446/736/3 420/727/3 447/728/3
f 453/775/5 450/776/5 454/777/5
f 451/778/1 450/779/1 449/780/1
f 480/781/4 449/782/4 452/783/4
f 475/784/5 476/785/5 479/786/5
f 453/787/3 458/788/3 456/789/3
f 453/790/2 457/791/2 455/792/2
f 480/781/6 478/793/6 473/794/6
f 459/795/6 456/796/6 458/797/6
f 454/798/4 460/799/4 458/788/4
f 460/800/6 472/801/6 461/802/6
f 455/792/1 460/799/1 462/803/1
f 455/804/5 463/805/5 464/806/5
f 464/807/3 461/808/3 472/809/3
f 463/810/4 468/811/4 461/808/4
f 467/812/5 466/813/5 474/814/5
f 467/815/1 468/811/1 465/816/1
f 468/817/6 471/818/6 469/819/6
f 464/820/2 470/821/2 467/815/2
f 474/822/2 473/823/2 475/824/2
f 474/825/3 469/826/3 471/827/3
f 475/824/1 477/828/1 476/829/1
f 466/830/4 477/828/4 469/826/4
f 459/831/2 479/786/2 450/779/2
f 478/793/3 452/783/3 479/786/3
f 485/832/5 482/833/5 486/834/5
f 483/835/1 482/836/1 481/837/1
f 512/838/4 481/839/4 484/840/4
f 507/841/5 508/842/5 511/843/5
f 485/844/3 490/845/3 488/846/3
f 485/847/2 489/848/2 487/849/2
f 512/838/6 510/850/6 505/851/6
f 491/852/6 488/853/6 490/854/6
f 486/855/4 492/856/4 490/845/4
f 492/857/6 504/858/6 493/859/6
f 487/849/1 492/856/1 494/860/1
f 487/861/5 495/862/5 496/863/5
f 496/864/3 493/865/3 504/866/3
f 495/867/4 500/868/4 493/865/4
f 499/869/5 498/870/5 506/871/5
f 499/872/1 500/868/1 497/873/1
f 500/874/6 503/875/6 501/876/6
f 496/877/2 502/878/2 499/872/2
f 506/879/2 505/880/2 507/881/2
f 506/882/3 501/883/3 503/884/3
f 507/881/1 509/885/1 508/886/1
f 498/887/4 509/885/4 501/883/4
f 491/888/2 511/843/2 482/836/2
f 510/850/3 484/840/3 511/843/3
f 513/889/5 518/890/5 517/891/5
f 515/892/1 514/893/1 513/894/1
f 544/895/4 513/896/4 516/897/4
f 543/898/5 516/897/5 540/899/5
f 517/900/3 522/901/3 520/902/3
f 517/903/2 521/904/2 519/905/2
f 544/895/6 542/906/6 537/907/6
f 515/908/6 522/909/6 523/910/6
f 518/911/4 524/912/4 522/901/4
f 524/913/6 536/914/6 525/915/6
f 519/905/1 524/912/1 526/916/1
f 519/917/5 527/918/5 528/919/5
f 528/920/3 525/921/3 536/922/3
f 527/923/4 532/924/4 525/921/4
f 531/925/5 530/926/5 538/927/5
f 531/928/1 532/924/1 529/929/1
f 532/930/6 535/931/6 533/932/6
f 528/933/2 534/934/2 531/928/2
f 538/935/2 537/936/2 539/937/2
f 538/938/3 533/939/3 535/940/3
f 539/937/1 541/941/1 540/942/1
f 530/943/4 541/941/4 533/939/4
f 523/944/2 543/898/2 514/893/2
f 542/906/3 516/897/3 543/898/3
f 549/945/5 546/946/5 550/947/5
f 547/948/1 546/949/1 545/950/1
f 576/951/4 545/952/4 548/953/4
f 575/954/5 548/953/5 572/955/5
f 549/956/3 554/957/3 552/958/3
f 549/959/2 553/960/2 551/961/2
f 576/951/6 574/962/6 569/963/6
f 555/964/6 552/965/6 554/966/6
f 550/967/4 556/968/4 554/957/4
f 556/969/6 568/970/6 557/971/6
f 551/961/1 556/968/1 558/972/1
f 551/973/5 559/974/5 560/975/5
f 560/976/3 557/977/3 568/978/3
f 559/979/4 564/980/4 557/977/4
f 563/981/5 562/982/5 570/983/5
f 563/984/1 564/980/1 561/985/1
f 564/986/6 567/987/6 565/988/6
f 560/989/2 566/990/2 563/984/2
f 570/991/2 569/992/2 571/993/2
f 570/994/3 565/995/3 567/996/3
f 571/993/1 573/997/1 572/998/1
f 562/999/4 573/997/4 565/995/4
f 555/1000/2 575/954/2 546/949/2
f 574/962/3 548/953/3 575/954/3
f 581/1001/5 578/1002/5 582/1003/5
f 579/1004/1 578/1005/1 577/1006/1
f 608/1007/4 577/1008/4 580/1009/4
f 603/1010/5 604/1011/5 607/1012/5
f 581/1013/3 586/1014/3 584/1015/3
f 581/1016/2 585/1017/2 583/1018/2
f 608/1007/6 606/1019/6 601/1020/6
f 587/1021/6 584/1022/6 586/1023/6
f 582/1024/4 588/1025/4 586/1014/4
f 588/1026/6 600/1027/6 589/1028/6
f 583/1018/1 588/1025/1 590/1029/1
f 583/1030/5 591/1031/5 592/1032/5
f 592/1033/3 589/1034/3 600/1035/3
f 591/1036/4 596/1037/4 589/1034/4
f 595/1038/5 594/1039/5 602/1040/5
f 595/1041/1 596/1037/1 593/1042/1
f 596/1043/6 599/1044/6 597/1045/6
f 592/1046/2 598/1047/2 595/1041/2
f 602/1048/2 601/1049/2 603/1050/2
f 602/1051/3 597/1052/3 599/1053/3
f 603/1050/1 605/1054/1 604/1055/1
f 594/1056/4 605/1054/4 597/1052/4
f 587/1057/2 607/1012/2 578/1005/2
f 606/1019/3 580/1009/3 607/1012/3
f 613/1058/5 610/1059/5 614/1060/5
f 611/1061/1 610/1062/1 609/1063/1
f 640/1064/4 609/1065/4 612/1066/4
f 635/1067/5 636/1068/5 639/1069/5
f 613/1070/3 618/1071/3 616/1072/3
f 613/1073/2 617/1074/2 615/1075/2
f 640/1064/6 638/1076/6 633/1077/6
f 619/1078/6 616/1079/6 618/1080/6
f 614/1081/4 620/1082/4 618/1071/4
f 620/1083/6 632/1084/6 621/1085/6
f 615/1075/1 620/1082/1 622/1086/1
f 615/1087/5 623/1088/5 624/1089/5
f 624/1090/3 621/1091/3 632/1092/3
f 623/1093/4 628/1094/4 621/1091/4
f 627/1095/5 626/1096/5 634/1097/5
f 627/1098/1 628/1094/1 625/1099/1
f 628/1100/6 631/1101/6 629/1102/6
f 624/1103/2 630/1104/2 627/1098/2
f 634/1105/2 633/1106/2 635/1107/2
f 634/1108/3 629/1109/3 631/1110/3
f 635/1107/1 637/1111/1 636/1112/1
f 626/1113/4 637/1111/4 629/1109/4
f 619/1114/2 639/1069/2 610/1062/2
f 638/1076/3 612/1066/3 639/1069/3
f 645/1115/5 642/1116/5 646/1117/5
f 643/1118/1 642/1119/1 641/1120/1
f 672/1121/4 641/1122/4 644/1123/4
f 671/1124/5 644/1123/5 668/1125/5
f 645/1126/3 650/1127/3 648/1128/3
f 645/1129/2 649/1130/2 647/1131/2
f 672/1121/6 670/1132/6 665/1133/6
f 651/1134/6 648/1135/6 650/1136/6
f 646/1137/4 652/1138/4 650/1127/4
f 652/1139/6 664/1140/6 653/1141/6
f 647/1131/1 652/1138/1 654/1142/1
f 647/1143/5 655/1144/5 656/1145/5
f 656/1146/3 653/1147/3 664/1148/3
f 655/1149/4 660/1150/4 653/1147/4
f 659/1151/5 658/1152/5 666/1153/5
f 659/1154/1 660/1150/1 657/1155/1
f 660/1156/6 663/1157/6 661/1158/6
f 656/1159/2 662/1160/2 659/1154/2
f 666/1161/2 665/1162/2 667/1163/2
f 666/1164/3 661/1165/3 663/1166/3
f 667/1163/1 669/1167/1 668/1168/1
f 658/1169/4 669/1167/4 661/1165/4
f 651/1170/2 671/1124/2 642/1119/2
f 670/1132/3 644/1123/3 671/1124/3
f 673/1171/5 678/1172/5 677/1173/5
f 675/1174/1 674/1175/1 673/1176/1
f 704/1177/4 673/1178/4 676/1179/4
f 703/1180/5 676/1179/5 700/1181/5
f 677/1182/3 682/1183/3 680/1184/3
f 677/1185/2 681/1186/2 679/1187/2
f 704/1177/6 702/1188/6 697/1189/6
f 675/1190/6 682/1191/6 683/1192/6
f 678/1193/4 684/1194/4 682/1183/4
f 684/1195/6 696/1196/6 685/1197/6
f 679/1187/1 684/1194/1 686/1198/1
f 679/1199/5 687/1200/5 688/1201/5
f 688/1202/3 685/1203/3 696/1204/3
f 687/1205/4 692/1206/4 685/1203/4
f 691/1207/5 690/1208/5 698/1209/5
f 691/1210/1 692/1206/1 689/1211/1
f 692/1212/6 695/1213/6 693/1214/6
f 688/1215/2 694/1216/2 691/1210/2
f 698/1217/2 697/1218/2 699/1219/2
f 698/1220/3 693/1221/3 695/1222/3
f 699/1219/1 701/1223/1 700/1224/1
f 690/1225/4 701/1223/4 693/1221/4
f 683/1226/2 703/1180/2 674/1175/2
f 702/1188/3 676/1179/3 703/1180/3
f 705/1227/5 710/1228/5 709/1229/5
f 707/1230/1 706/1231/1 705/1232/1
f 736/1233/4 705/1234/4 708/1235/4
f 735/1236/5 708/1235/5 732/1237/5
f 709/1238/3 714/1239/3 712/1240/3
f 709/1241/2 713/1242/2 711/1243/2
f 736/1233/6 734/1244/6 729/1245/6
f 707/1246/6 714/1247/6 715/1248/6
f 710/1249/4 716/1250/4 714/1239/4
f 716/1251/6 728/1252/6 717/1253/6
f 711/1243/1 716/1250/1 718/1254/1
f 711/1255/5 719/1256/5 720/1257/5
f 720/1258/3 717/1259/3 728/1260/3
f 719/1261/4 724/1262/4 717/1259/4
f 723/1263/5 722/1264/5 730/1265/5
f 723/1266/1 724/1262/1 721/1267/1
f 724/1268/6 727/1269/6 725/1270/6
f 720/1271/2 726/1272/2 723/1266/2
f 730/1273/2 729/1274/2 731/1275/2
f 730/1276/3 725/1277/3 727/1278/3
f 731/1275/1 733/1279/1 732/1280/1
f 722/1281/4 733/1279/4 725/1277/4
f 715/1282/2 735/1236/2 706/1231/2
f 734/1244/3 708/1235/3 735/1236/3
f 741/1283/5 738/1284/5 742/1285/5
f 739/1286/1 738/1287/1 737/1288/1
f 768/1289/4 737/1290/4 740/1291/4
f 767/1292/5 740/1291/5 764/1293/5
f 741/1294/3 746/1295/3 744/1296/3
f 741/1297/2 745/1298/2 743/1299/2
f 768/1289/6 766/1300/6 761/1301/6
f 747/1302/6 744/1303/6 746/1304/6
f 742/1305/4 748/1306/4 746/1295/4
f 748/1307/6 760/1308/6 749/1309/6
f 743/1299/1 748/1306/1 750/1310/1
f 743/1311/5 751/1312/5 752/1313/5
f 752/1314/3 749/1315/3 760/1316/3
f 751/1317/4 756/1318/4 749/1315/4
f 755/1319/5 754/1320/5 762/1321/5
f 755/1322/1 756/1318/1 753/1323/1
f 756/1324/6 759/1325/6 757/1326/6
f 752/1327/2 758/1328/2 755/1322/2
f 762/1329/2 761/1330/2 763/1331/2
f 762/1332/3 757/1333/3 759/1334/3
f 763/1331/1 765/1335/1 764/1336/1
f 754/1337/4 765/1335/4 757/1333/4
f 747/1338/2 767/1292/2 738/1287/2
f 766/1300/3 740/1291/3 767/1292/3
f 773/1339/5 770/1340/5 774/1341/5
f 771/1342/1 770/1343/1 769/1344/1
f 800/1345/4 769/1346/4 772/1347/4
f 795/1348/5 796/1349/5 799/1350/5
f 773/1351/3 778/1352/3 776/1353/3
f 773/1354/2 777/1355/2 775/1356/2
f 800/1345/6 798/1357/6 793/1358/6
f 779/1359/6 776/1360/6 778/1361/6
f 774/1362/4 780/1363/4 778/1352/4
f 780/1364/6 792/1365/6 781/1366/6
f 775/1356/1 780/1363/1 782/1367/1
f 775/1368/5 783/1369/5 784/1370/5
f 784/1371/3 781/1372/3 792/1373/3
f 783/1374/4 788/1375/4 781/1372/4
f 787/1376/5 786/1377/5 794/1378/5
f 787/1379/1 788/1375/1 785/1380/1
f 788/1381/6 791/1382/6 789/1383/6
f 784/1384/2 790/1385/2 787/1379/2
f 794/1386/2 793/1387/2 795/1388/2
f 794/1389/3 789/1390/3 791/1391/3
f 795/1388/1 797/1392/1 796/1393/1
f 786/1394/4 797/1392/4 789/1390/4
f 779/1395/2 799/1350/2 770/1343/2
f 798/1357/3 772/1347/3 799/1350/3
f 801/1396/5 806/1397/5 805/1398/5
f 803/1399/1 802/1400/1 801/1401/1
f 832/1402/4 801/1403/4 804/1404/4
f 831/1405/5 804/1404/5 828/1406/5
f 805/1407/3 810/1408/3 808/1409/3
f 805/1410/2 809/1411/2 807/1412/2
f 832/1402/6 830/1413/6 825/1414/6
f 803/1415/6 810/1416/6 811/1417/6
f 806/1418/4 812/1419/4 810/1408/4
f 812/1420/6 824/1421/6 813/1422/6
f 807/1412/1 812/1419/1 814/1423/1
f 807/1424/5 815/1425/5 816/1426/5
f 816/1427/3 813/1428/3 824/1429/3
f 815/1430/4 820/1431/4 813/1428/4
f 819/1432/5 818/1433/5 826/1434/5
f 819/1435/1 820/1431/1 817/1436/1
f 820/1437/6 823/1438/6 821/1439/6
f 816/1440/2 822/1441/2 819/1435/2
f 826/1442/2 825/1443/2 827/1444/2
f 826/1445/3 821/1446/3 823/1447/3
f 827/1444/1 829/1448/1 828/1449/1
f 818/1450/4 829/1448/4 821/1446/4
f 811/1451/2 831/1405/2 802/1400/2
f 830/1413/3 804/1404/3 831/1405/3
f 837/1452/5 834/1453/5 838/1454/5
f 835/1455/1 834/1456/1 833/1457/1
f 864/1458/4 833/1459/4 836/1460/4
f 859/1461/5 860/1462/5 863/1463/5
f 837/1464/3 842/1465/3 840/1466/3
f 837/1467/2 841/1468/2 839/1469/2
f 864/1458/6 862/1470/6 857/1471/6
f 843/1472/6 840/1473/6 842/1474/6
f 838/1475/4 844/1476/4 842/1465/4
f 844/1477/6 856/1478/6 845/1479/6
f 839/1469/1 844/1476/1 846/1480/1
f 839/1481/5 847/1482/5 848/1483/5
f 848/1484/3 845/1485/3 856/1486/3
f 847/1487/4 852/1488/4 845/1485/4
f 851/1489/5 850/1490/5 858/1491/5
f 851/1492/1 852/1488/1 849/1493/1
f 852/1494/6 855/1495/6 853/1496/6
f 848/1497/2 854/1498/2 851/1492/2
f 858/1499/2 857/1500/2 859/1501/2
f 858/1502/3 853/1503/3 855/1504/3
f 859/1501/1 861/1505/1 860/1506/1
f 850/1507/4 861/1505/4 853/1503/4
f 843/1508/2 863/1463/2 834/1456/2
f 862/1470/3 836/1460/3 863/1463/3
f 869/1509/5 866/1510/5 870/1511/5
f 867/1512/1 866/1513/1 865/1514/1
f 896/1515/4 865/1516/4 868/1517/4
f 891/1518/5 892/1519/5 895/1520/5
f 869/1521/3 874/1522/3 872/1523/3
f 869/1524/2 873/1525/2 871/1526/2
f 896/1515/6 894/1527/6 889/1528/6
f 875/1529/6 872/1530/6 874/1531/6
f 870/1532/4 876/1533/4 874/1522/4
f 876/1534/6 888/1535/6 877/1536/6
f 871/1526/1 876/1533/1 878/1537/1
f 871/1538/5 879/1539/5 880/1540/5
f 880/1541/3 877/1542/3 888/1543/3
f 879/1544/4 884/1545/4 877/1542/4
f 883/1546/5 882/1547/5 890/1548/5
f 883/1549/1 884/1545/1 881/1550/1
f 884/1551/6 887/1552/6 885/1553/6
f 880/1554/2 886/1555/2 883/1549/2
f 890/1556/2 889/1557/2 891/1558/2
f 890/1559/3 885/1560/3 887/1561/3
f 891/1558/1 893/1562/1 892/1563/1
f 882/1564/4 893/1562/4 885/1560/4
f 875/1565/2 895/1520/2 866/1513/2
f 894/1527/3 868/1517/3 895/1520/3
f 901/1566/5 898/1567/5 902/1568/5
f 899/1569/1 898/1570/1 897/1571/1
f 928/1572/4 897/1573/4 900/1574/4
f 927/1575/5 900/1574/5 924/1576/5
f 901/1577/3 906/1578/3 904/1579/3
f 901/1580/2 905/1581/2 903/1582/2
f 928/1572/6 926/1583/6 921/1584/6
f 907/1585/6 904/1586/6 906/1587/6
f 902/1588/4 908/1589/4 906/1578/4
f 908/1590/6 920/1591/6 909/1592/6
f 903/1582/1 908/1589/1 910/1593/1
f 903/1594/5 911/1595/5 912/1596/5
f 912/1597/3 909/1598/3 920/1599/3
f 911/1600/4 916/1601/4 909/1598/4
f 915/1602/5 914/1603/5 922/1604/5
f 915/1605/1 916/1601/1 913/1606/1
f 916/1607/6 919/1608/6 917/1609/6
f 912/1610/2 918/1611/2 915/1605/2
f 922/1612/2 921/1613/2 923/1614/2
f 922/1615/3 917/1616/3 919/1617/3
f 923/1614/1 925/1618/1 924/1619/1
f 914/1620/4 925/1618/4 917/1616/4
f 907/1621/2 927/1575/2 898/1570/2
f 926/1583/3 900/1574/3 927/1575/3
f 929/1622/5 934/1623/5 933/1624/5
f 931/1625/1 930/1626/1 929/1627/1
f 960/1628/4 929/1629/4 932/1630/4
f 959/1631/5 932/1630/5 956/1632/5
f 933/1633/3 938/1634/3 936/1635/3
f 933/1636/2 937/1637/2 935/1638/2
f 960/1628/6 958/1639/6 953/1640/6
f 931/1641/6 938/1642/6 939/1643/6
f 934/1644/4 940/1645/4 938/1634/4
f 940/1646/6 952/1647/6 941/1648/6
f 935/1638/1 940/1645/1 942/1649/1
f 935/1650/5 943/1651/5 944/1652/5
f 944/1653/3 941/1654/3 952/1655/3
f 943/1656/4 948/1657/4 941/1654/4
f 947/1658/5 946/1659/5 954/1660/5
f 947/1661/1 948/1657/1 945/1662/1
f 948/1663/6 951/1664/6 949/1665/6
f 944/1666/2 950/1667/2 947/1661/2
f 954/1668/2 953/1669/2 955/1670/2
f 954/1671/3 949/1672/3 951/1673/3
f 955/1670/1 957/1674/1 956/1675/1
f 946/1676/4 957/1674/4 949/1672/4
f 939/1677/2 959/1631/2 930/1626/2
f 958/1639/3 932/1630/3 959/1631/3
f 961/1678/5 966/1679/5 965/1680/5
f 963/1681/1 962/1682/1 961/1683/1
f 992/1684/4 961/1685/4 964/1686/4
f 991/1687/5 964/1686/5 988/1688/5
f 965/1689/3 970/1690/3 968/1691/3
f 965/1692/2 969/1693/2 967/1694/2
f 992/1684/6 990/1695/6 985/1696/6
f 963/1697/6 970/1698/6 971/1699/6
f 966/1700/4 972/1701/4 970/1690/4
f 972/1702/6 984/1703/6 973/1704/6
f 967/1694/1 972/1701/1 974/1705/1
f 967/1706/5 975/1707/5 976/1708/5
f 976/1709/3 973/1710/3 984/1711/3
f 975/1712/4 980/1713/4 973/1710/4
f 979/1714/5 978/1715/5 986/1716/5
f 979/1717/1 980/1713/1 977/1718/1
f 980/1719/6 983/1720/6 981/1721/6
f 976/1722/2 982/1723/2 979/1717/2
f 986/1724/2 985/1725/2 987/1726/2
f 986/1727/3 981/1728/3 983/1729/3
f 987/1726/1 989/1730/1 988/1731/1
f 978/1732/4 989/1730/4 981/1728/4
f 971/1733/2 991/1687/2 962/1682/2
f 990/1695/3 964/1686/3 991/1687/3
f 997/1734/5 994/1735/5 998/1736/5
f 995/1737/1 994/1738/1 993/1739/1
f 1024/1740/4 993/1741/4 996/1742/4
f 1023/1743/5 996/1742/5 1020/1744/5
f 997/1745/3 1002/1746/3 1000/1747/3
f 997/1748/2 1001/1749/2 999/1750/2
f 1024/1740/6 1022/1751/6 1017/1752/6
f 1003/1753/6 1000/1754/6 1002/1755/6
f 998/1756/4 1004/1757/4 1002/1746/4
f 1004/1758/6 1016/1759/6 1005/1760/6
f 999/1750/1 1004/1757/1 1006/1761/1
f 999/1762/5 1007/1763/5 1008/1764/5
f 1008/1765/3 1005/1766/3 1016/1767/3
f 1007/1768/4 1012/1769/4 1005/1766/4
f 1011/1770/5 1010/1771/5 1018/1772/5
f 1011/1773/1 1012/1769/1 1009/1774/1
f 1012/1775/6 1015/1776/6 1013/1777/6
f 1008/1778/2 1014/1779/2 1011/1773/2
f 1018/1780/2 1017/1781/2 1019/1782/2
f 1018/1783/3 1013/1784/3 1015/1785/3
f 1019/1782/1 1021/1786/1 1020/1787/1
f 1010/1788/4 1021/1786/4 1013/1784/4
f 1003/1789/2 1023/1743/2 994/1738/2
f 1022/1751/3 996/1742/3 1023/1743/3
f 1025/1790/5 1030/1791/5 1029/1792/5
f 1027/1793/1 1026/1794/1 1025/1795/1
f 1056/1796/4 1025/1797/4 1028/1798/4
f 1055/1799/5 1028/1798/5 1052/1800/5
f 1029/1801/3 1034/1802/3 1032/1803/3
f 1029/1804/2 1033/1805/2 1031/1806/2
f 1056/1796/6 1054/1807/6 1049/1808/6
f 1027/1809/6 1034/1810/6 1035/1811/6
f 1030/1812/4 1036/1813/4 1034/1802/4
f 1036/1814/6 1048/1815/6 1037/1816/6
f 1031/1806/1 1036/1813/1 1038/1817/1
f 1031/1818/5 1039/1819/5 1040/1820/5
f 1040/1821/3 1037/1822/3 1048/1823/3
f 1039/1824/4 1044/1825/4 1037/1822/4
f 1043/1826/5 1042/1827/5 1050/1828/5
f 1043/1829/1 1044/1825/1 1041/1830/1
f 1044/1831/6 1047/1832/6 1045/1833/6
f 1040/1834/2 1046/1835/2 1043/1829/2
f 1050/1836/2 1049/1837/2 1051/1838/2
f 1050/1839/3 1045/1840/3 1047/1841/3
f 1051/1838/1 1053/1842/1 1052/1843/1
f 1042/1844/4 1053/1842/4 1045/1840/4
f 1035/1845/2 1055/1799/2 1026/1794/2
f 1054/1807/3 1028/1798/3 1055/1799/3
f 1057/1846/5 1062/1847/5 1061/1848/5
f 1059/1849/1 1058/1850/1 1057/1851/1
f 1088/1852/4 1057/1853/4 1060/1854/4
f 1087/1855/5 1060/1854/5 1084/1856/5
f 1061/1857/3 1066/1858/3 1064/1859/3
f 1061/1860/2 1065/1861/2 1063/1862/2
f 1088/1852/6 1086/1863/6 1081/1864/6
f 1059/1865/6 1066/1866/6 1067/1867/6
f 1062/1868/4 1068/1869/4 1066/1858/4
f 1068/1870/6 1080/1871/6 1069/1872/6
f 1063/1862/1 1068/1869/1 1070/1873/1
f 1063/1874/5 1071/1875/5 1072/1876/5
f 1072/1877/3 1069/1878/3 1080/1879/3
f 1071/1880/4 1076/1881/4 1069/1878/4
f 1075/1882/5 1074/1883/5 1082/1884/5
f 1075/1885/1 1076/1881/1 1073/1886/1
f 1076/1887/6 1079/1888/6 1077/1889/6
f 1072/1890/2 1078/1891/2 1075/1885/2
f 1082/1892/2 1081/1893/2 1083/1894/2
f 1082/1895/3 1077/1896/3 1079/1897/3
f 1083/1894/1 1085/1898/1 1084/1899/1
f 1074/1900/4 1085/1898/4 1077/1896/4
f 1067/1901/2 1087/1855/2 1058/1850/2
f 1086/1863/3 1060/1854/3 1087/1855/3
f 1093/1902/5 1090/1903/5 1094/1904/5
f 1091/1905/1 1090/1906/1 1089/1907/1
f 1120/1908/4 1089/1909/4 1092/1910/4
f 1119/1911/5 1092/1910/5 1116/1912/5
f 1093/1913/3 1098/1914/3 1096/1915/3
f 1093/1916/2 1097/1917/2 1095/1918/2
f 1120/1908/6 1118/1919/6 1113/1920/6
f 1099/1921/6 1096/1922/6 1098/1923/6
f 1094/1924/4 1100/1925/4 1098/1914/4
f 1100/1926/6 1112/1927/6 1101/1928/6
f 1095/1918/1 1100/1925/1 1102/1929/1
f 1095/1930/5 1103/1931/5 1104/1932/5
f 1104/1933/3 1101/1934/3 1112/1935/3
f 1103/1936/4 1108/1937/4 1101/1934/4
f 1107/1938/5 1106/1939/5 1114/1940/5
f 1107/1941/1 1108/1937/1 1105/1942/1
f 1108/1943/6 1111/1944/6 1109/1945/6
f 1104/1946/2 1110/1947/2 1107/1941/2
f 1114/1948/2 1113/1949/2 1115/1950/2
f 1114/1951/3 1109/1952/3 1111/1953/3
f 1115/1950/1 1117/1954/1 1116/1955/1
f 1106/1956/4 1117/1954/4 1109/1952/4
f 1099/1957/2 1119/1911/2 1090/1906/2
f 1118/1919/3 1092/1910/3 1119/1911/3
f 1125/1958/5 1122/1959/5 1126/1960/5
f 1123/1961/1 1122/1962/1 1121/1963/1
f 1152/1964/4 1121/1965/4 1124/1966/4
f 1147/1967/5 1148/1968/5 1151/1969/5
f 1125/1970/3 1130/1971/3 1128/1972/3
f 1125/1973/2 1129/1974/2 1127/1975/2
f 1152/1964/6 1150/1976/6 1145/1977/6
f 1131/1978/6 1128/1979/6 1130/1980/6
f 1126/1981/4 1132/1982/4 1130/1971/4
f 1132/1983/6 1144/1984/6 1133/1985/6
f 1127/1975/1 1132/1982/1 1134/1986/1
f 1127/1987/5 1135/1988/5 1136/1989/5
f 1136/1990/3 1133/1991/3 1144/1992/3
f 1135/1993/4 1140/1994/4 1133/1991/4
f 1139/1995/5 1138/1996/5 1146/1997/5
f 1139/1998/1 1140/1994/1 1137/1999/1
f 1140/2000/6 1143/2001/6 1141/2002/6
f 1136/2003/2 1142/2004/2 1139/1998/2
f 1146/2005/2 1145/2006/2 1147/2007/2
f 1146/2008/3 1141/2009/3 1143/2010/3
f 1147/2007/1 1149/2011/1 1148/2012/1
f 1138/2013/4 1149/2011/4 1141/2009/4
f 1131/2014/2 1151/1969/2 1122/1962/2
f 1150/1976/3 1124/1966/3 1151/1969/3
f 1157/2015/5 1154/2016/5 1158/2017/5
f 1155/2018/1 1154/2019/1 1153/2020/1
f 1184/2021/4 1153/2022/4 1156/2023/4
f 1179/2024/5 1180/2025/5 1183/2026/5
f 1157/2027/3 1162/2028/3 1160/2029/3
f 1157/2030/2 1161/2031/2 1159/2032/2
f 1184/2021/6 1182/2033/6 1177/2034/6
f 1163/2035/6 1160/2036/6 1162/2037/6
f 1158/2038/4 1164/2039/4 1162/2028/4
f 1164/2040/6 1176/2041/6 1165/2042/6
f 1159/2032/1 1164/2039/1 1166/2043/1
f 1159/2044/5 1167/2045/5 1168/2046/5
f 1168/2047/3 1165/2048/3 1176/2049/3
f 1167/2050/4 1172/2051/4 1165/2048/4
f 1171/2052/5 1170/2053/5 1178/2054/5
f 1171/2055/1 1172/2051/1 1169/2056/1
f 1172/2057/6 1175/2058/6 1173/2059/6
f 1168/2060/2 1174/2061/2 1171/2055/2
f 1178/2062/2 1177/2063/2 1179/2064/2
f 1178/2065/3 1173/2066/3 1175/2067/3
f 1179/2064/1 1181/2068/1 1180/2069/1
f 1170/2070/4 1181/2068/4 1173/2066/4
f 1163/2071/2 1183/2026/2 1154/2019/2
f 1182/2033/3 1156/2023/3 1183/2026/3
f 1189/2072/5 1186/2073/5 1190/2074/5
f 1187/2075/1 1186/2076/1 1185/2077/1
f 1216/2078/4 1185/2079/4 1188/2080/4
f 1215/2081/5 1188/2080/5 1212/2082/5
f 1189/2083/3 1194/2084/3 1192/2085/3
f 1189/2086/2 1193/2087/2 1191/2088/2
f 1216/2078/6 1214/2089/6 1209/2090/6
f 1195/2091/6 1192/2092/6 1194/2093/6
f 1190/2094/4 1196/2095/4 1194/2084/4
f 1196/2096/6 1208/2097/6 1197/2098/6
f 1191/2088/1 1196/2095/1 1198/2099/1
f 1191/2100/5 1199/2101/5 1200/2102/5
f 1200/2103/3 1197/2104/3 1208/2105/3
f 1199/2106/4 1204/2107/4 1197/2104/4
f 1203/2108/5 1202/2109/5 1210/2110/5
f 1203/2111/1 1204/2107/1 1201/2112/1
f 1204/2113/6 1207/2114/6 1205/2115/6
f 1200/2116/2 1206/2117/2 1203/2111/2
f 1210/2118/2 1209/2119/2 1211/2120/2
f 1210/2121/3 1205/2122/3 1207/2123/3
f 1211/2120/1 1213/2124/1 1212/2125/1
f 1202/2126/4 1213/2124/4 1205/2122/4
f 1195/2127/2 1215/2081/2 1186/2076/2
f 1214/2089/3 1188/2080/3 1215/2081/3
f 1221/2128/5 1218/2129/5 1222/2130/5
f 1219/2131/1 1218/2132/1 1217/2133/1
f 1248/2134/4 1217/2135/4 1220/2136/4
f 1247/2137/5 1220/2136/5 1244/2138/5
f 1221/2139/3 1226/2140/3 1224/2141/3
f 1221/2142/2 1225/2143/2 1223/2144/2
f 1248/2134/6 1246/2145/6 1241/2146/6
f 1227/2147/6 1224/2148/6 1226/2149/6
f 1222/2150/4 1228/2151/4 1226/2140/4
f 1228/2152/6 1240/2153/6 1229/2154/6
f 1223/2144/1 1228/2151/1 1230/2155/1
f 1223/2156/5 1231/2157/5 1232/2158/5
f 1232/2159/3 1229/2160/3 1240/2161/3
f 1231/2162/4 1236/2163/4 1229/2160/4
f 1235/2164/5 1234/2165/5 1242/2166/5
f 1235/2167/1 1236/2163/1 1233/2168/1
f 1236/2169/6 1239/2170/6 1237/2171/6
f 1232/2172/2 1238/2173/2 1235/2167/2
f 1242/2174/2 1241/2175/2 1243/2176/2
f 1242/2177/3 1237/2178/3 1239/2179/3
f 1243/2176/1 1245/2180/1 1244/2181/1
f 1234/2182/4 1245/2180/4 1237/2178/4
f 1227/2183/2 1247/2137/2 1218/2132/2
f 1246/2145/3 1220/2136/3 1247/2137/3
f 1253/2184/5 1250/2185/5 1254/2186/5
f 1251/2187/1 1250/2188/1 1249/2189/1
f 1280/2190/4 1249/2191/4 1252/2192/4
f 1275/2193/5 1276/2194/5 1279/2195/5
f 1253/2196/3 1258/2197/3 1256/2198/3
f 1253/2199/2 1257/2200/2 1255/2201/2
f 1280/2190/6 1278/2202/6 1273/2203/6
f 1259/2204/6 1256/2205/6 1258/2206/6
f 1254/2207/4 1260/2208/4 1258/2197/4
f 1260/2209/6 1272/2210/6 1261/2211/6
f 1255/2201/1 1260/2208/1 1262/2212/1
f 1255/2213/5 1263/2214/5 1264/2215/5
f 1264/2216/3 1261/2217/3 1272/2218/3
f 1263/2219/4 1268/2220/4 1261/2217/4
f 1267/2221/5 1266/2222/5 1274/2223/5
f 1267/2224/1 1268/2220/1 1265/2225/1
f 1268/2226/6 1271/2227/6 1269/2228/6
f 1264/2229/2 1270/2230/2 1267/2224/2
f 1274/2231/2 1273/2232/2 1275/2233/2
f 1274/2234/3 1269/2235/3 1271/2236/3
f 1275/2233/1 1277/2237/1 1276/2238/1
f 1266/2239/4 1277/2237/4 1269/2235/4
f 1259/2240/2 1279/2195/2 1250/2188/2
f 1278/2202/3 1252/2192/3 1279/2195/3
f 1286/2241/5 1281/2242/5 1282/2243/5
f 1281/2244/4 1283/2245/4 1293/2246/4
f 1287/2247/3 1281/2248/3 1284/2249/3
f 1284/2249/2 1289/2250/2 1287/2247/2
f 1286/2241/2 1288/2251/2 1295/2252/2
f 1288/2251/6 1283/2253/6 1287/2247/6
f 1291/2254/5 1290/2255/5 1289/2256/5
f 1293/2257/1 1289/2258/1 1285/2259/1
f 1295/2260/6 1293/2261/6 1285/2262/6
f 1282/2263/4 1292/2264/4 1296/2265/4
f 1294/2266/3 1290/2267/3 1292/2268/3
f 1296/2265/1 1286/2241/1 1282/2263/1
f 1299/2269/1 1308/2270/1 1300/2271/1
f 1306/2272/1 1305/2273/1 1297/2274/1
f 1300/2271/2 1303/2275/2 1299/2269/2
f 1303/2275/3 1304/2276/3 1309/2277/3
f 1301/2278/3 1312/2279/3 1302/2280/3
f 1302/2280/4 1297/2281/4 1301/2278/4
f 1303/2275/5 1297/2282/5 1299/2283/5
f 1300/2284/6 1302/2280/6 1304/2276/6
f 1307/2285/4 1310/2286/4 1308/2287/4
f 1305/2288/2 1312/2289/2 1311/2290/2
f 1307/2291/6 1311/2292/6 1309/2293/6
f 1308/2294/5 1312/2295/5 1306/2296/5
f 1318/2297/5 1313/2298/5 1314/2299/5
f 1313/2300/1 1315/2301/1 1325/2302/1
f 1319/2303/4 1313/2304/4 1316/2305/4
f 1316/2305/3 1321/2306/3 1319/2303/3
f 1322/2307/3 1327/2308/3 1318/2297/3
f 1328/2309/6 1319/2303/6 1320/2310/6
f 1324/2311/5 1321/2312/5 1323/2313/5
f 1325/2314/2 1321/2315/2 1317/2316/2
f 1326/2317/6 1317/2318/6 1327/2319/6
f 1314/2320/1 1324/2321/1 1328/2322/1
f 1326/2323/4 1322/2324/4 1324/2325/4
f 1328/2322/2 1318/2297/2 1314/2320/2
f 1334/2241/5 1329/2242/5 1330/2243/5
f 1329/2244/4 1331/2245/4 1341/2246/4
f 1335/2247/3 1329/2248/3 1332/2249/3
f 1332/2249/2 1337/2250/2 1335/2247/2
f 1334/2241/2 1336/2251/2 1343/2252/2
f 1336/2251/6 1331/2253/6 1335/2247/6
f 1339/2254/5 1338/2255/5 1337/2256/5
f 1341/2257/1 1337/2258/1 1333/2259/1
f 1343/2260/6 1341/2261/6 1333/2262/6
f 1330/2263/4 1340/2264/4 1344/2265/4
f 1342/2266/3 1338/2267/3 1340/2268/3
f 1344/2265/1 1334/2241/1 1330/2263/1
f 2/1/1 4/7/1 3/2/1
f 7/4/2 16/2326/2 12/5/2
f 15/2327/2 16/2326/2 7/4/2
f 4/7/2 8/6/2 11/9/2
f 8/6/2 12/5/2 11/9/2
f 15/2327/2 7/4/2 3/2/2
f 14/10/2 15/2327/2 3/2/2
f 4/7/2 11/9/2 10/11/2
f 4/7/2 10/11/2 9/2328/2
f 13/8/2 14/10/2 3/2/2
f 4/7/2 9/2328/2 13/8/2
f 11/9/2 15/2327/2 14/10/2
f 8/6/3 6/19/3 5/12/3
f 20/17/4 19/2329/4 6/19/4
f 1/14/4 5/12/4 24/2330/4
f 5/12/4 23/20/4 24/2330/4
f 20/17/4 6/19/4 2/13/4
f 18/18/4 20/17/4 2/13/4
f 1/14/4 24/2330/4 21/16/4
f 1/14/4 21/16/4 22/2331/4
f 17/15/4 18/18/4 2/13/4
f 1/14/4 22/2331/4 17/15/4
f 21/16/4 24/2330/4 20/17/4
f 6/19/4 19/2329/4 23/20/4
f 7/4/5 5/12/5 1/21/5
f 4/23/6 2/2332/6 6/19/6
f 11/24/3 20/2333/3 24/25/3
f 23/27/1 19/2334/1 12/28/1
f 16/29/6 15/2335/6 24/30/6
f 12/28/5 19/2334/5 20/31/5
f 13/33/3 9/2336/3 17/34/3
f 10/36/1 14/39/1 21/37/1
f 14/39/6 13/2337/6 22/40/6
f 10/36/5 18/38/5 17/41/5
f 26/43/1 28/49/1 27/44/1
f 31/46/2 40/2338/2 36/47/2
f 39/2339/2 40/2338/2 31/46/2
f 28/49/2 32/48/2 35/51/2
f 32/48/2 36/47/2 35/51/2
f 39/2339/2 31/46/2 27/44/2
f 38/52/2 39/2339/2 27/44/2
f 28/49/2 35/51/2 34/53/2
f 28/49/2 34/53/2 33/2340/2
f 37/50/2 38/52/2 27/44/2
f 28/49/2 33/2340/2 37/50/2
f 35/51/2 39/2339/2 38/52/2
f 32/48/3 30/61/3 29/54/3
f 44/59/4 43/2341/4 30/61/4
f 25/56/4 29/54/4 48/2342/4
f 29/54/4 47/62/4 48/2342/4
f 44/59/4 30/61/4 26/55/4
f 42/60/4 44/59/4 26/55/4
f 25/56/4 48/2342/4 45/58/4
f 25/56/4 45/58/4 46/2343/4
f 41/57/4 42/60/4 26/55/4
f 25/56/4 46/2343/4 41/57/4
f 45/58/4 48/2342/4 44/59/4
f 30/61/4 43/2341/4 47/62/4
f 31/46/5 29/54/5 25/63/5
f 28/65/6 26/2344/6 30/61/6
f 35/66/3 44/2345/3 48/67/3
f 47/69/1 43/2346/1 36/70/1
f 40/71/6 39/2347/6 48/72/6
f 36/70/5 43/2346/5 44/73/5
f 37/75/3 33/2348/3 41/76/3
f 34/78/1 38/81/1 45/79/1
f 38/81/6 37/2349/6 46/82/6
f 34/78/5 42/80/5 41/83/5
f 50/85/1 52/91/1 51/86/1
f 55/88/2 64/2350/2 60/89/2
f 63/2351/2 64/2350/2 55/88/2
f 52/91/2 56/90/2 59/93/2
f 56/90/2 60/89/2 59/93/2
f 63/2351/2 55/88/2 51/86/2
f 62/94/2 63/2351/2 51/86/2
f 52/91/2 59/93/2 58/95/2
f 52/91/2 58/95/2 57/2352/2
f 61/92/2 62/94/2 51/86/2
f 52/91/2 57/2352/2 61/92/2
f 59/93/2 63/2351/2 62/94/2
f 56/90/3 54/103/3 53/96/3
f 68/101/4 67/2353/4 54/103/4
f 49/98/4 53/96/4 72/2354/4
f 53/96/4 71/104/4 72/2354/4
f 68/101/4 54/103/4 50/97/4
f 66/102/4 68/101/4 50/97/4
f 49/98/4 72/2354/4 69/100/4
f 49/98/4 69/100/4 70/2355/4
f 65/99/4 66/102/4 50/97/4
f 49/98/4 70/2355/4 65/99/4
f 69/100/4 72/2354/4 68/101/4
f 54/103/4 67/2353/4 71/104/4
f 55/88/5 53/96/5 49/105/5
f 52/107/6 50/2356/6 54/103/6
f 59/108/3 68/2357/3 72/109/3
f 71/111/1 67/2358/1 60/112/1
f 64/113/6 63/2359/6 72/114/6
f 60/112/5 67/2358/5 68/115/5
f 61/117/3 57/2360/3 65/118/3
f 58/120/1 62/123/1 69/121/1
f 62/123/6 61/2361/6 70/124/6
f 58/120/5 66/122/5 65/125/5
f 74/127/1 76/130/1 75/128/1
f 76/130/2 80/132/2 79/131/2
f 80/132/3 78/134/3 77/133/3
f 78/134/4 74/2362/4 73/135/4
f 79/131/5 77/133/5 73/136/5
f 76/138/6 74/2363/6 78/134/6
f 82/139/1 84/142/1 83/140/1
f 84/142/2 88/144/2 87/143/2
f 88/144/3 86/146/3 85/145/3
f 86/146/4 82/2364/4 81/147/4
f 87/143/5 85/145/5 81/148/5
f 84/150/6 82/2365/6 86/146/6
f 90/151/1 92/154/1 91/152/1
f 92/154/2 96/156/2 95/155/2
f 96/156/3 94/158/3 93/157/3
f 94/158/4 90/2366/4 89/159/4
f 95/155/5 93/157/5 89/160/5
f 92/162/6 90/2367/6 94/158/6
f 98/163/1 100/166/1 99/164/1
f 100/166/2 104/168/2 103/167/2
f 104/168/3 102/170/3 101/169/3
f 102/170/4 98/2368/4 97/171/4
f 103/167/5 101/169/5 97/172/5
f 100/174/6 98/2369/6 102/170/6
f 106/175/1 108/178/1 107/176/1
f 108/178/2 112/180/2 111/179/2
f 112/180/3 110/182/3 109/181/3
f 110/182/4 106/2370/4 105/183/4
f 111/179/5 109/181/5 105/184/5
f 108/186/6 106/2371/6 110/182/6
f 114/187/1 116/190/1 115/188/1
f 116/190/2 120/192/2 119/191/2
f 120/192/3 118/194/3 117/193/3
f 118/194/4 114/2372/4 113/195/4
f 119/191/5 117/193/5 113/196/5
f 116/198/6 114/2373/6 118/194/6
f 122/199/1 124/202/1 123/200/1
f 124/202/2 128/204/2 127/203/2
f 128/204/3 126/206/3 125/205/3
f 126/206/4 122/2374/4 121/207/4
f 127/203/5 125/205/5 121/208/5
f 124/210/6 122/2375/6 126/206/6
f 133/211/5 129/2376/5 130/212/5
f 131/214/1 139/267/1 130/215/1
f 160/217/4 131/2377/4 129/218/4
f 142/2378/5 134/213/5 130/212/5
f 132/219/5 129/2376/5 144/242/5
f 129/2376/5 133/211/5 135/240/5
f 129/2376/5 135/240/5 144/242/5
f 142/2378/5 130/212/5 143/241/5
f 130/212/5 159/222/5 143/241/5
f 132/219/5 144/242/5 147/248/5
f 145/2379/5 143/241/5 159/222/5
f 146/249/5 145/2379/5 159/222/5
f 132/219/5 147/248/5 154/250/5
f 132/219/5 154/250/5 155/220/5
f 156/221/5 146/249/5 159/222/5
f 132/219/5 155/220/5 159/222/5
f 133/223/3 134/234/3 138/224/3
f 133/226/2 136/2380/2 137/227/2
f 137/2381/6 136/232/6 131/2382/6
f 158/229/6 139/231/6 141/238/6
f 139/231/6 138/233/6 140/236/6
f 139/231/6 140/236/6 141/238/6
f 137/2381/6 131/2382/6 152/237/6
f 131/2382/6 160/217/6 152/237/6
f 158/229/6 141/238/6 148/253/6
f 150/2383/6 152/237/6 160/217/6
f 151/254/6 150/2383/6 160/217/6
f 158/229/6 148/253/6 149/255/6
f 158/229/6 149/255/6 157/2384/6
f 153/230/6 151/254/6 160/217/6
f 158/229/6 157/2384/6 153/230/6
f 139/231/6 131/2382/6 136/232/6
f 134/234/4 142/239/4 140/235/4
f 140/236/6 137/2381/6 152/237/6
f 135/228/1 137/227/1 140/235/1
f 135/240/5 142/2378/5 143/241/5
f 144/243/3 143/246/3 141/244/3
f 143/246/4 145/252/4 148/247/4
f 147/248/5 145/2379/5 146/249/5
f 147/251/1 150/257/1 148/247/1
f 148/253/6 150/2383/6 151/254/6
f 144/256/2 152/2385/2 150/257/2
f 154/258/2 151/2386/2 153/259/2
f 154/261/3 146/266/3 149/262/3
f 155/260/1 153/259/1 157/264/1
f 146/266/4 156/265/4 157/264/4
f 139/267/2 158/229/2 159/222/2
f 158/229/3 160/217/3 132/219/3
f 162/268/1 164/271/1 163/269/1
f 164/271/2 168/273/2 167/272/2
f 168/273/3 166/275/3 165/274/3
f 166/275/4 162/2387/4 161/276/4
f 177/277/5 170/2388/5 169/278/5
f 161/280/5 163/2389/5 178/281/5
f 170/2388/5 178/281/5 163/2389/5
f 165/274/5 161/280/5 180/279/5
f 161/280/5 176/282/5 177/277/5
f 161/280/5 177/277/5 180/279/5
f 170/2388/5 163/2389/5 169/278/5
f 163/2389/5 167/272/5 169/278/5
f 165/274/5 180/279/5 179/284/5
f 171/2390/5 169/278/5 167/272/5
f 174/285/5 171/2390/5 167/272/5
f 165/274/5 179/284/5 175/286/5
f 165/274/5 175/286/5 172/2391/5
f 173/283/5 174/285/5 167/272/5
f 165/274/5 172/2391/5 173/283/5
f 179/284/5 171/2390/5 174/285/5
f 182/2392/6 181/2393/6 162/288/6
f 168/273/6 164/290/6 184/293/6
f 164/290/6 183/289/6 185/291/6
f 164/290/6 185/291/6 184/293/6
f 182/2392/6 162/288/6 188/292/6
f 162/288/6 166/275/6 188/292/6
f 168/273/6 184/293/6 186/294/6
f 190/2394/6 188/292/6 166/275/6
f 189/295/6 190/2394/6 166/275/6
f 168/273/6 186/294/6 187/296/6
f 168/273/6 187/296/6 192/2395/6
f 191/287/6 189/295/6 166/275/6
f 168/273/6 192/2395/6 191/287/6
f 162/288/6 181/2393/6 183/289/6
f 185/291/6 182/2392/6 188/292/6
f 186/294/6 190/2394/6 189/295/6
f 176/297/3 178/300/3 183/298/3
f 178/300/4 170/303/4 185/301/4
f 177/302/1 182/305/1 185/301/1
f 176/304/2 181/2396/2 182/305/2
f 180/306/3 169/309/3 184/307/3
f 169/309/4 171/312/4 186/310/4
f 179/311/1 190/314/1 186/310/1
f 180/313/2 188/2397/2 190/314/2
f 175/315/3 174/318/3 187/316/3
f 174/318/4 173/321/4 192/319/4
f 172/320/1 191/323/1 192/319/1
f 175/322/2 189/2398/2 191/323/2
f 197/324/5 193/2399/5 194/325/5
f 195/327/1 203/379/1 194/328/1
f 224/330/4 195/2400/4 193/331/4
f 206/2401/5 198/326/5 194/325/5
f 196/332/5 193/2399/5 208/354/5
f 193/2399/5 197/324/5 199/352/5
f 193/2399/5 199/352/5 208/354/5
f 206/2401/5 194/325/5 207/353/5
f 194/325/5 223/333/5 207/353/5
f 196/332/5 208/354/5 211/360/5
f 209/2402/5 207/353/5 223/333/5
f 210/361/5 209/2402/5 223/333/5
f 196/332/5 211/360/5 218/362/5
f 196/332/5 218/362/5 219/2403/5
f 220/334/5 210/361/5 223/333/5
f 196/332/5 219/2403/5 220/334/5
f 197/335/3 198/346/3 202/336/3
f 197/338/2 200/2404/2 201/339/2
f 201/2405/6 200/344/6 195/2406/6
f 222/341/6 203/343/6 205/350/6
f 203/343/6 202/345/6 204/348/6
f 203/343/6 204/348/6 205/350/6
f 201/2405/6 195/2406/6 216/349/6
f 195/2406/6 224/330/6 216/349/6
f 222/341/6 205/350/6 212/365/6
f 214/2407/6 216/349/6 224/330/6
f 215/366/6 214/2407/6 224/330/6
f 222/341/6 212/365/6 213/367/6
f 222/341/6 213/367/6 221/2408/6
f 217/342/6 215/366/6 224/330/6
f 222/341/6 221/2408/6 217/342/6
f 203/343/6 195/2406/6 200/344/6
f 198/346/4 206/351/4 204/347/4
f 204/348/6 201/2405/6 216/349/6
f 199/340/1 201/339/1 204/347/1
f 199/352/5 206/2401/5 207/353/5
f 208/355/3 207/358/3 205/356/3
f 207/358/4 209/364/4 212/359/4
f 211/360/5 209/2402/5 210/361/5
f 211/363/1 214/369/1 212/359/1
f 212/365/6 214/2407/6 215/366/6
f 208/368/2 216/2409/2 214/369/2
f 218/370/2 215/2410/2 217/371/2
f 218/373/3 210/378/3 213/374/3
f 219/372/1 217/371/1 221/376/1
f 210/378/4 220/377/4 221/376/4
f 203/379/2 222/341/2 223/333/2
f 222/341/3 224/330/3 196/332/3
f 225/380/5 226/2411/5 230/381/5
f 227/383/1 235/435/1 226/384/1
f 256/386/4 227/2412/4 225/387/4
f 238/2413/5 230/381/5 226/2411/5
f 228/388/5 225/380/5 240/410/5
f 225/380/5 229/382/5 231/408/5
f 225/380/5 231/408/5 240/410/5
f 238/2413/5 226/2411/5 239/409/5
f 226/2411/5 255/389/5 239/409/5
f 228/388/5 240/410/5 243/416/5
f 241/2414/5 239/409/5 255/389/5
f 242/417/5 241/2414/5 255/389/5
f 228/388/5 243/416/5 250/418/5
f 228/388/5 250/418/5 251/2415/5
f 252/390/5 242/417/5 255/389/5
f 228/388/5 251/2415/5 252/390/5
f 229/391/3 230/402/3 234/392/3
f 229/394/2 232/2416/2 233/395/2
f 233/2417/6 232/2418/6 227/399/6
f 254/397/6 235/401/6 237/406/6
f 235/401/6 234/400/6 236/404/6
f 235/401/6 236/404/6 237/406/6
f 233/2417/6 227/399/6 248/405/6
f 227/399/6 256/386/6 248/405/6
f 254/397/6 237/406/6 244/421/6
f 246/2419/6 248/405/6 256/386/6
f 247/422/6 246/2419/6 256/386/6
f 254/397/6 244/421/6 245/423/6
f 254/397/6 245/423/6 253/2420/6
f 249/398/6 247/422/6 256/386/6
f 254/397/6 253/2420/6 249/398/6
f 227/399/6 232/2418/6 234/400/6
f 230/402/4 238/407/4 236/403/4
f 236/404/6 233/2417/6 248/405/6
f 231/396/1 233/395/1 236/403/1
f 231/408/5 238/2413/5 239/409/5
f 240/411/3 239/414/3 237/412/3
f 239/414/4 241/420/4 244/415/4
f 243/416/5 241/2414/5 242/417/5
f 243/419/1 246/425/1 244/415/1
f 244/421/6 246/2419/6 247/422/6
f 240/424/2 248/2421/2 246/425/2
f 250/426/2 247/2422/2 249/427/2
f 250/429/3 242/434/3 245/430/3
f 251/428/1 249/427/1 253/432/1
f 242/434/4 252/433/4 253/432/4
f 235/435/2 254/397/2 255/389/2
f 254/397/3 256/386/3 228/388/3
f 257/436/5 258/2423/5 262/437/5
f 259/439/1 267/491/1 258/440/1
f 288/442/4 259/2424/4 257/443/4
f 270/2425/5 262/437/5 258/2423/5
f 260/444/5 257/436/5 272/466/5
f 257/436/5 261/438/5 263/464/5
f 257/436/5 263/464/5 272/466/5
f 270/2425/5 258/2423/5 271/465/5
f 258/2423/5 287/445/5 271/465/5
f 260/444/5 272/466/5 275/472/5
f 273/2426/5 271/465/5 287/445/5
f 274/473/5 273/2426/5 287/445/5
f 260/444/5 275/472/5 282/474/5
f 260/444/5 282/474/5 283/2427/5
f 284/446/5 274/473/5 287/445/5
f 260/444/5 283/2427/5 284/446/5
f 261/447/3 262/458/3 266/448/3
f 261/450/2 264/2428/2 265/451/2
f 265/2429/6 264/2430/6 259/455/6
f 286/453/6 267/457/6 269/462/6
f 267/457/6 266/456/6 268/460/6
f 267/457/6 268/460/6 269/462/6
f 265/2429/6 259/455/6 280/461/6
f 259/455/6 288/442/6 280/461/6
f 286/453/6 269/462/6 276/477/6
f 278/2431/6 280/461/6 288/442/6
f 279/478/6 278/2431/6 288/442/6
f 286/453/6 276/477/6 277/479/6
f 286/453/6 277/479/6 285/2432/6
f 281/454/6 279/478/6 288/442/6
f 286/453/6 285/2432/6 281/454/6
f 259/455/6 264/2430/6 266/456/6
f 262/458/4 270/463/4 268/459/4
f 268/460/6 265/2429/6 280/461/6
f 263/452/1 265/451/1 268/459/1
f 263/464/5 270/2425/5 271/465/5
f 272/467/3 271/470/3 269/468/3
f 271/470/4 273/476/4 276/471/4
f 275/472/5 273/2426/5 274/473/5
f 275/475/1 278/481/1 276/471/1
f 276/477/6 278/2431/6 279/478/6
f 272/480/2 280/2433/2 278/481/2
f 282/482/2 279/2434/2 281/483/2
f 282/485/3 274/490/3 277/486/3
f 283/484/1 281/483/1 285/488/1
f 274/490/4 284/489/4 285/488/4
f 267/491/2 286/453/2 287/445/2
f 286/453/3 288/442/3 260/444/3
f 293/492/5 289/2435/5 290/493/5
f 291/495/1 299/547/1 290/496/1
f 320/498/4 291/2436/4 289/499/4
f 302/2437/5 294/494/5 290/493/5
f 292/500/5 289/2435/5 304/522/5
f 289/2435/5 293/492/5 295/520/5
f 289/2435/5 295/520/5 304/522/5
f 302/2437/5 290/493/5 303/521/5
f 290/493/5 319/501/5 303/521/5
f 292/500/5 304/522/5 307/528/5
f 305/2438/5 303/521/5 319/501/5
f 306/529/5 305/2438/5 319/501/5
f 292/500/5 307/528/5 314/530/5
f 292/500/5 314/530/5 315/2439/5
f 316/502/5 306/529/5 319/501/5
f 292/500/5 315/2439/5 316/502/5
f 293/503/3 294/514/3 298/504/3
f 293/506/2 296/2440/2 297/507/2
f 297/2441/6 296/512/6 291/2442/6
f 318/509/6 299/511/6 301/518/6
f 299/511/6 298/513/6 300/516/6
f 299/511/6 300/516/6 301/518/6
f 297/2441/6 291/2442/6 312/517/6
f 291/2442/6 320/498/6 312/517/6
f 318/509/6 301/518/6 308/533/6
f 310/2443/6 312/517/6 320/498/6
f 311/534/6 310/2443/6 320/498/6
f 318/509/6 308/533/6 309/535/6
f 318/509/6 309/535/6 317/2444/6
f 313/510/6 311/534/6 320/498/6
f 318/509/6 317/2444/6 313/510/6
f 299/511/6 291/2442/6 296/512/6
f 294/514/4 302/519/4 300/515/4
f 300/516/6 297/2441/6 312/517/6
f 295/508/1 297/507/1 300/515/1
f 295/520/5 302/2437/5 303/521/5
f 304/523/3 303/526/3 301/524/3
f 303/526/4 305/532/4 308/527/4
f 307/528/5 305/2438/5 306/529/5
f 307/531/1 310/537/1 308/527/1
f 308/533/6 310/2443/6 311/534/6
f 304/536/2 312/2445/2 310/537/2
f 314/538/2 311/2446/2 313/539/2
f 314/541/3 306/546/3 309/542/3
f 315/540/1 313/539/1 317/544/1
f 306/546/4 316/545/4 317/544/4
f 299/547/2 318/509/2 319/501/2
f 318/509/3 320/498/3 292/500/3
f 325/548/5 321/2447/5 322/549/5
f 323/551/1 331/604/1 322/552/1
f 352/554/4 323/2448/4 321/555/4
f 334/2449/5 326/550/5 322/549/5
f 324/556/5 321/2447/5 336/579/5
f 321/2447/5 325/548/5 327/577/5
f 321/2447/5 327/577/5 336/579/5
f 334/2449/5 322/549/5 335/578/5
f 322/549/5 351/559/5 335/578/5
f 324/556/5 336/579/5 339/585/5
f 337/2450/5 335/578/5 351/559/5
f 338/586/5 337/2450/5 351/559/5
f 324/556/5 339/585/5 346/587/5
f 324/556/5 346/587/5 347/557/5
f 348/558/5 338/586/5 351/559/5
f 324/556/5 347/557/5 351/559/5
f 325/560/3 326/571/3 330/561/3
f 325/563/2 328/2451/2 329/564/2
f 329/2452/6 328/569/6 323/2453/6
f 350/566/6 331/568/6 333/575/6
f 331/568/6 330/570/6 332/573/6
f 331/568/6 332/573/6 333/575/6
f 329/2452/6 323/2453/6 344/574/6
f 323/2453/6 352/554/6 344/574/6
f 350/566/6 333/575/6 340/590/6
f 342/2454/6 344/574/6 352/554/6
f 343/591/6 342/2454/6 352/554/6
f 350/566/6 340/590/6 341/592/6
f 350/566/6 341/592/6 349/2455/6
f 345/567/6 343/591/6 352/554/6
f 350/566/6 349/2455/6 345/567/6
f 331/568/6 323/2453/6 328/569/6
f 326/571/4 334/576/4 332/572/4
f 332/573/6 329/2452/6 344/574/6
f 327/565/1 329/564/1 332/572/1
f 327/577/5 334/2449/5 335/578/5
f 336/580/3 335/583/3 333/581/3
f 335/583/4 337/589/4 340/584/4
f 339/585/5 337/2450/5 338/586/5
f 339/588/1 342/594/1 340/584/1
f 340/590/6 342/2454/6 343/591/6
f 336/593/2 344/2456/2 342/594/2
f 346/595/2 343/2457/2 345/596/2
f 346/598/3 338/603/3 341/599/3
f 347/597/1 345/596/1 349/601/1
f 338/603/4 348/602/4 349/601/4
f 331/604/2 350/566/2 351/559/2
f 350/566/3 352/554/3 324/556/3
f 357/605/5 353/2458/5 354/606/5
f 355/608/1 363/661/1 354/609/1
f 384/611/4 355/2459/4 353/612/4
f 366/2460/5 358/607/5 354/606/5
f 356/613/5 353/2458/5 368/636/5
f 353/2458/5 357/605/5 359/634/5
f 353/2458/5 359/634/5 368/636/5
f 366/2460/5 354/606/5 367/635/5
f 354/606/5 383/616/5 367/635/5
f 356/613/5 368/636/5 371/642/5
f 369/2461/5 367/635/5 383/616/5
f 370/643/5 369/2461/5 383/616/5
f 356/613/5 371/642/5 378/644/5
f 356/613/5 378/644/5 379/614/5
f 380/615/5 370/643/5 383/616/5
f 356/613/5 379/614/5 383/616/5
f 357/617/3 358/628/3 362/618/3
f 357/620/2 360/2462/2 361/621/2
f 361/2463/6 360/626/6 355/2464/6
f 382/623/6 363/625/6 365/632/6
f 363/625/6 362/627/6 364/630/6
f 363/625/6 364/630/6 365/632/6
f 361/2463/6 355/2464/6 376/631/6
f 355/2464/6 384/611/6 376/631/6
f 382/623/6 365/632/6 372/647/6
f 374/2465/6 376/631/6 384/611/6
f 375/648/6 374/2465/6 384/611/6
f 382/623/6 372/647/6 373/649/6
f 382/623/6 373/649/6 381/2466/6
f 377/624/6 375/648/6 384/611/6
f 382/623/6 381/2466/6 377/624/6
f 363/625/6 355/2464/6 360/626/6
f 358/628/4 366/633/4 364/629/4
f 364/630/6 361/2463/6 376/631/6
f 359/622/1 361/621/1 364/629/1
f 359/634/5 366/2460/5 367/635/5
f 368/637/3 367/640/3 365/638/3
f 367/640/4 369/646/4 372/641/4
f 371/642/5 369/2461/5 370/643/5
f 371/645/1 374/651/1 372/641/1
f 372/647/6 374/2465/6 375/648/6
f 368/650/2 376/2467/2 374/651/2
f 378/652/2 375/2468/2 377/653/2
f 378/655/3 370/660/3 373/656/3
f 379/654/1 377/653/1 381/658/1
f 370/660/4 380/659/4 381/658/4
f 363/661/2 382/623/2 383/616/2
f 382/623/3 384/611/3 356/613/3
f 389/662/5 385/2469/5 386/663/5
f 387/665/1 395/718/1 386/666/1
f 416/668/4 387/2470/4 385/669/4
f 398/2471/5 390/664/5 386/663/5
f 388/670/5 385/2469/5 400/693/5
f 385/2469/5 389/662/5 391/691/5
f 385/2469/5 391/691/5 400/693/5
f 398/2471/5 386/663/5 399/692/5
f 386/663/5 415/673/5 399/692/5
f 388/670/5 400/693/5 403/699/5
f 401/2472/5 399/692/5 415/673/5
f 402/700/5 401/2472/5 415/673/5
f 388/670/5 403/699/5 410/701/5
f 388/670/5 410/701/5 411/671/5
f 412/672/5 402/700/5 415/673/5
f 388/670/5 411/671/5 415/673/5
f 389/674/3 390/685/3 394/675/3
f 389/677/2 392/2473/2 393/678/2
f 393/2474/6 392/683/6 387/2475/6
f 414/680/6 395/682/6 397/689/6
f 395/682/6 394/684/6 396/687/6
f 395/682/6 396/687/6 397/689/6
f 393/2474/6 387/2475/6 408/688/6
f 387/2475/6 416/668/6 408/688/6
f 414/680/6 397/689/6 404/704/6
f 406/2476/6 408/688/6 416/668/6
f 407/705/6 406/2476/6 416/668/6
f 414/680/6 404/704/6 405/706/6
f 414/680/6 405/706/6 413/2477/6
f 409/681/6 407/705/6 416/668/6
f 414/680/6 413/2477/6 409/681/6
f 395/682/6 387/2475/6 392/683/6
f 390/685/4 398/690/4 396/686/4
f 396/687/6 393/2474/6 408/688/6
f 391/679/1 393/678/1 396/686/1
f 391/691/5 398/2471/5 399/692/5
f 400/694/3 399/697/3 397/695/3
f 399/697/4 401/703/4 404/698/4
f 403/699/5 401/2472/5 402/700/5
f 403/702/1 406/708/1 404/698/1
f 404/704/6 406/2476/6 407/705/6
f 400/707/2 408/2478/2 406/708/2
f 410/709/2 407/2479/2 409/710/2
f 410/712/3 402/717/3 405/713/3
f 411/711/1 409/710/1 413/715/1
f 402/717/4 412/716/4 413/715/4
f 395/718/2 414/680/2 415/673/2
f 414/680/3 416/668/3 388/670/3
f 421/719/5 417/2480/5 418/720/5
f 419/722/1 427/774/1 418/723/1
f 448/725/4 419/2481/4 417/726/4
f 430/2482/5 422/721/5 418/720/5
f 420/727/5 417/2480/5 432/749/5
f 417/2480/5 421/719/5 423/747/5
f 417/2480/5 423/747/5 432/749/5
f 430/2482/5 418/720/5 431/748/5
f 418/720/5 447/728/5 431/748/5
f 420/727/5 432/749/5 435/755/5
f 433/2483/5 431/748/5 447/728/5
f 434/756/5 433/2483/5 447/728/5
f 420/727/5 435/755/5 442/757/5
f 420/727/5 442/757/5 443/2484/5
f 444/729/5 434/756/5 447/728/5
f 420/727/5 443/2484/5 444/729/5
f 421/730/3 422/741/3 426/731/3
f 421/733/2 424/2485/2 425/734/2
f 425/2486/6 424/739/6 419/2487/6
f 446/736/6 427/738/6 429/745/6
f 427/738/6 426/740/6 428/743/6
f 427/738/6 428/743/6 429/745/6
f 425/2486/6 419/2487/6 440/744/6
f 419/2487/6 448/725/6 440/744/6
f 446/736/6 429/745/6 436/760/6
f 438/2488/6 440/744/6 448/725/6
f 439/761/6 438/2488/6 448/725/6
f 446/736/6 436/760/6 437/762/6
f 446/736/6 437/762/6 445/2489/6
f 441/737/6 439/761/6 448/725/6
f 446/736/6 445/2489/6 441/737/6
f 427/738/6 419/2487/6 424/739/6
f 422/741/4 430/746/4 428/742/4
f 428/743/6 425/2486/6 440/744/6
f 423/735/1 425/734/1 428/742/1
f 423/747/5 430/2482/5 431/748/5
f 432/750/3 431/753/3 429/751/3
f 431/753/4 433/759/4 436/754/4
f 435/755/5 433/2483/5 434/756/5
f 435/758/1 438/764/1 436/754/1
f 436/760/6 438/2488/6 439/761/6
f 432/763/2 440/2490/2 438/764/2
f 442/765/2 439/2491/2 441/766/2
f 442/768/3 434/773/3 437/769/3
f 443/767/1 441/766/1 445/771/1
f 434/773/4 444/772/4 445/771/4
f 427/774/2 446/736/2 447/728/2
f 446/736/3 448/725/3 420/727/3
f 453/775/5 449/2492/5 450/776/5
f 451/778/1 459/831/1 450/779/1
f 480/781/4 451/2493/4 449/782/4
f 462/2494/5 454/777/5 450/776/5
f 452/783/5 449/2492/5 464/806/5
f 449/2492/5 453/775/5 455/804/5
f 449/2492/5 455/804/5 464/806/5
f 462/2494/5 450/776/5 463/805/5
f 450/776/5 479/786/5 463/805/5
f 452/783/5 464/806/5 467/812/5
f 465/2495/5 463/805/5 479/786/5
f 466/813/5 465/2495/5 479/786/5
f 452/783/5 467/812/5 474/814/5
f 452/783/5 474/814/5 475/784/5
f 476/785/5 466/813/5 479/786/5
f 452/783/5 475/784/5 479/786/5
f 453/787/3 454/798/3 458/788/3
f 453/790/2 456/2496/2 457/791/2
f 457/2497/6 456/796/6 451/2498/6
f 478/793/6 459/795/6 461/802/6
f 459/795/6 458/797/6 460/800/6
f 459/795/6 460/800/6 461/802/6
f 457/2497/6 451/2498/6 472/801/6
f 451/2498/6 480/781/6 472/801/6
f 478/793/6 461/802/6 468/817/6
f 470/2499/6 472/801/6 480/781/6
f 471/818/6 470/2499/6 480/781/6
f 478/793/6 468/817/6 469/819/6
f 478/793/6 469/819/6 477/2500/6
f 473/794/6 471/818/6 480/781/6
f 478/793/6 477/2500/6 473/794/6
f 459/795/6 451/2498/6 456/796/6
f 454/798/4 462/803/4 460/799/4
f 460/800/6 457/2497/6 472/801/6
f 455/792/1 457/791/1 460/799/1
f 455/804/5 462/2494/5 463/805/5
f 464/807/3 463/810/3 461/808/3
f 463/810/4 465/816/4 468/811/4
f 467/812/5 465/2495/5 466/813/5
f 467/815/1 470/821/1 468/811/1
f 468/817/6 470/2499/6 471/818/6
f 464/820/2 472/2501/2 470/821/2
f 474/822/2 471/2502/2 473/823/2
f 474/825/3 466/830/3 469/826/3
f 475/824/1 473/823/1 477/828/1
f 466/830/4 476/829/4 477/828/4
f 459/831/2 478/793/2 479/786/2
f 478/793/3 480/781/3 452/783/3
f 485/832/5 481/2503/5 482/833/5
f 483/835/1 491/888/1 482/836/1
f 512/838/4 483/2504/4 481/839/4
f 494/2505/5 486/834/5 482/833/5
f 484/840/5 481/2503/5 496/863/5
f 481/2503/5 485/832/5 487/861/5
f 481/2503/5 487/861/5 496/863/5
f 494/2505/5 482/833/5 495/862/5
f 482/833/5 511/843/5 495/862/5
f 484/840/5 496/863/5 499/869/5
f 497/2506/5 495/862/5 511/843/5
f 498/870/5 497/2506/5 511/843/5
f 484/840/5 499/869/5 506/871/5
f 484/840/5 506/871/5 507/841/5
f 508/842/5 498/870/5 511/843/5
f 484/840/5 507/841/5 511/843/5
f 485/844/3 486/855/3 490/845/3
f 485/847/2 488/2507/2 489/848/2
f 489/2508/6 488/853/6 483/2509/6
f 510/850/6 491/852/6 493/859/6
f 491/852/6 490/854/6 492/857/6
f 491/852/6 492/857/6 493/859/6
f 489/2508/6 483/2509/6 504/858/6
f 483/2509/6 512/838/6 504/858/6
f 510/850/6 493/859/6 500/874/6
f 502/2510/6 504/858/6 512/838/6
f 503/875/6 502/2510/6 512/838/6
f 510/850/6 500/874/6 501/876/6
f 510/850/6 501/876/6 509/2511/6
f 505/851/6 503/875/6 512/838/6
f 510/850/6 509/2511/6 505/851/6
f 491/852/6 483/2509/6 488/853/6
f 486/855/4 494/860/4 492/856/4
f 492/857/6 489/2508/6 504/858/6
f 487/849/1 489/848/1 492/856/1
f 487/861/5 494/2505/5 495/862/5
f 496/864/3 495/867/3 493/865/3
f 495/867/4 497/873/4 500/868/4
f 499/869/5 497/2506/5 498/870/5
f 499/872/1 502/878/1 500/868/1
f 500/874/6 502/2510/6 503/875/6
f 496/877/2 504/2512/2 502/878/2
f 506/879/2 503/2513/2 505/880/2
f 506/882/3 498/887/3 501/883/3
f 507/881/1 505/880/1 509/885/1
f 498/887/4 508/886/4 509/885/4
f 491/888/2 510/850/2 511/843/2
f 510/850/3 512/838/3 484/840/3
f 513/889/5 514/2514/5 518/890/5
f 515/892/1 523/944/1 514/893/1
f 544/895/4 515/2515/4 513/896/4
f 526/2516/5 518/890/5 514/2514/5
f 516/897/5 513/889/5 528/919/5
f 513/889/5 517/891/5 519/917/5
f 513/889/5 519/917/5 528/919/5
f 526/2516/5 514/2514/5 527/918/5
f 514/2514/5 543/898/5 527/918/5
f 516/897/5 528/919/5 531/925/5
f 529/2517/5 527/918/5 543/898/5
f 530/926/5 529/2517/5 543/898/5
f 516/897/5 531/925/5 538/927/5
f 516/897/5 538/927/5 539/2518/5
f 540/899/5 530/926/5 543/898/5
f 516/897/5 539/2518/5 540/899/5
f 517/900/3 518/911/3 522/901/3
f 517/903/2 520/2519/2 521/904/2
f 521/2520/6 520/2521/6 515/908/6
f 542/906/6 523/910/6 525/915/6
f 523/910/6 522/909/6 524/913/6
f 523/910/6 524/913/6 525/915/6
f 521/2520/6 515/908/6 536/914/6
f 515/908/6 544/895/6 536/914/6
f 542/906/6 525/915/6 532/930/6
f 534/2522/6 536/914/6 544/895/6
f 535/931/6 534/2522/6 544/895/6
f 542/906/6 532/930/6 533/932/6
f 542/906/6 533/932/6 541/2523/6
f 537/907/6 535/931/6 544/895/6
f 542/906/6 541/2523/6 537/907/6
f 515/908/6 520/2521/6 522/909/6
f 518/911/4 526/916/4 524/912/4
f 524/913/6 521/2520/6 536/914/6
f 519/905/1 521/904/1 524/912/1
f 519/917/5 526/2516/5 527/918/5
f 528/920/3 527/923/3 525/921/3
f 527/923/4 529/929/4 532/924/4
f 531/925/5 529/2517/5 530/926/5
f 531/928/1 534/934/1 532/924/1
f 532/930/6 534/2522/6 535/931/6
f 528/933/2 536/2524/2 534/934/2
f 538/935/2 535/2525/2 537/936/2
f 538/938/3 530/943/3 533/939/3
f 539/937/1 537/936/1 541/941/1
f 530/943/4 540/942/4 541/941/4
f 523/944/2 542/906/2 543/898/2
f 542/906/3 544/895/3 516/897/3
f 549/945/5 545/2526/5 546/946/5
f 547/948/1 555/1000/1 546/949/1
f 576/951/4 547/2527/4 545/952/4
f 558/2528/5 550/947/5 546/946/5
f 548/953/5 545/2526/5 560/975/5
f 545/2526/5 549/945/5 551/973/5
f 545/2526/5 551/973/5 560/975/5
f 558/2528/5 546/946/5 559/974/5
f 546/946/5 575/954/5 559/974/5
f 548/953/5 560/975/5 563/981/5
f 561/2529/5 559/974/5 575/954/5
f 562/982/5 561/2529/5 575/954/5
f 548/953/5 563/981/5 570/983/5
f 548/953/5 570/983/5 571/2530/5
f 572/955/5 562/982/5 575/954/5
f 548/953/5 571/2530/5 572/955/5
f 549/956/3 550/967/3 554/957/3
f 549/959/2 552/2531/2 553/960/2
f 553/2532/6 552/965/6 547/2533/6
f 574/962/6 555/964/6 557/971/6
f 555/964/6 554/966/6 556/969/6
f 555/964/6 556/969/6 557/971/6
f 553/2532/6 547/2533/6 568/970/6
f 547/2533/6 576/951/6 568/970/6
f 574/962/6 557/971/6 564/986/6
f 566/2534/6 568/970/6 576/951/6
f 567/987/6 566/2534/6 576/951/6
f 574/962/6 564/986/6 565/988/6
f 574/962/6 565/988/6 573/2535/6
f 569/963/6 567/987/6 576/951/6
f 574/962/6 573/2535/6 569/963/6
f 555/964/6 547/2533/6 552/965/6
f 550/967/4 558/972/4 556/968/4
f 556/969/6 553/2532/6 568/970/6
f 551/961/1 553/960/1 556/968/1
f 551/973/5 558/2528/5 559/974/5
f 560/976/3 559/979/3 557/977/3
f 559/979/4 561/985/4 564/980/4
f 563/981/5 561/2529/5 562/982/5
f 563/984/1 566/990/1 564/980/1
f 564/986/6 566/2534/6 567/987/6
f 560/989/2 568/2536/2 566/990/2
f 570/991/2 567/2537/2 569/992/2
f 570/994/3 562/999/3 565/995/3
f 571/993/1 569/992/1 573/997/1
f 562/999/4 572/998/4 573/997/4
f 555/1000/2 574/962/2 575/954/2
f 574/962/3 576/951/3 548/953/3
f 581/1001/5 577/2538/5 578/1002/5
f 579/1004/1 587/1057/1 578/1005/1
f 608/1007/4 579/2539/4 577/1008/4
f 590/2540/5 582/1003/5 578/1002/5
f 580/1009/5 577/2538/5 592/1032/5
f 577/2538/5 581/1001/5 583/1030/5
f 577/2538/5 583/1030/5 592/1032/5
f 590/2540/5 578/1002/5 591/1031/5
f 578/1002/5 607/1012/5 591/1031/5
f 580/1009/5 592/1032/5 595/1038/5
f 593/2541/5 591/1031/5 607/1012/5
f 594/1039/5 593/2541/5 607/1012/5
f 580/1009/5 595/1038/5 602/1040/5
f 580/1009/5 602/1040/5 603/1010/5
f 604/1011/5 594/1039/5 607/1012/5
f 580/1009/5 603/1010/5 607/1012/5
f 581/1013/3 582/1024/3 586/1014/3
f 581/1016/2 584/2542/2 585/1017/2
f 585/2543/6 584/1022/6 579/2544/6
f 606/1019/6 587/1021/6 589/1028/6
f 587/1021/6 586/1023/6 588/1026/6
f 587/1021/6 588/1026/6 589/1028/6
f 585/2543/6 579/2544/6 600/1027/6
f 579/2544/6 608/1007/6 600/1027/6
f 606/1019/6 589/1028/6 596/1043/6
f 598/2545/6 600/1027/6 608/1007/6
f 599/1044/6 598/2545/6 608/1007/6
f 606/1019/6 596/1043/6 597/1045/6
f 606/1019/6 597/1045/6 605/2546/6
f 601/1020/6 599/1044/6 608/1007/6
f 606/1019/6 605/2546/6 601/1020/6
f 587/1021/6 579/2544/6 584/1022/6
f 582/1024/4 590/1029/4 588/1025/4
f 588/1026/6 585/2543/6 600/1027/6
f 583/1018/1 585/1017/1 588/1025/1
f 583/1030/5 590/2540/5 591/1031/5
f 592/1033/3 591/1036/3 589/1034/3
f 591/1036/4 593/1042/4 596/1037/4
f 595/1038/5 593/2541/5 594/1039/5
f 595/1041/1 598/1047/1 596/1037/1
f 596/1043/6 598/2545/6 599/1044/6
f 592/1046/2 600/2547/2 598/1047/2
f 602/1048/2 599/2548/2 601/1049/2
f 602/1051/3 594/1056/3 597/1052/3
f 603/1050/1 601/1049/1 605/1054/1
f 594/1056/4 604/1055/4 605/1054/4
f 587/1057/2 606/1019/2 607/1012/2
f 606/1019/3 608/1007/3 580/1009/3
f 613/1058/5 609/2549/5 610/1059/5
f 611/1061/1 619/1114/1 610/1062/1
f 640/1064/4 611/2550/4 609/1065/4
f 622/2551/5 614/1060/5 610/1059/5
f 612/1066/5 609/2549/5 624/1089/5
f 609/2549/5 613/1058/5 615/1087/5
f 609/2549/5 615/1087/5 624/1089/5
f 622/2551/5 610/1059/5 623/1088/5
f 610/1059/5 639/1069/5 623/1088/5
f 612/1066/5 624/1089/5 627/1095/5
f 625/2552/5 623/1088/5 639/1069/5
f 626/1096/5 625/2552/5 639/1069/5
f 612/1066/5 627/1095/5 634/1097/5
f 612/1066/5 634/1097/5 635/1067/5
f 636/1068/5 626/1096/5 639/1069/5
f 612/1066/5 635/1067/5 639/1069/5
f 613/1070/3 614/1081/3 618/1071/3
f 613/1073/2 616/2553/2 617/1074/2
f 617/2554/6 616/1079/6 611/2555/6
f 638/1076/6 619/1078/6 621/1085/6
f 619/1078/6 618/1080/6 620/1083/6
f 619/1078/6 620/1083/6 621/1085/6
f 617/2554/6 611/2555/6 632/1084/6
f 611/2555/6 640/1064/6 632/1084/6
f 638/1076/6 621/1085/6 628/1100/6
f 630/2556/6 632/1084/6 640/1064/6
f 631/1101/6 630/2556/6 640/1064/6
f 638/1076/6 628/1100/6 629/1102/6
f 638/1076/6 629/1102/6 637/2557/6
f 633/1077/6 631/1101/6 640/1064/6
f 638/1076/6 637/2557/6 633/1077/6
f 619/1078/6 611/2555/6 616/1079/6
f 614/1081/4 622/1086/4 620/1082/4
f 620/1083/6 617/2554/6 632/1084/6
f 615/1075/1 617/1074/1 620/1082/1
f 615/1087/5 622/2551/5 623/1088/5
f 624/1090/3 623/1093/3 621/1091/3
f 623/1093/4 625/1099/4 628/1094/4
f 627/1095/5 625/2552/5 626/1096/5
f 627/1098/1 630/1104/1 628/1094/1
f 628/1100/6 630/2556/6 631/1101/6
f 624/1103/2 632/2558/2 630/1104/2
f 634/1105/2 631/2559/2 633/1106/2
f 634/1108/3 626/1113/3 629/1109/3
f 635/1107/1 633/1106/1 637/1111/1
f 626/1113/4 636/1112/4 637/1111/4
f 619/1114/2 638/1076/2 639/1069/2
f 638/1076/3 640/1064/3 612/1066/3
f 645/1115/5 641/2560/5 642/1116/5
f 643/1118/1 651/1170/1 642/1119/1
f 672/1121/4 643/2561/4 641/1122/4
f 654/2562/5 646/1117/5 642/1116/5
f 644/1123/5 641/2560/5 656/1145/5
f 641/2560/5 645/1115/5 647/1143/5
f 641/2560/5 647/1143/5 656/1145/5
f 654/2562/5 642/1116/5 655/1144/5
f 642/1116/5 671/1124/5 655/1144/5
f 644/1123/5 656/1145/5 659/1151/5
f 657/2563/5 655/1144/5 671/1124/5
f 658/1152/5 657/2563/5 671/1124/5
f 644/1123/5 659/1151/5 666/1153/5
f 644/1123/5 666/1153/5 667/2564/5
f 668/1125/5 658/1152/5 671/1124/5
f 644/1123/5 667/2564/5 668/1125/5
f 645/1126/3 646/1137/3 650/1127/3
f 645/1129/2 648/2565/2 649/1130/2
f 649/2566/6 648/1135/6 643/2567/6
f 670/1132/6 651/1134/6 653/1141/6
f 651/1134/6 650/1136/6 652/1139/6
f 651/1134/6 652/1139/6 653/1141/6
f 649/2566/6 643/2567/6 664/1140/6
f 643/2567/6 672/1121/6 664/1140/6
f 670/1132/6 653/1141/6 660/1156/6
f 662/2568/6 664/1140/6 672/1121/6
f 663/1157/6 662/2568/6 672/1121/6
f 670/1132/6 660/1156/6 661/1158/6
f 670/1132/6 661/1158/6 669/2569/6
f 665/1133/6 663/1157/6 672/1121/6
f 670/1132/6 669/2569/6 665/1133/6
f 651/1134/6 643/2567/6 648/1135/6
f 646/1137/4 654/1142/4 652/1138/4
f 652/1139/6 649/2566/6 664/1140/6
f 647/1131/1 649/1130/1 652/1138/1
f 647/1143/5 654/2562/5 655/1144/5
f 656/1146/3 655/1149/3 653/1147/3
f 655/1149/4 657/1155/4 660/1150/4
f 659/1151/5 657/2563/5 658/1152/5
f 659/1154/1 662/1160/1 660/1150/1
f 660/1156/6 662/2568/6 663/1157/6
f 656/1159/2 664/2570/2 662/1160/2
f 666/1161/2 663/2571/2 665/1162/2
f 666/1164/3 658/1169/3 661/1165/3
f 667/1163/1 665/1162/1 669/1167/1
f 658/1169/4 668/1168/4 669/1167/4
f 651/1170/2 670/1132/2 671/1124/2
f 670/1132/3 672/1121/3 644/1123/3
f 673/1171/5 674/2572/5 678/1172/5
f 675/1174/1 683/1226/1 674/1175/1
f 704/1177/4 675/2573/4 673/1178/4
f 686/2574/5 678/1172/5 674/2572/5
f 676/1179/5 673/1171/5 688/1201/5
f 673/1171/5 677/1173/5 679/1199/5
f 673/1171/5 679/1199/5 688/1201/5
f 686/2574/5 674/2572/5 687/1200/5
f 674/2572/5 703/1180/5 687/1200/5
f 676/1179/5 688/1201/5 691/1207/5
f 689/2575/5 687/1200/5 703/1180/5
f 690/1208/5 689/2575/5 703/1180/5
f 676/1179/5 691/1207/5 698/1209/5
f 676/1179/5 698/1209/5 699/2576/5
f 700/1181/5 690/1208/5 703/1180/5
f 676/1179/5 699/2576/5 700/1181/5
f 677/1182/3 678/1193/3 682/1183/3
f 677/1185/2 680/2577/2 681/1186/2
f 681/2578/6 680/2579/6 675/1190/6
f 702/1188/6 683/1192/6 685/1197/6
f 683/1192/6 682/1191/6 684/1195/6
f 683/1192/6 684/1195/6 685/1197/6
f 681/2578/6 675/1190/6 696/1196/6
f 675/1190/6 704/1177/6 696/1196/6
f 702/1188/6 685/1197/6 692/1212/6
f 694/2580/6 696/1196/6 704/1177/6
f 695/1213/6 694/2580/6 704/1177/6
f 702/1188/6 692/1212/6 693/1214/6
f 702/1188/6 693/1214/6 701/2581/6
f 697/1189/6 695/1213/6 704/1177/6
f 702/1188/6 701/2581/6 697/1189/6
f 675/1190/6 680/2579/6 682/1191/6
f 678/1193/4 686/1198/4 684/1194/4
f 684/1195/6 681/2578/6 696/1196/6
f 679/1187/1 681/1186/1 684/1194/1
f 679/1199/5 686/2574/5 687/1200/5
f 688/1202/3 687/1205/3 685/1203/3
f 687/1205/4 689/1211/4 692/1206/4
f 691/1207/5 689/2575/5 690/1208/5
f 691/1210/1 694/1216/1 692/1206/1
f 692/1212/6 694/2580/6 695/1213/6
f 688/1215/2 696/2582/2 694/1216/2
f 698/1217/2 695/2583/2 697/1218/2
f 698/1220/3 690/1225/3 693/1221/3
f 699/1219/1 697/1218/1 701/1223/1
f 690/1225/4 700/1224/4 701/1223/4
f 683/1226/2 702/1188/2 703/1180/2
f 702/1188/3 704/1177/3 676/1179/3
f 705/1227/5 706/2584/5 710/1228/5
f 707/1230/1 715/1282/1 706/1231/1
f 736/1233/4 707/2585/4 705/1234/4
f 718/2586/5 710/1228/5 706/2584/5
f 708/1235/5 705/1227/5 720/1257/5
f 705/1227/5 709/1229/5 711/1255/5
f 705/1227/5 711/1255/5 720/1257/5
f 718/2586/5 706/2584/5 719/1256/5
f 706/2584/5 735/1236/5 719/1256/5
f 708/1235/5 720/1257/5 723/1263/5
f 721/2587/5 719/1256/5 735/1236/5
f 722/1264/5 721/2587/5 735/1236/5
f 708/1235/5 723/1263/5 730/1265/5
f 708/1235/5 730/1265/5 731/2588/5
f 732/1237/5 722/1264/5 735/1236/5
f 708/1235/5 731/2588/5 732/1237/5
f 709/1238/3 710/1249/3 714/1239/3
f 709/1241/2 712/2589/2 713/1242/2
f 713/2590/6 712/2591/6 707/1246/6
f 734/1244/6 715/1248/6 717/1253/6
f 715/1248/6 714/1247/6 716/1251/6
f 715/1248/6 716/1251/6 717/1253/6
f 713/2590/6 707/1246/6 728/1252/6
f 707/1246/6 736/1233/6 728/1252/6
f 734/1244/6 717/1253/6 724/1268/6
f 726/2592/6 728/1252/6 736/1233/6
f 727/1269/6 726/2592/6 736/1233/6
f 734/1244/6 724/1268/6 725/1270/6
f 734/1244/6 725/1270/6 733/2593/6
f 729/1245/6 727/1269/6 736/1233/6
f 734/1244/6 733/2593/6 729/1245/6
f 707/1246/6 712/2591/6 714/1247/6
f 710/1249/4 718/1254/4 716/1250/4
f 716/1251/6 713/2590/6 728/1252/6
f 711/1243/1 713/1242/1 716/1250/1
f 711/1255/5 718/2586/5 719/1256/5
f 720/1258/3 719/1261/3 717/1259/3
f 719/1261/4 721/1267/4 724/1262/4
f 723/1263/5 721/2587/5 722/1264/5
f 723/1266/1 726/1272/1 724/1262/1
f 724/1268/6 726/2592/6 727/1269/6
f 720/1271/2 728/2594/2 726/1272/2
f 730/1273/2 727/2595/2 729/1274/2
f 730/1276/3 722/1281/3 725/1277/3
f 731/1275/1 729/1274/1 733/1279/1
f 722/1281/4 732/1280/4 733/1279/4
f 715/1282/2 734/1244/2 735/1236/2
f 734/1244/3 736/1233/3 708/1235/3
f 741/1283/5 737/2596/5 738/1284/5
f 739/1286/1 747/1338/1 738/1287/1
f 768/1289/4 739/2597/4 737/1290/4
f 750/2598/5 742/1285/5 738/1284/5
f 740/1291/5 737/2596/5 752/1313/5
f 737/2596/5 741/1283/5 743/1311/5
f 737/2596/5 743/1311/5 752/1313/5
f 750/2598/5 738/1284/5 751/1312/5
f 738/1284/5 767/1292/5 751/1312/5
f 740/1291/5 752/1313/5 755/1319/5
f 753/2599/5 751/1312/5 767/1292/5
f 754/1320/5 753/2599/5 767/1292/5
f 740/1291/5 755/1319/5 762/1321/5
f 740/1291/5 762/1321/5 763/2600/5
f 764/1293/5 754/1320/5 767/1292/5
f 740/1291/5 763/2600/5 764/1293/5
f 741/1294/3 742/1305/3 746/1295/3
f 741/1297/2 744/2601/2 745/1298/2
f 745/2602/6 744/1303/6 739/2603/6
f 766/1300/6 747/1302/6 749/1309/6
f 747/1302/6 746/1304/6 748/1307/6
f 747/1302/6 748/1307/6 749/1309/6
f 745/2602/6 739/2603/6 760/1308/6
f 739/2603/6 768/1289/6 760/1308/6
f 766/1300/6 749/1309/6 756/1324/6
f 758/2604/6 760/1308/6 768/1289/6
f 759/1325/6 758/2604/6 768/1289/6
f 766/1300/6 756/1324/6 757/1326/6
f 766/1300/6 757/1326/6 765/2605/6
f 761/1301/6 759/1325/6 768/1289/6
f 766/1300/6 765/2605/6 761/1301/6
f 747/1302/6 739/2603/6 744/1303/6
f 742/1305/4 750/1310/4 748/1306/4
f 748/1307/6 745/2602/6 760/1308/6
f 743/1299/1 745/1298/1 748/1306/1
f 743/1311/5 750/2598/5 751/1312/5
f 752/1314/3 751/1317/3 749/1315/3
f 751/1317/4 753/1323/4 756/1318/4
f 755/1319/5 753/2599/5 754/1320/5
f 755/1322/1 758/1328/1 756/1318/1
f 756/1324/6 758/2604/6 759/1325/6
f 752/1327/2 760/2606/2 758/1328/2
f 762/1329/2 759/2607/2 761/1330/2
f 762/1332/3 754/1337/3 757/1333/3
f 763/1331/1 761/1330/1 765/1335/1
f 754/1337/4 764/1336/4 765/1335/4
f 747/1338/2 766/1300/2 767/1292/2
f 766/1300/3 768/1289/3 740/1291/3
f 773/1339/5 769/2608/5 770/1340/5
f 771/1342/1 779/1395/1 770/1343/1
f 800/1345/4 771/2609/4 769/1346/4
f 782/2610/5 774/1341/5 770/1340/5
f 772/1347/5 769/2608/5 784/1370/5
f 769/2608/5 773/1339/5 775/1368/5
f 769/2608/5 775/1368/5 784/1370/5
f 782/2610/5 770/1340/5 783/1369/5
f 770/1340/5 799/1350/5 783/1369/5
f 772/1347/5 784/1370/5 787/1376/5
f 785/2611/5 783/1369/5 799/1350/5
f 786/1377/5 785/2611/5 799/1350/5
f 772/1347/5 787/1376/5 794/1378/5
f 772/1347/5 794/1378/5 795/1348/5
f 796/1349/5 786/1377/5 799/1350/5
f 772/1347/5 795/1348/5 799/1350/5
f 773/1351/3 774/1362/3 778/1352/3
f 773/1354/2 776/2612/2 777/1355/2
f 777/2613/6 776/1360/6 771/2614/6
f 798/1357/6 779/1359/6 781/1366/6
f 779/1359/6 778/1361/6 780/1364/6
f 779/1359/6 780/1364/6 781/1366/6
f 777/2613/6 771/2614/6 792/1365/6
f 771/2614/6 800/1345/6 792/1365/6
f 798/1357/6 781/1366/6 788/1381/6
f 790/2615/6 792/1365/6 800/1345/6
f 791/1382/6 790/2615/6 800/1345/6
f 798/1357/6 788/1381/6 789/1383/6
f 798/1357/6 789/1383/6 797/2616/6
f 793/1358/6 791/1382/6 800/1345/6
f 798/1357/6 797/2616/6 793/1358/6
f 779/1359/6 771/2614/6 776/1360/6
f 774/1362/4 782/1367/4 780/1363/4
f 780/1364/6 777/2613/6 792/1365/6
f 775/1356/1 777/1355/1 780/1363/1
f 775/1368/5 782/2610/5 783/1369/5
f 784/1371/3 783/1374/3 781/1372/3
f 783/1374/4 785/1380/4 788/1375/4
f 787/1376/5 785/2611/5 786/1377/5
f 787/1379/1 790/1385/1 788/1375/1
f 788/1381/6 790/2615/6 791/1382/6
f 784/1384/2 792/2617/2 790/1385/2
f 794/1386/2 791/2618/2 793/1387/2
f 794/1389/3 786/1394/3 789/1390/3
f 795/1388/1 793/1387/1 797/1392/1
f 786/1394/4 796/1393/4 797/1392/4
f 779/1395/2 798/1357/2 799/1350/2
f 798/1357/3 800/1345/3 772/1347/3
f 801/1396/5 802/2619/5 806/1397/5
f 803/1399/1 811/1451/1 802/1400/1
f 832/1402/4 803/2620/4 801/1403/4
f 814/2621/5 806/1397/5 802/2619/5
f 804/1404/5 801/1396/5 816/1426/5
f 801/1396/5 805/1398/5 807/1424/5
f 801/1396/5 807/1424/5 816/1426/5
f 814/2621/5 802/2619/5 815/1425/5
f 802/2619/5 831/1405/5 815/1425/5
f 804/1404/5 816/1426/5 819/1432/5
f 817/2622/5 815/1425/5 831/1405/5
f 818/1433/5 817/2622/5 831/1405/5
f 804/1404/5 819/1432/5 826/1434/5
f 804/1404/5 826/1434/5 827/2623/5
f 828/1406/5 818/1433/5 831/1405/5
f 804/1404/5 827/2623/5 828/1406/5
f 805/1407/3 806/1418/3 810/1408/3
f 805/1410/2 808/2624/2 809/1411/2
f 809/2625/6 808/2626/6 803/1415/6
f 830/1413/6 811/1417/6 813/1422/6
f 811/1417/6 810/1416/6 812/1420/6
f 811/1417/6 812/1420/6 813/1422/6
f 809/2625/6 803/1415/6 824/1421/6
f 803/1415/6 832/1402/6 824/1421/6
f 830/1413/6 813/1422/6 820/1437/6
f 822/2627/6 824/1421/6 832/1402/6
f 823/1438/6 822/2627/6 832/1402/6
f 830/1413/6 820/1437/6 821/1439/6
f 830/1413/6 821/1439/6 829/2628/6
f 825/1414/6 823/1438/6 832/1402/6
f 830/1413/6 829/2628/6 825/1414/6
f 803/1415/6 808/2626/6 810/1416/6
f 806/1418/4 814/1423/4 812/1419/4
f 812/1420/6 809/2625/6 824/1421/6
f 807/1412/1 809/1411/1 812/1419/1
f 807/1424/5 814/2621/5 815/1425/5
f 816/1427/3 815/1430/3 813/1428/3
f 815/1430/4 817/1436/4 820/1431/4
f 819/1432/5 817/2622/5 818/1433/5
f 819/1435/1 822/1441/1 820/1431/1
f 820/1437/6 822/2627/6 823/1438/6
f 816/1440/2 824/2629/2 822/1441/2
f 826/1442/2 823/2630/2 825/1443/2
f 826/1445/3 818/1450/3 821/1446/3
f 827/1444/1 825/1443/1 829/1448/1
f 818/1450/4 828/1449/4 829/1448/4
f 811/1451/2 830/1413/2 831/1405/2
f 830/1413/3 832/1402/3 804/1404/3
f 837/1452/5 833/2631/5 834/1453/5
f 835/1455/1 843/1508/1 834/1456/1
f 864/1458/4 835/2632/4 833/1459/4
f 846/2633/5 838/1454/5 834/1453/5
f 836/1460/5 833/2631/5 848/1483/5
f 833/2631/5 837/1452/5 839/1481/5
f 833/2631/5 839/1481/5 848/1483/5
f 846/2633/5 834/1453/5 847/1482/5
f 834/1453/5 863/1463/5 847/1482/5
f 836/1460/5 848/1483/5 851/1489/5
f 849/2634/5 847/1482/5 863/1463/5
f 850/1490/5 849/2634/5 863/1463/5
f 836/1460/5 851/1489/5 858/1491/5
f 836/1460/5 858/1491/5 859/1461/5
f 860/1462/5 850/1490/5 863/1463/5
f 836/1460/5 859/1461/5 863/1463/5
f 837/1464/3 838/1475/3 842/1465/3
f 837/1467/2 840/2635/2 841/1468/2
f 841/2636/6 840/1473/6 835/2637/6
f 862/1470/6 843/1472/6 845/1479/6
f 843/1472/6 842/1474/6 844/1477/6
f 843/1472/6 844/1477/6 845/1479/6
f 841/2636/6 835/2637/6 856/1478/6
f 835/2637/6 864/1458/6 856/1478/6
f 862/1470/6 845/1479/6 852/1494/6
f 854/2638/6 856/1478/6 864/1458/6
f 855/1495/6 854/2638/6 864/1458/6
f 862/1470/6 852/1494/6 853/1496/6
f 862/1470/6 853/1496/6 861/2639/6
f 857/1471/6 855/1495/6 864/1458/6
f 862/1470/6 861/2639/6 857/1471/6
f 843/1472/6 835/2637/6 840/1473/6
f 838/1475/4 846/1480/4 844/1476/4
f 844/1477/6 841/2636/6 856/1478/6
f 839/1469/1 841/1468/1 844/1476/1
f 839/1481/5 846/2633/5 847/1482/5
f 848/1484/3 847/1487/3 845/1485/3
f 847/1487/4 849/1493/4 852/1488/4
f 851/1489/5 849/2634/5 850/1490/5
f 851/1492/1 854/1498/1 852/1488/1
f 852/1494/6 854/2638/6 855/1495/6
f 848/1497/2 856/2640/2 854/1498/2
f 858/1499/2 855/2641/2 857/1500/2
f 858/1502/3 850/1507/3 853/1503/3
f 859/1501/1 857/1500/1 861/1505/1
f 850/1507/4 860/1506/4 861/1505/4
f 843/1508/2 862/1470/2 863/1463/2
f 862/1470/3 864/1458/3 836/1460/3
f 869/1509/5 865/2642/5 866/1510/5
f 867/1512/1 875/1565/1 866/1513/1
f 896/1515/4 867/2643/4 865/1516/4
f 878/2644/5 870/1511/5 866/1510/5
f 868/1517/5 865/2642/5 880/1540/5
f 865/2642/5 869/1509/5 871/1538/5
f 865/2642/5 871/1538/5 880/1540/5
f 878/2644/5 866/1510/5 879/1539/5
f 866/1510/5 895/1520/5 879/1539/5
f 868/1517/5 880/1540/5 883/1546/5
f 881/2645/5 879/1539/5 895/1520/5
f 882/1547/5 881/2645/5 895/1520/5
f 868/1517/5 883/1546/5 890/1548/5
f 868/1517/5 890/1548/5 891/1518/5
f 892/1519/5 882/1547/5 895/1520/5
f 868/1517/5 891/1518/5 895/1520/5
f 869/1521/3 870/1532/3 874/1522/3
f 869/1524/2 872/2646/2 873/1525/2
f 873/2647/6 872/1530/6 867/2648/6
f 894/1527/6 875/1529/6 877/1536/6
f 875/1529/6 874/1531/6 876/1534/6
f 875/1529/6 876/1534/6 877/1536/6
f 873/2647/6 867/2648/6 888/1535/6
f 867/2648/6 896/1515/6 888/1535/6
f 894/1527/6 877/1536/6 884/1551/6
f 886/2649/6 888/1535/6 896/1515/6
f 887/1552/6 886/2649/6 896/1515/6
f 894/1527/6 884/1551/6 885/1553/6
f 894/1527/6 885/1553/6 893/2650/6
f 889/1528/6 887/1552/6 896/1515/6
f 894/1527/6 893/2650/6 889/1528/6
f 875/1529/6 867/2648/6 872/1530/6
f 870/1532/4 878/1537/4 876/1533/4
f 876/1534/6 873/2647/6 888/1535/6
f 871/1526/1 873/1525/1 876/1533/1
f 871/1538/5 878/2644/5 879/1539/5
f 880/1541/3 879/1544/3 877/1542/3
f 879/1544/4 881/1550/4 884/1545/4
f 883/1546/5 881/2645/5 882/1547/5
f 883/1549/1 886/1555/1 884/1545/1
f 884/1551/6 886/2649/6 887/1552/6
f 880/1554/2 888/2651/2 886/1555/2
f 890/1556/2 887/2652/2 889/1557/2
f 890/1559/3 882/1564/3 885/1560/3
f 891/1558/1 889/1557/1 893/1562/1
f 882/1564/4 892/1563/4 893/1562/4
f 875/1565/2 894/1527/2 895/1520/2
f 894/1527/3 896/1515/3 868/1517/3
f 901/1566/5 897/2653/5 898/1567/5
f 899/1569/1 907/1621/1 898/1570/1
f 928/1572/4 899/2654/4 897/1573/4
f 910/2655/5 902/1568/5 898/1567/5
f 900/1574/5 897/2653/5 912/1596/5
f 897/2653/5 901/1566/5 903/1594/5
f 897/2653/5 903/1594/5 912/1596/5
f 910/2655/5 898/1567/5 911/1595/5
f 898/1567/5 927/1575/5 911/1595/5
f 900/1574/5 912/1596/5 915/1602/5
f 913/2656/5 911/1595/5 927/1575/5
f 914/1603/5 913/2656/5 927/1575/5
f 900/1574/5 915/1602/5 922/1604/5
f 900/1574/5 922/1604/5 923/2657/5
f 924/1576/5 914/1603/5 927/1575/5
f 900/1574/5 923/2657/5 924/1576/5
f 901/1577/3 902/1588/3 906/1578/3
f 901/1580/2 904/2658/2 905/1581/2
f 905/2659/6 904/1586/6 899/2660/6
f 926/1583/6 907/1585/6 909/1592/6
f 907/1585/6 906/1587/6 908/1590/6
f 907/1585/6 908/1590/6 909/1592/6
f 905/2659/6 899/2660/6 920/1591/6
f 899/2660/6 928/1572/6 920/1591/6
f 926/1583/6 909/1592/6 916/1607/6
f 918/2661/6 920/1591/6 928/1572/6
f 919/1608/6 918/2661/6 928/1572/6
f 926/1583/6 916/1607/6 917/1609/6
f 926/1583/6 917/1609/6 925/2662/6
f 921/1584/6 919/1608/6 928/1572/6
f 926/1583/6 925/2662/6 921/1584/6
f 907/1585/6 899/2660/6 904/1586/6
f 902/1588/4 910/1593/4 908/1589/4
f 908/1590/6 905/2659/6 920/1591/6
f 903/1582/1 905/1581/1 908/1589/1
f 903/1594/5 910/2655/5 911/1595/5
f 912/1597/3 911/1600/3 909/1598/3
f 911/1600/4 913/1606/4 916/1601/4
f 915/1602/5 913/2656/5 914/1603/5
f 915/1605/1 918/1611/1 916/1601/1
f 916/1607/6 918/2661/6 919/1608/6
f 912/1610/2 920/2663/2 918/1611/2
f 922/1612/2 919/2664/2 921/1613/2
f 922/1615/3 914/1620/3 917/1616/3
f 923/1614/1 921/1613/1 925/1618/1
f 914/1620/4 924/1619/4 925/1618/4
f 907/1621/2 926/1583/2 927/1575/2
f 926/1583/3 928/1572/3 900/1574/3
f 929/1622/5 930/2665/5 934/1623/5
f 931/1625/1 939/1677/1 930/1626/1
f 960/1628/4 931/2666/4 929/1629/4
f 942/2667/5 934/1623/5 930/2665/5
f 932/1630/5 929/1622/5 944/1652/5
f 929/1622/5 933/1624/5 935/1650/5
f 929/1622/5 935/1650/5 944/1652/5
f 942/2667/5 930/2665/5 943/1651/5
f 930/2665/5 959/1631/5 943/1651/5
f 932/1630/5 944/1652/5 947/1658/5
f 945/2668/5 943/1651/5 959/1631/5
f 946/1659/5 945/2668/5 959/1631/5
f 932/1630/5 947/1658/5 954/1660/5
f 932/1630/5 954/1660/5 955/2669/5
f 956/1632/5 946/1659/5 959/1631/5
f 932/1630/5 955/2669/5 956/1632/5
f 933/1633/3 934/1644/3 938/1634/3
f 933/1636/2 936/2670/2 937/1637/2
f 937/2671/6 936/2672/6 931/1641/6
f 958/1639/6 939/1643/6 941/1648/6
f 939/1643/6 938/1642/6 940/1646/6
f 939/1643/6 940/1646/6 941/1648/6
f 937/2671/6 931/1641/6 952/1647/6
f 931/1641/6 960/1628/6 952/1647/6
f 958/1639/6 941/1648/6 948/1663/6
f 950/2673/6 952/1647/6 960/1628/6
f 951/1664/6 950/2673/6 960/1628/6
f 958/1639/6 948/1663/6 949/1665/6
f 958/1639/6 949/1665/6 957/2674/6
f 953/1640/6 951/1664/6 960/1628/6
f 958/1639/6 957/2674/6 953/1640/6
f 931/1641/6 936/2672/6 938/1642/6
f 934/1644/4 942/1649/4 940/1645/4
f 940/1646/6 937/2671/6 952/1647/6
f 935/1638/1 937/1637/1 940/1645/1
f 935/1650/5 942/2667/5 943/1651/5
f 944/1653/3 943/1656/3 941/1654/3
f 943/1656/4 945/1662/4 948/1657/4
f 947/1658/5 945/2668/5 946/1659/5
f 947/1661/1 950/1667/1 948/1657/1
f 948/1663/6 950/2673/6 951/1664/6
f 944/1666/2 952/2675/2 950/1667/2
f 954/1668/2 951/2676/2 953/1669/2
f 954/1671/3 946/1676/3 949/1672/3
f 955/1670/1 953/1669/1 957/1674/1
f 946/1676/4 956/1675/4 957/1674/4
f 939/1677/2 958/1639/2 959/1631/2
f 958/1639/3 960/1628/3 932/1630/3
f 961/1678/5 962/2677/5 966/1679/5
f 963/1681/1 971/1733/1 962/1682/1
f 992/1684/4 963/2678/4 961/1685/4
f 974/2679/5 966/1679/5 962/2677/5
f 964/1686/5 961/1678/5 976/1708/5
f 961/1678/5 965/1680/5 967/1706/5
f 961/1678/5 967/1706/5 976/1708/5
f 974/2679/5 962/2677/5 975/1707/5
f 962/2677/5 991/1687/5 975/1707/5
f 964/1686/5 976/1708/5 979/1714/5
f 977/2680/5 975/1707/5 991/1687/5
f 978/1715/5 977/2680/5 991/1687/5
f 964/1686/5 979/1714/5 986/1716/5
f 964/1686/5 986/1716/5 987/2681/5
f 988/1688/5 978/1715/5 991/1687/5
f 964/1686/5 987/2681/5 988/1688/5
f 965/1689/3 966/1700/3 970/1690/3
f 965/1692/2 968/2682/2 969/1693/2
f 969/2683/6 968/2684/6 963/1697/6
f 990/1695/6 971/1699/6 973/1704/6
f 971/1699/6 970/1698/6 972/1702/6
f 971/1699/6 972/1702/6 973/1704/6
f 969/2683/6 963/1697/6 984/1703/6
f 963/1697/6 992/1684/6 984/1703/6
f 990/1695/6 973/1704/6 980/1719/6
f 982/2685/6 984/1703/6 992/1684/6
f 983/1720/6 982/2685/6 992/1684/6
f 990/1695/6 980/1719/6 981/1721/6
f 990/1695/6 981/1721/6 989/2686/6
f 985/1696/6 983/1720/6 992/1684/6
f 990/1695/6 989/2686/6 985/1696/6
f 963/1697/6 968/2684/6 970/1698/6
f 966/1700/4 974/1705/4 972/1701/4
f 972/1702/6 969/2683/6 984/1703/6
f 967/1694/1 969/1693/1 972/1701/1
f 967/1706/5 974/2679/5 975/1707/5
f 976/1709/3 975/1712/3 973/1710/3
f 975/1712/4 977/1718/4 980/1713/4
f 979/1714/5 977/2680/5 978/1715/5
f 979/1717/1 982/1723/1 980/1713/1
f 980/1719/6 982/2685/6 983/1720/6
f 976/1722/2 984/2687/2 982/1723/2
f 986/1724/2 983/2688/2 985/1725/2
f 986/1727/3 978/1732/3 981/1728/3
f 987/1726/1 985/1725/1 989/1730/1
f 978/1732/4 988/1731/4 989/1730/4
f 971/1733/2 990/1695/2 991/1687/2
f 990/1695/3 992/1684/3 964/1686/3
f 997/1734/5 993/2689/5 994/1735/5
f 995/1737/1 1003/1789/1 994/1738/1
f 1024/1740/4 995/2690/4 993/1741/4
f 1006/2691/5 998/1736/5 994/1735/5
f 996/1742/5 993/2689/5 1008/1764/5
f 993/2689/5 997/1734/5 999/1762/5
f 993/2689/5 999/1762/5 1008/1764/5
f 1006/2691/5 994/1735/5 1007/1763/5
f 994/1735/5 1023/1743/5 1007/1763/5
f 996/1742/5 1008/1764/5 1011/1770/5
f 1009/2692/5 1007/1763/5 1023/1743/5
f 1010/1771/5 1009/2692/5 1023/1743/5
f 996/1742/5 1011/1770/5 1018/1772/5
f 996/1742/5 1018/1772/5 1019/2693/5
f 1020/1744/5 1010/1771/5 1023/1743/5
f 996/1742/5 1019/2693/5 1020/1744/5
f 997/1745/3 998/1756/3 1002/1746/3
f 997/1748/2 1000/2694/2 1001/1749/2
f 1001/2695/6 1000/1754/6 995/2696/6
f 1022/1751/6 1003/1753/6 1005/1760/6
f 1003/1753/6 1002/1755/6 1004/1758/6
f 1003/1753/6 1004/1758/6 1005/1760/6
f 1001/2695/6 995/2696/6 1016/1759/6
f 995/2696/6 1024/1740/6 1016/1759/6
f 1022/1751/6 1005/1760/6 1012/1775/6
f 1014/2697/6 1016/1759/6 1024/1740/6
f 1015/1776/6 1014/2697/6 1024/1740/6
f 1022/1751/6 1012/1775/6 1013/1777/6
f 1022/1751/6 1013/1777/6 1021/2698/6
f 1017/1752/6 1015/1776/6 1024/1740/6
f 1022/1751/6 1021/2698/6 1017/1752/6
f 1003/1753/6 995/2696/6 1000/1754/6
f 998/1756/4 1006/1761/4 1004/1757/4
f 1004/1758/6 1001/2695/6 1016/1759/6
f 999/1750/1 1001/1749/1 1004/1757/1
f 999/1762/5 1006/2691/5 1007/1763/5
f 1008/1765/3 1007/1768/3 1005/1766/3
f 1007/1768/4 1009/1774/4 1012/1769/4
f 1011/1770/5 1009/2692/5 1010/1771/5
f 1011/1773/1 1014/1779/1 1012/1769/1
f 1012/1775/6 1014/2697/6 1015/1776/6
f 1008/1778/2 1016/2699/2 1014/1779/2
f 1018/1780/2 1015/2700/2 1017/1781/2
f 1018/1783/3 1010/1788/3 1013/1784/3
f 1019/1782/1 1017/1781/1 1021/1786/1
f 1010/1788/4 1020/1787/4 1021/1786/4
f 1003/1789/2 1022/1751/2 1023/1743/2
f 1022/1751/3 1024/1740/3 996/1742/3
f 1025/1790/5 1026/2701/5 1030/1791/5
f 1027/1793/1 1035/1845/1 1026/1794/1
f 1056/1796/4 1027/2702/4 1025/1797/4
f 1038/2703/5 1030/1791/5 1026/2701/5
f 1028/1798/5 1025/1790/5 1040/1820/5
f 1025/1790/5 1029/1792/5 1031/1818/5
f 1025/1790/5 1031/1818/5 1040/1820/5
f 1038/2703/5 1026/2701/5 1039/1819/5
f 1026/2701/5 1055/1799/5 1039/1819/5
f 1028/1798/5 1040/1820/5 1043/1826/5
f 1041/2704/5 1039/1819/5 1055/1799/5
f 1042/1827/5 1041/2704/5 1055/1799/5
f 1028/1798/5 1043/1826/5 1050/1828/5
f 1028/1798/5 1050/1828/5 1051/2705/5
f 1052/1800/5 1042/1827/5 1055/1799/5
f 1028/1798/5 1051/2705/5 1052/1800/5
f 1029/1801/3 1030/1812/3 1034/1802/3
f 1029/1804/2 1032/2706/2 1033/1805/2
f 1033/2707/6 1032/2708/6 1027/1809/6
f 1054/1807/6 1035/1811/6 1037/1816/6
f 1035/1811/6 1034/1810/6 1036/1814/6
f 1035/1811/6 1036/1814/6 1037/1816/6
f 1033/2707/6 1027/1809/6 1048/1815/6
f 1027/1809/6 1056/1796/6 1048/1815/6
f 1054/1807/6 1037/1816/6 1044/1831/6
f 1046/2709/6 1048/1815/6 1056/1796/6
f 1047/1832/6 1046/2709/6 1056/1796/6
f 1054/1807/6 1044/1831/6 1045/1833/6
f 1054/1807/6 1045/1833/6 1053/2710/6
f 1049/1808/6 1047/1832/6 1056/1796/6
f 1054/1807/6 1053/2710/6 1049/1808/6
f 1027/1809/6 1032/2708/6 1034/1810/6
f 1030/1812/4 1038/1817/4 1036/1813/4
f 1036/1814/6 1033/2707/6 1048/1815/6
f 1031/1806/1 1033/1805/1 1036/1813/1
f 1031/1818/5 1038/2703/5 1039/1819/5
f 1040/1821/3 1039/1824/3 1037/1822/3
f 1039/1824/4 1041/1830/4 1044/1825/4
f 1043/1826/5 1041/2704/5 1042/1827/5
f 1043/1829/1 1046/1835/1 1044/1825/1
f 1044/1831/6 1046/2709/6 1047/1832/6
f 1040/1834/2 1048/2711/2 1046/1835/2
f 1050/1836/2 1047/2712/2 1049/1837/2
f 1050/1839/3 1042/1844/3 1045/1840/3
f 1051/1838/1 1049/1837/1 1053/1842/1
f 1042/1844/4 1052/1843/4 1053/1842/4
f 1035/1845/2 1054/1807/2 1055/1799/2
f 1054/1807/3 1056/1796/3 1028/1798/3
f 1057/1846/5 1058/2713/5 1062/1847/5
f 1059/1849/1 1067/1901/1 1058/1850/1
f 1088/1852/4 1059/2714/4 1057/1853/4
f 1070/2715/5 1062/1847/5 1058/2713/5
f 1060/1854/5 1057/1846/5 1072/1876/5
f 1057/1846/5 1061/1848/5 1063/1874/5
f 1057/1846/5 1063/1874/5 1072/1876/5
f 1070/2715/5 1058/2713/5 1071/1875/5
f 1058/2713/5 1087/1855/5 1071/1875/5
f 1060/1854/5 1072/1876/5 1075/1882/5
f 1073/2716/5 1071/1875/5 1087/1855/5
f 1074/1883/5 1073/2716/5 1087/1855/5
f 1060/1854/5 1075/1882/5 1082/1884/5
f 1060/1854/5 1082/1884/5 1083/2717/5
f 1084/1856/5 1074/1883/5 1087/1855/5
f 1060/1854/5 1083/2717/5 1084/1856/5
f 1061/1857/3 1062/1868/3 1066/1858/3
f 1061/1860/2 1064/2718/2 1065/1861/2
f 1065/2719/6 1064/2720/6 1059/1865/6
f 1086/1863/6 1067/1867/6 1069/1872/6
f 1067/1867/6 1066/1866/6 1068/1870/6
f 1067/1867/6 1068/1870/6 1069/1872/6
f 1065/2719/6 1059/1865/6 1080/1871/6
f 1059/1865/6 1088/1852/6 1080/1871/6
f 1086/1863/6 1069/1872/6 1076/1887/6
f 1078/2721/6 1080/1871/6 1088/1852/6
f 1079/1888/6 1078/2721/6 1088/1852/6
f 1086/1863/6 1076/1887/6 1077/1889/6
f 1086/1863/6 1077/1889/6 1085/2722/6
f 1081/1864/6 1079/1888/6 1088/1852/6
f 1086/1863/6 1085/2722/6 1081/1864/6
f 1059/1865/6 1064/2720/6 1066/1866/6
f 1062/1868/4 1070/1873/4 1068/1869/4
f 1068/1870/6 1065/2719/6 1080/1871/6
f 1063/1862/1 1065/1861/1 1068/1869/1
f 1063/1874/5 1070/2715/5 1071/1875/5
f 1072/1877/3 1071/1880/3 1069/1878/3
f 1071/1880/4 1073/1886/4 1076/1881/4
f 1075/1882/5 1073/2716/5 1074/1883/5
f 1075/1885/1 1078/1891/1 1076/1881/1
f 1076/1887/6 1078/2721/6 1079/1888/6
f 1072/1890/2 1080/2723/2 1078/1891/2
f 1082/1892/2 1079/2724/2 1081/1893/2
f 1082/1895/3 1074/1900/3 1077/1896/3
f 1083/1894/1 1081/1893/1 1085/1898/1
f 1074/1900/4 1084/1899/4 1085/1898/4
f 1067/1901/2 1086/1863/2 1087/1855/2
f 1086/1863/3 1088/1852/3 1060/1854/3
f 1093/1902/5 1089/2725/5 1090/1903/5
f 1091/1905/1 1099/1957/1 1090/1906/1
f 1120/1908/4 1091/2726/4 1089/1909/4
f 1102/2727/5 1094/1904/5 1090/1903/5
f 1092/1910/5 1089/2725/5 1104/1932/5
f 1089/2725/5 1093/1902/5 1095/1930/5
f 1089/2725/5 1095/1930/5 1104/1932/5
f 1102/2727/5 1090/1903/5 1103/1931/5
f 1090/1903/5 1119/1911/5 1103/1931/5
f 1092/1910/5 1104/1932/5 1107/1938/5
f 1105/2728/5 1103/1931/5 1119/1911/5
f 1106/1939/5 1105/2728/5 1119/1911/5
f 1092/1910/5 1107/1938/5 1114/1940/5
f 1092/1910/5 1114/1940/5 1115/2729/5
f 1116/1912/5 1106/1939/5 1119/1911/5
f 1092/1910/5 1115/2729/5 1116/1912/5
f 1093/1913/3 1094/1924/3 1098/1914/3
f 1093/1916/2 1096/2730/2 1097/1917/2
f 1097/2731/6 1096/1922/6 1091/2732/6
f 1118/1919/6 1099/1921/6 1101/1928/6
f 1099/1921/6 1098/1923/6 1100/1926/6
f 1099/1921/6 1100/1926/6 1101/1928/6
f 1097/2731/6 1091/2732/6 1112/1927/6
f 1091/2732/6 1120/1908/6 1112/1927/6
f 1118/1919/6 1101/1928/6 1108/1943/6
f 1110/2733/6 1112/1927/6 1120/1908/6
f 1111/1944/6 1110/2733/6 1120/1908/6
f 1118/1919/6 1108/1943/6 1109/1945/6
f 1118/1919/6 1109/1945/6 1117/2734/6
f 1113/1920/6 1111/1944/6 1120/1908/6
f 1118/1919/6 1117/2734/6 1113/1920/6
f 1099/1921/6 1091/2732/6 1096/1922/6
f 1094/1924/4 1102/1929/4 1100/1925/4
f 1100/1926/6 1097/2731/6 1112/1927/6
f 1095/1918/1 1097/1917/1 1100/1925/1
f 1095/1930/5 1102/2727/5 1103/1931/5
f 1104/1933/3 1103/1936/3 1101/1934/3
f 1103/1936/4 1105/1942/4 1108/1937/4
f 1107/1938/5 1105/2728/5 1106/1939/5
f 1107/1941/1 1110/1947/1 1108/1937/1
f 1108/1943/6 1110/2733/6 1111/1944/6
f 1104/1946/2 1112/2735/2 1110/1947/2
f 1114/1948/2 1111/2736/2 1113/1949/2
f 1114/1951/3 1106/1956/3 1109/1952/3
f 1115/1950/1 1113/1949/1 1117/1954/1
f 1106/1956/4 1116/1955/4 1117/1954/4
f 1099/1957/2 1118/1919/2 1119/1911/2
f 1118/1919/3 1120/1908/3 1092/1910/3
f 1125/1958/5 1121/2737/5 1122/1959/5
f 1123/1961/1 1131/2014/1 1122/1962/1
f 1152/1964/4 1123/2738/4 1121/1965/4
f 1134/2739/5 1126/1960/5 1122/1959/5
f 1124/1966/5 1121/2737/5 1136/1989/5
f 1121/2737/5 1125/1958/5 1127/1987/5
f 1121/2737/5 1127/1987/5 1136/1989/5
f 1134/2739/5 1122/1959/5 1135/1988/5
f 1122/1959/5 1151/1969/5 1135/1988/5
f 1124/1966/5 1136/1989/5 1139/1995/5
f 1137/2740/5 1135/1988/5 1151/1969/5
f 1138/1996/5 1137/2740/5 1151/1969/5
f 1124/1966/5 1139/1995/5 1146/1997/5
f 1124/1966/5 1146/1997/5 1147/1967/5
f 1148/1968/5 1138/1996/5 1151/1969/5
f 1124/1966/5 1147/1967/5 1151/1969/5
f 1125/1970/3 1126/1981/3 1130/1971/3
f 1125/1973/2 1128/2741/2 1129/1974/2
f 1129/2742/6 1128/1979/6 1123/2743/6
f 1150/1976/6 1131/1978/6 1133/1985/6
f 1131/1978/6 1130/1980/6 1132/1983/6
f 1131/1978/6 1132/1983/6 1133/1985/6
f 1129/2742/6 1123/2743/6 1144/1984/6
f 1123/2743/6 1152/1964/6 1144/1984/6
f 1150/1976/6 1133/1985/6 1140/2000/6
f 1142/2744/6 1144/1984/6 1152/1964/6
f 1143/2001/6 1142/2744/6 1152/1964/6
f 1150/1976/6 1140/2000/6 1141/2002/6
f 1150/1976/6 1141/2002/6 1149/2745/6
f 1145/1977/6 1143/2001/6 1152/1964/6
f 1150/1976/6 1149/2745/6 1145/1977/6
f 1131/1978/6 1123/2743/6 1128/1979/6
f 1126/1981/4 1134/1986/4 1132/1982/4
f 1132/1983/6 1129/2742/6 1144/1984/6
f 1127/1975/1 1129/1974/1 1132/1982/1
f 1127/1987/5 1134/2739/5 1135/1988/5
f 1136/1990/3 1135/1993/3 1133/1991/3
f 1135/1993/4 1137/1999/4 1140/1994/4
f 1139/1995/5 1137/2740/5 1138/1996/5
f 1139/1998/1 1142/2004/1 1140/1994/1
f 1140/2000/6 1142/2744/6 1143/2001/6
f 1136/2003/2 1144/2746/2 1142/2004/2
f 1146/2005/2 1143/2747/2 1145/2006/2
f 1146/2008/3 1138/2013/3 1141/2009/3
f 1147/2007/1 1145/2006/1 1149/2011/1
f 1138/2013/4 1148/2012/4 1149/2011/4
f 1131/2014/2 1150/1976/2 1151/1969/2
f 1150/1976/3 1152/1964/3 1124/1966/3
f 1157/2015/5 1153/2748/5 1154/2016/5
f 1155/2018/1 1163/2071/1 1154/2019/1
f 1184/2021/4 1155/2749/4 1153/2022/4
f 1166/2750/5 1158/2017/5 1154/2016/5
f 1156/2023/5 1153/2748/5 1168/2046/5
f 1153/2748/5 1157/2015/5 1159/2044/5
f 1153/2748/5 1159/2044/5 1168/2046/5
f 1166/2750/5 1154/2016/5 1167/2045/5
f 1154/2016/5 1183/2026/5 1167/2045/5
f 1156/2023/5 1168/2046/5 1171/2052/5
f 1169/2751/5 1167/2045/5 1183/2026/5
f 1170/2053/5 1169/2751/5 1183/2026/5
f 1156/2023/5 1171/2052/5 1178/2054/5
f 1156/2023/5 1178/2054/5 1179/2024/5
f 1180/2025/5 1170/2053/5 1183/2026/5
f 1156/2023/5 1179/2024/5 1183/2026/5
f 1157/2027/3 1158/2038/3 1162/2028/3
f 1157/2030/2 1160/2752/2 1161/2031/2
f 1161/2753/6 1160/2036/6 1155/2754/6
f 1182/2033/6 1163/2035/6 1165/2042/6
f 1163/2035/6 1162/2037/6 1164/2040/6
f 1163/2035/6 1164/2040/6 1165/2042/6
f 1161/2753/6 1155/2754/6 1176/2041/6
f 1155/2754/6 1184/2021/6 1176/2041/6
f 1182/2033/6 1165/2042/6 1172/2057/6
f 1174/2755/6 1176/2041/6 1184/2021/6
f 1175/2058/6 1174/2755/6 1184/2021/6
f 1182/2033/6 1172/2057/6 1173/2059/6
f 1182/2033/6 1173/2059/6 1181/2756/6
f 1177/2034/6 1175/2058/6 1184/2021/6
f 1182/2033/6 1181/2756/6 1177/2034/6
f 1163/2035/6 1155/2754/6 1160/2036/6
f 1158/2038/4 1166/2043/4 1164/2039/4
f 1164/2040/6 1161/2753/6 1176/2041/6
f 1159/2032/1 1161/2031/1 1164/2039/1
f 1159/2044/5 1166/2750/5 1167/2045/5
f 1168/2047/3 1167/2050/3 1165/2048/3
f 1167/2050/4 1169/2056/4 1172/2051/4
f 1171/2052/5 1169/2751/5 1170/2053/5
f 1171/2055/1 1174/2061/1 1172/2051/1
f 1172/2057/6 1174/2755/6 1175/2058/6
f 1168/2060/2 1176/2757/2 1174/2061/2
f 1178/2062/2 1175/2758/2 1177/2063/2
f 1178/2065/3 1170/2070/3 1173/2066/3
f 1179/2064/1 1177/2063/1 1181/2068/1
f 1170/2070/4 1180/2069/4 1181/2068/4
f 1163/2071/2 1182/2033/2 1183/2026/2
f 1182/2033/3 1184/2021/3 1156/2023/3
f 1189/2072/5 1185/2759/5 1186/2073/5
f 1187/2075/1 1195/2127/1 1186/2076/1
f 1216/2078/4 1187/2760/4 1185/2079/4
f 1198/2761/5 1190/2074/5 1186/2073/5
f 1188/2080/5 1185/2759/5 1200/2102/5
f 1185/2759/5 1189/2072/5 1191/2100/5
f 1185/2759/5 1191/2100/5 1200/2102/5
f 1198/2761/5 1186/2073/5 1199/2101/5
f 1186/2073/5 1215/2081/5 1199/2101/5
f 1188/2080/5 1200/2102/5 1203/2108/5
f 1201/2762/5 1199/2101/5 1215/2081/5
f 1202/2109/5 1201/2762/5 1215/2081/5
f 1188/2080/5 1203/2108/5 1210/2110/5
f 1188/2080/5 1210/2110/5 1211/2763/5
f 1212/2082/5 1202/2109/5 1215/2081/5
f 1188/2080/5 1211/2763/5 1212/2082/5
f 1189/2083/3 1190/2094/3 1194/2084/3
f 1189/2086/2 1192/2764/2 1193/2087/2
f 1193/2765/6 1192/2092/6 1187/2766/6
f 1214/2089/6 1195/2091/6 1197/2098/6
f 1195/2091/6 1194/2093/6 1196/2096/6
f 1195/2091/6 1196/2096/6 1197/2098/6
f 1193/2765/6 1187/2766/6 1208/2097/6
f 1187/2766/6 1216/2078/6 1208/2097/6
f 1214/2089/6 1197/2098/6 1204/2113/6
f 1206/2767/6 1208/2097/6 1216/2078/6
f 1207/2114/6 1206/2767/6 1216/2078/6
f 1214/2089/6 1204/2113/6 1205/2115/6
f 1214/2089/6 1205/2115/6 1213/2768/6
f 1209/2090/6 1207/2114/6 1216/2078/6
f 1214/2089/6 1213/2768/6 1209/2090/6
f 1195/2091/6 1187/2766/6 1192/2092/6
f 1190/2094/4 1198/2099/4 1196/2095/4
f 1196/2096/6 1193/2765/6 1208/2097/6
f 1191/2088/1 1193/2087/1 1196/2095/1
f 1191/2100/5 1198/2761/5 1199/2101/5
f 1200/2103/3 1199/2106/3 1197/2104/3
f 1199/2106/4 1201/2112/4 1204/2107/4
f 1203/2108/5 1201/2762/5 1202/2109/5
f 1203/2111/1 1206/2117/1 1204/2107/1
f 1204/2113/6 1206/2767/6 1207/2114/6
f 1200/2116/2 1208/2769/2 1206/2117/2
f 1210/2118/2 1207/2770/2 1209/2119/2
f 1210/2121/3 1202/2126/3 1205/2122/3
f 1211/2120/1 1209/2119/1 1213/2124/1
f 1202/2126/4 1212/2125/4 1213/2124/4
f 1195/2127/2 1214/2089/2 1215/2081/2
f 1214/2089/3 1216/2078/3 1188/2080/3
f 1221/2128/5 1217/2771/5 1218/2129/5
f 1219/2131/1 1227/2183/1 1218/2132/1
f 1248/2134/4 1219/2772/4 1217/2135/4
f 1230/2773/5 1222/2130/5 1218/2129/5
f 1220/2136/5 1217/2771/5 1232/2158/5
f 1217/2771/5 1221/2128/5 1223/2156/5
f 1217/2771/5 1223/2156/5 1232/2158/5
f 1230/2773/5 1218/2129/5 1231/2157/5
f 1218/2129/5 1247/2137/5 1231/2157/5
f 1220/2136/5 1232/2158/5 1235/2164/5
f 1233/2774/5 1231/2157/5 1247/2137/5
f 1234/2165/5 1233/2774/5 1247/2137/5
f 1220/2136/5 1235/2164/5 1242/2166/5
f 1220/2136/5 1242/2166/5 1243/2775/5
f 1244/2138/5 1234/2165/5 1247/2137/5
f 1220/2136/5 1243/2775/5 1244/2138/5
f 1221/2139/3 1222/2150/3 1226/2140/3
f 1221/2142/2 1224/2776/2 1225/2143/2
f 1225/2777/6 1224/2148/6 1219/2778/6
f 1246/2145/6 1227/2147/6 1229/2154/6
f 1227/2147/6 1226/2149/6 1228/2152/6
f 1227/2147/6 1228/2152/6 1229/2154/6
f 1225/2777/6 1219/2778/6 1240/2153/6
f 1219/2778/6 1248/2134/6 1240/2153/6
f 1246/2145/6 1229/2154/6 1236/2169/6
f 1238/2779/6 1240/2153/6 1248/2134/6
f 1239/2170/6 1238/2779/6 1248/2134/6
f 1246/2145/6 1236/2169/6 1237/2171/6
f 1246/2145/6 1237/2171/6 1245/2780/6
f 1241/2146/6 1239/2170/6 1248/2134/6
f 1246/2145/6 1245/2780/6 1241/2146/6
f 1227/2147/6 1219/2778/6 1224/2148/6
f 1222/2150/4 1230/2155/4 1228/2151/4
f 1228/2152/6 1225/2777/6 1240/2153/6
f 1223/2144/1 1225/2143/1 1228/2151/1
f 1223/2156/5 1230/2773/5 1231/2157/5
f 1232/2159/3 1231/2162/3 1229/2160/3
f 1231/2162/4 1233/2168/4 1236/2163/4
f 1235/2164/5 1233/2774/5 1234/2165/5
f 1235/2167/1 1238/2173/1 1236/2163/1
f 1236/2169/6 1238/2779/6 1239/2170/6
f 1232/2172/2 1240/2781/2 1238/2173/2
f 1242/2174/2 1239/2782/2 1241/2175/2
f 1242/2177/3 1234/2182/3 1237/2178/3
f 1243/2176/1 1241/2175/1 1245/2180/1
f 1234/2182/4 1244/2181/4 1245/2180/4
f 1227/2183/2 1246/2145/2 1247/2137/2
f 1246/2145/3 1248/2134/3 1220/2136/3
f 1253/2184/5 1249/2783/5 1250/2185/5
f 1251/2187/1 1259/2240/1 1250/2188/1
f 1280/2190/4 1251/2784/4 1249/2191/4
f 1262/2785/5 1254/2186/5 1250/2185/5
f 1252/2192/5 1249/2783/5 1264/2215/5
f 1249/2783/5 1253/2184/5 1255/2213/5
f 1249/2783/5 1255/2213/5 1264/2215/5
f 1262/2785/5 1250/2185/5 1263/2214/5
f 1250/2185/5 1279/2195/5 1263/2214/5
f 1252/2192/5 1264/2215/5 1267/2221/5
f 1265/2786/5 1263/2214/5 1279/2195/5
f 1266/2222/5 1265/2786/5 1279/2195/5
f 1252/2192/5 1267/2221/5 1274/2223/5
f 1252/2192/5 1274/2223/5 1275/2193/5
f 1276/2194/5 1266/2222/5 1279/2195/5
f 1252/2192/5 1275/2193/5 1279/2195/5
f 1253/2196/3 1254/2207/3 1258/2197/3
f 1253/2199/2 1256/2787/2 1257/2200/2
f 1257/2788/6 1256/2205/6 1251/2789/6
f 1278/2202/6 1259/2204/6 1261/2211/6
f 1259/2204/6 1258/2206/6 1260/2209/6
f 1259/2204/6 1260/2209/6 1261/2211/6
f 1257/2788/6 1251/2789/6 1272/2210/6
f 1251/2789/6 1280/2190/6 1272/2210/6
f 1278/2202/6 1261/2211/6 1268/2226/6
f 1270/2790/6 1272/2210/6 1280/2190/6
f 1271/2227/6 1270/2790/6 1280/2190/6
f 1278/2202/6 1268/2226/6 1269/2228/6
f 1278/2202/6 1269/2228/6 1277/2791/6
f 1273/2203/6 1271/2227/6 1280/2190/6
f 1278/2202/6 1277/2791/6 1273/2203/6
f 1259/2204/6 1251/2789/6 1256/2205/6
f 1254/2207/4 1262/2212/4 1260/2208/4
f 1260/2209/6 1257/2788/6 1272/2210/6
f 1255/2201/1 1257/2200/1 1260/2208/1
f 1255/2213/5 1262/2785/5 1263/2214/5
f 1264/2216/3 1263/2219/3 1261/2217/3
f 1263/2219/4 1265/2225/4 1268/2220/4
f 1267/2221/5 1265/2786/5 1266/2222/5
f 1267/2224/1 1270/2230/1 1268/2220/1
f 1268/2226/6 1270/2790/6 1271/2227/6
f 1264/2229/2 1272/2792/2 1270/2230/2
f 1274/2231/2 1271/2793/2 1273/2232/2
f 1274/2234/3 1266/2239/3 1269/2235/3
f 1275/2233/1 1273/2232/1 1277/2237/1
f 1266/2239/4 1276/2238/4 1277/2237/4
f 1259/2240/2 1278/2202/2 1279/2195/2
f 1278/2202/3 1280/2190/3 1252/2192/3
f 1286/2241/5 1284/2249/5 1281/2242/5
f 1294/2794/4 1282/2263/4 1281/2244/4
f 1283/2245/4 1296/2265/4 1292/2264/4
f 1283/2245/4 1292/2264/4 1291/2795/4
f 1293/2246/4 1294/2794/4 1281/2244/4
f 1283/2245/4 1291/2795/4 1293/2246/4
f 1287/2247/3 1283/2796/3 1281/2248/3
f 1284/2249/2 1285/2797/2 1289/2250/2
f 1295/2252/2 1285/2797/2 1284/2249/2
f 1288/2251/2 1287/2247/2 1289/2250/2
f 1288/2251/2 1289/2250/2 1290/2798/2
f 1295/2252/2 1284/2249/2 1286/2241/2
f 1288/2251/2 1290/2798/2 1295/2252/2
f 1288/2251/6 1296/2799/6 1283/2253/6
f 1291/2254/5 1292/2800/5 1290/2255/5
f 1293/2257/1 1291/2801/1 1289/2258/1
f 1295/2260/6 1294/2802/6 1293/2261/6
f 1282/2263/4 1294/2794/4 1292/2264/4
f 1294/2266/3 1295/2803/3 1290/2267/3
f 1296/2265/1 1288/2251/1 1286/2241/1
f 1299/2269/1 1307/2804/1 1308/2270/1
f 1307/2804/1 1299/2269/1 1297/2274/1
f 1298/2805/1 1300/2271/1 1308/2270/1
f 1298/2805/1 1308/2270/1 1306/2272/1
f 1305/2273/1 1307/2804/1 1297/2274/1
f 1298/2805/1 1306/2272/1 1297/2274/1
f 1300/2271/2 1304/2276/2 1303/2275/2
f 1309/2277/3 1311/2806/3 1301/2278/3
f 1304/2276/3 1302/2280/3 1310/2807/3
f 1302/2280/3 1312/2279/3 1310/2807/3
f 1309/2277/3 1301/2278/3 1303/2275/3
f 1304/2276/3 1310/2807/3 1309/2277/3
f 1301/2278/3 1311/2806/3 1312/2279/3
f 1302/2280/4 1298/2808/4 1297/2281/4
f 1303/2275/5 1301/2278/5 1297/2282/5
f 1300/2284/6 1298/2809/6 1302/2280/6
f 1307/2285/4 1309/2810/4 1310/2286/4
f 1305/2288/2 1306/2811/2 1312/2289/2
f 1307/2291/6 1305/2812/6 1311/2292/6
f 1308/2294/5 1310/2813/5 1312/2295/5
f 1318/2297/5 1316/2305/5 1313/2298/5
f 1326/2814/1 1314/2320/1 1313/2300/1
f 1315/2301/1 1328/2322/1 1324/2321/1
f 1315/2301/1 1324/2321/1 1323/2815/1
f 1325/2302/1 1326/2814/1 1313/2300/1
f 1315/2301/1 1323/2815/1 1325/2302/1
f 1319/2303/4 1315/2816/4 1313/2304/4
f 1316/2305/3 1317/2817/3 1321/2306/3
f 1327/2308/3 1317/2817/3 1316/2305/3
f 1320/2310/3 1319/2303/3 1321/2306/3
f 1320/2310/3 1321/2306/3 1322/2307/3
f 1327/2308/3 1316/2305/3 1318/2297/3
f 1320/2310/3 1322/2307/3 1318/2297/3
f 1328/2309/6 1315/2818/6 1319/2303/6
f 1324/2311/5 1322/2819/5 1321/2312/5
f 1325/2314/2 1323/2820/2 1321/2315/2
f 1326/2317/6 1325/2821/6 1317/2318/6
f 1314/2320/1 1326/2814/1 1324/2321/1
f 1326/2323/4 1327/2822/4 1322/2324/4
f 1328/2322/2 1320/2310/2 1318/2297/2
f 1334/2241/5 1332/2249/5 1329/2242/5
f 1342/2794/4 1330/2263/4 1341/2246/4
f 1330/2263/4 1329/2244/4 1341/2246/4
f 1331/2245/4 1344/2265/4 1339/2795/4
f 1344/2265/4 1340/2264/4 1339/2795/4
f 1331/2245/4 1339/2795/4 1341/2246/4
f 1335/2247/3 1331/2796/3 1329/2248/3
f 1332/2249/2 1333/2797/2 1337/2250/2
f 1343/2252/2 1333/2797/2 1334/2241/2
f 1333/2797/2 1332/2249/2 1334/2241/2
f 1336/2251/2 1335/2247/2 1337/2250/2
f 1336/2251/2 1337/2250/2 1338/2798/2
f 1336/2251/2 1338/2798/2 1343/2252/2
f 1336/2251/6 1344/2799/6 1331/2253/6
f 1339/2254/5 1340/2800/5 1338/2255/5
f 1341/2257/1 1339/2801/1 1337/2258/1
f 1343/2260/6 1342/2802/6 1341/2261/6
f 1330/2263/4 1342/2794/4 1340/2264/4
f 1342/2266/3 1343/2803/3 1338/2267/3
f 1344/2265/1 1336/2251/1 1334/2241/1
