# Blender 4.5.3 LTS
# www.blender.org
mtllib contain.mtl
o 立方体
v -3.000000 3.000000 7.000000
v -3.000000 3.000000 6.489213
v -2.501608 3.000000 7.000000
v -2.501608 3.000000 6.489213
v -3.000000 2.588141 7.000000
v -3.000000 2.588141 6.489213
v -2.501608 2.588141 7.000000
v 0.000000 2.926589 6.457751
v 0.000000 2.926589 6.968538
v 0.000000 2.514731 6.968538
v -2.428197 0.000000 6.968538
v -2.926589 0.000000 6.968538
v -2.926589 2.926589 6.457751
v -2.926589 2.926589 0.000000
v -2.926589 0.000000 6.457751
v -2.428197 2.926589 0.000000
v -2.926589 2.514731 0.000000
v -2.926589 2.514731 6.457751
v -2.428197 2.926589 6.457751
v -2.428197 2.926589 6.968538
v -2.428197 2.514731 6.968538
v -2.926589 2.514731 6.968538
v 0.000000 2.304610 6.878487
v -2.716469 0.000000 6.367700
v -2.716469 0.000000 0.000000
v -2.218077 2.716469 0.000000
v 0.000000 2.716469 0.000000
v -2.716469 2.304610 0.000000
v 0.000000 2.716469 6.367700
v -2.716469 2.304610 6.367700
v -2.218077 2.716469 6.367700
v -2.218077 0.000000 6.878487
v -2.218077 2.304610 6.878487
v -2.926589 2.926589 6.255947
v -2.926589 2.926589 6.054142
v -2.926589 2.926589 5.852337
v -2.926589 2.926589 5.650532
v -2.926589 2.926589 5.448728
v -2.926589 2.926589 5.246922
v -2.926589 2.926589 5.045118
v -2.926589 2.926589 4.843313
v -2.926589 2.926589 4.641509
v -2.926589 2.926589 4.439704
v -2.926589 2.926589 4.237899
v -2.926589 2.926589 4.036095
v -2.926589 2.926589 3.834290
v -2.926589 2.926589 3.632485
v -2.926589 2.926589 3.430680
v -2.926589 2.926589 3.228876
v -2.926589 2.926589 3.027071
v -2.926589 2.926589 2.825266
v -2.926589 2.926589 2.623461
v -2.926589 2.926589 2.421657
v -2.926589 2.926589 2.219852
v -2.926589 2.926589 2.018047
v -2.926589 2.926589 1.816243
v -2.926589 2.926589 1.614438
v -2.926589 2.926589 1.412633
v -2.926589 2.926589 1.210828
v -2.926589 2.926589 1.009024
v -2.926589 2.926589 0.807219
v -2.926589 2.926589 0.605414
v -2.926589 2.926589 0.403609
v -2.926589 2.926589 0.201805
v -2.428197 2.926589 0.201805
v -2.428197 2.926589 0.403609
v -2.428197 2.926589 0.605414
v -2.428197 2.926589 0.807219
v -2.428197 2.926589 1.009024
v -2.428197 2.926589 1.210828
v -2.428197 2.926589 1.412633
v -2.428197 2.926589 1.614438
v -2.428197 2.926589 1.816243
v -2.428197 2.926589 2.018047
v -2.428197 2.926589 2.219852
v -2.428197 2.926589 2.421657
v -2.428197 2.926589 2.623461
v -2.428197 2.926589 2.825266
v -2.428197 2.926589 3.027071
v -2.428197 2.926589 3.228876
v -2.428197 2.926589 3.430680
v -2.428197 2.926589 3.632485
v -2.428197 2.926589 3.834290
v -2.428197 2.926589 4.036095
v -2.428197 2.926589 4.237899
v -2.428197 2.926589 4.439704
v -2.428197 2.926589 4.641509
v -2.428197 2.926589 4.843313
v -2.428197 2.926589 5.045118
v -2.428197 2.926589 5.246923
v -2.428197 2.926589 5.448728
v -2.428197 2.926589 5.650532
v -2.428197 2.926589 5.852337
v -2.428197 2.926589 6.054142
v -2.428197 2.926589 6.255947
v -2.926589 2.514731 6.255947
v -2.926589 2.514731 6.054142
v -2.926589 2.514731 5.852337
v -2.926589 2.514731 5.650532
v -2.926589 2.514731 5.448728
v -2.926589 2.514731 5.246922
v -2.926589 2.514731 5.045118
v -2.926589 2.514731 4.843313
v -2.926589 2.514731 4.641509
v -2.926589 2.514731 4.439704
v -2.926589 2.514731 4.237899
v -2.926589 2.514731 4.036095
v -2.926589 2.514731 3.834290
v -2.926589 2.514731 3.632485
v -2.926589 2.514731 3.430680
v -2.926589 2.514731 3.228876
v -2.926589 2.514731 3.027071
v -2.926589 2.514731 2.825266
v -2.926589 2.514731 2.623461
v -2.926589 2.514731 2.421657
v -2.926589 2.514731 2.219852
v -2.926589 2.514731 2.018047
v -2.926589 2.514731 1.816243
v -2.926589 2.514731 1.614438
v -2.926589 2.514731 1.412633
v -2.926589 2.514731 1.210828
v -2.926589 2.514731 1.009024
v -2.926589 2.514731 0.807219
v -2.926589 2.514731 0.605414
v -2.926589 2.514731 0.403609
v -2.926589 2.514731 0.201805
v -2.716469 0.000000 6.168709
v -2.716469 0.000000 5.969718
v -2.716469 0.000000 5.770728
v -2.716469 0.000000 5.571737
v -2.716469 0.000000 5.372746
v -2.716469 0.000000 5.173755
v -2.716469 0.000000 4.974765
v -2.716469 0.000000 4.775774
v -2.716469 0.000000 4.576783
v -2.716469 0.000000 4.377792
v -2.716469 0.000000 4.178802
v -2.716469 0.000000 3.979811
v -2.716469 0.000000 3.780820
v -2.716469 0.000000 3.581830
v -2.716469 0.000000 3.382839
v -2.716469 0.000000 3.183849
v -2.716469 0.000000 2.984858
v -2.716469 0.000000 2.785868
v -2.716469 0.000000 2.586877
v -2.716469 0.000000 2.387887
v -2.716469 0.000000 2.188896
v -2.716469 0.000000 1.989906
v -2.716469 0.000000 1.790915
v -2.716469 0.000000 1.591925
v -2.716469 0.000000 1.392934
v -2.716469 0.000000 1.193944
v -2.716469 0.000000 0.994953
v -2.716469 0.000000 0.795962
v -2.716469 0.000000 0.596972
v -2.716469 0.000000 0.397981
v -2.716469 0.000000 0.198991
v 0.000000 2.716469 0.198991
v 0.000000 2.716469 0.397981
v 0.000000 2.716469 0.596972
v 0.000000 2.716469 0.795962
v 0.000000 2.716469 0.994953
v 0.000000 2.716469 1.193944
v 0.000000 2.716469 1.392934
v 0.000000 2.716469 1.591925
v 0.000000 2.716469 1.790915
v 0.000000 2.716469 1.989906
v 0.000000 2.716469 2.188897
v 0.000000 2.716469 2.387887
v 0.000000 2.716469 2.586878
v 0.000000 2.716469 2.785869
v 0.000000 2.716469 2.984859
v 0.000000 2.716469 3.183850
v 0.000000 2.716469 3.382841
v 0.000000 2.716469 3.581831
v 0.000000 2.716469 3.780822
v 0.000000 2.716469 3.979813
v 0.000000 2.716469 4.178803
v 0.000000 2.716469 4.377794
v 0.000000 2.716469 4.576785
v 0.000000 2.716469 4.775775
v 0.000000 2.716469 4.974766
v 0.000000 2.716469 5.173757
v 0.000000 2.716469 5.372747
v 0.000000 2.716469 5.571738
v 0.000000 2.716469 5.770728
v 0.000000 2.716469 5.969718
v 0.000000 2.716469 6.168709
v -2.218077 2.716469 0.198991
v -2.218077 2.716469 0.397981
v -2.218077 2.716469 0.596972
v -2.218077 2.716469 0.795962
v -2.218077 2.716469 0.994953
v -2.218077 2.716469 1.193944
v -2.218077 2.716469 1.392934
v -2.218077 2.716469 1.591925
v -2.218077 2.716469 1.790915
v -2.218077 2.716469 1.989906
v -2.218077 2.716469 2.188897
v -2.218077 2.716469 2.387887
v -2.218077 2.716469 2.586878
v -2.218077 2.716469 2.785869
v -2.218077 2.716469 2.984859
v -2.218077 2.716469 3.183850
v -2.218077 2.716469 3.382841
v -2.218077 2.716469 3.581831
v -2.218077 2.716469 3.780822
v -2.218077 2.716469 3.979813
v -2.218077 2.716469 4.178803
v -2.218077 2.716469 4.377794
v -2.218077 2.716469 4.576785
v -2.218077 2.716469 4.775775
v -2.218077 2.716469 4.974766
v -2.218077 2.716469 5.173757
v -2.218077 2.716469 5.372747
v -2.218077 2.716469 5.571738
v -2.218077 2.716469 5.770728
v -2.218077 2.716469 5.969718
v -2.218077 2.716469 6.168709
v -2.716469 2.304610 6.168709
v -2.716469 2.304610 5.969718
v -2.716469 2.304610 5.770728
v -2.716469 2.304610 5.571737
v -2.716469 2.304610 5.372746
v -2.716469 2.304610 5.173755
v -2.716469 2.304610 4.974765
v -2.716469 2.304610 4.775774
v -2.716469 2.304610 4.576783
v -2.716469 2.304610 4.377792
v -2.716469 2.304610 4.178802
v -2.716469 2.304610 3.979811
v -2.716469 2.304610 3.780820
v -2.716469 2.304610 3.581830
v -2.716469 2.304610 3.382839
v -2.716469 2.304610 3.183849
v -2.716469 2.304610 2.984858
v -2.716469 2.304610 2.785868
v -2.716469 2.304610 2.586877
v -2.716469 2.304610 2.387887
v -2.716469 2.304610 2.188896
v -2.716469 2.304610 1.989906
v -2.716469 2.304610 1.790915
v -2.716469 2.304610 1.591925
v -2.716469 2.304610 1.392934
v -2.716469 2.304610 1.193944
v -2.716469 2.304610 0.994953
v -2.716469 2.304610 0.795962
v -2.716469 2.304610 0.596972
v -2.716469 2.304610 0.397981
v -2.716469 2.304610 0.198991
v 0.000000 2.636611 6.168709
v 0.000000 2.636611 6.367700
v -2.636611 2.224753 6.367700
v -2.636611 0.000000 6.367700
v -2.138219 2.636611 6.367700
v -2.138219 2.636611 6.168709
v -2.636611 0.000000 6.168709
v -2.636611 0.000000 5.969718
v -2.636611 0.000000 5.770728
v -2.636611 0.000000 5.571737
v -2.636611 0.000000 5.372746
v -2.636611 0.000000 5.173755
v -2.636611 0.000000 4.974765
v -2.636611 0.000000 4.775774
v -2.636611 0.000000 4.576783
v -2.636611 0.000000 4.377792
v -2.636611 0.000000 4.178802
v -2.636611 0.000000 3.979811
v -2.636611 0.000000 3.780820
v -2.636611 0.000000 3.581830
v -2.636611 0.000000 3.382839
v -2.636611 0.000000 3.183849
v -2.636611 0.000000 2.984858
v -2.636611 0.000000 2.785868
v -2.636611 0.000000 2.586877
v -2.636611 0.000000 2.387887
v -2.636611 0.000000 2.188896
v -2.636611 0.000000 1.989906
v -2.636611 0.000000 1.790915
v -2.636611 0.000000 1.591925
v -2.636611 0.000000 1.392934
v -2.636611 0.000000 1.193944
v -2.636611 0.000000 0.994953
v -2.636611 0.000000 0.795962
v -2.636611 0.000000 0.596972
v -2.636611 0.000000 0.397981
v -2.636611 0.000000 0.198991
v 0.000000 2.636611 0.198991
v 0.000000 2.636611 0.397981
v 0.000000 2.636611 0.596972
v 0.000000 2.636611 0.795962
v 0.000000 2.636611 0.994953
v 0.000000 2.636611 1.193944
v 0.000000 2.636611 1.392934
v 0.000000 2.636611 1.591925
v 0.000000 2.636611 1.790915
v 0.000000 2.636611 1.989906
v 0.000000 2.636611 2.188897
v 0.000000 2.636611 2.387887
v 0.000000 2.636611 2.586878
v 0.000000 2.636611 2.785869
v 0.000000 2.636611 2.984859
v 0.000000 2.636611 3.183850
v 0.000000 2.636611 3.382841
v 0.000000 2.636611 3.581831
v 0.000000 2.636611 3.780822
v 0.000000 2.636611 3.979813
v 0.000000 2.636611 4.178803
v 0.000000 2.636611 4.377794
v 0.000000 2.636611 4.576785
v 0.000000 2.636611 4.775775
v 0.000000 2.636611 4.974766
v 0.000000 2.636611 5.173757
v 0.000000 2.636611 5.372747
v 0.000000 2.636611 5.571738
v 0.000000 2.636611 5.770728
v 0.000000 2.636611 5.969718
v -2.138219 2.636611 0.198991
v -2.138219 2.636611 0.397981
v -2.138219 2.636611 0.596972
v -2.138219 2.636611 0.795962
v -2.138219 2.636611 0.994953
v -2.138219 2.636611 1.193944
v -2.138219 2.636611 1.392934
v -2.138219 2.636611 1.591925
v -2.138219 2.636611 1.790915
v -2.138219 2.636611 1.989906
v -2.138219 2.636611 2.188897
v -2.138219 2.636611 2.387887
v -2.138219 2.636611 2.586878
v -2.138219 2.636611 2.785869
v -2.138219 2.636611 2.984859
v -2.138219 2.636611 3.183850
v -2.138219 2.636611 3.382841
v -2.138219 2.636611 3.581831
v -2.138219 2.636611 3.780822
v -2.138219 2.636611 3.979813
v -2.138219 2.636611 4.178803
v -2.138219 2.636611 4.377794
v -2.138219 2.636611 4.576785
v -2.138219 2.636611 4.775775
v -2.138219 2.636611 4.974766
v -2.138219 2.636611 5.173757
v -2.138219 2.636611 5.372747
v -2.138219 2.636611 5.571738
v -2.138219 2.636611 5.770728
v -2.138219 2.636611 5.969718
v -2.636611 2.224753 6.168709
v -2.636611 2.224753 5.969718
v -2.636611 2.224753 5.770728
v -2.636611 2.224753 5.571737
v -2.636611 2.224753 5.372746
v -2.636611 2.224753 5.173755
v -2.636611 2.224753 4.974765
v -2.636611 2.224753 4.775774
v -2.636611 2.224753 4.576783
v -2.636611 2.224753 4.377792
v -2.636611 2.224753 4.178802
v -2.636611 2.224753 3.979811
v -2.636611 2.224753 3.780820
v -2.636611 2.224753 3.581830
v -2.636611 2.224753 3.382839
v -2.636611 2.224753 3.183849
v -2.636611 2.224753 2.984858
v -2.636611 2.224753 2.785868
v -2.636611 2.224753 2.586877
v -2.636611 2.224753 2.387887
v -2.636611 2.224753 2.188896
v -2.636611 2.224753 1.989906
v -2.636611 2.224753 1.790915
v -2.636611 2.224753 1.591925
v -2.636611 2.224753 1.392934
v -2.636611 2.224753 1.193944
v -2.636611 2.224753 0.994953
v -2.636611 2.224753 0.795962
v -2.636611 2.224753 0.596972
v -2.636611 2.224753 0.397981
v -2.636611 2.224753 0.198991
v -2.926589 1.257365 6.457751
v -2.428197 1.257365 6.968538
v -2.926589 1.257365 6.968538
v 0.000000 1.152305 6.878487
v -2.716469 1.152305 0.000000
v -2.716469 1.152305 6.367700
v -2.218077 1.152305 6.878487
v -2.716469 1.152305 6.168709
v -2.716469 1.152305 5.969718
v -2.716469 1.152305 5.770728
v -2.716469 1.152305 5.571737
v -2.716469 1.152305 5.372746
v -2.716469 1.152305 5.173755
v -2.716469 1.152305 4.974765
v -2.716469 1.152305 4.775774
v -2.716469 1.152305 4.576783
v -2.716469 1.152305 4.377792
v -2.716469 1.152305 4.178802
v -2.716469 1.152305 3.979811
v -2.716469 1.152305 3.780820
v -2.716469 1.152305 3.581830
v -2.716469 1.152305 3.382839
v -2.716469 1.152305 3.183849
v -2.716469 1.152305 2.984858
v -2.716469 1.152305 2.785868
v -2.716469 1.152305 2.586877
v -2.716469 1.152305 2.387887
v -2.716469 1.152305 2.188896
v -2.716469 1.152305 1.989906
v -2.716469 1.152305 1.790915
v -2.716469 1.152305 1.591925
v -2.716469 1.152305 1.392934
v -2.716469 1.152305 1.193944
v -2.716469 1.152305 0.994953
v -2.716469 1.152305 0.795962
v -2.716469 1.152305 0.596972
v -2.716469 1.152305 0.397981
v -2.716469 1.152305 0.198991
v -2.636611 1.112376 6.367700
v -2.636611 1.112376 6.168709
v -2.636611 1.112376 5.969718
v -2.636611 1.112376 5.770728
v -2.636611 1.112376 5.571737
v -2.636611 1.112376 5.372746
v -2.636611 1.112376 5.173755
v -2.636611 1.112376 4.974765
v -2.636611 1.112376 4.775774
v -2.636611 1.112376 4.576783
v -2.636611 1.112376 4.377792
v -2.636611 1.112376 4.178802
v -2.636611 1.112376 3.979811
v -2.636611 1.112376 3.780820
v -2.636611 1.112376 3.581830
v -2.636611 1.112376 3.382839
v -2.636611 1.112376 3.183849
v -2.636611 1.112376 2.984858
v -2.636611 1.112376 2.785868
v -2.636611 1.112376 2.586877
v -2.636611 1.112376 2.387887
v -2.636611 1.112376 2.188896
v -2.636611 1.112376 1.989906
v -2.636611 1.112376 1.790915
v -2.636611 1.112376 1.591925
v -2.636611 1.112376 1.392934
v -2.636611 1.112376 1.193944
v -2.636611 1.112376 0.994953
v -2.636611 1.112376 0.795962
v -2.636611 1.112376 0.596972
v -2.636611 1.112376 0.397981
v -2.636611 1.112376 0.198991
v -2.926589 1.886048 6.968538
v -2.926589 1.886048 6.457751
v -2.428197 1.886048 6.968538
v 0.000000 1.728458 6.878487
v -2.716469 1.728458 0.000000
v -2.716469 1.728458 6.367700
v -2.218077 1.728458 6.878487
v -2.716469 1.728458 6.168709
v -2.716469 1.728458 5.969718
v -2.716469 1.728458 5.770728
v -2.716469 1.728458 5.571737
v -2.716469 1.728458 5.372746
v -2.716469 1.728458 5.173755
v -2.716469 1.728458 4.974765
v -2.716469 1.728458 4.775774
v -2.716469 1.728458 4.576783
v -2.716469 1.728458 4.377792
v -2.716469 1.728458 4.178802
v -2.716469 1.728458 3.979811
v -2.716469 1.728458 3.780820
v -2.716469 1.728458 3.581830
v -2.716469 1.728458 3.382839
v -2.716469 1.728458 3.183849
v -2.716469 1.728458 2.984858
v -2.716469 1.728458 2.785868
v -2.716469 1.728458 2.586877
v -2.716469 1.728458 2.387887
v -2.716469 1.728458 2.188896
v -2.716469 1.728458 1.989906
v -2.716469 1.728458 1.790915
v -2.716469 1.728458 1.591925
v -2.716469 1.728458 1.392934
v -2.716469 1.728458 1.193944
v -2.716469 1.728458 0.994953
v -2.716469 1.728458 0.795962
v -2.716469 1.728458 0.596972
v -2.716469 1.728458 0.397981
v -2.716469 1.728458 0.198991
v -2.636611 1.668565 6.367700
v -2.636611 1.668565 6.168709
v -2.636611 1.668565 5.969718
v -2.636611 1.668565 5.770728
v -2.636611 1.668565 5.571737
v -2.636611 1.668565 5.372746
v -2.636611 1.668565 5.173755
v -2.636611 1.668565 4.974765
v -2.636611 1.668565 4.775774
v -2.636611 1.668565 4.576783
v -2.636611 1.668565 4.377792
v -2.636611 1.668565 4.178802
v -2.636611 1.668565 3.979811
v -2.636611 1.668565 3.780820
v -2.636611 1.668565 3.581830
v -2.636611 1.668565 3.382839
v -2.636611 1.668565 3.183849
v -2.636611 1.668565 2.984858
v -2.636611 1.668565 2.785868
v -2.636611 1.668565 2.586877
v -2.636611 1.668565 2.387887
v -2.636611 1.668565 2.188896
v -2.636611 1.668565 1.989906
v -2.636611 1.668565 1.790915
v -2.636611 1.668565 1.591925
v -2.636611 1.668565 1.392934
v -2.636611 1.668565 1.193944
v -2.636611 1.668565 0.994953
v -2.636611 1.668565 0.795962
v -2.636611 1.668565 0.596972
v -2.636611 1.668565 0.397981
v -2.636611 1.668565 0.198991
v -2.926589 0.628683 6.457751
v -2.428197 0.628683 6.968538
v 0.000000 0.576153 6.878487
v -2.716469 0.576153 0.000000
v -2.716469 0.576153 6.367700
v -2.218077 0.576153 6.878487
v -2.716469 0.576153 6.168709
v -2.716469 0.576153 5.969718
v -2.716469 0.576153 5.770728
v -2.716469 0.576153 5.571737
v -2.716469 0.576153 5.372746
v -2.716469 0.576153 5.173755
v -2.716469 0.576153 4.974765
v -2.716469 0.576153 4.775774
v -2.716469 0.576153 4.576783
v -2.716469 0.576153 4.377792
v -2.716469 0.576153 4.178802
v -2.716469 0.576153 3.979811
v -2.716469 0.576153 3.780820
v -2.716469 0.576153 3.581830
v -2.716469 0.576153 3.382839
v -2.716469 0.576153 3.183849
v -2.716469 0.576153 2.984858
v -2.716469 0.576153 2.785868
v -2.716469 0.576153 2.586877
v -2.716469 0.576153 2.387887
v -2.716469 0.576153 2.188896
v -2.716469 0.576153 1.989906
v -2.716469 0.576153 1.790915
v -2.716469 0.576153 1.591925
v -2.716469 0.576153 1.392934
v -2.716469 0.576153 1.193944
v -2.716469 0.576153 0.994953
v -2.716469 0.576153 0.795962
v -2.716469 0.576153 0.596972
v -2.716469 0.576153 0.397981
v -2.716469 0.576153 0.198991
v -2.636611 0.556188 6.367700
v -2.636611 0.556188 6.168709
v -2.636611 0.556188 5.969718
v -2.636611 0.556188 5.770728
v -2.636611 0.556188 5.571737
v -2.636611 0.556188 5.372746
v -2.636611 0.556188 5.173755
v -2.636611 0.556188 4.974765
v -2.636611 0.556188 4.775774
v -2.636611 0.556188 4.576783
v -2.636611 0.556188 4.377792
v -2.636611 0.556188 4.178802
v -2.636611 0.556188 3.979811
v -2.636611 0.556188 3.780820
v -2.636611 0.556188 3.581830
v -2.636611 0.556188 3.382839
v -2.636611 0.556188 3.183849
v -2.636611 0.556188 2.984858
v -2.636611 0.556188 2.785868
v -2.636611 0.556188 2.586877
v -2.636611 0.556188 2.387887
v -2.636611 0.556188 2.188896
v -2.636611 0.556188 1.989906
v -2.636611 0.556188 1.790915
v -2.636611 0.556188 1.591925
v -2.636611 0.556188 1.392934
v -2.636611 0.556188 1.193944
v -2.636611 0.556188 0.994953
v -2.636611 0.556188 0.795962
v -2.636611 0.556188 0.596972
v -2.636611 0.556188 0.397981
v -2.636611 0.556188 0.198991
v -2.926589 0.628683 6.968538
v -2.926589 0.314341 6.457751
v -2.428197 0.314341 6.968538
v 0.000000 0.288076 6.878487
v -2.716469 0.288076 0.000000
v -2.716469 0.288076 6.367700
v -2.218077 0.288076 6.878487
v -2.716469 0.288076 6.168709
v -2.716469 0.288076 5.969718
v -2.716469 0.288076 5.770728
v -2.716469 0.288076 5.571737
v -2.716469 0.288076 5.372746
v -2.716469 0.288076 5.173755
v -2.716469 0.288076 4.974765
v -2.716469 0.288076 4.775774
v -2.716469 0.288076 4.576783
v -2.716469 0.288076 4.377792
v -2.716469 0.288076 4.178802
v -2.716469 0.288076 3.979811
v -2.716469 0.288076 3.780820
v -2.716469 0.288076 3.581830
v -2.716469 0.288076 3.382839
v -2.716469 0.288076 3.183849
v -2.716469 0.288076 2.984858
v -2.716469 0.288076 2.785868
v -2.716469 0.288076 2.586877
v -2.716469 0.288076 2.387887
v -2.716469 0.288076 2.188896
v -2.716469 0.288076 1.989906
v -2.716469 0.288076 1.790915
v -2.716469 0.288076 1.591925
v -2.716469 0.288076 1.392934
v -2.716469 0.288076 1.193944
v -2.716469 0.288076 0.994953
v -2.716469 0.288076 0.795962
v -2.716469 0.288076 0.596972
v -2.716469 0.288076 0.397981
v -2.716469 0.288076 0.198991
v -2.636611 0.278094 6.367700
v -2.636611 0.278094 6.168709
v -2.636611 0.278094 5.969718
v -2.636611 0.278094 5.770728
v -2.636611 0.278094 5.571737
v -2.636611 0.278094 5.372746
v -2.636611 0.278094 5.173755
v -2.636611 0.278094 4.974765
v -2.636611 0.278094 4.775774
v -2.636611 0.278094 4.576783
v -2.636611 0.278094 4.377792
v -2.636611 0.278094 4.178802
v -2.636611 0.278094 3.979811
v -2.636611 0.278094 3.780820
v -2.636611 0.278094 3.581830
v -2.636611 0.278094 3.382839
v -2.636611 0.278094 3.183849
v -2.636611 0.278094 2.984858
v -2.636611 0.278094 2.785868
v -2.636611 0.278094 2.586877
v -2.636611 0.278094 2.387887
v -2.636611 0.278094 2.188896
v -2.636611 0.278094 1.989906
v -2.636611 0.278094 1.790915
v -2.636611 0.278094 1.591925
v -2.636611 0.278094 1.392934
v -2.636611 0.278094 1.193944
v -2.636611 0.278094 0.994953
v -2.636611 0.278094 0.795962
v -2.636611 0.278094 0.596972
v -2.636611 0.278094 0.397981
v -2.636611 0.278094 0.198991
v -2.926589 0.314341 6.968538
v -2.926589 0.943024 6.968538
v -2.926589 0.943024 6.457751
v -2.428197 0.943024 6.968538
v 0.000000 0.864229 6.878487
v -2.716469 0.864229 0.000000
v -2.716469 0.864229 6.367700
v -2.218077 0.864229 6.878487
v -2.716469 0.864229 6.168709
v -2.716469 0.864229 5.969718
v -2.716469 0.864229 5.770728
v -2.716469 0.864229 5.571737
v -2.716469 0.864229 5.372746
v -2.716469 0.864229 5.173755
v -2.716469 0.864229 4.974765
v -2.716469 0.864229 4.775774
v -2.716469 0.864229 4.576783
v -2.716469 0.864229 4.377792
v -2.716469 0.864229 4.178802
v -2.716469 0.864229 3.979811
v -2.716469 0.864229 3.780820
v -2.716469 0.864229 3.581830
v -2.716469 0.864229 3.382839
v -2.716469 0.864229 3.183849
v -2.716469 0.864229 2.984858
v -2.716469 0.864229 2.785868
v -2.716469 0.864229 2.586877
v -2.716469 0.864229 2.387887
v -2.716469 0.864229 2.188896
v -2.716469 0.864229 1.989906
v -2.716469 0.864229 1.790915
v -2.716469 0.864229 1.591925
v -2.716469 0.864229 1.392934
v -2.716469 0.864229 1.193944
v -2.716469 0.864229 0.994953
v -2.716469 0.864229 0.795962
v -2.716469 0.864229 0.596972
v -2.716469 0.864229 0.397981
v -2.716469 0.864229 0.198991
v -2.636611 0.834282 6.367700
v -2.636611 0.834282 6.168709
v -2.636611 0.834282 5.969718
v -2.636611 0.834282 5.770728
v -2.636611 0.834282 5.571737
v -2.636611 0.834282 5.372746
v -2.636611 0.834282 5.173755
v -2.636611 0.834282 4.974765
v -2.636611 0.834282 4.775774
v -2.636611 0.834282 4.576783
v -2.636611 0.834282 4.377792
v -2.636611 0.834282 4.178802
v -2.636611 0.834282 3.979811
v -2.636611 0.834282 3.780820
v -2.636611 0.834282 3.581830
v -2.636611 0.834282 3.382839
v -2.636611 0.834282 3.183849
v -2.636611 0.834282 2.984858
v -2.636611 0.834282 2.785868
v -2.636611 0.834282 2.586877
v -2.636611 0.834282 2.387887
v -2.636611 0.834282 2.188896
v -2.636611 0.834282 1.989906
v -2.636611 0.834282 1.790915
v -2.636611 0.834282 1.591925
v -2.636611 0.834282 1.392934
v -2.636611 0.834282 1.193944
v -2.636611 0.834282 0.994953
v -2.636611 0.834282 0.795962
v -2.636611 0.834282 0.596972
v -2.636611 0.834282 0.397981
v -2.636611 0.834282 0.198991
v -2.926589 1.571707 6.457751
v -2.428197 1.571707 6.968538
v 0.000000 1.440382 6.878487
v -2.716469 1.440382 0.000000
v -2.716469 1.440382 6.367700
v -2.218077 1.440382 6.878487
v -2.716469 1.440382 6.168709
v -2.716469 1.440382 5.969718
v -2.716469 1.440382 5.770728
v -2.716469 1.440382 5.571737
v -2.716469 1.440382 5.372746
v -2.716469 1.440382 5.173755
v -2.716469 1.440382 4.974765
v -2.716469 1.440382 4.775774
v -2.716469 1.440382 4.576783
v -2.716469 1.440382 4.377792
v -2.716469 1.440382 4.178802
v -2.716469 1.440382 3.979811
v -2.716469 1.440382 3.780820
v -2.716469 1.440382 3.581830
v -2.716469 1.440382 3.382839
v -2.716469 1.440382 3.183849
v -2.716469 1.440382 2.984858
v -2.716469 1.440382 2.785868
v -2.716469 1.440382 2.586877
v -2.716469 1.440382 2.387887
v -2.716469 1.440382 2.188896
v -2.716469 1.440382 1.989906
v -2.716469 1.440382 1.790915
v -2.716469 1.440382 1.591925
v -2.716469 1.440382 1.392934
v -2.716469 1.440382 1.193944
v -2.716469 1.440382 0.994953
v -2.716469 1.440382 0.795962
v -2.716469 1.440382 0.596972
v -2.716469 1.440382 0.397981
v -2.716469 1.440382 0.198991
v -2.636611 1.390471 6.367700
v -2.636611 1.390471 6.168709
v -2.636611 1.390471 5.969718
v -2.636611 1.390471 5.770728
v -2.636611 1.390471 5.571737
v -2.636611 1.390471 5.372746
v -2.636611 1.390471 5.173755
v -2.636611 1.390471 4.974765
v -2.636611 1.390471 4.775774
v -2.636611 1.390471 4.576783
v -2.636611 1.390471 4.377792
v -2.636611 1.390471 4.178802
v -2.636611 1.390471 3.979811
v -2.636611 1.390471 3.780820
v -2.636611 1.390471 3.581830
v -2.636611 1.390471 3.382839
v -2.636611 1.390471 3.183849
v -2.636611 1.390471 2.984858
v -2.636611 1.390471 2.785868
v -2.636611 1.390471 2.586877
v -2.636611 1.390471 2.387887
v -2.636611 1.390471 2.188896
v -2.636611 1.390471 1.989906
v -2.636611 1.390471 1.790915
v -2.636611 1.390471 1.591925
v -2.636611 1.390471 1.392934
v -2.636611 1.390471 1.193944
v -2.636611 1.390471 0.994953
v -2.636611 1.390471 0.795962
v -2.636611 1.390471 0.596972
v -2.636611 1.390471 0.397981
v -2.636611 1.390471 0.198991
v -2.926589 1.571707 6.968538
v -2.926589 2.200389 6.968538
v -2.926589 2.200389 6.457751
v -2.428197 2.200389 6.968538
v 0.000000 2.016534 6.878487
v -2.716469 2.016534 0.000000
v -2.716469 2.016534 6.367700
v -2.218077 2.016534 6.878487
v -2.716469 2.016534 6.168709
v -2.716469 2.016534 5.969718
v -2.716469 2.016534 5.770728
v -2.716469 2.016534 5.571737
v -2.716469 2.016534 5.372746
v -2.716469 2.016534 5.173755
v -2.716469 2.016534 4.974765
v -2.716469 2.016534 4.775774
v -2.716469 2.016534 4.576783
v -2.716469 2.016534 4.377792
v -2.716469 2.016534 4.178802
v -2.716469 2.016534 3.979811
v -2.716469 2.016534 3.780820
v -2.716469 2.016534 3.581830
v -2.716469 2.016534 3.382839
v -2.716469 2.016534 3.183849
v -2.716469 2.016534 2.984858
v -2.716469 2.016534 2.785868
v -2.716469 2.016534 2.586877
v -2.716469 2.016534 2.387887
v -2.716469 2.016534 2.188896
v -2.716469 2.016534 1.989906
v -2.716469 2.016534 1.790915
v -2.716469 2.016534 1.591925
v -2.716469 2.016534 1.392934
v -2.716469 2.016534 1.193944
v -2.716469 2.016534 0.994953
v -2.716469 2.016534 0.795962
v -2.716469 2.016534 0.596972
v -2.716469 2.016534 0.397981
v -2.716469 2.016534 0.198991
v -2.636611 1.946659 6.367700
v -2.636611 1.946659 6.168709
v -2.636611 1.946659 5.969718
v -2.636611 1.946659 5.770728
v -2.636611 1.946659 5.571737
v -2.636611 1.946659 5.372746
v -2.636611 1.946659 5.173755
v -2.636611 1.946659 4.974765
v -2.636611 1.946659 4.775774
v -2.636611 1.946659 4.576783
v -2.636611 1.946659 4.377792
v -2.636611 1.946659 4.178802
v -2.636611 1.946659 3.979811
v -2.636611 1.946659 3.780820
v -2.636611 1.946659 3.581830
v -2.636611 1.946659 3.382839
v -2.636611 1.946659 3.183849
v -2.636611 1.946659 2.984858
v -2.636611 1.946659 2.785868
v -2.636611 1.946659 2.586877
v -2.636611 1.946659 2.387887
v -2.636611 1.946659 2.188896
v -2.636611 1.946659 1.989906
v -2.636611 1.946659 1.790915
v -2.636611 1.946659 1.591925
v -2.636611 1.946659 1.392934
v -2.636611 1.946659 1.193944
v -2.636611 1.946659 0.994953
v -2.636611 1.946659 0.795962
v -2.636611 1.946659 0.596972
v -2.636611 1.946659 0.397981
v -2.636611 1.946659 0.198991
v 0.000000 0.288076 6.796751
v 0.000000 0.000000 6.796751
v -2.218077 0.000000 6.796751
v -2.218077 0.288076 6.796751
v 0.000000 1.152305 6.796751
v -2.218077 1.152305 6.796751
v 0.000000 2.016534 6.796751
v 0.000000 1.728458 6.796751
v -2.218077 2.016534 6.796751
v -2.218077 1.728458 6.796751
v 0.000000 0.864229 6.796751
v -2.218077 0.864229 6.796751
v 3.000000 3.000000 7.000000
v 3.000000 3.000000 6.489213
v 2.501608 3.000000 7.000000
v 2.501608 3.000000 6.489213
v 3.000000 2.588141 7.000000
v 3.000000 2.588141 6.489213
v 2.501608 2.588141 7.000000
v 2.428197 0.000000 6.968538
v 2.926589 0.000000 6.968538
v 2.926589 2.926589 6.457751
v 2.926589 2.926589 0.000000
v 2.926589 0.000000 6.457751
v 2.428197 2.926589 0.000000
v 2.926589 2.514731 0.000000
v 2.926589 2.514731 6.457751
v 2.428197 2.926589 6.457751
v 2.428197 2.926589 6.968538
v 2.428197 2.514731 6.968538
v 2.926589 2.514731 6.968538
v 2.716469 0.000000 6.367700
v 2.716469 0.000000 0.000000
v 2.218077 2.716469 0.000000
v 2.716469 2.304610 0.000000
v 2.716469 2.304610 6.367700
v 2.218077 2.716469 6.367700
v 2.218077 0.000000 6.878487
v 2.218077 2.304610 6.878487
v 2.926589 2.926589 6.255947
v 2.926589 2.926589 6.054142
v 2.926589 2.926589 5.852337
v 2.926589 2.926589 5.650532
v 2.926589 2.926589 5.448728
v 2.926589 2.926589 5.246922
v 2.926589 2.926589 5.045118
v 2.926589 2.926589 4.843313
v 2.926589 2.926589 4.641509
v 2.926589 2.926589 4.439704
v 2.926589 2.926589 4.237899
v 2.926589 2.926589 4.036095
v 2.926589 2.926589 3.834290
v 2.926589 2.926589 3.632485
v 2.926589 2.926589 3.430680
v 2.926589 2.926589 3.228876
v 2.926589 2.926589 3.027071
v 2.926589 2.926589 2.825266
v 2.926589 2.926589 2.623461
v 2.926589 2.926589 2.421657
v 2.926589 2.926589 2.219852
v 2.926589 2.926589 2.018047
v 2.926589 2.926589 1.816243
v 2.926589 2.926589 1.614438
v 2.926589 2.926589 1.412633
v 2.926589 2.926589 1.210828
v 2.926589 2.926589 1.009024
v 2.926589 2.926589 0.807219
v 2.926589 2.926589 0.605414
v 2.926589 2.926589 0.403609
v 2.926589 2.926589 0.201805
v 2.428197 2.926589 0.201805
v 2.428197 2.926589 0.403609
v 2.428197 2.926589 0.605414
v 2.428197 2.926589 0.807219
v 2.428197 2.926589 1.009024
v 2.428197 2.926589 1.210828
v 2.428197 2.926589 1.412633
v 2.428197 2.926589 1.614438
v 2.428197 2.926589 1.816243
v 2.428197 2.926589 2.018047
v 2.428197 2.926589 2.219852
v 2.428197 2.926589 2.421657
v 2.428197 2.926589 2.623461
v 2.428197 2.926589 2.825266
v 2.428197 2.926589 3.027071
v 2.428197 2.926589 3.228876
v 2.428197 2.926589 3.430680
v 2.428197 2.926589 3.632485
v 2.428197 2.926589 3.834290
v 2.428197 2.926589 4.036095
v 2.428197 2.926589 4.237899
v 2.428197 2.926589 4.439704
v 2.428197 2.926589 4.641509
v 2.428197 2.926589 4.843313
v 2.428197 2.926589 5.045118
v 2.428197 2.926589 5.246923
v 2.428197 2.926589 5.448728
v 2.428197 2.926589 5.650532
v 2.428197 2.926589 5.852337
v 2.428197 2.926589 6.054142
v 2.428197 2.926589 6.255947
v 2.926589 2.514731 6.255947
v 2.926589 2.514731 6.054142
v 2.926589 2.514731 5.852337
v 2.926589 2.514731 5.650532
v 2.926589 2.514731 5.448728
v 2.926589 2.514731 5.246922
v 2.926589 2.514731 5.045118
v 2.926589 2.514731 4.843313
v 2.926589 2.514731 4.641509
v 2.926589 2.514731 4.439704
v 2.926589 2.514731 4.237899
v 2.926589 2.514731 4.036095
v 2.926589 2.514731 3.834290
v 2.926589 2.514731 3.632485
v 2.926589 2.514731 3.430680
v 2.926589 2.514731 3.228876
v 2.926589 2.514731 3.027071
v 2.926589 2.514731 2.825266
v 2.926589 2.514731 2.623461
v 2.926589 2.514731 2.421657
v 2.926589 2.514731 2.219852
v 2.926589 2.514731 2.018047
v 2.926589 2.514731 1.816243
v 2.926589 2.514731 1.614438
v 2.926589 2.514731 1.412633
v 2.926589 2.514731 1.210828
v 2.926589 2.514731 1.009024
v 2.926589 2.514731 0.807219
v 2.926589 2.514731 0.605414
v 2.926589 2.514731 0.403609
v 2.926589 2.514731 0.201805
v 2.716469 0.000000 6.168709
v 2.716469 0.000000 5.969718
v 2.716469 0.000000 5.770728
v 2.716469 0.000000 5.571737
v 2.716469 0.000000 5.372746
v 2.716469 0.000000 5.173755
v 2.716469 0.000000 4.974765
v 2.716469 0.000000 4.775774
v 2.716469 0.000000 4.576783
v 2.716469 0.000000 4.377792
v 2.716469 0.000000 4.178802
v 2.716469 0.000000 3.979811
v 2.716469 0.000000 3.780820
v 2.716469 0.000000 3.581830
v 2.716469 0.000000 3.382839
v 2.716469 0.000000 3.183849
v 2.716469 0.000000 2.984858
v 2.716469 0.000000 2.785868
v 2.716469 0.000000 2.586877
v 2.716469 0.000000 2.387887
v 2.716469 0.000000 2.188896
v 2.716469 0.000000 1.989906
v 2.716469 0.000000 1.790915
v 2.716469 0.000000 1.591925
v 2.716469 0.000000 1.392934
v 2.716469 0.000000 1.193944
v 2.716469 0.000000 0.994953
v 2.716469 0.000000 0.795962
v 2.716469 0.000000 0.596972
v 2.716469 0.000000 0.397981
v 2.716469 0.000000 0.198991
v 2.218077 2.716469 0.198991
v 2.218077 2.716469 0.397981
v 2.218077 2.716469 0.596972
v 2.218077 2.716469 0.795962
v 2.218077 2.716469 0.994953
v 2.218077 2.716469 1.193944
v 2.218077 2.716469 1.392934
v 2.218077 2.716469 1.591925
v 2.218077 2.716469 1.790915
v 2.218077 2.716469 1.989906
v 2.218077 2.716469 2.188897
v 2.218077 2.716469 2.387887
v 2.218077 2.716469 2.586878
v 2.218077 2.716469 2.785869
v 2.218077 2.716469 2.984859
v 2.218077 2.716469 3.183850
v 2.218077 2.716469 3.382841
v 2.218077 2.716469 3.581831
v 2.218077 2.716469 3.780822
v 2.218077 2.716469 3.979813
v 2.218077 2.716469 4.178803
v 2.218077 2.716469 4.377794
v 2.218077 2.716469 4.576785
v 2.218077 2.716469 4.775775
v 2.218077 2.716469 4.974766
v 2.218077 2.716469 5.173757
v 2.218077 2.716469 5.372747
v 2.218077 2.716469 5.571738
v 2.218077 2.716469 5.770728
v 2.218077 2.716469 5.969718
v 2.218077 2.716469 6.168709
v 2.716469 2.304610 6.168709
v 2.716469 2.304610 5.969718
v 2.716469 2.304610 5.770728
v 2.716469 2.304610 5.571737
v 2.716469 2.304610 5.372746
v 2.716469 2.304610 5.173755
v 2.716469 2.304610 4.974765
v 2.716469 2.304610 4.775774
v 2.716469 2.304610 4.576783
v 2.716469 2.304610 4.377792
v 2.716469 2.304610 4.178802
v 2.716469 2.304610 3.979811
v 2.716469 2.304610 3.780820
v 2.716469 2.304610 3.581830
v 2.716469 2.304610 3.382839
v 2.716469 2.304610 3.183849
v 2.716469 2.304610 2.984858
v 2.716469 2.304610 2.785868
v 2.716469 2.304610 2.586877
v 2.716469 2.304610 2.387887
v 2.716469 2.304610 2.188896
v 2.716469 2.304610 1.989906
v 2.716469 2.304610 1.790915
v 2.716469 2.304610 1.591925
v 2.716469 2.304610 1.392934
v 2.716469 2.304610 1.193944
v 2.716469 2.304610 0.994953
v 2.716469 2.304610 0.795962
v 2.716469 2.304610 0.596972
v 2.716469 2.304610 0.397981
v 2.716469 2.304610 0.198991
v 2.636611 2.224753 6.367700
v 2.636611 0.000000 6.367700
v 2.138219 2.636611 6.367700
v 2.138219 2.636611 6.168709
v 2.636611 0.000000 6.168709
v 2.636611 0.000000 5.969718
v 2.636611 0.000000 5.770728
v 2.636611 0.000000 5.571737
v 2.636611 0.000000 5.372746
v 2.636611 0.000000 5.173755
v 2.636611 0.000000 4.974765
v 2.636611 0.000000 4.775774
v 2.636611 0.000000 4.576783
v 2.636611 0.000000 4.377792
v 2.636611 0.000000 4.178802
v 2.636611 0.000000 3.979811
v 2.636611 0.000000 3.780820
v 2.636611 0.000000 3.581830
v 2.636611 0.000000 3.382839
v 2.636611 0.000000 3.183849
v 2.636611 0.000000 2.984858
v 2.636611 0.000000 2.785868
v 2.636611 0.000000 2.586877
v 2.636611 0.000000 2.387887
v 2.636611 0.000000 2.188896
v 2.636611 0.000000 1.989906
v 2.636611 0.000000 1.790915
v 2.636611 0.000000 1.591925
v 2.636611 0.000000 1.392934
v 2.636611 0.000000 1.193944
v 2.636611 0.000000 0.994953
v 2.636611 0.000000 0.795962
v 2.636611 0.000000 0.596972
v 2.636611 0.000000 0.397981
v 2.636611 0.000000 0.198991
v 2.138219 2.636611 0.198991
v 2.138219 2.636611 0.397981
v 2.138219 2.636611 0.596972
v 2.138219 2.636611 0.795962
v 2.138219 2.636611 0.994953
v 2.138219 2.636611 1.193944
v 2.138219 2.636611 1.392934
v 2.138219 2.636611 1.591925
v 2.138219 2.636611 1.790915
v 2.138219 2.636611 1.989906
v 2.138219 2.636611 2.188897
v 2.138219 2.636611 2.387887
v 2.138219 2.636611 2.586878
v 2.138219 2.636611 2.785869
v 2.138219 2.636611 2.984859
v 2.138219 2.636611 3.183850
v 2.138219 2.636611 3.382841
v 2.138219 2.636611 3.581831
v 2.138219 2.636611 3.780822
v 2.138219 2.636611 3.979813
v 2.138219 2.636611 4.178803
v 2.138219 2.636611 4.377794
v 2.138219 2.636611 4.576785
v 2.138219 2.636611 4.775775
v 2.138219 2.636611 4.974766
v 2.138219 2.636611 5.173757
v 2.138219 2.636611 5.372747
v 2.138219 2.636611 5.571738
v 2.138219 2.636611 5.770728
v 2.138219 2.636611 5.969718
v 2.636611 2.224753 6.168709
v 2.636611 2.224753 5.969718
v 2.636611 2.224753 5.770728
v 2.636611 2.224753 5.571737
v 2.636611 2.224753 5.372746
v 2.636611 2.224753 5.173755
v 2.636611 2.224753 4.974765
v 2.636611 2.224753 4.775774
v 2.636611 2.224753 4.576783
v 2.636611 2.224753 4.377792
v 2.636611 2.224753 4.178802
v 2.636611 2.224753 3.979811
v 2.636611 2.224753 3.780820
v 2.636611 2.224753 3.581830
v 2.636611 2.224753 3.382839
v 2.636611 2.224753 3.183849
v 2.636611 2.224753 2.984858
v 2.636611 2.224753 2.785868
v 2.636611 2.224753 2.586877
v 2.636611 2.224753 2.387887
v 2.636611 2.224753 2.188896
v 2.636611 2.224753 1.989906
v 2.636611 2.224753 1.790915
v 2.636611 2.224753 1.591925
v 2.636611 2.224753 1.392934
v 2.636611 2.224753 1.193944
v 2.636611 2.224753 0.994953
v 2.636611 2.224753 0.795962
v 2.636611 2.224753 0.596972
v 2.636611 2.224753 0.397981
v 2.636611 2.224753 0.198991
v 2.926589 1.257365 6.457751
v 2.428197 1.257365 6.968538
v 2.926589 1.257365 6.968538
v 2.716469 1.152305 0.000000
v 2.716469 1.152305 6.367700
v 2.218077 1.152305 6.878487
v 2.716469 1.152305 6.168709
v 2.716469 1.152305 5.969718
v 2.716469 1.152305 5.770728
v 2.716469 1.152305 5.571737
v 2.716469 1.152305 5.372746
v 2.716469 1.152305 5.173755
v 2.716469 1.152305 4.974765
v 2.716469 1.152305 4.775774
v 2.716469 1.152305 4.576783
v 2.716469 1.152305 4.377792
v 2.716469 1.152305 4.178802
v 2.716469 1.152305 3.979811
v 2.716469 1.152305 3.780820
v 2.716469 1.152305 3.581830
v 2.716469 1.152305 3.382839
v 2.716469 1.152305 3.183849
v 2.716469 1.152305 2.984858
v 2.716469 1.152305 2.785868
v 2.716469 1.152305 2.586877
v 2.716469 1.152305 2.387887
v 2.716469 1.152305 2.188896
v 2.716469 1.152305 1.989906
v 2.716469 1.152305 1.790915
v 2.716469 1.152305 1.591925
v 2.716469 1.152305 1.392934
v 2.716469 1.152305 1.193944
v 2.716469 1.152305 0.994953
v 2.716469 1.152305 0.795962
v 2.716469 1.152305 0.596972
v 2.716469 1.152305 0.397981
v 2.716469 1.152305 0.198991
v 2.636611 1.112376 6.367700
v 2.636611 1.112376 6.168709
v 2.636611 1.112376 5.969718
v 2.636611 1.112376 5.770728
v 2.636611 1.112376 5.571737
v 2.636611 1.112376 5.372746
v 2.636611 1.112376 5.173755
v 2.636611 1.112376 4.974765
v 2.636611 1.112376 4.775774
v 2.636611 1.112376 4.576783
v 2.636611 1.112376 4.377792
v 2.636611 1.112376 4.178802
v 2.636611 1.112376 3.979811
v 2.636611 1.112376 3.780820
v 2.636611 1.112376 3.581830
v 2.636611 1.112376 3.382839
v 2.636611 1.112376 3.183849
v 2.636611 1.112376 2.984858
v 2.636611 1.112376 2.785868
v 2.636611 1.112376 2.586877
v 2.636611 1.112376 2.387887
v 2.636611 1.112376 2.188896
v 2.636611 1.112376 1.989906
v 2.636611 1.112376 1.790915
v 2.636611 1.112376 1.591925
v 2.636611 1.112376 1.392934
v 2.636611 1.112376 1.193944
v 2.636611 1.112376 0.994953
v 2.636611 1.112376 0.795962
v 2.636611 1.112376 0.596972
v 2.636611 1.112376 0.397981
v 2.636611 1.112376 0.198991
v 2.926589 1.886048 6.968538
v 2.926589 1.886048 6.457751
v 2.428197 1.886048 6.968538
v 2.716469 1.728458 0.000000
v 2.716469 1.728458 6.367700
v 2.218077 1.728458 6.878487
v 2.716469 1.728458 6.168709
v 2.716469 1.728458 5.969718
v 2.716469 1.728458 5.770728
v 2.716469 1.728458 5.571737
v 2.716469 1.728458 5.372746
v 2.716469 1.728458 5.173755
v 2.716469 1.728458 4.974765
v 2.716469 1.728458 4.775774
v 2.716469 1.728458 4.576783
v 2.716469 1.728458 4.377792
v 2.716469 1.728458 4.178802
v 2.716469 1.728458 3.979811
v 2.716469 1.728458 3.780820
v 2.716469 1.728458 3.581830
v 2.716469 1.728458 3.382839
v 2.716469 1.728458 3.183849
v 2.716469 1.728458 2.984858
v 2.716469 1.728458 2.785868
v 2.716469 1.728458 2.586877
v 2.716469 1.728458 2.387887
v 2.716469 1.728458 2.188896
v 2.716469 1.728458 1.989906
v 2.716469 1.728458 1.790915
v 2.716469 1.728458 1.591925
v 2.716469 1.728458 1.392934
v 2.716469 1.728458 1.193944
v 2.716469 1.728458 0.994953
v 2.716469 1.728458 0.795962
v 2.716469 1.728458 0.596972
v 2.716469 1.728458 0.397981
v 2.716469 1.728458 0.198991
v 2.636611 1.668565 6.367700
v 2.636611 1.668565 6.168709
v 2.636611 1.668565 5.969718
v 2.636611 1.668565 5.770728
v 2.636611 1.668565 5.571737
v 2.636611 1.668565 5.372746
v 2.636611 1.668565 5.173755
v 2.636611 1.668565 4.974765
v 2.636611 1.668565 4.775774
v 2.636611 1.668565 4.576783
v 2.636611 1.668565 4.377792
v 2.636611 1.668565 4.178802
v 2.636611 1.668565 3.979811
v 2.636611 1.668565 3.780820
v 2.636611 1.668565 3.581830
v 2.636611 1.668565 3.382839
v 2.636611 1.668565 3.183849
v 2.636611 1.668565 2.984858
v 2.636611 1.668565 2.785868
v 2.636611 1.668565 2.586877
v 2.636611 1.668565 2.387887
v 2.636611 1.668565 2.188896
v 2.636611 1.668565 1.989906
v 2.636611 1.668565 1.790915
v 2.636611 1.668565 1.591925
v 2.636611 1.668565 1.392934
v 2.636611 1.668565 1.193944
v 2.636611 1.668565 0.994953
v 2.636611 1.668565 0.795962
v 2.636611 1.668565 0.596972
v 2.636611 1.668565 0.397981
v 2.636611 1.668565 0.198991
v 2.926589 0.628683 6.457751
v 2.428197 0.628683 6.968538
v 2.716469 0.576153 0.000000
v 2.716469 0.576153 6.367700
v 2.218077 0.576153 6.878487
v 2.716469 0.576153 6.168709
v 2.716469 0.576153 5.969718
v 2.716469 0.576153 5.770728
v 2.716469 0.576153 5.571737
v 2.716469 0.576153 5.372746
v 2.716469 0.576153 5.173755
v 2.716469 0.576153 4.974765
v 2.716469 0.576153 4.775774
v 2.716469 0.576153 4.576783
v 2.716469 0.576153 4.377792
v 2.716469 0.576153 4.178802
v 2.716469 0.576153 3.979811
v 2.716469 0.576153 3.780820
v 2.716469 0.576153 3.581830
v 2.716469 0.576153 3.382839
v 2.716469 0.576153 3.183849
v 2.716469 0.576153 2.984858
v 2.716469 0.576153 2.785868
v 2.716469 0.576153 2.586877
v 2.716469 0.576153 2.387887
v 2.716469 0.576153 2.188896
v 2.716469 0.576153 1.989906
v 2.716469 0.576153 1.790915
v 2.716469 0.576153 1.591925
v 2.716469 0.576153 1.392934
v 2.716469 0.576153 1.193944
v 2.716469 0.576153 0.994953
v 2.716469 0.576153 0.795962
v 2.716469 0.576153 0.596972
v 2.716469 0.576153 0.397981
v 2.716469 0.576153 0.198991
v 2.636611 0.556188 6.367700
v 2.636611 0.556188 6.168709
v 2.636611 0.556188 5.969718
v 2.636611 0.556188 5.770728
v 2.636611 0.556188 5.571737
v 2.636611 0.556188 5.372746
v 2.636611 0.556188 5.173755
v 2.636611 0.556188 4.974765
v 2.636611 0.556188 4.775774
v 2.636611 0.556188 4.576783
v 2.636611 0.556188 4.377792
v 2.636611 0.556188 4.178802
v 2.636611 0.556188 3.979811
v 2.636611 0.556188 3.780820
v 2.636611 0.556188 3.581830
v 2.636611 0.556188 3.382839
v 2.636611 0.556188 3.183849
v 2.636611 0.556188 2.984858
v 2.636611 0.556188 2.785868
v 2.636611 0.556188 2.586877
v 2.636611 0.556188 2.387887
v 2.636611 0.556188 2.188896
v 2.636611 0.556188 1.989906
v 2.636611 0.556188 1.790915
v 2.636611 0.556188 1.591925
v 2.636611 0.556188 1.392934
v 2.636611 0.556188 1.193944
v 2.636611 0.556188 0.994953
v 2.636611 0.556188 0.795962
v 2.636611 0.556188 0.596972
v 2.636611 0.556188 0.397981
v 2.636611 0.556188 0.198991
v 2.926589 0.628683 6.968538
v 2.926589 0.314341 6.457751
v 2.428197 0.314341 6.968538
v 2.716469 0.288076 0.000000
v 2.716469 0.288076 6.367700
v 2.218077 0.288076 6.878487
v 2.716469 0.288076 6.168709
v 2.716469 0.288076 5.969718
v 2.716469 0.288076 5.770728
v 2.716469 0.288076 5.571737
v 2.716469 0.288076 5.372746
v 2.716469 0.288076 5.173755
v 2.716469 0.288076 4.974765
v 2.716469 0.288076 4.775774
v 2.716469 0.288076 4.576783
v 2.716469 0.288076 4.377792
v 2.716469 0.288076 4.178802
v 2.716469 0.288076 3.979811
v 2.716469 0.288076 3.780820
v 2.716469 0.288076 3.581830
v 2.716469 0.288076 3.382839
v 2.716469 0.288076 3.183849
v 2.716469 0.288076 2.984858
v 2.716469 0.288076 2.785868
v 2.716469 0.288076 2.586877
v 2.716469 0.288076 2.387887
v 2.716469 0.288076 2.188896
v 2.716469 0.288076 1.989906
v 2.716469 0.288076 1.790915
v 2.716469 0.288076 1.591925
v 2.716469 0.288076 1.392934
v 2.716469 0.288076 1.193944
v 2.716469 0.288076 0.994953
v 2.716469 0.288076 0.795962
v 2.716469 0.288076 0.596972
v 2.716469 0.288076 0.397981
v 2.716469 0.288076 0.198991
v 2.636611 0.278094 6.367700
v 2.636611 0.278094 6.168709
v 2.636611 0.278094 5.969718
v 2.636611 0.278094 5.770728
v 2.636611 0.278094 5.571737
v 2.636611 0.278094 5.372746
v 2.636611 0.278094 5.173755
v 2.636611 0.278094 4.974765
v 2.636611 0.278094 4.775774
v 2.636611 0.278094 4.576783
v 2.636611 0.278094 4.377792
v 2.636611 0.278094 4.178802
v 2.636611 0.278094 3.979811
v 2.636611 0.278094 3.780820
v 2.636611 0.278094 3.581830
v 2.636611 0.278094 3.382839
v 2.636611 0.278094 3.183849
v 2.636611 0.278094 2.984858
v 2.636611 0.278094 2.785868
v 2.636611 0.278094 2.586877
v 2.636611 0.278094 2.387887
v 2.636611 0.278094 2.188896
v 2.636611 0.278094 1.989906
v 2.636611 0.278094 1.790915
v 2.636611 0.278094 1.591925
v 2.636611 0.278094 1.392934
v 2.636611 0.278094 1.193944
v 2.636611 0.278094 0.994953
v 2.636611 0.278094 0.795962
v 2.636611 0.278094 0.596972
v 2.636611 0.278094 0.397981
v 2.636611 0.278094 0.198991
v 2.926589 0.314341 6.968538
v 2.926589 0.943024 6.968538
v 2.926589 0.943024 6.457751
v 2.428197 0.943024 6.968538
v 2.716469 0.864229 0.000000
v 2.716469 0.864229 6.367700
v 2.218077 0.864229 6.878487
v 2.716469 0.864229 6.168709
v 2.716469 0.864229 5.969718
v 2.716469 0.864229 5.770728
v 2.716469 0.864229 5.571737
v 2.716469 0.864229 5.372746
v 2.716469 0.864229 5.173755
v 2.716469 0.864229 4.974765
v 2.716469 0.864229 4.775774
v 2.716469 0.864229 4.576783
v 2.716469 0.864229 4.377792
v 2.716469 0.864229 4.178802
v 2.716469 0.864229 3.979811
v 2.716469 0.864229 3.780820
v 2.716469 0.864229 3.581830
v 2.716469 0.864229 3.382839
v 2.716469 0.864229 3.183849
v 2.716469 0.864229 2.984858
v 2.716469 0.864229 2.785868
v 2.716469 0.864229 2.586877
v 2.716469 0.864229 2.387887
v 2.716469 0.864229 2.188896
v 2.716469 0.864229 1.989906
v 2.716469 0.864229 1.790915
v 2.716469 0.864229 1.591925
v 2.716469 0.864229 1.392934
v 2.716469 0.864229 1.193944
v 2.716469 0.864229 0.994953
v 2.716469 0.864229 0.795962
v 2.716469 0.864229 0.596972
v 2.716469 0.864229 0.397981
v 2.716469 0.864229 0.198991
v 2.636611 0.834282 6.367700
v 2.636611 0.834282 6.168709
v 2.636611 0.834282 5.969718
v 2.636611 0.834282 5.770728
v 2.636611 0.834282 5.571737
v 2.636611 0.834282 5.372746
v 2.636611 0.834282 5.173755
v 2.636611 0.834282 4.974765
v 2.636611 0.834282 4.775774
v 2.636611 0.834282 4.576783
v 2.636611 0.834282 4.377792
v 2.636611 0.834282 4.178802
v 2.636611 0.834282 3.979811
v 2.636611 0.834282 3.780820
v 2.636611 0.834282 3.581830
v 2.636611 0.834282 3.382839
v 2.636611 0.834282 3.183849
v 2.636611 0.834282 2.984858
v 2.636611 0.834282 2.785868
v 2.636611 0.834282 2.586877
v 2.636611 0.834282 2.387887
v 2.636611 0.834282 2.188896
v 2.636611 0.834282 1.989906
v 2.636611 0.834282 1.790915
v 2.636611 0.834282 1.591925
v 2.636611 0.834282 1.392934
v 2.636611 0.834282 1.193944
v 2.636611 0.834282 0.994953
v 2.636611 0.834282 0.795962
v 2.636611 0.834282 0.596972
v 2.636611 0.834282 0.397981
v 2.636611 0.834282 0.198991
v 2.926589 1.571707 6.457751
v 2.428197 1.571707 6.968538
v 2.716469 1.440382 0.000000
v 2.716469 1.440382 6.367700
v 2.218077 1.440382 6.878487
v 2.716469 1.440382 6.168709
v 2.716469 1.440382 5.969718
v 2.716469 1.440382 5.770728
v 2.716469 1.440382 5.571737
v 2.716469 1.440382 5.372746
v 2.716469 1.440382 5.173755
v 2.716469 1.440382 4.974765
v 2.716469 1.440382 4.775774
v 2.716469 1.440382 4.576783
v 2.716469 1.440382 4.377792
v 2.716469 1.440382 4.178802
v 2.716469 1.440382 3.979811
v 2.716469 1.440382 3.780820
v 2.716469 1.440382 3.581830
v 2.716469 1.440382 3.382839
v 2.716469 1.440382 3.183849
v 2.716469 1.440382 2.984858
v 2.716469 1.440382 2.785868
v 2.716469 1.440382 2.586877
v 2.716469 1.440382 2.387887
v 2.716469 1.440382 2.188896
v 2.716469 1.440382 1.989906
v 2.716469 1.440382 1.790915
v 2.716469 1.440382 1.591925
v 2.716469 1.440382 1.392934
v 2.716469 1.440382 1.193944
v 2.716469 1.440382 0.994953
v 2.716469 1.440382 0.795962
v 2.716469 1.440382 0.596972
v 2.716469 1.440382 0.397981
v 2.716469 1.440382 0.198991
v 2.636611 1.390471 6.367700
v 2.636611 1.390471 6.168709
v 2.636611 1.390471 5.969718
v 2.636611 1.390471 5.770728
v 2.636611 1.390471 5.571737
v 2.636611 1.390471 5.372746
v 2.636611 1.390471 5.173755
v 2.636611 1.390471 4.974765
v 2.636611 1.390471 4.775774
v 2.636611 1.390471 4.576783
v 2.636611 1.390471 4.377792
v 2.636611 1.390471 4.178802
v 2.636611 1.390471 3.979811
v 2.636611 1.390471 3.780820
v 2.636611 1.390471 3.581830
v 2.636611 1.390471 3.382839
v 2.636611 1.390471 3.183849
v 2.636611 1.390471 2.984858
v 2.636611 1.390471 2.785868
v 2.636611 1.390471 2.586877
v 2.636611 1.390471 2.387887
v 2.636611 1.390471 2.188896
v 2.636611 1.390471 1.989906
v 2.636611 1.390471 1.790915
v 2.636611 1.390471 1.591925
v 2.636611 1.390471 1.392934
v 2.636611 1.390471 1.193944
v 2.636611 1.390471 0.994953
v 2.636611 1.390471 0.795962
v 2.636611 1.390471 0.596972
v 2.636611 1.390471 0.397981
v 2.636611 1.390471 0.198991
v 2.926589 1.571707 6.968538
v 2.926589 2.200389 6.968538
v 2.926589 2.200389 6.457751
v 2.428197 2.200389 6.968538
v 2.716469 2.016534 0.000000
v 2.716469 2.016534 6.367700
v 2.218077 2.016534 6.878487
v 2.716469 2.016534 6.168709
v 2.716469 2.016534 5.969718
v 2.716469 2.016534 5.770728
v 2.716469 2.016534 5.571737
v 2.716469 2.016534 5.372746
v 2.716469 2.016534 5.173755
v 2.716469 2.016534 4.974765
v 2.716469 2.016534 4.775774
v 2.716469 2.016534 4.576783
v 2.716469 2.016534 4.377792
v 2.716469 2.016534 4.178802
v 2.716469 2.016534 3.979811
v 2.716469 2.016534 3.780820
v 2.716469 2.016534 3.581830
v 2.716469 2.016534 3.382839
v 2.716469 2.016534 3.183849
v 2.716469 2.016534 2.984858
v 2.716469 2.016534 2.785868
v 2.716469 2.016534 2.586877
v 2.716469 2.016534 2.387887
v 2.716469 2.016534 2.188896
v 2.716469 2.016534 1.989906
v 2.716469 2.016534 1.790915
v 2.716469 2.016534 1.591925
v 2.716469 2.016534 1.392934
v 2.716469 2.016534 1.193944
v 2.716469 2.016534 0.994953
v 2.716469 2.016534 0.795962
v 2.716469 2.016534 0.596972
v 2.716469 2.016534 0.397981
v 2.716469 2.016534 0.198991
v 2.636611 1.946659 6.367700
v 2.636611 1.946659 6.168709
v 2.636611 1.946659 5.969718
v 2.636611 1.946659 5.770728
v 2.636611 1.946659 5.571737
v 2.636611 1.946659 5.372746
v 2.636611 1.946659 5.173755
v 2.636611 1.946659 4.974765
v 2.636611 1.946659 4.775774
v 2.636611 1.946659 4.576783
v 2.636611 1.946659 4.377792
v 2.636611 1.946659 4.178802
v 2.636611 1.946659 3.979811
v 2.636611 1.946659 3.780820
v 2.636611 1.946659 3.581830
v 2.636611 1.946659 3.382839
v 2.636611 1.946659 3.183849
v 2.636611 1.946659 2.984858
v 2.636611 1.946659 2.785868
v 2.636611 1.946659 2.586877
v 2.636611 1.946659 2.387887
v 2.636611 1.946659 2.188896
v 2.636611 1.946659 1.989906
v 2.636611 1.946659 1.790915
v 2.636611 1.946659 1.591925
v 2.636611 1.946659 1.392934
v 2.636611 1.946659 1.193944
v 2.636611 1.946659 0.994953
v 2.636611 1.946659 0.795962
v 2.636611 1.946659 0.596972
v 2.636611 1.946659 0.397981
v 2.636611 1.946659 0.198991
v 2.218077 0.000000 6.796751
v 2.218077 0.288076 6.796751
v 2.218077 1.152305 6.796751
v 2.218077 2.016534 6.796751
v 2.218077 1.728458 6.796751
v 2.218077 0.864229 6.796751
v -3.000000 -3.000000 7.000000
v -3.000000 -3.000000 6.489213
v -2.501608 -3.000000 7.000000
v -2.501608 -3.000000 6.489213
v -3.000000 -2.588141 7.000000
v -3.000000 -2.588141 6.489213
v -2.501608 -2.588141 7.000000
v 0.000000 -2.926589 6.457751
v 0.000000 -2.926589 6.968538
v 0.000000 -2.514731 6.968538
v -2.926589 -2.926589 6.457751
v -2.926589 -2.926589 0.000000
v -2.428197 -2.926589 0.000000
v -2.926589 -2.514731 0.000000
v -2.926589 -2.514731 6.457751
v -2.428197 -2.926589 6.457751
v -2.428197 -2.926589 6.968538
v -2.428197 -2.514731 6.968538
v -2.926589 -2.514731 6.968538
v 0.000000 -2.304610 6.878487
v -2.218077 -2.716469 0.000000
v 0.000000 -2.716469 0.000000
v -2.716469 -2.304610 0.000000
v 0.000000 -2.716469 6.367700
v -2.716469 -2.304610 6.367700
v -2.218077 -2.716469 6.367700
v -2.218077 -2.304610 6.878487
v -2.926589 -2.926589 6.255947
v -2.926589 -2.926589 6.054142
v -2.926589 -2.926589 5.852337
v -2.926589 -2.926589 5.650532
v -2.926589 -2.926589 5.448728
v -2.926589 -2.926589 5.246922
v -2.926589 -2.926589 5.045118
v -2.926589 -2.926589 4.843313
v -2.926589 -2.926589 4.641509
v -2.926589 -2.926589 4.439704
v -2.926589 -2.926589 4.237899
v -2.926589 -2.926589 4.036095
v -2.926589 -2.926589 3.834290
v -2.926589 -2.926589 3.632485
v -2.926589 -2.926589 3.430680
v -2.926589 -2.926589 3.228876
v -2.926589 -2.926589 3.027071
v -2.926589 -2.926589 2.825266
v -2.926589 -2.926589 2.623461
v -2.926589 -2.926589 2.421657
v -2.926589 -2.926589 2.219852
v -2.926589 -2.926589 2.018047
v -2.926589 -2.926589 1.816243
v -2.926589 -2.926589 1.614438
v -2.926589 -2.926589 1.412633
v -2.926589 -2.926589 1.210828
v -2.926589 -2.926589 1.009024
v -2.926589 -2.926589 0.807219
v -2.926589 -2.926589 0.605414
v -2.926589 -2.926589 0.403609
v -2.926589 -2.926589 0.201805
v -2.428197 -2.926589 0.201805
v -2.428197 -2.926589 0.403609
v -2.428197 -2.926589 0.605414
v -2.428197 -2.926589 0.807219
v -2.428197 -2.926589 1.009024
v -2.428197 -2.926589 1.210828
v -2.428197 -2.926589 1.412633
v -2.428197 -2.926589 1.614438
v -2.428197 -2.926589 1.816243
v -2.428197 -2.926589 2.018047
v -2.428197 -2.926589 2.219852
v -2.428197 -2.926589 2.421657
v -2.428197 -2.926589 2.623461
v -2.428197 -2.926589 2.825266
v -2.428197 -2.926589 3.027071
v -2.428197 -2.926589 3.228876
v -2.428197 -2.926589 3.430680
v -2.428197 -2.926589 3.632485
v -2.428197 -2.926589 3.834290
v -2.428197 -2.926589 4.036095
v -2.428197 -2.926589 4.237899
v -2.428197 -2.926589 4.439704
v -2.428197 -2.926589 4.641509
v -2.428197 -2.926589 4.843313
v -2.428197 -2.926589 5.045118
v -2.428197 -2.926589 5.246923
v -2.428197 -2.926589 5.448728
v -2.428197 -2.926589 5.650532
v -2.428197 -2.926589 5.852337
v -2.428197 -2.926589 6.054142
v -2.428197 -2.926589 6.255947
v -2.926589 -2.514731 6.255947
v -2.926589 -2.514731 6.054142
v -2.926589 -2.514731 5.852337
v -2.926589 -2.514731 5.650532
v -2.926589 -2.514731 5.448728
v -2.926589 -2.514731 5.246922
v -2.926589 -2.514731 5.045118
v -2.926589 -2.514731 4.843313
v -2.926589 -2.514731 4.641509
v -2.926589 -2.514731 4.439704
v -2.926589 -2.514731 4.237899
v -2.926589 -2.514731 4.036095
v -2.926589 -2.514731 3.834290
v -2.926589 -2.514731 3.632485
v -2.926589 -2.514731 3.430680
v -2.926589 -2.514731 3.228876
v -2.926589 -2.514731 3.027071
v -2.926589 -2.514731 2.825266
v -2.926589 -2.514731 2.623461
v -2.926589 -2.514731 2.421657
v -2.926589 -2.514731 2.219852
v -2.926589 -2.514731 2.018047
v -2.926589 -2.514731 1.816243
v -2.926589 -2.514731 1.614438
v -2.926589 -2.514731 1.412633
v -2.926589 -2.514731 1.210828
v -2.926589 -2.514731 1.009024
v -2.926589 -2.514731 0.807219
v -2.926589 -2.514731 0.605414
v -2.926589 -2.514731 0.403609
v -2.926589 -2.514731 0.201805
v 0.000000 -2.716469 0.198991
v 0.000000 -2.716469 0.397981
v 0.000000 -2.716469 0.596972
v 0.000000 -2.716469 0.795962
v 0.000000 -2.716469 0.994953
v 0.000000 -2.716469 1.193944
v 0.000000 -2.716469 1.392934
v 0.000000 -2.716469 1.591925
v 0.000000 -2.716469 1.790915
v 0.000000 -2.716469 1.989906
v 0.000000 -2.716469 2.188897
v 0.000000 -2.716469 2.387887
v 0.000000 -2.716469 2.586878
v 0.000000 -2.716469 2.785869
v 0.000000 -2.716469 2.984859
v 0.000000 -2.716469 3.183850
v 0.000000 -2.716469 3.382841
v 0.000000 -2.716469 3.581831
v 0.000000 -2.716469 3.780822
v 0.000000 -2.716469 3.979813
v 0.000000 -2.716469 4.178803
v 0.000000 -2.716469 4.377794
v 0.000000 -2.716469 4.576785
v 0.000000 -2.716469 4.775775
v 0.000000 -2.716469 4.974766
v 0.000000 -2.716469 5.173757
v 0.000000 -2.716469 5.372747
v 0.000000 -2.716469 5.571738
v 0.000000 -2.716469 5.770728
v 0.000000 -2.716469 5.969718
v 0.000000 -2.716469 6.168709
v -2.218077 -2.716469 0.198991
v -2.218077 -2.716469 0.397981
v -2.218077 -2.716469 0.596972
v -2.218077 -2.716469 0.795962
v -2.218077 -2.716469 0.994953
v -2.218077 -2.716469 1.193944
v -2.218077 -2.716469 1.392934
v -2.218077 -2.716469 1.591925
v -2.218077 -2.716469 1.790915
v -2.218077 -2.716469 1.989906
v -2.218077 -2.716469 2.188897
v -2.218077 -2.716469 2.387887
v -2.218077 -2.716469 2.586878
v -2.218077 -2.716469 2.785869
v -2.218077 -2.716469 2.984859
v -2.218077 -2.716469 3.183850
v -2.218077 -2.716469 3.382841
v -2.218077 -2.716469 3.581831
v -2.218077 -2.716469 3.780822
v -2.218077 -2.716469 3.979813
v -2.218077 -2.716469 4.178803
v -2.218077 -2.716469 4.377794
v -2.218077 -2.716469 4.576785
v -2.218077 -2.716469 4.775775
v -2.218077 -2.716469 4.974766
v -2.218077 -2.716469 5.173757
v -2.218077 -2.716469 5.372747
v -2.218077 -2.716469 5.571738
v -2.218077 -2.716469 5.770728
v -2.218077 -2.716469 5.969718
v -2.218077 -2.716469 6.168709
v -2.716469 -2.304610 6.168709
v -2.716469 -2.304610 5.969718
v -2.716469 -2.304610 5.770728
v -2.716469 -2.304610 5.571737
v -2.716469 -2.304610 5.372746
v -2.716469 -2.304610 5.173755
v -2.716469 -2.304610 4.974765
v -2.716469 -2.304610 4.775774
v -2.716469 -2.304610 4.576783
v -2.716469 -2.304610 4.377792
v -2.716469 -2.304610 4.178802
v -2.716469 -2.304610 3.979811
v -2.716469 -2.304610 3.780820
v -2.716469 -2.304610 3.581830
v -2.716469 -2.304610 3.382839
v -2.716469 -2.304610 3.183849
v -2.716469 -2.304610 2.984858
v -2.716469 -2.304610 2.785868
v -2.716469 -2.304610 2.586877
v -2.716469 -2.304610 2.387887
v -2.716469 -2.304610 2.188896
v -2.716469 -2.304610 1.989906
v -2.716469 -2.304610 1.790915
v -2.716469 -2.304610 1.591925
v -2.716469 -2.304610 1.392934
v -2.716469 -2.304610 1.193944
v -2.716469 -2.304610 0.994953
v -2.716469 -2.304610 0.795962
v -2.716469 -2.304610 0.596972
v -2.716469 -2.304610 0.397981
v -2.716469 -2.304610 0.198991
v 0.000000 -2.636611 6.168709
v 0.000000 -2.636611 6.367700
v -2.636611 -2.224753 6.367700
v -2.138219 -2.636611 6.367700
v -2.138219 -2.636611 6.168709
v 0.000000 -2.636611 0.198991
v 0.000000 -2.636611 0.397981
v 0.000000 -2.636611 0.596972
v 0.000000 -2.636611 0.795962
v 0.000000 -2.636611 0.994953
v 0.000000 -2.636611 1.193944
v 0.000000 -2.636611 1.392934
v 0.000000 -2.636611 1.591925
v 0.000000 -2.636611 1.790915
v 0.000000 -2.636611 1.989906
v 0.000000 -2.636611 2.188897
v 0.000000 -2.636611 2.387887
v 0.000000 -2.636611 2.586878
v 0.000000 -2.636611 2.785869
v 0.000000 -2.636611 2.984859
v 0.000000 -2.636611 3.183850
v 0.000000 -2.636611 3.382841
v 0.000000 -2.636611 3.581831
v 0.000000 -2.636611 3.780822
v 0.000000 -2.636611 3.979813
v 0.000000 -2.636611 4.178803
v 0.000000 -2.636611 4.377794
v 0.000000 -2.636611 4.576785
v 0.000000 -2.636611 4.775775
v 0.000000 -2.636611 4.974766
v 0.000000 -2.636611 5.173757
v 0.000000 -2.636611 5.372747
v 0.000000 -2.636611 5.571738
v 0.000000 -2.636611 5.770728
v 0.000000 -2.636611 5.969718
v -2.138219 -2.636611 0.198991
v -2.138219 -2.636611 0.397981
v -2.138219 -2.636611 0.596972
v -2.138219 -2.636611 0.795962
v -2.138219 -2.636611 0.994953
v -2.138219 -2.636611 1.193944
v -2.138219 -2.636611 1.392934
v -2.138219 -2.636611 1.591925
v -2.138219 -2.636611 1.790915
v -2.138219 -2.636611 1.989906
v -2.138219 -2.636611 2.188897
v -2.138219 -2.636611 2.387887
v -2.138219 -2.636611 2.586878
v -2.138219 -2.636611 2.785869
v -2.138219 -2.636611 2.984859
v -2.138219 -2.636611 3.183850
v -2.138219 -2.636611 3.382841
v -2.138219 -2.636611 3.581831
v -2.138219 -2.636611 3.780822
v -2.138219 -2.636611 3.979813
v -2.138219 -2.636611 4.178803
v -2.138219 -2.636611 4.377794
v -2.138219 -2.636611 4.576785
v -2.138219 -2.636611 4.775775
v -2.138219 -2.636611 4.974766
v -2.138219 -2.636611 5.173757
v -2.138219 -2.636611 5.372747
v -2.138219 -2.636611 5.571738
v -2.138219 -2.636611 5.770728
v -2.138219 -2.636611 5.969718
v -2.636611 -2.224753 6.168709
v -2.636611 -2.224753 5.969718
v -2.636611 -2.224753 5.770728
v -2.636611 -2.224753 5.571737
v -2.636611 -2.224753 5.372746
v -2.636611 -2.224753 5.173755
v -2.636611 -2.224753 4.974765
v -2.636611 -2.224753 4.775774
v -2.636611 -2.224753 4.576783
v -2.636611 -2.224753 4.377792
v -2.636611 -2.224753 4.178802
v -2.636611 -2.224753 3.979811
v -2.636611 -2.224753 3.780820
v -2.636611 -2.224753 3.581830
v -2.636611 -2.224753 3.382839
v -2.636611 -2.224753 3.183849
v -2.636611 -2.224753 2.984858
v -2.636611 -2.224753 2.785868
v -2.636611 -2.224753 2.586877
v -2.636611 -2.224753 2.387887
v -2.636611 -2.224753 2.188896
v -2.636611 -2.224753 1.989906
v -2.636611 -2.224753 1.790915
v -2.636611 -2.224753 1.591925
v -2.636611 -2.224753 1.392934
v -2.636611 -2.224753 1.193944
v -2.636611 -2.224753 0.994953
v -2.636611 -2.224753 0.795962
v -2.636611 -2.224753 0.596972
v -2.636611 -2.224753 0.397981
v -2.636611 -2.224753 0.198991
v -2.926589 -1.257365 6.457751
v -2.428197 -1.257365 6.968538
v -2.926589 -1.257365 6.968538
v 0.000000 -1.152305 6.878487
v -2.716469 -1.152305 0.000000
v -2.716469 -1.152305 6.367700
v -2.218077 -1.152305 6.878487
v -2.716469 -1.152305 6.168709
v -2.716469 -1.152305 5.969718
v -2.716469 -1.152305 5.770728
v -2.716469 -1.152305 5.571737
v -2.716469 -1.152305 5.372746
v -2.716469 -1.152305 5.173755
v -2.716469 -1.152305 4.974765
v -2.716469 -1.152305 4.775774
v -2.716469 -1.152305 4.576783
v -2.716469 -1.152305 4.377792
v -2.716469 -1.152305 4.178802
v -2.716469 -1.152305 3.979811
v -2.716469 -1.152305 3.780820
v -2.716469 -1.152305 3.581830
v -2.716469 -1.152305 3.382839
v -2.716469 -1.152305 3.183849
v -2.716469 -1.152305 2.984858
v -2.716469 -1.152305 2.785868
v -2.716469 -1.152305 2.586877
v -2.716469 -1.152305 2.387887
v -2.716469 -1.152305 2.188896
v -2.716469 -1.152305 1.989906
v -2.716469 -1.152305 1.790915
v -2.716469 -1.152305 1.591925
v -2.716469 -1.152305 1.392934
v -2.716469 -1.152305 1.193944
v -2.716469 -1.152305 0.994953
v -2.716469 -1.152305 0.795962
v -2.716469 -1.152305 0.596972
v -2.716469 -1.152305 0.397981
v -2.716469 -1.152305 0.198991
v -2.636611 -1.112376 6.367700
v -2.636611 -1.112376 6.168709
v -2.636611 -1.112376 5.969718
v -2.636611 -1.112376 5.770728
v -2.636611 -1.112376 5.571737
v -2.636611 -1.112376 5.372746
v -2.636611 -1.112376 5.173755
v -2.636611 -1.112376 4.974765
v -2.636611 -1.112376 4.775774
v -2.636611 -1.112376 4.576783
v -2.636611 -1.112376 4.377792
v -2.636611 -1.112376 4.178802
v -2.636611 -1.112376 3.979811
v -2.636611 -1.112376 3.780820
v -2.636611 -1.112376 3.581830
v -2.636611 -1.112376 3.382839
v -2.636611 -1.112376 3.183849
v -2.636611 -1.112376 2.984858
v -2.636611 -1.112376 2.785868
v -2.636611 -1.112376 2.586877
v -2.636611 -1.112376 2.387887
v -2.636611 -1.112376 2.188896
v -2.636611 -1.112376 1.989906
v -2.636611 -1.112376 1.790915
v -2.636611 -1.112376 1.591925
v -2.636611 -1.112376 1.392934
v -2.636611 -1.112376 1.193944
v -2.636611 -1.112376 0.994953
v -2.636611 -1.112376 0.795962
v -2.636611 -1.112376 0.596972
v -2.636611 -1.112376 0.397981
v -2.636611 -1.112376 0.198991
v -2.926589 -1.886048 6.968538
v -2.926589 -1.886048 6.457751
v -2.428197 -1.886048 6.968538
v 0.000000 -1.728458 6.878487
v -2.716469 -1.728458 0.000000
v -2.716469 -1.728458 6.367700
v -2.218077 -1.728458 6.878487
v -2.716469 -1.728458 6.168709
v -2.716469 -1.728458 5.969718
v -2.716469 -1.728458 5.770728
v -2.716469 -1.728458 5.571737
v -2.716469 -1.728458 5.372746
v -2.716469 -1.728458 5.173755
v -2.716469 -1.728458 4.974765
v -2.716469 -1.728458 4.775774
v -2.716469 -1.728458 4.576783
v -2.716469 -1.728458 4.377792
v -2.716469 -1.728458 4.178802
v -2.716469 -1.728458 3.979811
v -2.716469 -1.728458 3.780820
v -2.716469 -1.728458 3.581830
v -2.716469 -1.728458 3.382839
v -2.716469 -1.728458 3.183849
v -2.716469 -1.728458 2.984858
v -2.716469 -1.728458 2.785868
v -2.716469 -1.728458 2.586877
v -2.716469 -1.728458 2.387887
v -2.716469 -1.728458 2.188896
v -2.716469 -1.728458 1.989906
v -2.716469 -1.728458 1.790915
v -2.716469 -1.728458 1.591925
v -2.716469 -1.728458 1.392934
v -2.716469 -1.728458 1.193944
v -2.716469 -1.728458 0.994953
v -2.716469 -1.728458 0.795962
v -2.716469 -1.728458 0.596972
v -2.716469 -1.728458 0.397981
v -2.716469 -1.728458 0.198991
v -2.636611 -1.668565 6.367700
v -2.636611 -1.668565 6.168709
v -2.636611 -1.668565 5.969718
v -2.636611 -1.668565 5.770728
v -2.636611 -1.668565 5.571737
v -2.636611 -1.668565 5.372746
v -2.636611 -1.668565 5.173755
v -2.636611 -1.668565 4.974765
v -2.636611 -1.668565 4.775774
v -2.636611 -1.668565 4.576783
v -2.636611 -1.668565 4.377792
v -2.636611 -1.668565 4.178802
v -2.636611 -1.668565 3.979811
v -2.636611 -1.668565 3.780820
v -2.636611 -1.668565 3.581830
v -2.636611 -1.668565 3.382839
v -2.636611 -1.668565 3.183849
v -2.636611 -1.668565 2.984858
v -2.636611 -1.668565 2.785868
v -2.636611 -1.668565 2.586877
v -2.636611 -1.668565 2.387887
v -2.636611 -1.668565 2.188896
v -2.636611 -1.668565 1.989906
v -2.636611 -1.668565 1.790915
v -2.636611 -1.668565 1.591925
v -2.636611 -1.668565 1.392934
v -2.636611 -1.668565 1.193944
v -2.636611 -1.668565 0.994953
v -2.636611 -1.668565 0.795962
v -2.636611 -1.668565 0.596972
v -2.636611 -1.668565 0.397981
v -2.636611 -1.668565 0.198991
v -2.926589 -0.628683 6.457751
v -2.428197 -0.628683 6.968538
v 0.000000 -0.576153 6.878487
v -2.716469 -0.576153 0.000000
v -2.716469 -0.576153 6.367700
v -2.218077 -0.576153 6.878487
v -2.716469 -0.576153 6.168709
v -2.716469 -0.576153 5.969718
v -2.716469 -0.576153 5.770728
v -2.716469 -0.576153 5.571737
v -2.716469 -0.576153 5.372746
v -2.716469 -0.576153 5.173755
v -2.716469 -0.576153 4.974765
v -2.716469 -0.576153 4.775774
v -2.716469 -0.576153 4.576783
v -2.716469 -0.576153 4.377792
v -2.716469 -0.576153 4.178802
v -2.716469 -0.576153 3.979811
v -2.716469 -0.576153 3.780820
v -2.716469 -0.576153 3.581830
v -2.716469 -0.576153 3.382839
v -2.716469 -0.576153 3.183849
v -2.716469 -0.576153 2.984858
v -2.716469 -0.576153 2.785868
v -2.716469 -0.576153 2.586877
v -2.716469 -0.576153 2.387887
v -2.716469 -0.576153 2.188896
v -2.716469 -0.576153 1.989906
v -2.716469 -0.576153 1.790915
v -2.716469 -0.576153 1.591925
v -2.716469 -0.576153 1.392934
v -2.716469 -0.576153 1.193944
v -2.716469 -0.576153 0.994953
v -2.716469 -0.576153 0.795962
v -2.716469 -0.576153 0.596972
v -2.716469 -0.576153 0.397981
v -2.716469 -0.576153 0.198991
v -2.636611 -0.556188 6.367700
v -2.636611 -0.556188 6.168709
v -2.636611 -0.556188 5.969718
v -2.636611 -0.556188 5.770728
v -2.636611 -0.556188 5.571737
v -2.636611 -0.556188 5.372746
v -2.636611 -0.556188 5.173755
v -2.636611 -0.556188 4.974765
v -2.636611 -0.556188 4.775774
v -2.636611 -0.556188 4.576783
v -2.636611 -0.556188 4.377792
v -2.636611 -0.556188 4.178802
v -2.636611 -0.556188 3.979811
v -2.636611 -0.556188 3.780820
v -2.636611 -0.556188 3.581830
v -2.636611 -0.556188 3.382839
v -2.636611 -0.556188 3.183849
v -2.636611 -0.556188 2.984858
v -2.636611 -0.556188 2.785868
v -2.636611 -0.556188 2.586877
v -2.636611 -0.556188 2.387887
v -2.636611 -0.556188 2.188896
v -2.636611 -0.556188 1.989906
v -2.636611 -0.556188 1.790915
v -2.636611 -0.556188 1.591925
v -2.636611 -0.556188 1.392934
v -2.636611 -0.556188 1.193944
v -2.636611 -0.556188 0.994953
v -2.636611 -0.556188 0.795962
v -2.636611 -0.556188 0.596972
v -2.636611 -0.556188 0.397981
v -2.636611 -0.556188 0.198991
v -2.926589 -0.628683 6.968538
v -2.926589 -0.314341 6.457751
v -2.428197 -0.314341 6.968538
v 0.000000 -0.288076 6.878487
v -2.716469 -0.288076 0.000000
v -2.716469 -0.288076 6.367700
v -2.218077 -0.288076 6.878487
v -2.716469 -0.288076 6.168709
v -2.716469 -0.288076 5.969718
v -2.716469 -0.288076 5.770728
v -2.716469 -0.288076 5.571737
v -2.716469 -0.288076 5.372746
v -2.716469 -0.288076 5.173755
v -2.716469 -0.288076 4.974765
v -2.716469 -0.288076 4.775774
v -2.716469 -0.288076 4.576783
v -2.716469 -0.288076 4.377792
v -2.716469 -0.288076 4.178802
v -2.716469 -0.288076 3.979811
v -2.716469 -0.288076 3.780820
v -2.716469 -0.288076 3.581830
v -2.716469 -0.288076 3.382839
v -2.716469 -0.288076 3.183849
v -2.716469 -0.288076 2.984858
v -2.716469 -0.288076 2.785868
v -2.716469 -0.288076 2.586877
v -2.716469 -0.288076 2.387887
v -2.716469 -0.288076 2.188896
v -2.716469 -0.288076 1.989906
v -2.716469 -0.288076 1.790915
v -2.716469 -0.288076 1.591925
v -2.716469 -0.288076 1.392934
v -2.716469 -0.288076 1.193944
v -2.716469 -0.288076 0.994953
v -2.716469 -0.288076 0.795962
v -2.716469 -0.288076 0.596972
v -2.716469 -0.288076 0.397981
v -2.716469 -0.288076 0.198991
v -2.636611 -0.278094 6.367700
v -2.636611 -0.278094 6.168709
v -2.636611 -0.278094 5.969718
v -2.636611 -0.278094 5.770728
v -2.636611 -0.278094 5.571737
v -2.636611 -0.278094 5.372746
v -2.636611 -0.278094 5.173755
v -2.636611 -0.278094 4.974765
v -2.636611 -0.278094 4.775774
v -2.636611 -0.278094 4.576783
v -2.636611 -0.278094 4.377792
v -2.636611 -0.278094 4.178802
v -2.636611 -0.278094 3.979811
v -2.636611 -0.278094 3.780820
v -2.636611 -0.278094 3.581830
v -2.636611 -0.278094 3.382839
v -2.636611 -0.278094 3.183849
v -2.636611 -0.278094 2.984858
v -2.636611 -0.278094 2.785868
v -2.636611 -0.278094 2.586877
v -2.636611 -0.278094 2.387887
v -2.636611 -0.278094 2.188896
v -2.636611 -0.278094 1.989906
v -2.636611 -0.278094 1.790915
v -2.636611 -0.278094 1.591925
v -2.636611 -0.278094 1.392934
v -2.636611 -0.278094 1.193944
v -2.636611 -0.278094 0.994953
v -2.636611 -0.278094 0.795962
v -2.636611 -0.278094 0.596972
v -2.636611 -0.278094 0.397981
v -2.636611 -0.278094 0.198991
v -2.926589 -0.314341 6.968538
v -2.926589 -0.943024 6.968538
v -2.926589 -0.943024 6.457751
v -2.428197 -0.943024 6.968538
v 0.000000 -0.864229 6.878487
v -2.716469 -0.864229 0.000000
v -2.716469 -0.864229 6.367700
v -2.218077 -0.864229 6.878487
v -2.716469 -0.864229 6.168709
v -2.716469 -0.864229 5.969718
v -2.716469 -0.864229 5.770728
v -2.716469 -0.864229 5.571737
v -2.716469 -0.864229 5.372746
v -2.716469 -0.864229 5.173755
v -2.716469 -0.864229 4.974765
v -2.716469 -0.864229 4.775774
v -2.716469 -0.864229 4.576783
v -2.716469 -0.864229 4.377792
v -2.716469 -0.864229 4.178802
v -2.716469 -0.864229 3.979811
v -2.716469 -0.864229 3.780820
v -2.716469 -0.864229 3.581830
v -2.716469 -0.864229 3.382839
v -2.716469 -0.864229 3.183849
v -2.716469 -0.864229 2.984858
v -2.716469 -0.864229 2.785868
v -2.716469 -0.864229 2.586877
v -2.716469 -0.864229 2.387887
v -2.716469 -0.864229 2.188896
v -2.716469 -0.864229 1.989906
v -2.716469 -0.864229 1.790915
v -2.716469 -0.864229 1.591925
v -2.716469 -0.864229 1.392934
v -2.716469 -0.864229 1.193944
v -2.716469 -0.864229 0.994953
v -2.716469 -0.864229 0.795962
v -2.716469 -0.864229 0.596972
v -2.716469 -0.864229 0.397981
v -2.716469 -0.864229 0.198991
v -2.636611 -0.834282 6.367700
v -2.636611 -0.834282 6.168709
v -2.636611 -0.834282 5.969718
v -2.636611 -0.834282 5.770728
v -2.636611 -0.834282 5.571737
v -2.636611 -0.834282 5.372746
v -2.636611 -0.834282 5.173755
v -2.636611 -0.834282 4.974765
v -2.636611 -0.834282 4.775774
v -2.636611 -0.834282 4.576783
v -2.636611 -0.834282 4.377792
v -2.636611 -0.834282 4.178802
v -2.636611 -0.834282 3.979811
v -2.636611 -0.834282 3.780820
v -2.636611 -0.834282 3.581830
v -2.636611 -0.834282 3.382839
v -2.636611 -0.834282 3.183849
v -2.636611 -0.834282 2.984858
v -2.636611 -0.834282 2.785868
v -2.636611 -0.834282 2.586877
v -2.636611 -0.834282 2.387887
v -2.636611 -0.834282 2.188896
v -2.636611 -0.834282 1.989906
v -2.636611 -0.834282 1.790915
v -2.636611 -0.834282 1.591925
v -2.636611 -0.834282 1.392934
v -2.636611 -0.834282 1.193944
v -2.636611 -0.834282 0.994953
v -2.636611 -0.834282 0.795962
v -2.636611 -0.834282 0.596972
v -2.636611 -0.834282 0.397981
v -2.636611 -0.834282 0.198991
v -2.926589 -1.571707 6.457751
v -2.428197 -1.571707 6.968538
v 0.000000 -1.440382 6.878487
v -2.716469 -1.440382 0.000000
v -2.716469 -1.440382 6.367700
v -2.218077 -1.440382 6.878487
v -2.716469 -1.440382 6.168709
v -2.716469 -1.440382 5.969718
v -2.716469 -1.440382 5.770728
v -2.716469 -1.440382 5.571737
v -2.716469 -1.440382 5.372746
v -2.716469 -1.440382 5.173755
v -2.716469 -1.440382 4.974765
v -2.716469 -1.440382 4.775774
v -2.716469 -1.440382 4.576783
v -2.716469 -1.440382 4.377792
v -2.716469 -1.440382 4.178802
v -2.716469 -1.440382 3.979811
v -2.716469 -1.440382 3.780820
v -2.716469 -1.440382 3.581830
v -2.716469 -1.440382 3.382839
v -2.716469 -1.440382 3.183849
v -2.716469 -1.440382 2.984858
v -2.716469 -1.440382 2.785868
v -2.716469 -1.440382 2.586877
v -2.716469 -1.440382 2.387887
v -2.716469 -1.440382 2.188896
v -2.716469 -1.440382 1.989906
v -2.716469 -1.440382 1.790915
v -2.716469 -1.440382 1.591925
v -2.716469 -1.440382 1.392934
v -2.716469 -1.440382 1.193944
v -2.716469 -1.440382 0.994953
v -2.716469 -1.440382 0.795962
v -2.716469 -1.440382 0.596972
v -2.716469 -1.440382 0.397981
v -2.716469 -1.440382 0.198991
v -2.636611 -1.390471 6.367700
v -2.636611 -1.390471 6.168709
v -2.636611 -1.390471 5.969718
v -2.636611 -1.390471 5.770728
v -2.636611 -1.390471 5.571737
v -2.636611 -1.390471 5.372746
v -2.636611 -1.390471 5.173755
v -2.636611 -1.390471 4.974765
v -2.636611 -1.390471 4.775774
v -2.636611 -1.390471 4.576783
v -2.636611 -1.390471 4.377792
v -2.636611 -1.390471 4.178802
v -2.636611 -1.390471 3.979811
v -2.636611 -1.390471 3.780820
v -2.636611 -1.390471 3.581830
v -2.636611 -1.390471 3.382839
v -2.636611 -1.390471 3.183849
v -2.636611 -1.390471 2.984858
v -2.636611 -1.390471 2.785868
v -2.636611 -1.390471 2.586877
v -2.636611 -1.390471 2.387887
v -2.636611 -1.390471 2.188896
v -2.636611 -1.390471 1.989906
v -2.636611 -1.390471 1.790915
v -2.636611 -1.390471 1.591925
v -2.636611 -1.390471 1.392934
v -2.636611 -1.390471 1.193944
v -2.636611 -1.390471 0.994953
v -2.636611 -1.390471 0.795962
v -2.636611 -1.390471 0.596972
v -2.636611 -1.390471 0.397981
v -2.636611 -1.390471 0.198991
v -2.926589 -1.571707 6.968538
v -2.926589 -2.200389 6.968538
v -2.926589 -2.200389 6.457751
v -2.428197 -2.200389 6.968538
v 0.000000 -2.016534 6.878487
v -2.716469 -2.016534 0.000000
v -2.716469 -2.016534 6.367700
v -2.218077 -2.016534 6.878487
v -2.716469 -2.016534 6.168709
v -2.716469 -2.016534 5.969718
v -2.716469 -2.016534 5.770728
v -2.716469 -2.016534 5.571737
v -2.716469 -2.016534 5.372746
v -2.716469 -2.016534 5.173755
v -2.716469 -2.016534 4.974765
v -2.716469 -2.016534 4.775774
v -2.716469 -2.016534 4.576783
v -2.716469 -2.016534 4.377792
v -2.716469 -2.016534 4.178802
v -2.716469 -2.016534 3.979811
v -2.716469 -2.016534 3.780820
v -2.716469 -2.016534 3.581830
v -2.716469 -2.016534 3.382839
v -2.716469 -2.016534 3.183849
v -2.716469 -2.016534 2.984858
v -2.716469 -2.016534 2.785868
v -2.716469 -2.016534 2.586877
v -2.716469 -2.016534 2.387887
v -2.716469 -2.016534 2.188896
v -2.716469 -2.016534 1.989906
v -2.716469 -2.016534 1.790915
v -2.716469 -2.016534 1.591925
v -2.716469 -2.016534 1.392934
v -2.716469 -2.016534 1.193944
v -2.716469 -2.016534 0.994953
v -2.716469 -2.016534 0.795962
v -2.716469 -2.016534 0.596972
v -2.716469 -2.016534 0.397981
v -2.716469 -2.016534 0.198991
v -2.636611 -1.946659 6.367700
v -2.636611 -1.946659 6.168709
v -2.636611 -1.946659 5.969718
v -2.636611 -1.946659 5.770728
v -2.636611 -1.946659 5.571737
v -2.636611 -1.946659 5.372746
v -2.636611 -1.946659 5.173755
v -2.636611 -1.946659 4.974765
v -2.636611 -1.946659 4.775774
v -2.636611 -1.946659 4.576783
v -2.636611 -1.946659 4.377792
v -2.636611 -1.946659 4.178802
v -2.636611 -1.946659 3.979811
v -2.636611 -1.946659 3.780820
v -2.636611 -1.946659 3.581830
v -2.636611 -1.946659 3.382839
v -2.636611 -1.946659 3.183849
v -2.636611 -1.946659 2.984858
v -2.636611 -1.946659 2.785868
v -2.636611 -1.946659 2.586877
v -2.636611 -1.946659 2.387887
v -2.636611 -1.946659 2.188896
v -2.636611 -1.946659 1.989906
v -2.636611 -1.946659 1.790915
v -2.636611 -1.946659 1.591925
v -2.636611 -1.946659 1.392934
v -2.636611 -1.946659 1.193944
v -2.636611 -1.946659 0.994953
v -2.636611 -1.946659 0.795962
v -2.636611 -1.946659 0.596972
v -2.636611 -1.946659 0.397981
v -2.636611 -1.946659 0.198991
v 0.000000 -0.288076 6.796751
v -2.218077 -0.288076 6.796751
v 0.000000 -1.152305 6.796751
v -2.218077 -1.152305 6.796751
v 0.000000 -2.016534 6.796751
v 0.000000 -1.728458 6.796751
v -2.218077 -2.016534 6.796751
v -2.218077 -1.728458 6.796751
v 0.000000 -0.864229 6.796751
v -2.218077 -0.864229 6.796751
v 3.000000 -3.000000 7.000000
v 3.000000 -3.000000 6.489213
v 2.501608 -3.000000 7.000000
v 2.501608 -3.000000 6.489213
v 3.000000 -2.588141 7.000000
v 3.000000 -2.588141 6.489213
v 2.501608 -2.588141 7.000000
v 2.926589 -2.926589 6.457751
v 2.926589 -2.926589 0.000000
v 2.428197 -2.926589 0.000000
v 2.926589 -2.514731 0.000000
v 2.926589 -2.514731 6.457751
v 2.428197 -2.926589 6.457751
v 2.428197 -2.926589 6.968538
v 2.428197 -2.514731 6.968538
v 2.926589 -2.514731 6.968538
v 2.218077 -2.716469 0.000000
v 2.716469 -2.304610 0.000000
v 2.716469 -2.304610 6.367700
v 2.218077 -2.716469 6.367700
v 2.218077 -2.304610 6.878487
v 2.926589 -2.926589 6.255947
v 2.926589 -2.926589 6.054142
v 2.926589 -2.926589 5.852337
v 2.926589 -2.926589 5.650532
v 2.926589 -2.926589 5.448728
v 2.926589 -2.926589 5.246922
v 2.926589 -2.926589 5.045118
v 2.926589 -2.926589 4.843313
v 2.926589 -2.926589 4.641509
v 2.926589 -2.926589 4.439704
v 2.926589 -2.926589 4.237899
v 2.926589 -2.926589 4.036095
v 2.926589 -2.926589 3.834290
v 2.926589 -2.926589 3.632485
v 2.926589 -2.926589 3.430680
v 2.926589 -2.926589 3.228876
v 2.926589 -2.926589 3.027071
v 2.926589 -2.926589 2.825266
v 2.926589 -2.926589 2.623461
v 2.926589 -2.926589 2.421657
v 2.926589 -2.926589 2.219852
v 2.926589 -2.926589 2.018047
v 2.926589 -2.926589 1.816243
v 2.926589 -2.926589 1.614438
v 2.926589 -2.926589 1.412633
v 2.926589 -2.926589 1.210828
v 2.926589 -2.926589 1.009024
v 2.926589 -2.926589 0.807219
v 2.926589 -2.926589 0.605414
v 2.926589 -2.926589 0.403609
v 2.926589 -2.926589 0.201805
v 2.428197 -2.926589 0.201805
v 2.428197 -2.926589 0.403609
v 2.428197 -2.926589 0.605414
v 2.428197 -2.926589 0.807219
v 2.428197 -2.926589 1.009024
v 2.428197 -2.926589 1.210828
v 2.428197 -2.926589 1.412633
v 2.428197 -2.926589 1.614438
v 2.428197 -2.926589 1.816243
v 2.428197 -2.926589 2.018047
v 2.428197 -2.926589 2.219852
v 2.428197 -2.926589 2.421657
v 2.428197 -2.926589 2.623461
v 2.428197 -2.926589 2.825266
v 2.428197 -2.926589 3.027071
v 2.428197 -2.926589 3.228876
v 2.428197 -2.926589 3.430680
v 2.428197 -2.926589 3.632485
v 2.428197 -2.926589 3.834290
v 2.428197 -2.926589 4.036095
v 2.428197 -2.926589 4.237899
v 2.428197 -2.926589 4.439704
v 2.428197 -2.926589 4.641509
v 2.428197 -2.926589 4.843313
v 2.428197 -2.926589 5.045118
v 2.428197 -2.926589 5.246923
v 2.428197 -2.926589 5.448728
v 2.428197 -2.926589 5.650532
v 2.428197 -2.926589 5.852337
v 2.428197 -2.926589 6.054142
v 2.428197 -2.926589 6.255947
v 2.926589 -2.514731 6.255947
v 2.926589 -2.514731 6.054142
v 2.926589 -2.514731 5.852337
v 2.926589 -2.514731 5.650532
v 2.926589 -2.514731 5.448728
v 2.926589 -2.514731 5.246922
v 2.926589 -2.514731 5.045118
v 2.926589 -2.514731 4.843313
v 2.926589 -2.514731 4.641509
v 2.926589 -2.514731 4.439704
v 2.926589 -2.514731 4.237899
v 2.926589 -2.514731 4.036095
v 2.926589 -2.514731 3.834290
v 2.926589 -2.514731 3.632485
v 2.926589 -2.514731 3.430680
v 2.926589 -2.514731 3.228876
v 2.926589 -2.514731 3.027071
v 2.926589 -2.514731 2.825266
v 2.926589 -2.514731 2.623461
v 2.926589 -2.514731 2.421657
v 2.926589 -2.514731 2.219852
v 2.926589 -2.514731 2.018047
v 2.926589 -2.514731 1.816243
v 2.926589 -2.514731 1.614438
v 2.926589 -2.514731 1.412633
v 2.926589 -2.514731 1.210828
v 2.926589 -2.514731 1.009024
v 2.926589 -2.514731 0.807219
v 2.926589 -2.514731 0.605414
v 2.926589 -2.514731 0.403609
v 2.926589 -2.514731 0.201805
v 2.218077 -2.716469 0.198991
v 2.218077 -2.716469 0.397981
v 2.218077 -2.716469 0.596972
v 2.218077 -2.716469 0.795962
v 2.218077 -2.716469 0.994953
v 2.218077 -2.716469 1.193944
v 2.218077 -2.716469 1.392934
v 2.218077 -2.716469 1.591925
v 2.218077 -2.716469 1.790915
v 2.218077 -2.716469 1.989906
v 2.218077 -2.716469 2.188897
v 2.218077 -2.716469 2.387887
v 2.218077 -2.716469 2.586878
v 2.218077 -2.716469 2.785869
v 2.218077 -2.716469 2.984859
v 2.218077 -2.716469 3.183850
v 2.218077 -2.716469 3.382841
v 2.218077 -2.716469 3.581831
v 2.218077 -2.716469 3.780822
v 2.218077 -2.716469 3.979813
v 2.218077 -2.716469 4.178803
v 2.218077 -2.716469 4.377794
v 2.218077 -2.716469 4.576785
v 2.218077 -2.716469 4.775775
v 2.218077 -2.716469 4.974766
v 2.218077 -2.716469 5.173757
v 2.218077 -2.716469 5.372747
v 2.218077 -2.716469 5.571738
v 2.218077 -2.716469 5.770728
v 2.218077 -2.716469 5.969718
v 2.218077 -2.716469 6.168709
v 2.716469 -2.304610 6.168709
v 2.716469 -2.304610 5.969718
v 2.716469 -2.304610 5.770728
v 2.716469 -2.304610 5.571737
v 2.716469 -2.304610 5.372746
v 2.716469 -2.304610 5.173755
v 2.716469 -2.304610 4.974765
v 2.716469 -2.304610 4.775774
v 2.716469 -2.304610 4.576783
v 2.716469 -2.304610 4.377792
v 2.716469 -2.304610 4.178802
v 2.716469 -2.304610 3.979811
v 2.716469 -2.304610 3.780820
v 2.716469 -2.304610 3.581830
v 2.716469 -2.304610 3.382839
v 2.716469 -2.304610 3.183849
v 2.716469 -2.304610 2.984858
v 2.716469 -2.304610 2.785868
v 2.716469 -2.304610 2.586877
v 2.716469 -2.304610 2.387887
v 2.716469 -2.304610 2.188896
v 2.716469 -2.304610 1.989906
v 2.716469 -2.304610 1.790915
v 2.716469 -2.304610 1.591925
v 2.716469 -2.304610 1.392934
v 2.716469 -2.304610 1.193944
v 2.716469 -2.304610 0.994953
v 2.716469 -2.304610 0.795962
v 2.716469 -2.304610 0.596972
v 2.716469 -2.304610 0.397981
v 2.716469 -2.304610 0.198991
v 2.636611 -2.224753 6.367700
v 2.138219 -2.636611 6.367700
v 2.138219 -2.636611 6.168709
v 2.138219 -2.636611 0.198991
v 2.138219 -2.636611 0.397981
v 2.138219 -2.636611 0.596972
v 2.138219 -2.636611 0.795962
v 2.138219 -2.636611 0.994953
v 2.138219 -2.636611 1.193944
v 2.138219 -2.636611 1.392934
v 2.138219 -2.636611 1.591925
v 2.138219 -2.636611 1.790915
v 2.138219 -2.636611 1.989906
v 2.138219 -2.636611 2.188897
v 2.138219 -2.636611 2.387887
v 2.138219 -2.636611 2.586878
v 2.138219 -2.636611 2.785869
v 2.138219 -2.636611 2.984859
v 2.138219 -2.636611 3.183850
v 2.138219 -2.636611 3.382841
v 2.138219 -2.636611 3.581831
v 2.138219 -2.636611 3.780822
v 2.138219 -2.636611 3.979813
v 2.138219 -2.636611 4.178803
v 2.138219 -2.636611 4.377794
v 2.138219 -2.636611 4.576785
v 2.138219 -2.636611 4.775775
v 2.138219 -2.636611 4.974766
v 2.138219 -2.636611 5.173757
v 2.138219 -2.636611 5.372747
v 2.138219 -2.636611 5.571738
v 2.138219 -2.636611 5.770728
v 2.138219 -2.636611 5.969718
v 2.636611 -2.224753 6.168709
v 2.636611 -2.224753 5.969718
v 2.636611 -2.224753 5.770728
v 2.636611 -2.224753 5.571737
v 2.636611 -2.224753 5.372746
v 2.636611 -2.224753 5.173755
v 2.636611 -2.224753 4.974765
v 2.636611 -2.224753 4.775774
v 2.636611 -2.224753 4.576783
v 2.636611 -2.224753 4.377792
v 2.636611 -2.224753 4.178802
v 2.636611 -2.224753 3.979811
v 2.636611 -2.224753 3.780820
v 2.636611 -2.224753 3.581830
v 2.636611 -2.224753 3.382839
v 2.636611 -2.224753 3.183849
v 2.636611 -2.224753 2.984858
v 2.636611 -2.224753 2.785868
v 2.636611 -2.224753 2.586877
v 2.636611 -2.224753 2.387887
v 2.636611 -2.224753 2.188896
v 2.636611 -2.224753 1.989906
v 2.636611 -2.224753 1.790915
v 2.636611 -2.224753 1.591925
v 2.636611 -2.224753 1.392934
v 2.636611 -2.224753 1.193944
v 2.636611 -2.224753 0.994953
v 2.636611 -2.224753 0.795962
v 2.636611 -2.224753 0.596972
v 2.636611 -2.224753 0.397981
v 2.636611 -2.224753 0.198991
v 2.926589 -1.257365 6.457751
v 2.428197 -1.257365 6.968538
v 2.926589 -1.257365 6.968538
v 2.716469 -1.152305 0.000000
v 2.716469 -1.152305 6.367700
v 2.218077 -1.152305 6.878487
v 2.716469 -1.152305 6.168709
v 2.716469 -1.152305 5.969718
v 2.716469 -1.152305 5.770728
v 2.716469 -1.152305 5.571737
v 2.716469 -1.152305 5.372746
v 2.716469 -1.152305 5.173755
v 2.716469 -1.152305 4.974765
v 2.716469 -1.152305 4.775774
v 2.716469 -1.152305 4.576783
v 2.716469 -1.152305 4.377792
v 2.716469 -1.152305 4.178802
v 2.716469 -1.152305 3.979811
v 2.716469 -1.152305 3.780820
v 2.716469 -1.152305 3.581830
v 2.716469 -1.152305 3.382839
v 2.716469 -1.152305 3.183849
v 2.716469 -1.152305 2.984858
v 2.716469 -1.152305 2.785868
v 2.716469 -1.152305 2.586877
v 2.716469 -1.152305 2.387887
v 2.716469 -1.152305 2.188896
v 2.716469 -1.152305 1.989906
v 2.716469 -1.152305 1.790915
v 2.716469 -1.152305 1.591925
v 2.716469 -1.152305 1.392934
v 2.716469 -1.152305 1.193944
v 2.716469 -1.152305 0.994953
v 2.716469 -1.152305 0.795962
v 2.716469 -1.152305 0.596972
v 2.716469 -1.152305 0.397981
v 2.716469 -1.152305 0.198991
v 2.636611 -1.112376 6.367700
v 2.636611 -1.112376 6.168709
v 2.636611 -1.112376 5.969718
v 2.636611 -1.112376 5.770728
v 2.636611 -1.112376 5.571737
v 2.636611 -1.112376 5.372746
v 2.636611 -1.112376 5.173755
v 2.636611 -1.112376 4.974765
v 2.636611 -1.112376 4.775774
v 2.636611 -1.112376 4.576783
v 2.636611 -1.112376 4.377792
v 2.636611 -1.112376 4.178802
v 2.636611 -1.112376 3.979811
v 2.636611 -1.112376 3.780820
v 2.636611 -1.112376 3.581830
v 2.636611 -1.112376 3.382839
v 2.636611 -1.112376 3.183849
v 2.636611 -1.112376 2.984858
v 2.636611 -1.112376 2.785868
v 2.636611 -1.112376 2.586877
v 2.636611 -1.112376 2.387887
v 2.636611 -1.112376 2.188896
v 2.636611 -1.112376 1.989906
v 2.636611 -1.112376 1.790915
v 2.636611 -1.112376 1.591925
v 2.636611 -1.112376 1.392934
v 2.636611 -1.112376 1.193944
v 2.636611 -1.112376 0.994953
v 2.636611 -1.112376 0.795962
v 2.636611 -1.112376 0.596972
v 2.636611 -1.112376 0.397981
v 2.636611 -1.112376 0.198991
v 2.926589 -1.886048 6.968538
v 2.926589 -1.886048 6.457751
v 2.428197 -1.886048 6.968538
v 2.716469 -1.728458 0.000000
v 2.716469 -1.728458 6.367700
v 2.218077 -1.728458 6.878487
v 2.716469 -1.728458 6.168709
v 2.716469 -1.728458 5.969718
v 2.716469 -1.728458 5.770728
v 2.716469 -1.728458 5.571737
v 2.716469 -1.728458 5.372746
v 2.716469 -1.728458 5.173755
v 2.716469 -1.728458 4.974765
v 2.716469 -1.728458 4.775774
v 2.716469 -1.728458 4.576783
v 2.716469 -1.728458 4.377792
v 2.716469 -1.728458 4.178802
v 2.716469 -1.728458 3.979811
v 2.716469 -1.728458 3.780820
v 2.716469 -1.728458 3.581830
v 2.716469 -1.728458 3.382839
v 2.716469 -1.728458 3.183849
v 2.716469 -1.728458 2.984858
v 2.716469 -1.728458 2.785868
v 2.716469 -1.728458 2.586877
v 2.716469 -1.728458 2.387887
v 2.716469 -1.728458 2.188896
v 2.716469 -1.728458 1.989906
v 2.716469 -1.728458 1.790915
v 2.716469 -1.728458 1.591925
v 2.716469 -1.728458 1.392934
v 2.716469 -1.728458 1.193944
v 2.716469 -1.728458 0.994953
v 2.716469 -1.728458 0.795962
v 2.716469 -1.728458 0.596972
v 2.716469 -1.728458 0.397981
v 2.716469 -1.728458 0.198991
v 2.636611 -1.668565 6.367700
v 2.636611 -1.668565 6.168709
v 2.636611 -1.668565 5.969718
v 2.636611 -1.668565 5.770728
v 2.636611 -1.668565 5.571737
v 2.636611 -1.668565 5.372746
v 2.636611 -1.668565 5.173755
v 2.636611 -1.668565 4.974765
v 2.636611 -1.668565 4.775774
v 2.636611 -1.668565 4.576783
v 2.636611 -1.668565 4.377792
v 2.636611 -1.668565 4.178802
v 2.636611 -1.668565 3.979811
v 2.636611 -1.668565 3.780820
v 2.636611 -1.668565 3.581830
v 2.636611 -1.668565 3.382839
v 2.636611 -1.668565 3.183849
v 2.636611 -1.668565 2.984858
v 2.636611 -1.668565 2.785868
v 2.636611 -1.668565 2.586877
v 2.636611 -1.668565 2.387887
v 2.636611 -1.668565 2.188896
v 2.636611 -1.668565 1.989906
v 2.636611 -1.668565 1.790915
v 2.636611 -1.668565 1.591925
v 2.636611 -1.668565 1.392934
v 2.636611 -1.668565 1.193944
v 2.636611 -1.668565 0.994953
v 2.636611 -1.668565 0.795962
v 2.636611 -1.668565 0.596972
v 2.636611 -1.668565 0.397981
v 2.636611 -1.668565 0.198991
v 2.926589 -0.628683 6.457751
v 2.428197 -0.628683 6.968538
v 2.716469 -0.576153 0.000000
v 2.716469 -0.576153 6.367700
v 2.218077 -0.576153 6.878487
v 2.716469 -0.576153 6.168709
v 2.716469 -0.576153 5.969718
v 2.716469 -0.576153 5.770728
v 2.716469 -0.576153 5.571737
v 2.716469 -0.576153 5.372746
v 2.716469 -0.576153 5.173755
v 2.716469 -0.576153 4.974765
v 2.716469 -0.576153 4.775774
v 2.716469 -0.576153 4.576783
v 2.716469 -0.576153 4.377792
v 2.716469 -0.576153 4.178802
v 2.716469 -0.576153 3.979811
v 2.716469 -0.576153 3.780820
v 2.716469 -0.576153 3.581830
v 2.716469 -0.576153 3.382839
v 2.716469 -0.576153 3.183849
v 2.716469 -0.576153 2.984858
v 2.716469 -0.576153 2.785868
v 2.716469 -0.576153 2.586877
v 2.716469 -0.576153 2.387887
v 2.716469 -0.576153 2.188896
v 2.716469 -0.576153 1.989906
v 2.716469 -0.576153 1.790915
v 2.716469 -0.576153 1.591925
v 2.716469 -0.576153 1.392934
v 2.716469 -0.576153 1.193944
v 2.716469 -0.576153 0.994953
v 2.716469 -0.576153 0.795962
v 2.716469 -0.576153 0.596972
v 2.716469 -0.576153 0.397981
v 2.716469 -0.576153 0.198991
v 2.636611 -0.556188 6.367700
v 2.636611 -0.556188 6.168709
v 2.636611 -0.556188 5.969718
v 2.636611 -0.556188 5.770728
v 2.636611 -0.556188 5.571737
v 2.636611 -0.556188 5.372746
v 2.636611 -0.556188 5.173755
v 2.636611 -0.556188 4.974765
v 2.636611 -0.556188 4.775774
v 2.636611 -0.556188 4.576783
v 2.636611 -0.556188 4.377792
v 2.636611 -0.556188 4.178802
v 2.636611 -0.556188 3.979811
v 2.636611 -0.556188 3.780820
v 2.636611 -0.556188 3.581830
v 2.636611 -0.556188 3.382839
v 2.636611 -0.556188 3.183849
v 2.636611 -0.556188 2.984858
v 2.636611 -0.556188 2.785868
v 2.636611 -0.556188 2.586877
v 2.636611 -0.556188 2.387887
v 2.636611 -0.556188 2.188896
v 2.636611 -0.556188 1.989906
v 2.636611 -0.556188 1.790915
v 2.636611 -0.556188 1.591925
v 2.636611 -0.556188 1.392934
v 2.636611 -0.556188 1.193944
v 2.636611 -0.556188 0.994953
v 2.636611 -0.556188 0.795962
v 2.636611 -0.556188 0.596972
v 2.636611 -0.556188 0.397981
v 2.636611 -0.556188 0.198991
v 2.926589 -0.628683 6.968538
v 2.926589 -0.314341 6.457751
v 2.428197 -0.314341 6.968538
v 2.716469 -0.288076 0.000000
v 2.716469 -0.288076 6.367700
v 2.218077 -0.288076 6.878487
v 2.716469 -0.288076 6.168709
v 2.716469 -0.288076 5.969718
v 2.716469 -0.288076 5.770728
v 2.716469 -0.288076 5.571737
v 2.716469 -0.288076 5.372746
v 2.716469 -0.288076 5.173755
v 2.716469 -0.288076 4.974765
v 2.716469 -0.288076 4.775774
v 2.716469 -0.288076 4.576783
v 2.716469 -0.288076 4.377792
v 2.716469 -0.288076 4.178802
v 2.716469 -0.288076 3.979811
v 2.716469 -0.288076 3.780820
v 2.716469 -0.288076 3.581830
v 2.716469 -0.288076 3.382839
v 2.716469 -0.288076 3.183849
v 2.716469 -0.288076 2.984858
v 2.716469 -0.288076 2.785868
v 2.716469 -0.288076 2.586877
v 2.716469 -0.288076 2.387887
v 2.716469 -0.288076 2.188896
v 2.716469 -0.288076 1.989906
v 2.716469 -0.288076 1.790915
v 2.716469 -0.288076 1.591925
v 2.716469 -0.288076 1.392934
v 2.716469 -0.288076 1.193944
v 2.716469 -0.288076 0.994953
v 2.716469 -0.288076 0.795962
v 2.716469 -0.288076 0.596972
v 2.716469 -0.288076 0.397981
v 2.716469 -0.288076 0.198991
v 2.636611 -0.278094 6.367700
v 2.636611 -0.278094 6.168709
v 2.636611 -0.278094 5.969718
v 2.636611 -0.278094 5.770728
v 2.636611 -0.278094 5.571737
v 2.636611 -0.278094 5.372746
v 2.636611 -0.278094 5.173755
v 2.636611 -0.278094 4.974765
v 2.636611 -0.278094 4.775774
v 2.636611 -0.278094 4.576783
v 2.636611 -0.278094 4.377792
v 2.636611 -0.278094 4.178802
v 2.636611 -0.278094 3.979811
v 2.636611 -0.278094 3.780820
v 2.636611 -0.278094 3.581830
v 2.636611 -0.278094 3.382839
v 2.636611 -0.278094 3.183849
v 2.636611 -0.278094 2.984858
v 2.636611 -0.278094 2.785868
v 2.636611 -0.278094 2.586877
v 2.636611 -0.278094 2.387887
v 2.636611 -0.278094 2.188896
v 2.636611 -0.278094 1.989906
v 2.636611 -0.278094 1.790915
v 2.636611 -0.278094 1.591925
v 2.636611 -0.278094 1.392934
v 2.636611 -0.278094 1.193944
v 2.636611 -0.278094 0.994953
v 2.636611 -0.278094 0.795962
v 2.636611 -0.278094 0.596972
v 2.636611 -0.278094 0.397981
v 2.636611 -0.278094 0.198991
v 2.926589 -0.314341 6.968538
v 2.926589 -0.943024 6.968538
v 2.926589 -0.943024 6.457751
v 2.428197 -0.943024 6.968538
v 2.716469 -0.864229 0.000000
v 2.716469 -0.864229 6.367700
v 2.218077 -0.864229 6.878487
v 2.716469 -0.864229 6.168709
v 2.716469 -0.864229 5.969718
v 2.716469 -0.864229 5.770728
v 2.716469 -0.864229 5.571737
v 2.716469 -0.864229 5.372746
v 2.716469 -0.864229 5.173755
v 2.716469 -0.864229 4.974765
v 2.716469 -0.864229 4.775774
v 2.716469 -0.864229 4.576783
v 2.716469 -0.864229 4.377792
v 2.716469 -0.864229 4.178802
v 2.716469 -0.864229 3.979811
v 2.716469 -0.864229 3.780820
v 2.716469 -0.864229 3.581830
v 2.716469 -0.864229 3.382839
v 2.716469 -0.864229 3.183849
v 2.716469 -0.864229 2.984858
v 2.716469 -0.864229 2.785868
v 2.716469 -0.864229 2.586877
v 2.716469 -0.864229 2.387887
v 2.716469 -0.864229 2.188896
v 2.716469 -0.864229 1.989906
v 2.716469 -0.864229 1.790915
v 2.716469 -0.864229 1.591925
v 2.716469 -0.864229 1.392934
v 2.716469 -0.864229 1.193944
v 2.716469 -0.864229 0.994953
v 2.716469 -0.864229 0.795962
v 2.716469 -0.864229 0.596972
v 2.716469 -0.864229 0.397981
v 2.716469 -0.864229 0.198991
v 2.636611 -0.834282 6.367700
v 2.636611 -0.834282 6.168709
v 2.636611 -0.834282 5.969718
v 2.636611 -0.834282 5.770728
v 2.636611 -0.834282 5.571737
v 2.636611 -0.834282 5.372746
v 2.636611 -0.834282 5.173755
v 2.636611 -0.834282 4.974765
v 2.636611 -0.834282 4.775774
v 2.636611 -0.834282 4.576783
v 2.636611 -0.834282 4.377792
v 2.636611 -0.834282 4.178802
v 2.636611 -0.834282 3.979811
v 2.636611 -0.834282 3.780820
v 2.636611 -0.834282 3.581830
v 2.636611 -0.834282 3.382839
v 2.636611 -0.834282 3.183849
v 2.636611 -0.834282 2.984858
v 2.636611 -0.834282 2.785868
v 2.636611 -0.834282 2.586877
v 2.636611 -0.834282 2.387887
v 2.636611 -0.834282 2.188896
v 2.636611 -0.834282 1.989906
v 2.636611 -0.834282 1.790915
v 2.636611 -0.834282 1.591925
v 2.636611 -0.834282 1.392934
v 2.636611 -0.834282 1.193944
v 2.636611 -0.834282 0.994953
v 2.636611 -0.834282 0.795962
v 2.636611 -0.834282 0.596972
v 2.636611 -0.834282 0.397981
v 2.636611 -0.834282 0.198991
v 2.926589 -1.571707 6.457751
v 2.428197 -1.571707 6.968538
v 2.716469 -1.440382 0.000000
v 2.716469 -1.440382 6.367700
v 2.218077 -1.440382 6.878487
v 2.716469 -1.440382 6.168709
v 2.716469 -1.440382 5.969718
v 2.716469 -1.440382 5.770728
v 2.716469 -1.440382 5.571737
v 2.716469 -1.440382 5.372746
v 2.716469 -1.440382 5.173755
v 2.716469 -1.440382 4.974765
v 2.716469 -1.440382 4.775774
v 2.716469 -1.440382 4.576783
v 2.716469 -1.440382 4.377792
v 2.716469 -1.440382 4.178802
v 2.716469 -1.440382 3.979811
v 2.716469 -1.440382 3.780820
v 2.716469 -1.440382 3.581830
v 2.716469 -1.440382 3.382839
v 2.716469 -1.440382 3.183849
v 2.716469 -1.440382 2.984858
v 2.716469 -1.440382 2.785868
v 2.716469 -1.440382 2.586877
v 2.716469 -1.440382 2.387887
v 2.716469 -1.440382 2.188896
v 2.716469 -1.440382 1.989906
v 2.716469 -1.440382 1.790915
v 2.716469 -1.440382 1.591925
v 2.716469 -1.440382 1.392934
v 2.716469 -1.440382 1.193944
v 2.716469 -1.440382 0.994953
v 2.716469 -1.440382 0.795962
v 2.716469 -1.440382 0.596972
v 2.716469 -1.440382 0.397981
v 2.716469 -1.440382 0.198991
v 2.636611 -1.390471 6.367700
v 2.636611 -1.390471 6.168709
v 2.636611 -1.390471 5.969718
v 2.636611 -1.390471 5.770728
v 2.636611 -1.390471 5.571737
v 2.636611 -1.390471 5.372746
v 2.636611 -1.390471 5.173755
v 2.636611 -1.390471 4.974765
v 2.636611 -1.390471 4.775774
v 2.636611 -1.390471 4.576783
v 2.636611 -1.390471 4.377792
v 2.636611 -1.390471 4.178802
v 2.636611 -1.390471 3.979811
v 2.636611 -1.390471 3.780820
v 2.636611 -1.390471 3.581830
v 2.636611 -1.390471 3.382839
v 2.636611 -1.390471 3.183849
v 2.636611 -1.390471 2.984858
v 2.636611 -1.390471 2.785868
v 2.636611 -1.390471 2.586877
v 2.636611 -1.390471 2.387887
v 2.636611 -1.390471 2.188896
v 2.636611 -1.390471 1.989906
v 2.636611 -1.390471 1.790915
v 2.636611 -1.390471 1.591925
v 2.636611 -1.390471 1.392934
v 2.636611 -1.390471 1.193944
v 2.636611 -1.390471 0.994953
v 2.636611 -1.390471 0.795962
v 2.636611 -1.390471 0.596972
v 2.636611 -1.390471 0.397981
v 2.636611 -1.390471 0.198991
v 2.926589 -1.571707 6.968538
v 2.926589 -2.200389 6.968538
v 2.926589 -2.200389 6.457751
v 2.428197 -2.200389 6.968538
v 2.716469 -2.016534 0.000000
v 2.716469 -2.016534 6.367700
v 2.218077 -2.016534 6.878487
v 2.716469 -2.016534 6.168709
v 2.716469 -2.016534 5.969718
v 2.716469 -2.016534 5.770728
v 2.716469 -2.016534 5.571737
v 2.716469 -2.016534 5.372746
v 2.716469 -2.016534 5.173755
v 2.716469 -2.016534 4.974765
v 2.716469 -2.016534 4.775774
v 2.716469 -2.016534 4.576783
v 2.716469 -2.016534 4.377792
v 2.716469 -2.016534 4.178802
v 2.716469 -2.016534 3.979811
v 2.716469 -2.016534 3.780820
v 2.716469 -2.016534 3.581830
v 2.716469 -2.016534 3.382839
v 2.716469 -2.016534 3.183849
v 2.716469 -2.016534 2.984858
v 2.716469 -2.016534 2.785868
v 2.716469 -2.016534 2.586877
v 2.716469 -2.016534 2.387887
v 2.716469 -2.016534 2.188896
v 2.716469 -2.016534 1.989906
v 2.716469 -2.016534 1.790915
v 2.716469 -2.016534 1.591925
v 2.716469 -2.016534 1.392934
v 2.716469 -2.016534 1.193944
v 2.716469 -2.016534 0.994953
v 2.716469 -2.016534 0.795962
v 2.716469 -2.016534 0.596972
v 2.716469 -2.016534 0.397981
v 2.716469 -2.016534 0.198991
v 2.636611 -1.946659 6.367700
v 2.636611 -1.946659 6.168709
v 2.636611 -1.946659 5.969718
v 2.636611 -1.946659 5.770728
v 2.636611 -1.946659 5.571737
v 2.636611 -1.946659 5.372746
v 2.636611 -1.946659 5.173755
v 2.636611 -1.946659 4.974765
v 2.636611 -1.946659 4.775774
v 2.636611 -1.946659 4.576783
v 2.636611 -1.946659 4.377792
v 2.636611 -1.946659 4.178802
v 2.636611 -1.946659 3.979811
v 2.636611 -1.946659 3.780820
v 2.636611 -1.946659 3.581830
v 2.636611 -1.946659 3.382839
v 2.636611 -1.946659 3.183849
v 2.636611 -1.946659 2.984858
v 2.636611 -1.946659 2.785868
v 2.636611 -1.946659 2.586877
v 2.636611 -1.946659 2.387887
v 2.636611 -1.946659 2.188896
v 2.636611 -1.946659 1.989906
v 2.636611 -1.946659 1.790915
v 2.636611 -1.946659 1.591925
v 2.636611 -1.946659 1.392934
v 2.636611 -1.946659 1.193944
v 2.636611 -1.946659 0.994953
v 2.636611 -1.946659 0.795962
v 2.636611 -1.946659 0.596972
v 2.636611 -1.946659 0.397981
v 2.636611 -1.946659 0.198991
v 2.218077 -0.288076 6.796751
v 2.218077 -1.152305 6.796751
v 2.218077 -2.016534 6.796751
v 2.218077 -1.728458 6.796751
v 2.218077 -0.864229 6.796751
v -3.000000 3.000000 -7.000000
v -3.000000 3.000000 -6.489213
v -2.501608 3.000000 -7.000000
v -2.501608 3.000000 -6.489213
v -3.000000 2.588141 -7.000000
v -3.000000 2.588141 -6.489213
v -2.501608 2.588141 -7.000000
v 0.000000 2.926589 -6.457751
v 0.000000 2.926589 -6.968538
v 0.000000 2.514731 -6.968538
v -2.428197 0.000000 -6.968538
v -2.926589 0.000000 -6.968538
v -2.926589 2.926589 -6.457751
v -2.926589 0.000000 -6.457751
v -2.926589 2.514731 -6.457751
v -2.428197 2.926589 -6.457751
v -2.428197 2.926589 -6.968538
v -2.428197 2.514731 -6.968538
v -2.926589 2.514731 -6.968538
v 0.000000 2.304610 -6.878487
v -2.716469 0.000000 -6.367700
v 0.000000 2.716469 -6.367700
v -2.716469 2.304610 -6.367700
v -2.218077 2.716469 -6.367700
v -2.218077 0.000000 -6.878487
v -2.218077 2.304610 -6.878487
v -2.926589 2.926589 -6.255947
v -2.926589 2.926589 -6.054142
v -2.926589 2.926589 -5.852337
v -2.926589 2.926589 -5.650532
v -2.926589 2.926589 -5.448728
v -2.926589 2.926589 -5.246922
v -2.926589 2.926589 -5.045118
v -2.926589 2.926589 -4.843313
v -2.926589 2.926589 -4.641509
v -2.926589 2.926589 -4.439704
v -2.926589 2.926589 -4.237899
v -2.926589 2.926589 -4.036095
v -2.926589 2.926589 -3.834290
v -2.926589 2.926589 -3.632485
v -2.926589 2.926589 -3.430680
v -2.926589 2.926589 -3.228876
v -2.926589 2.926589 -3.027071
v -2.926589 2.926589 -2.825266
v -2.926589 2.926589 -2.623461
v -2.926589 2.926589 -2.421657
v -2.926589 2.926589 -2.219852
v -2.926589 2.926589 -2.018047
v -2.926589 2.926589 -1.816243
v -2.926589 2.926589 -1.614438
v -2.926589 2.926589 -1.412633
v -2.926589 2.926589 -1.210828
v -2.926589 2.926589 -1.009024
v -2.926589 2.926589 -0.807219
v -2.926589 2.926589 -0.605414
v -2.926589 2.926589 -0.403609
v -2.926589 2.926589 -0.201805
v -2.428197 2.926589 -0.201805
v -2.428197 2.926589 -0.403609
v -2.428197 2.926589 -0.605414
v -2.428197 2.926589 -0.807219
v -2.428197 2.926589 -1.009024
v -2.428197 2.926589 -1.210828
v -2.428197 2.926589 -1.412633
v -2.428197 2.926589 -1.614438
v -2.428197 2.926589 -1.816243
v -2.428197 2.926589 -2.018047
v -2.428197 2.926589 -2.219852
v -2.428197 2.926589 -2.421657
v -2.428197 2.926589 -2.623461
v -2.428197 2.926589 -2.825266
v -2.428197 2.926589 -3.027071
v -2.428197 2.926589 -3.228876
v -2.428197 2.926589 -3.430680
v -2.428197 2.926589 -3.632485
v -2.428197 2.926589 -3.834290
v -2.428197 2.926589 -4.036095
v -2.428197 2.926589 -4.237899
v -2.428197 2.926589 -4.439704
v -2.428197 2.926589 -4.641509
v -2.428197 2.926589 -4.843313
v -2.428197 2.926589 -5.045118
v -2.428197 2.926589 -5.246923
v -2.428197 2.926589 -5.448728
v -2.428197 2.926589 -5.650532
v -2.428197 2.926589 -5.852337
v -2.428197 2.926589 -6.054142
v -2.428197 2.926589 -6.255947
v -2.926589 2.514731 -6.255947
v -2.926589 2.514731 -6.054142
v -2.926589 2.514731 -5.852337
v -2.926589 2.514731 -5.650532
v -2.926589 2.514731 -5.448728
v -2.926589 2.514731 -5.246922
v -2.926589 2.514731 -5.045118
v -2.926589 2.514731 -4.843313
v -2.926589 2.514731 -4.641509
v -2.926589 2.514731 -4.439704
v -2.926589 2.514731 -4.237899
v -2.926589 2.514731 -4.036095
v -2.926589 2.514731 -3.834290
v -2.926589 2.514731 -3.632485
v -2.926589 2.514731 -3.430680
v -2.926589 2.514731 -3.228876
v -2.926589 2.514731 -3.027071
v -2.926589 2.514731 -2.825266
v -2.926589 2.514731 -2.623461
v -2.926589 2.514731 -2.421657
v -2.926589 2.514731 -2.219852
v -2.926589 2.514731 -2.018047
v -2.926589 2.514731 -1.816243
v -2.926589 2.514731 -1.614438
v -2.926589 2.514731 -1.412633
v -2.926589 2.514731 -1.210828
v -2.926589 2.514731 -1.009024
v -2.926589 2.514731 -0.807219
v -2.926589 2.514731 -0.605414
v -2.926589 2.514731 -0.403609
v -2.926589 2.514731 -0.201805
v -2.716469 0.000000 -6.168709
v -2.716469 0.000000 -5.969718
v -2.716469 0.000000 -5.770728
v -2.716469 0.000000 -5.571737
v -2.716469 0.000000 -5.372746
v -2.716469 0.000000 -5.173755
v -2.716469 0.000000 -4.974765
v -2.716469 0.000000 -4.775774
v -2.716469 0.000000 -4.576783
v -2.716469 0.000000 -4.377792
v -2.716469 0.000000 -4.178802
v -2.716469 0.000000 -3.979811
v -2.716469 0.000000 -3.780820
v -2.716469 0.000000 -3.581830
v -2.716469 0.000000 -3.382839
v -2.716469 0.000000 -3.183849
v -2.716469 0.000000 -2.984858
v -2.716469 0.000000 -2.785868
v -2.716469 0.000000 -2.586877
v -2.716469 0.000000 -2.387887
v -2.716469 0.000000 -2.188896
v -2.716469 0.000000 -1.989906
v -2.716469 0.000000 -1.790915
v -2.716469 0.000000 -1.591925
v -2.716469 0.000000 -1.392934
v -2.716469 0.000000 -1.193944
v -2.716469 0.000000 -0.994953
v -2.716469 0.000000 -0.795962
v -2.716469 0.000000 -0.596972
v -2.716469 0.000000 -0.397981
v -2.716469 0.000000 -0.198991
v 0.000000 2.716469 -0.198991
v 0.000000 2.716469 -0.397981
v 0.000000 2.716469 -0.596972
v 0.000000 2.716469 -0.795962
v 0.000000 2.716469 -0.994953
v 0.000000 2.716469 -1.193944
v 0.000000 2.716469 -1.392934
v 0.000000 2.716469 -1.591925
v 0.000000 2.716469 -1.790915
v 0.000000 2.716469 -1.989906
v 0.000000 2.716469 -2.188897
v 0.000000 2.716469 -2.387887
v 0.000000 2.716469 -2.586878
v 0.000000 2.716469 -2.785869
v 0.000000 2.716469 -2.984859
v 0.000000 2.716469 -3.183850
v 0.000000 2.716469 -3.382841
v 0.000000 2.716469 -3.581831
v 0.000000 2.716469 -3.780822
v 0.000000 2.716469 -3.979813
v 0.000000 2.716469 -4.178803
v 0.000000 2.716469 -4.377794
v 0.000000 2.716469 -4.576785
v 0.000000 2.716469 -4.775775
v 0.000000 2.716469 -4.974766
v 0.000000 2.716469 -5.173757
v 0.000000 2.716469 -5.372747
v 0.000000 2.716469 -5.571738
v 0.000000 2.716469 -5.770728
v 0.000000 2.716469 -5.969718
v 0.000000 2.716469 -6.168709
v -2.218077 2.716469 -0.198991
v -2.218077 2.716469 -0.397981
v -2.218077 2.716469 -0.596972
v -2.218077 2.716469 -0.795962
v -2.218077 2.716469 -0.994953
v -2.218077 2.716469 -1.193944
v -2.218077 2.716469 -1.392934
v -2.218077 2.716469 -1.591925
v -2.218077 2.716469 -1.790915
v -2.218077 2.716469 -1.989906
v -2.218077 2.716469 -2.188897
v -2.218077 2.716469 -2.387887
v -2.218077 2.716469 -2.586878
v -2.218077 2.716469 -2.785869
v -2.218077 2.716469 -2.984859
v -2.218077 2.716469 -3.183850
v -2.218077 2.716469 -3.382841
v -2.218077 2.716469 -3.581831
v -2.218077 2.716469 -3.780822
v -2.218077 2.716469 -3.979813
v -2.218077 2.716469 -4.178803
v -2.218077 2.716469 -4.377794
v -2.218077 2.716469 -4.576785
v -2.218077 2.716469 -4.775775
v -2.218077 2.716469 -4.974766
v -2.218077 2.716469 -5.173757
v -2.218077 2.716469 -5.372747
v -2.218077 2.716469 -5.571738
v -2.218077 2.716469 -5.770728
v -2.218077 2.716469 -5.969718
v -2.218077 2.716469 -6.168709
v -2.716469 2.304610 -6.168709
v -2.716469 2.304610 -5.969718
v -2.716469 2.304610 -5.770728
v -2.716469 2.304610 -5.571737
v -2.716469 2.304610 -5.372746
v -2.716469 2.304610 -5.173755
v -2.716469 2.304610 -4.974765
v -2.716469 2.304610 -4.775774
v -2.716469 2.304610 -4.576783
v -2.716469 2.304610 -4.377792
v -2.716469 2.304610 -4.178802
v -2.716469 2.304610 -3.979811
v -2.716469 2.304610 -3.780820
v -2.716469 2.304610 -3.581830
v -2.716469 2.304610 -3.382839
v -2.716469 2.304610 -3.183849
v -2.716469 2.304610 -2.984858
v -2.716469 2.304610 -2.785868
v -2.716469 2.304610 -2.586877
v -2.716469 2.304610 -2.387887
v -2.716469 2.304610 -2.188896
v -2.716469 2.304610 -1.989906
v -2.716469 2.304610 -1.790915
v -2.716469 2.304610 -1.591925
v -2.716469 2.304610 -1.392934
v -2.716469 2.304610 -1.193944
v -2.716469 2.304610 -0.994953
v -2.716469 2.304610 -0.795962
v -2.716469 2.304610 -0.596972
v -2.716469 2.304610 -0.397981
v -2.716469 2.304610 -0.198991
v 0.000000 2.636611 -6.168709
v 0.000000 2.636611 -6.367700
v -2.636611 2.224753 -6.367700
v -2.636611 0.000000 -6.367700
v -2.138219 2.636611 -6.367700
v -2.138219 2.636611 -6.168709
v -2.636611 0.000000 -6.168709
v -2.636611 0.000000 -5.969718
v -2.636611 0.000000 -5.770728
v -2.636611 0.000000 -5.571737
v -2.636611 0.000000 -5.372746
v -2.636611 0.000000 -5.173755
v -2.636611 0.000000 -4.974765
v -2.636611 0.000000 -4.775774
v -2.636611 0.000000 -4.576783
v -2.636611 0.000000 -4.377792
v -2.636611 0.000000 -4.178802
v -2.636611 0.000000 -3.979811
v -2.636611 0.000000 -3.780820
v -2.636611 0.000000 -3.581830
v -2.636611 0.000000 -3.382839
v -2.636611 0.000000 -3.183849
v -2.636611 0.000000 -2.984858
v -2.636611 0.000000 -2.785868
v -2.636611 0.000000 -2.586877
v -2.636611 0.000000 -2.387887
v -2.636611 0.000000 -2.188896
v -2.636611 0.000000 -1.989906
v -2.636611 0.000000 -1.790915
v -2.636611 0.000000 -1.591925
v -2.636611 0.000000 -1.392934
v -2.636611 0.000000 -1.193944
v -2.636611 0.000000 -0.994953
v -2.636611 0.000000 -0.795962
v -2.636611 0.000000 -0.596972
v -2.636611 0.000000 -0.397981
v -2.636611 0.000000 -0.198991
v 0.000000 2.636611 -0.198991
v 0.000000 2.636611 -0.397981
v 0.000000 2.636611 -0.596972
v 0.000000 2.636611 -0.795962
v 0.000000 2.636611 -0.994953
v 0.000000 2.636611 -1.193944
v 0.000000 2.636611 -1.392934
v 0.000000 2.636611 -1.591925
v 0.000000 2.636611 -1.790915
v 0.000000 2.636611 -1.989906
v 0.000000 2.636611 -2.188897
v 0.000000 2.636611 -2.387887
v 0.000000 2.636611 -2.586878
v 0.000000 2.636611 -2.785869
v 0.000000 2.636611 -2.984859
v 0.000000 2.636611 -3.183850
v 0.000000 2.636611 -3.382841
v 0.000000 2.636611 -3.581831
v 0.000000 2.636611 -3.780822
v 0.000000 2.636611 -3.979813
v 0.000000 2.636611 -4.178803
v 0.000000 2.636611 -4.377794
v 0.000000 2.636611 -4.576785
v 0.000000 2.636611 -4.775775
v 0.000000 2.636611 -4.974766
v 0.000000 2.636611 -5.173757
v 0.000000 2.636611 -5.372747
v 0.000000 2.636611 -5.571738
v 0.000000 2.636611 -5.770728
v 0.000000 2.636611 -5.969718
v -2.138219 2.636611 -0.198991
v -2.138219 2.636611 -0.397981
v -2.138219 2.636611 -0.596972
v -2.138219 2.636611 -0.795962
v -2.138219 2.636611 -0.994953
v -2.138219 2.636611 -1.193944
v -2.138219 2.636611 -1.392934
v -2.138219 2.636611 -1.591925
v -2.138219 2.636611 -1.790915
v -2.138219 2.636611 -1.989906
v -2.138219 2.636611 -2.188897
v -2.138219 2.636611 -2.387887
v -2.138219 2.636611 -2.586878
v -2.138219 2.636611 -2.785869
v -2.138219 2.636611 -2.984859
v -2.138219 2.636611 -3.183850
v -2.138219 2.636611 -3.382841
v -2.138219 2.636611 -3.581831
v -2.138219 2.636611 -3.780822
v -2.138219 2.636611 -3.979813
v -2.138219 2.636611 -4.178803
v -2.138219 2.636611 -4.377794
v -2.138219 2.636611 -4.576785
v -2.138219 2.636611 -4.775775
v -2.138219 2.636611 -4.974766
v -2.138219 2.636611 -5.173757
v -2.138219 2.636611 -5.372747
v -2.138219 2.636611 -5.571738
v -2.138219 2.636611 -5.770728
v -2.138219 2.636611 -5.969718
v -2.636611 2.224753 -6.168709
v -2.636611 2.224753 -5.969718
v -2.636611 2.224753 -5.770728
v -2.636611 2.224753 -5.571737
v -2.636611 2.224753 -5.372746
v -2.636611 2.224753 -5.173755
v -2.636611 2.224753 -4.974765
v -2.636611 2.224753 -4.775774
v -2.636611 2.224753 -4.576783
v -2.636611 2.224753 -4.377792
v -2.636611 2.224753 -4.178802
v -2.636611 2.224753 -3.979811
v -2.636611 2.224753 -3.780820
v -2.636611 2.224753 -3.581830
v -2.636611 2.224753 -3.382839
v -2.636611 2.224753 -3.183849
v -2.636611 2.224753 -2.984858
v -2.636611 2.224753 -2.785868
v -2.636611 2.224753 -2.586877
v -2.636611 2.224753 -2.387887
v -2.636611 2.224753 -2.188896
v -2.636611 2.224753 -1.989906
v -2.636611 2.224753 -1.790915
v -2.636611 2.224753 -1.591925
v -2.636611 2.224753 -1.392934
v -2.636611 2.224753 -1.193944
v -2.636611 2.224753 -0.994953
v -2.636611 2.224753 -0.795962
v -2.636611 2.224753 -0.596972
v -2.636611 2.224753 -0.397981
v -2.636611 2.224753 -0.198991
v -2.926589 1.257365 -6.457751
v -2.428197 1.257365 -6.968538
v -2.926589 1.257365 -6.968538
v 0.000000 1.152305 -6.878487
v -2.716469 1.152305 -6.367700
v -2.218077 1.152305 -6.878487
v -2.716469 1.152305 -6.168709
v -2.716469 1.152305 -5.969718
v -2.716469 1.152305 -5.770728
v -2.716469 1.152305 -5.571737
v -2.716469 1.152305 -5.372746
v -2.716469 1.152305 -5.173755
v -2.716469 1.152305 -4.974765
v -2.716469 1.152305 -4.775774
v -2.716469 1.152305 -4.576783
v -2.716469 1.152305 -4.377792
v -2.716469 1.152305 -4.178802
v -2.716469 1.152305 -3.979811
v -2.716469 1.152305 -3.780820
v -2.716469 1.152305 -3.581830
v -2.716469 1.152305 -3.382839
v -2.716469 1.152305 -3.183849
v -2.716469 1.152305 -2.984858
v -2.716469 1.152305 -2.785868
v -2.716469 1.152305 -2.586877
v -2.716469 1.152305 -2.387887
v -2.716469 1.152305 -2.188896
v -2.716469 1.152305 -1.989906
v -2.716469 1.152305 -1.790915
v -2.716469 1.152305 -1.591925
v -2.716469 1.152305 -1.392934
v -2.716469 1.152305 -1.193944
v -2.716469 1.152305 -0.994953
v -2.716469 1.152305 -0.795962
v -2.716469 1.152305 -0.596972
v -2.716469 1.152305 -0.397981
v -2.716469 1.152305 -0.198991
v -2.636611 1.112376 -6.367700
v -2.636611 1.112376 -6.168709
v -2.636611 1.112376 -5.969718
v -2.636611 1.112376 -5.770728
v -2.636611 1.112376 -5.571737
v -2.636611 1.112376 -5.372746
v -2.636611 1.112376 -5.173755
v -2.636611 1.112376 -4.974765
v -2.636611 1.112376 -4.775774
v -2.636611 1.112376 -4.576783
v -2.636611 1.112376 -4.377792
v -2.636611 1.112376 -4.178802
v -2.636611 1.112376 -3.979811
v -2.636611 1.112376 -3.780820
v -2.636611 1.112376 -3.581830
v -2.636611 1.112376 -3.382839
v -2.636611 1.112376 -3.183849
v -2.636611 1.112376 -2.984858
v -2.636611 1.112376 -2.785868
v -2.636611 1.112376 -2.586877
v -2.636611 1.112376 -2.387887
v -2.636611 1.112376 -2.188896
v -2.636611 1.112376 -1.989906
v -2.636611 1.112376 -1.790915
v -2.636611 1.112376 -1.591925
v -2.636611 1.112376 -1.392934
v -2.636611 1.112376 -1.193944
v -2.636611 1.112376 -0.994953
v -2.636611 1.112376 -0.795962
v -2.636611 1.112376 -0.596972
v -2.636611 1.112376 -0.397981
v -2.636611 1.112376 -0.198991
v -2.926589 1.886048 -6.968538
v -2.926589 1.886048 -6.457751
v -2.428197 1.886048 -6.968538
v 0.000000 1.728458 -6.878487
v -2.716469 1.728458 -6.367700
v -2.218077 1.728458 -6.878487
v -2.716469 1.728458 -6.168709
v -2.716469 1.728458 -5.969718
v -2.716469 1.728458 -5.770728
v -2.716469 1.728458 -5.571737
v -2.716469 1.728458 -5.372746
v -2.716469 1.728458 -5.173755
v -2.716469 1.728458 -4.974765
v -2.716469 1.728458 -4.775774
v -2.716469 1.728458 -4.576783
v -2.716469 1.728458 -4.377792
v -2.716469 1.728458 -4.178802
v -2.716469 1.728458 -3.979811
v -2.716469 1.728458 -3.780820
v -2.716469 1.728458 -3.581830
v -2.716469 1.728458 -3.382839
v -2.716469 1.728458 -3.183849
v -2.716469 1.728458 -2.984858
v -2.716469 1.728458 -2.785868
v -2.716469 1.728458 -2.586877
v -2.716469 1.728458 -2.387887
v -2.716469 1.728458 -2.188896
v -2.716469 1.728458 -1.989906
v -2.716469 1.728458 -1.790915
v -2.716469 1.728458 -1.591925
v -2.716469 1.728458 -1.392934
v -2.716469 1.728458 -1.193944
v -2.716469 1.728458 -0.994953
v -2.716469 1.728458 -0.795962
v -2.716469 1.728458 -0.596972
v -2.716469 1.728458 -0.397981
v -2.716469 1.728458 -0.198991
v -2.636611 1.668565 -6.367700
v -2.636611 1.668565 -6.168709
v -2.636611 1.668565 -5.969718
v -2.636611 1.668565 -5.770728
v -2.636611 1.668565 -5.571737
v -2.636611 1.668565 -5.372746
v -2.636611 1.668565 -5.173755
v -2.636611 1.668565 -4.974765
v -2.636611 1.668565 -4.775774
v -2.636611 1.668565 -4.576783
v -2.636611 1.668565 -4.377792
v -2.636611 1.668565 -4.178802
v -2.636611 1.668565 -3.979811
v -2.636611 1.668565 -3.780820
v -2.636611 1.668565 -3.581830
v -2.636611 1.668565 -3.382839
v -2.636611 1.668565 -3.183849
v -2.636611 1.668565 -2.984858
v -2.636611 1.668565 -2.785868
v -2.636611 1.668565 -2.586877
v -2.636611 1.668565 -2.387887
v -2.636611 1.668565 -2.188896
v -2.636611 1.668565 -1.989906
v -2.636611 1.668565 -1.790915
v -2.636611 1.668565 -1.591925
v -2.636611 1.668565 -1.392934
v -2.636611 1.668565 -1.193944
v -2.636611 1.668565 -0.994953
v -2.636611 1.668565 -0.795962
v -2.636611 1.668565 -0.596972
v -2.636611 1.668565 -0.397981
v -2.636611 1.668565 -0.198991
v -2.926589 0.628683 -6.457751
v -2.428197 0.628683 -6.968538
v 0.000000 0.576153 -6.878487
v -2.716469 0.576153 -6.367700
v -2.218077 0.576153 -6.878487
v -2.716469 0.576153 -6.168709
v -2.716469 0.576153 -5.969718
v -2.716469 0.576153 -5.770728
v -2.716469 0.576153 -5.571737
v -2.716469 0.576153 -5.372746
v -2.716469 0.576153 -5.173755
v -2.716469 0.576153 -4.974765
v -2.716469 0.576153 -4.775774
v -2.716469 0.576153 -4.576783
v -2.716469 0.576153 -4.377792
v -2.716469 0.576153 -4.178802
v -2.716469 0.576153 -3.979811
v -2.716469 0.576153 -3.780820
v -2.716469 0.576153 -3.581830
v -2.716469 0.576153 -3.382839
v -2.716469 0.576153 -3.183849
v -2.716469 0.576153 -2.984858
v -2.716469 0.576153 -2.785868
v -2.716469 0.576153 -2.586877
v -2.716469 0.576153 -2.387887
v -2.716469 0.576153 -2.188896
v -2.716469 0.576153 -1.989906
v -2.716469 0.576153 -1.790915
v -2.716469 0.576153 -1.591925
v -2.716469 0.576153 -1.392934
v -2.716469 0.576153 -1.193944
v -2.716469 0.576153 -0.994953
v -2.716469 0.576153 -0.795962
v -2.716469 0.576153 -0.596972
v -2.716469 0.576153 -0.397981
v -2.716469 0.576153 -0.198991
v -2.636611 0.556188 -6.367700
v -2.636611 0.556188 -6.168709
v -2.636611 0.556188 -5.969718
v -2.636611 0.556188 -5.770728
v -2.636611 0.556188 -5.571737
v -2.636611 0.556188 -5.372746
v -2.636611 0.556188 -5.173755
v -2.636611 0.556188 -4.974765
v -2.636611 0.556188 -4.775774
v -2.636611 0.556188 -4.576783
v -2.636611 0.556188 -4.377792
v -2.636611 0.556188 -4.178802
v -2.636611 0.556188 -3.979811
v -2.636611 0.556188 -3.780820
v -2.636611 0.556188 -3.581830
v -2.636611 0.556188 -3.382839
v -2.636611 0.556188 -3.183849
v -2.636611 0.556188 -2.984858
v -2.636611 0.556188 -2.785868
v -2.636611 0.556188 -2.586877
v -2.636611 0.556188 -2.387887
v -2.636611 0.556188 -2.188896
v -2.636611 0.556188 -1.989906
v -2.636611 0.556188 -1.790915
v -2.636611 0.556188 -1.591925
v -2.636611 0.556188 -1.392934
v -2.636611 0.556188 -1.193944
v -2.636611 0.556188 -0.994953
v -2.636611 0.556188 -0.795962
v -2.636611 0.556188 -0.596972
v -2.636611 0.556188 -0.397981
v -2.636611 0.556188 -0.198991
v -2.926589 0.628683 -6.968538
v -2.926589 0.314341 -6.457751
v -2.428197 0.314341 -6.968538
v 0.000000 0.288076 -6.878487
v -2.716469 0.288076 -6.367700
v -2.218077 0.288076 -6.878487
v -2.716469 0.288076 -6.168709
v -2.716469 0.288076 -5.969718
v -2.716469 0.288076 -5.770728
v -2.716469 0.288076 -5.571737
v -2.716469 0.288076 -5.372746
v -2.716469 0.288076 -5.173755
v -2.716469 0.288076 -4.974765
v -2.716469 0.288076 -4.775774
v -2.716469 0.288076 -4.576783
v -2.716469 0.288076 -4.377792
v -2.716469 0.288076 -4.178802
v -2.716469 0.288076 -3.979811
v -2.716469 0.288076 -3.780820
v -2.716469 0.288076 -3.581830
v -2.716469 0.288076 -3.382839
v -2.716469 0.288076 -3.183849
v -2.716469 0.288076 -2.984858
v -2.716469 0.288076 -2.785868
v -2.716469 0.288076 -2.586877
v -2.716469 0.288076 -2.387887
v -2.716469 0.288076 -2.188896
v -2.716469 0.288076 -1.989906
v -2.716469 0.288076 -1.790915
v -2.716469 0.288076 -1.591925
v -2.716469 0.288076 -1.392934
v -2.716469 0.288076 -1.193944
v -2.716469 0.288076 -0.994953
v -2.716469 0.288076 -0.795962
v -2.716469 0.288076 -0.596972
v -2.716469 0.288076 -0.397981
v -2.716469 0.288076 -0.198991
v -2.636611 0.278094 -6.367700
v -2.636611 0.278094 -6.168709
v -2.636611 0.278094 -5.969718
v -2.636611 0.278094 -5.770728
v -2.636611 0.278094 -5.571737
v -2.636611 0.278094 -5.372746
v -2.636611 0.278094 -5.173755
v -2.636611 0.278094 -4.974765
v -2.636611 0.278094 -4.775774
v -2.636611 0.278094 -4.576783
v -2.636611 0.278094 -4.377792
v -2.636611 0.278094 -4.178802
v -2.636611 0.278094 -3.979811
v -2.636611 0.278094 -3.780820
v -2.636611 0.278094 -3.581830
v -2.636611 0.278094 -3.382839
v -2.636611 0.278094 -3.183849
v -2.636611 0.278094 -2.984858
v -2.636611 0.278094 -2.785868
v -2.636611 0.278094 -2.586877
v -2.636611 0.278094 -2.387887
v -2.636611 0.278094 -2.188896
v -2.636611 0.278094 -1.989906
v -2.636611 0.278094 -1.790915
v -2.636611 0.278094 -1.591925
v -2.636611 0.278094 -1.392934
v -2.636611 0.278094 -1.193944
v -2.636611 0.278094 -0.994953
v -2.636611 0.278094 -0.795962
v -2.636611 0.278094 -0.596972
v -2.636611 0.278094 -0.397981
v -2.636611 0.278094 -0.198991
v -2.926589 0.314341 -6.968538
v -2.926589 0.943024 -6.968538
v -2.926589 0.943024 -6.457751
v -2.428197 0.943024 -6.968538
v 0.000000 0.864229 -6.878487
v -2.716469 0.864229 -6.367700
v -2.218077 0.864229 -6.878487
v -2.716469 0.864229 -6.168709
v -2.716469 0.864229 -5.969718
v -2.716469 0.864229 -5.770728
v -2.716469 0.864229 -5.571737
v -2.716469 0.864229 -5.372746
v -2.716469 0.864229 -5.173755
v -2.716469 0.864229 -4.974765
v -2.716469 0.864229 -4.775774
v -2.716469 0.864229 -4.576783
v -2.716469 0.864229 -4.377792
v -2.716469 0.864229 -4.178802
v -2.716469 0.864229 -3.979811
v -2.716469 0.864229 -3.780820
v -2.716469 0.864229 -3.581830
v -2.716469 0.864229 -3.382839
v -2.716469 0.864229 -3.183849
v -2.716469 0.864229 -2.984858
v -2.716469 0.864229 -2.785868
v -2.716469 0.864229 -2.586877
v -2.716469 0.864229 -2.387887
v -2.716469 0.864229 -2.188896
v -2.716469 0.864229 -1.989906
v -2.716469 0.864229 -1.790915
v -2.716469 0.864229 -1.591925
v -2.716469 0.864229 -1.392934
v -2.716469 0.864229 -1.193944
v -2.716469 0.864229 -0.994953
v -2.716469 0.864229 -0.795962
v -2.716469 0.864229 -0.596972
v -2.716469 0.864229 -0.397981
v -2.716469 0.864229 -0.198991
v -2.636611 0.834282 -6.367700
v -2.636611 0.834282 -6.168709
v -2.636611 0.834282 -5.969718
v -2.636611 0.834282 -5.770728
v -2.636611 0.834282 -5.571737
v -2.636611 0.834282 -5.372746
v -2.636611 0.834282 -5.173755
v -2.636611 0.834282 -4.974765
v -2.636611 0.834282 -4.775774
v -2.636611 0.834282 -4.576783
v -2.636611 0.834282 -4.377792
v -2.636611 0.834282 -4.178802
v -2.636611 0.834282 -3.979811
v -2.636611 0.834282 -3.780820
v -2.636611 0.834282 -3.581830
v -2.636611 0.834282 -3.382839
v -2.636611 0.834282 -3.183849
v -2.636611 0.834282 -2.984858
v -2.636611 0.834282 -2.785868
v -2.636611 0.834282 -2.586877
v -2.636611 0.834282 -2.387887
v -2.636611 0.834282 -2.188896
v -2.636611 0.834282 -1.989906
v -2.636611 0.834282 -1.790915
v -2.636611 0.834282 -1.591925
v -2.636611 0.834282 -1.392934
v -2.636611 0.834282 -1.193944
v -2.636611 0.834282 -0.994953
v -2.636611 0.834282 -0.795962
v -2.636611 0.834282 -0.596972
v -2.636611 0.834282 -0.397981
v -2.636611 0.834282 -0.198991
v -2.926589 1.571707 -6.457751
v -2.428197 1.571707 -6.968538
v 0.000000 1.440382 -6.878487
v -2.716469 1.440382 -6.367700
v -2.218077 1.440382 -6.878487
v -2.716469 1.440382 -6.168709
v -2.716469 1.440382 -5.969718
v -2.716469 1.440382 -5.770728
v -2.716469 1.440382 -5.571737
v -2.716469 1.440382 -5.372746
v -2.716469 1.440382 -5.173755
v -2.716469 1.440382 -4.974765
v -2.716469 1.440382 -4.775774
v -2.716469 1.440382 -4.576783
v -2.716469 1.440382 -4.377792
v -2.716469 1.440382 -4.178802
v -2.716469 1.440382 -3.979811
v -2.716469 1.440382 -3.780820
v -2.716469 1.440382 -3.581830
v -2.716469 1.440382 -3.382839
v -2.716469 1.440382 -3.183849
v -2.716469 1.440382 -2.984858
v -2.716469 1.440382 -2.785868
v -2.716469 1.440382 -2.586877
v -2.716469 1.440382 -2.387887
v -2.716469 1.440382 -2.188896
v -2.716469 1.440382 -1.989906
v -2.716469 1.440382 -1.790915
v -2.716469 1.440382 -1.591925
v -2.716469 1.440382 -1.392934
v -2.716469 1.440382 -1.193944
v -2.716469 1.440382 -0.994953
v -2.716469 1.440382 -0.795962
v -2.716469 1.440382 -0.596972
v -2.716469 1.440382 -0.397981
v -2.716469 1.440382 -0.198991
v -2.636611 1.390471 -6.367700
v -2.636611 1.390471 -6.168709
v -2.636611 1.390471 -5.969718
v -2.636611 1.390471 -5.770728
v -2.636611 1.390471 -5.571737
v -2.636611 1.390471 -5.372746
v -2.636611 1.390471 -5.173755
v -2.636611 1.390471 -4.974765
v -2.636611 1.390471 -4.775774
v -2.636611 1.390471 -4.576783
v -2.636611 1.390471 -4.377792
v -2.636611 1.390471 -4.178802
v -2.636611 1.390471 -3.979811
v -2.636611 1.390471 -3.780820
v -2.636611 1.390471 -3.581830
v -2.636611 1.390471 -3.382839
v -2.636611 1.390471 -3.183849
v -2.636611 1.390471 -2.984858
v -2.636611 1.390471 -2.785868
v -2.636611 1.390471 -2.586877
v -2.636611 1.390471 -2.387887
v -2.636611 1.390471 -2.188896
v -2.636611 1.390471 -1.989906
v -2.636611 1.390471 -1.790915
v -2.636611 1.390471 -1.591925
v -2.636611 1.390471 -1.392934
v -2.636611 1.390471 -1.193944
v -2.636611 1.390471 -0.994953
v -2.636611 1.390471 -0.795962
v -2.636611 1.390471 -0.596972
v -2.636611 1.390471 -0.397981
v -2.636611 1.390471 -0.198991
v -2.926589 1.571707 -6.968538
v -2.926589 2.200389 -6.968538
v -2.926589 2.200389 -6.457751
v -2.428197 2.200389 -6.968538
v 0.000000 2.016534 -6.878487
v -2.716469 2.016534 -6.367700
v -2.218077 2.016534 -6.878487
v -2.716469 2.016534 -6.168709
v -2.716469 2.016534 -5.969718
v -2.716469 2.016534 -5.770728
v -2.716469 2.016534 -5.571737
v -2.716469 2.016534 -5.372746
v -2.716469 2.016534 -5.173755
v -2.716469 2.016534 -4.974765
v -2.716469 2.016534 -4.775774
v -2.716469 2.016534 -4.576783
v -2.716469 2.016534 -4.377792
v -2.716469 2.016534 -4.178802
v -2.716469 2.016534 -3.979811
v -2.716469 2.016534 -3.780820
v -2.716469 2.016534 -3.581830
v -2.716469 2.016534 -3.382839
v -2.716469 2.016534 -3.183849
v -2.716469 2.016534 -2.984858
v -2.716469 2.016534 -2.785868
v -2.716469 2.016534 -2.586877
v -2.716469 2.016534 -2.387887
v -2.716469 2.016534 -2.188896
v -2.716469 2.016534 -1.989906
v -2.716469 2.016534 -1.790915
v -2.716469 2.016534 -1.591925
v -2.716469 2.016534 -1.392934
v -2.716469 2.016534 -1.193944
v -2.716469 2.016534 -0.994953
v -2.716469 2.016534 -0.795962
v -2.716469 2.016534 -0.596972
v -2.716469 2.016534 -0.397981
v -2.716469 2.016534 -0.198991
v -2.636611 1.946659 -6.367700
v -2.636611 1.946659 -6.168709
v -2.636611 1.946659 -5.969718
v -2.636611 1.946659 -5.770728
v -2.636611 1.946659 -5.571737
v -2.636611 1.946659 -5.372746
v -2.636611 1.946659 -5.173755
v -2.636611 1.946659 -4.974765
v -2.636611 1.946659 -4.775774
v -2.636611 1.946659 -4.576783
v -2.636611 1.946659 -4.377792
v -2.636611 1.946659 -4.178802
v -2.636611 1.946659 -3.979811
v -2.636611 1.946659 -3.780820
v -2.636611 1.946659 -3.581830
v -2.636611 1.946659 -3.382839
v -2.636611 1.946659 -3.183849
v -2.636611 1.946659 -2.984858
v -2.636611 1.946659 -2.785868
v -2.636611 1.946659 -2.586877
v -2.636611 1.946659 -2.387887
v -2.636611 1.946659 -2.188896
v -2.636611 1.946659 -1.989906
v -2.636611 1.946659 -1.790915
v -2.636611 1.946659 -1.591925
v -2.636611 1.946659 -1.392934
v -2.636611 1.946659 -1.193944
v -2.636611 1.946659 -0.994953
v -2.636611 1.946659 -0.795962
v -2.636611 1.946659 -0.596972
v -2.636611 1.946659 -0.397981
v -2.636611 1.946659 -0.198991
v 0.000000 0.288076 -6.796751
v 0.000000 0.000000 -6.796751
v -2.218077 0.000000 -6.796751
v -2.218077 0.288076 -6.796751
v 0.000000 1.152305 -6.796751
v -2.218077 1.152305 -6.796751
v 0.000000 2.016534 -6.796751
v 0.000000 1.728458 -6.796751
v -2.218077 2.016534 -6.796751
v -2.218077 1.728458 -6.796751
v 0.000000 0.864229 -6.796751
v -2.218077 0.864229 -6.796751
v 3.000000 3.000000 -7.000000
v 3.000000 3.000000 -6.489213
v 2.501608 3.000000 -7.000000
v 2.501608 3.000000 -6.489213
v 3.000000 2.588141 -7.000000
v 3.000000 2.588141 -6.489213
v 2.501608 2.588141 -7.000000
v 2.428197 0.000000 -6.968538
v 2.926589 0.000000 -6.968538
v 2.926589 2.926589 -6.457751
v 2.926589 0.000000 -6.457751
v 2.926589 2.514731 -6.457751
v 2.428197 2.926589 -6.457751
v 2.428197 2.926589 -6.968538
v 2.428197 2.514731 -6.968538
v 2.926589 2.514731 -6.968538
v 2.716469 0.000000 -6.367700
v 2.716469 2.304610 -6.367700
v 2.218077 2.716469 -6.367700
v 2.218077 0.000000 -6.878487
v 2.218077 2.304610 -6.878487
v 2.926589 2.926589 -6.255947
v 2.926589 2.926589 -6.054142
v 2.926589 2.926589 -5.852337
v 2.926589 2.926589 -5.650532
v 2.926589 2.926589 -5.448728
v 2.926589 2.926589 -5.246922
v 2.926589 2.926589 -5.045118
v 2.926589 2.926589 -4.843313
v 2.926589 2.926589 -4.641509
v 2.926589 2.926589 -4.439704
v 2.926589 2.926589 -4.237899
v 2.926589 2.926589 -4.036095
v 2.926589 2.926589 -3.834290
v 2.926589 2.926589 -3.632485
v 2.926589 2.926589 -3.430680
v 2.926589 2.926589 -3.228876
v 2.926589 2.926589 -3.027071
v 2.926589 2.926589 -2.825266
v 2.926589 2.926589 -2.623461
v 2.926589 2.926589 -2.421657
v 2.926589 2.926589 -2.219852
v 2.926589 2.926589 -2.018047
v 2.926589 2.926589 -1.816243
v 2.926589 2.926589 -1.614438
v 2.926589 2.926589 -1.412633
v 2.926589 2.926589 -1.210828
v 2.926589 2.926589 -1.009024
v 2.926589 2.926589 -0.807219
v 2.926589 2.926589 -0.605414
v 2.926589 2.926589 -0.403609
v 2.926589 2.926589 -0.201805
v 2.428197 2.926589 -0.201805
v 2.428197 2.926589 -0.403609
v 2.428197 2.926589 -0.605414
v 2.428197 2.926589 -0.807219
v 2.428197 2.926589 -1.009024
v 2.428197 2.926589 -1.210828
v 2.428197 2.926589 -1.412633
v 2.428197 2.926589 -1.614438
v 2.428197 2.926589 -1.816243
v 2.428197 2.926589 -2.018047
v 2.428197 2.926589 -2.219852
v 2.428197 2.926589 -2.421657
v 2.428197 2.926589 -2.623461
v 2.428197 2.926589 -2.825266
v 2.428197 2.926589 -3.027071
v 2.428197 2.926589 -3.228876
v 2.428197 2.926589 -3.430680
v 2.428197 2.926589 -3.632485
v 2.428197 2.926589 -3.834290
v 2.428197 2.926589 -4.036095
v 2.428197 2.926589 -4.237899
v 2.428197 2.926589 -4.439704
v 2.428197 2.926589 -4.641509
v 2.428197 2.926589 -4.843313
v 2.428197 2.926589 -5.045118
v 2.428197 2.926589 -5.246923
v 2.428197 2.926589 -5.448728
v 2.428197 2.926589 -5.650532
v 2.428197 2.926589 -5.852337
v 2.428197 2.926589 -6.054142
v 2.428197 2.926589 -6.255947
v 2.926589 2.514731 -6.255947
v 2.926589 2.514731 -6.054142
v 2.926589 2.514731 -5.852337
v 2.926589 2.514731 -5.650532
v 2.926589 2.514731 -5.448728
v 2.926589 2.514731 -5.246922
v 2.926589 2.514731 -5.045118
v 2.926589 2.514731 -4.843313
v 2.926589 2.514731 -4.641509
v 2.926589 2.514731 -4.439704
v 2.926589 2.514731 -4.237899
v 2.926589 2.514731 -4.036095
v 2.926589 2.514731 -3.834290
v 2.926589 2.514731 -3.632485
v 2.926589 2.514731 -3.430680
v 2.926589 2.514731 -3.228876
v 2.926589 2.514731 -3.027071
v 2.926589 2.514731 -2.825266
v 2.926589 2.514731 -2.623461
v 2.926589 2.514731 -2.421657
v 2.926589 2.514731 -2.219852
v 2.926589 2.514731 -2.018047
v 2.926589 2.514731 -1.816243
v 2.926589 2.514731 -1.614438
v 2.926589 2.514731 -1.412633
v 2.926589 2.514731 -1.210828
v 2.926589 2.514731 -1.009024
v 2.926589 2.514731 -0.807219
v 2.926589 2.514731 -0.605414
v 2.926589 2.514731 -0.403609
v 2.926589 2.514731 -0.201805
v 2.716469 0.000000 -6.168709
v 2.716469 0.000000 -5.969718
v 2.716469 0.000000 -5.770728
v 2.716469 0.000000 -5.571737
v 2.716469 0.000000 -5.372746
v 2.716469 0.000000 -5.173755
v 2.716469 0.000000 -4.974765
v 2.716469 0.000000 -4.775774
v 2.716469 0.000000 -4.576783
v 2.716469 0.000000 -4.377792
v 2.716469 0.000000 -4.178802
v 2.716469 0.000000 -3.979811
v 2.716469 0.000000 -3.780820
v 2.716469 0.000000 -3.581830
v 2.716469 0.000000 -3.382839
v 2.716469 0.000000 -3.183849
v 2.716469 0.000000 -2.984858
v 2.716469 0.000000 -2.785868
v 2.716469 0.000000 -2.586877
v 2.716469 0.000000 -2.387887
v 2.716469 0.000000 -2.188896
v 2.716469 0.000000 -1.989906
v 2.716469 0.000000 -1.790915
v 2.716469 0.000000 -1.591925
v 2.716469 0.000000 -1.392934
v 2.716469 0.000000 -1.193944
v 2.716469 0.000000 -0.994953
v 2.716469 0.000000 -0.795962
v 2.716469 0.000000 -0.596972
v 2.716469 0.000000 -0.397981
v 2.716469 0.000000 -0.198991
v 2.218077 2.716469 -0.198991
v 2.218077 2.716469 -0.397981
v 2.218077 2.716469 -0.596972
v 2.218077 2.716469 -0.795962
v 2.218077 2.716469 -0.994953
v 2.218077 2.716469 -1.193944
v 2.218077 2.716469 -1.392934
v 2.218077 2.716469 -1.591925
v 2.218077 2.716469 -1.790915
v 2.218077 2.716469 -1.989906
v 2.218077 2.716469 -2.188897
v 2.218077 2.716469 -2.387887
v 2.218077 2.716469 -2.586878
v 2.218077 2.716469 -2.785869
v 2.218077 2.716469 -2.984859
v 2.218077 2.716469 -3.183850
v 2.218077 2.716469 -3.382841
v 2.218077 2.716469 -3.581831
v 2.218077 2.716469 -3.780822
v 2.218077 2.716469 -3.979813
v 2.218077 2.716469 -4.178803
v 2.218077 2.716469 -4.377794
v 2.218077 2.716469 -4.576785
v 2.218077 2.716469 -4.775775
v 2.218077 2.716469 -4.974766
v 2.218077 2.716469 -5.173757
v 2.218077 2.716469 -5.372747
v 2.218077 2.716469 -5.571738
v 2.218077 2.716469 -5.770728
v 2.218077 2.716469 -5.969718
v 2.218077 2.716469 -6.168709
v 2.716469 2.304610 -6.168709
v 2.716469 2.304610 -5.969718
v 2.716469 2.304610 -5.770728
v 2.716469 2.304610 -5.571737
v 2.716469 2.304610 -5.372746
v 2.716469 2.304610 -5.173755
v 2.716469 2.304610 -4.974765
v 2.716469 2.304610 -4.775774
v 2.716469 2.304610 -4.576783
v 2.716469 2.304610 -4.377792
v 2.716469 2.304610 -4.178802
v 2.716469 2.304610 -3.979811
v 2.716469 2.304610 -3.780820
v 2.716469 2.304610 -3.581830
v 2.716469 2.304610 -3.382839
v 2.716469 2.304610 -3.183849
v 2.716469 2.304610 -2.984858
v 2.716469 2.304610 -2.785868
v 2.716469 2.304610 -2.586877
v 2.716469 2.304610 -2.387887
v 2.716469 2.304610 -2.188896
v 2.716469 2.304610 -1.989906
v 2.716469 2.304610 -1.790915
v 2.716469 2.304610 -1.591925
v 2.716469 2.304610 -1.392934
v 2.716469 2.304610 -1.193944
v 2.716469 2.304610 -0.994953
v 2.716469 2.304610 -0.795962
v 2.716469 2.304610 -0.596972
v 2.716469 2.304610 -0.397981
v 2.716469 2.304610 -0.198991
v 2.636611 2.224753 -6.367700
v 2.636611 0.000000 -6.367700
v 2.138219 2.636611 -6.367700
v 2.138219 2.636611 -6.168709
v 2.636611 0.000000 -6.168709
v 2.636611 0.000000 -5.969718
v 2.636611 0.000000 -5.770728
v 2.636611 0.000000 -5.571737
v 2.636611 0.000000 -5.372746
v 2.636611 0.000000 -5.173755
v 2.636611 0.000000 -4.974765
v 2.636611 0.000000 -4.775774
v 2.636611 0.000000 -4.576783
v 2.636611 0.000000 -4.377792
v 2.636611 0.000000 -4.178802
v 2.636611 0.000000 -3.979811
v 2.636611 0.000000 -3.780820
v 2.636611 0.000000 -3.581830
v 2.636611 0.000000 -3.382839
v 2.636611 0.000000 -3.183849
v 2.636611 0.000000 -2.984858
v 2.636611 0.000000 -2.785868
v 2.636611 0.000000 -2.586877
v 2.636611 0.000000 -2.387887
v 2.636611 0.000000 -2.188896
v 2.636611 0.000000 -1.989906
v 2.636611 0.000000 -1.790915
v 2.636611 0.000000 -1.591925
v 2.636611 0.000000 -1.392934
v 2.636611 0.000000 -1.193944
v 2.636611 0.000000 -0.994953
v 2.636611 0.000000 -0.795962
v 2.636611 0.000000 -0.596972
v 2.636611 0.000000 -0.397981
v 2.636611 0.000000 -0.198991
v 2.138219 2.636611 -0.198991
v 2.138219 2.636611 -0.397981
v 2.138219 2.636611 -0.596972
v 2.138219 2.636611 -0.795962
v 2.138219 2.636611 -0.994953
v 2.138219 2.636611 -1.193944
v 2.138219 2.636611 -1.392934
v 2.138219 2.636611 -1.591925
v 2.138219 2.636611 -1.790915
v 2.138219 2.636611 -1.989906
v 2.138219 2.636611 -2.188897
v 2.138219 2.636611 -2.387887
v 2.138219 2.636611 -2.586878
v 2.138219 2.636611 -2.785869
v 2.138219 2.636611 -2.984859
v 2.138219 2.636611 -3.183850
v 2.138219 2.636611 -3.382841
v 2.138219 2.636611 -3.581831
v 2.138219 2.636611 -3.780822
v 2.138219 2.636611 -3.979813
v 2.138219 2.636611 -4.178803
v 2.138219 2.636611 -4.377794
v 2.138219 2.636611 -4.576785
v 2.138219 2.636611 -4.775775
v 2.138219 2.636611 -4.974766
v 2.138219 2.636611 -5.173757
v 2.138219 2.636611 -5.372747
v 2.138219 2.636611 -5.571738
v 2.138219 2.636611 -5.770728
v 2.138219 2.636611 -5.969718
v 2.636611 2.224753 -6.168709
v 2.636611 2.224753 -5.969718
v 2.636611 2.224753 -5.770728
v 2.636611 2.224753 -5.571737
v 2.636611 2.224753 -5.372746
v 2.636611 2.224753 -5.173755
v 2.636611 2.224753 -4.974765
v 2.636611 2.224753 -4.775774
v 2.636611 2.224753 -4.576783
v 2.636611 2.224753 -4.377792
v 2.636611 2.224753 -4.178802
v 2.636611 2.224753 -3.979811
v 2.636611 2.224753 -3.780820
v 2.636611 2.224753 -3.581830
v 2.636611 2.224753 -3.382839
v 2.636611 2.224753 -3.183849
v 2.636611 2.224753 -2.984858
v 2.636611 2.224753 -2.785868
v 2.636611 2.224753 -2.586877
v 2.636611 2.224753 -2.387887
v 2.636611 2.224753 -2.188896
v 2.636611 2.224753 -1.989906
v 2.636611 2.224753 -1.790915
v 2.636611 2.224753 -1.591925
v 2.636611 2.224753 -1.392934
v 2.636611 2.224753 -1.193944
v 2.636611 2.224753 -0.994953
v 2.636611 2.224753 -0.795962
v 2.636611 2.224753 -0.596972
v 2.636611 2.224753 -0.397981
v 2.636611 2.224753 -0.198991
v 2.926589 1.257365 -6.457751
v 2.428197 1.257365 -6.968538
v 2.926589 1.257365 -6.968538
v 2.716469 1.152305 -6.367700
v 2.218077 1.152305 -6.878487
v 2.716469 1.152305 -6.168709
v 2.716469 1.152305 -5.969718
v 2.716469 1.152305 -5.770728
v 2.716469 1.152305 -5.571737
v 2.716469 1.152305 -5.372746
v 2.716469 1.152305 -5.173755
v 2.716469 1.152305 -4.974765
v 2.716469 1.152305 -4.775774
v 2.716469 1.152305 -4.576783
v 2.716469 1.152305 -4.377792
v 2.716469 1.152305 -4.178802
v 2.716469 1.152305 -3.979811
v 2.716469 1.152305 -3.780820
v 2.716469 1.152305 -3.581830
v 2.716469 1.152305 -3.382839
v 2.716469 1.152305 -3.183849
v 2.716469 1.152305 -2.984858
v 2.716469 1.152305 -2.785868
v 2.716469 1.152305 -2.586877
v 2.716469 1.152305 -2.387887
v 2.716469 1.152305 -2.188896
v 2.716469 1.152305 -1.989906
v 2.716469 1.152305 -1.790915
v 2.716469 1.152305 -1.591925
v 2.716469 1.152305 -1.392934
v 2.716469 1.152305 -1.193944
v 2.716469 1.152305 -0.994953
v 2.716469 1.152305 -0.795962
v 2.716469 1.152305 -0.596972
v 2.716469 1.152305 -0.397981
v 2.716469 1.152305 -0.198991
v 2.636611 1.112376 -6.367700
v 2.636611 1.112376 -6.168709
v 2.636611 1.112376 -5.969718
v 2.636611 1.112376 -5.770728
v 2.636611 1.112376 -5.571737
v 2.636611 1.112376 -5.372746
v 2.636611 1.112376 -5.173755
v 2.636611 1.112376 -4.974765
v 2.636611 1.112376 -4.775774
v 2.636611 1.112376 -4.576783
v 2.636611 1.112376 -4.377792
v 2.636611 1.112376 -4.178802
v 2.636611 1.112376 -3.979811
v 2.636611 1.112376 -3.780820
v 2.636611 1.112376 -3.581830
v 2.636611 1.112376 -3.382839
v 2.636611 1.112376 -3.183849
v 2.636611 1.112376 -2.984858
v 2.636611 1.112376 -2.785868
v 2.636611 1.112376 -2.586877
v 2.636611 1.112376 -2.387887
v 2.636611 1.112376 -2.188896
v 2.636611 1.112376 -1.989906
v 2.636611 1.112376 -1.790915
v 2.636611 1.112376 -1.591925
v 2.636611 1.112376 -1.392934
v 2.636611 1.112376 -1.193944
v 2.636611 1.112376 -0.994953
v 2.636611 1.112376 -0.795962
v 2.636611 1.112376 -0.596972
v 2.636611 1.112376 -0.397981
v 2.636611 1.112376 -0.198991
v 2.926589 1.886048 -6.968538
v 2.926589 1.886048 -6.457751
v 2.428197 1.886048 -6.968538
v 2.716469 1.728458 -6.367700
v 2.218077 1.728458 -6.878487
v 2.716469 1.728458 -6.168709
v 2.716469 1.728458 -5.969718
v 2.716469 1.728458 -5.770728
v 2.716469 1.728458 -5.571737
v 2.716469 1.728458 -5.372746
v 2.716469 1.728458 -5.173755
v 2.716469 1.728458 -4.974765
v 2.716469 1.728458 -4.775774
v 2.716469 1.728458 -4.576783
v 2.716469 1.728458 -4.377792
v 2.716469 1.728458 -4.178802
v 2.716469 1.728458 -3.979811
v 2.716469 1.728458 -3.780820
v 2.716469 1.728458 -3.581830
v 2.716469 1.728458 -3.382839
v 2.716469 1.728458 -3.183849
v 2.716469 1.728458 -2.984858
v 2.716469 1.728458 -2.785868
v 2.716469 1.728458 -2.586877
v 2.716469 1.728458 -2.387887
v 2.716469 1.728458 -2.188896
v 2.716469 1.728458 -1.989906
v 2.716469 1.728458 -1.790915
v 2.716469 1.728458 -1.591925
v 2.716469 1.728458 -1.392934
v 2.716469 1.728458 -1.193944
v 2.716469 1.728458 -0.994953
v 2.716469 1.728458 -0.795962
v 2.716469 1.728458 -0.596972
v 2.716469 1.728458 -0.397981
v 2.716469 1.728458 -0.198991
v 2.636611 1.668565 -6.367700
v 2.636611 1.668565 -6.168709
v 2.636611 1.668565 -5.969718
v 2.636611 1.668565 -5.770728
v 2.636611 1.668565 -5.571737
v 2.636611 1.668565 -5.372746
v 2.636611 1.668565 -5.173755
v 2.636611 1.668565 -4.974765
v 2.636611 1.668565 -4.775774
v 2.636611 1.668565 -4.576783
v 2.636611 1.668565 -4.377792
v 2.636611 1.668565 -4.178802
v 2.636611 1.668565 -3.979811
v 2.636611 1.668565 -3.780820
v 2.636611 1.668565 -3.581830
v 2.636611 1.668565 -3.382839
v 2.636611 1.668565 -3.183849
v 2.636611 1.668565 -2.984858
v 2.636611 1.668565 -2.785868
v 2.636611 1.668565 -2.586877
v 2.636611 1.668565 -2.387887
v 2.636611 1.668565 -2.188896
v 2.636611 1.668565 -1.989906
v 2.636611 1.668565 -1.790915
v 2.636611 1.668565 -1.591925
v 2.636611 1.668565 -1.392934
v 2.636611 1.668565 -1.193944
v 2.636611 1.668565 -0.994953
v 2.636611 1.668565 -0.795962
v 2.636611 1.668565 -0.596972
v 2.636611 1.668565 -0.397981
v 2.636611 1.668565 -0.198991
v 2.926589 0.628683 -6.457751
v 2.428197 0.628683 -6.968538
v 2.716469 0.576153 -6.367700
v 2.218077 0.576153 -6.878487
v 2.716469 0.576153 -6.168709
v 2.716469 0.576153 -5.969718
v 2.716469 0.576153 -5.770728
v 2.716469 0.576153 -5.571737
v 2.716469 0.576153 -5.372746
v 2.716469 0.576153 -5.173755
v 2.716469 0.576153 -4.974765
v 2.716469 0.576153 -4.775774
v 2.716469 0.576153 -4.576783
v 2.716469 0.576153 -4.377792
v 2.716469 0.576153 -4.178802
v 2.716469 0.576153 -3.979811
v 2.716469 0.576153 -3.780820
v 2.716469 0.576153 -3.581830
v 2.716469 0.576153 -3.382839
v 2.716469 0.576153 -3.183849
v 2.716469 0.576153 -2.984858
v 2.716469 0.576153 -2.785868
v 2.716469 0.576153 -2.586877
v 2.716469 0.576153 -2.387887
v 2.716469 0.576153 -2.188896
v 2.716469 0.576153 -1.989906
v 2.716469 0.576153 -1.790915
v 2.716469 0.576153 -1.591925
v 2.716469 0.576153 -1.392934
v 2.716469 0.576153 -1.193944
v 2.716469 0.576153 -0.994953
v 2.716469 0.576153 -0.795962
v 2.716469 0.576153 -0.596972
v 2.716469 0.576153 -0.397981
v 2.716469 0.576153 -0.198991
v 2.636611 0.556188 -6.367700
v 2.636611 0.556188 -6.168709
v 2.636611 0.556188 -5.969718
v 2.636611 0.556188 -5.770728
v 2.636611 0.556188 -5.571737
v 2.636611 0.556188 -5.372746
v 2.636611 0.556188 -5.173755
v 2.636611 0.556188 -4.974765
v 2.636611 0.556188 -4.775774
v 2.636611 0.556188 -4.576783
v 2.636611 0.556188 -4.377792
v 2.636611 0.556188 -4.178802
v 2.636611 0.556188 -3.979811
v 2.636611 0.556188 -3.780820
v 2.636611 0.556188 -3.581830
v 2.636611 0.556188 -3.382839
v 2.636611 0.556188 -3.183849
v 2.636611 0.556188 -2.984858
v 2.636611 0.556188 -2.785868
v 2.636611 0.556188 -2.586877
v 2.636611 0.556188 -2.387887
v 2.636611 0.556188 -2.188896
v 2.636611 0.556188 -1.989906
v 2.636611 0.556188 -1.790915
v 2.636611 0.556188 -1.591925
v 2.636611 0.556188 -1.392934
v 2.636611 0.556188 -1.193944
v 2.636611 0.556188 -0.994953
v 2.636611 0.556188 -0.795962
v 2.636611 0.556188 -0.596972
v 2.636611 0.556188 -0.397981
v 2.636611 0.556188 -0.198991
v 2.926589 0.628683 -6.968538
v 2.926589 0.314341 -6.457751
v 2.428197 0.314341 -6.968538
v 2.716469 0.288076 -6.367700
v 2.218077 0.288076 -6.878487
v 2.716469 0.288076 -6.168709
v 2.716469 0.288076 -5.969718
v 2.716469 0.288076 -5.770728
v 2.716469 0.288076 -5.571737
v 2.716469 0.288076 -5.372746
v 2.716469 0.288076 -5.173755
v 2.716469 0.288076 -4.974765
v 2.716469 0.288076 -4.775774
v 2.716469 0.288076 -4.576783
v 2.716469 0.288076 -4.377792
v 2.716469 0.288076 -4.178802
v 2.716469 0.288076 -3.979811
v 2.716469 0.288076 -3.780820
v 2.716469 0.288076 -3.581830
v 2.716469 0.288076 -3.382839
v 2.716469 0.288076 -3.183849
v 2.716469 0.288076 -2.984858
v 2.716469 0.288076 -2.785868
v 2.716469 0.288076 -2.586877
v 2.716469 0.288076 -2.387887
v 2.716469 0.288076 -2.188896
v 2.716469 0.288076 -1.989906
v 2.716469 0.288076 -1.790915
v 2.716469 0.288076 -1.591925
v 2.716469 0.288076 -1.392934
v 2.716469 0.288076 -1.193944
v 2.716469 0.288076 -0.994953
v 2.716469 0.288076 -0.795962
v 2.716469 0.288076 -0.596972
v 2.716469 0.288076 -0.397981
v 2.716469 0.288076 -0.198991
v 2.636611 0.278094 -6.367700
v 2.636611 0.278094 -6.168709
v 2.636611 0.278094 -5.969718
v 2.636611 0.278094 -5.770728
v 2.636611 0.278094 -5.571737
v 2.636611 0.278094 -5.372746
v 2.636611 0.278094 -5.173755
v 2.636611 0.278094 -4.974765
v 2.636611 0.278094 -4.775774
v 2.636611 0.278094 -4.576783
v 2.636611 0.278094 -4.377792
v 2.636611 0.278094 -4.178802
v 2.636611 0.278094 -3.979811
v 2.636611 0.278094 -3.780820
v 2.636611 0.278094 -3.581830
v 2.636611 0.278094 -3.382839
v 2.636611 0.278094 -3.183849
v 2.636611 0.278094 -2.984858
v 2.636611 0.278094 -2.785868
v 2.636611 0.278094 -2.586877
v 2.636611 0.278094 -2.387887
v 2.636611 0.278094 -2.188896
v 2.636611 0.278094 -1.989906
v 2.636611 0.278094 -1.790915
v 2.636611 0.278094 -1.591925
v 2.636611 0.278094 -1.392934
v 2.636611 0.278094 -1.193944
v 2.636611 0.278094 -0.994953
v 2.636611 0.278094 -0.795962
v 2.636611 0.278094 -0.596972
v 2.636611 0.278094 -0.397981
v 2.636611 0.278094 -0.198991
v 2.926589 0.314341 -6.968538
v 2.926589 0.943024 -6.968538
v 2.926589 0.943024 -6.457751
v 2.428197 0.943024 -6.968538
v 2.716469 0.864229 -6.367700
v 2.218077 0.864229 -6.878487
v 2.716469 0.864229 -6.168709
v 2.716469 0.864229 -5.969718
v 2.716469 0.864229 -5.770728
v 2.716469 0.864229 -5.571737
v 2.716469 0.864229 -5.372746
v 2.716469 0.864229 -5.173755
v 2.716469 0.864229 -4.974765
v 2.716469 0.864229 -4.775774
v 2.716469 0.864229 -4.576783
v 2.716469 0.864229 -4.377792
v 2.716469 0.864229 -4.178802
v 2.716469 0.864229 -3.979811
v 2.716469 0.864229 -3.780820
v 2.716469 0.864229 -3.581830
v 2.716469 0.864229 -3.382839
v 2.716469 0.864229 -3.183849
v 2.716469 0.864229 -2.984858
v 2.716469 0.864229 -2.785868
v 2.716469 0.864229 -2.586877
v 2.716469 0.864229 -2.387887
v 2.716469 0.864229 -2.188896
v 2.716469 0.864229 -1.989906
v 2.716469 0.864229 -1.790915
v 2.716469 0.864229 -1.591925
v 2.716469 0.864229 -1.392934
v 2.716469 0.864229 -1.193944
v 2.716469 0.864229 -0.994953
v 2.716469 0.864229 -0.795962
v 2.716469 0.864229 -0.596972
v 2.716469 0.864229 -0.397981
v 2.716469 0.864229 -0.198991
v 2.636611 0.834282 -6.367700
v 2.636611 0.834282 -6.168709
v 2.636611 0.834282 -5.969718
v 2.636611 0.834282 -5.770728
v 2.636611 0.834282 -5.571737
v 2.636611 0.834282 -5.372746
v 2.636611 0.834282 -5.173755
v 2.636611 0.834282 -4.974765
v 2.636611 0.834282 -4.775774
v 2.636611 0.834282 -4.576783
v 2.636611 0.834282 -4.377792
v 2.636611 0.834282 -4.178802
v 2.636611 0.834282 -3.979811
v 2.636611 0.834282 -3.780820
v 2.636611 0.834282 -3.581830
v 2.636611 0.834282 -3.382839
v 2.636611 0.834282 -3.183849
v 2.636611 0.834282 -2.984858
v 2.636611 0.834282 -2.785868
v 2.636611 0.834282 -2.586877
v 2.636611 0.834282 -2.387887
v 2.636611 0.834282 -2.188896
v 2.636611 0.834282 -1.989906
v 2.636611 0.834282 -1.790915
v 2.636611 0.834282 -1.591925
v 2.636611 0.834282 -1.392934
v 2.636611 0.834282 -1.193944
v 2.636611 0.834282 -0.994953
v 2.636611 0.834282 -0.795962
v 2.636611 0.834282 -0.596972
v 2.636611 0.834282 -0.397981
v 2.636611 0.834282 -0.198991
v 2.926589 1.571707 -6.457751
v 2.428197 1.571707 -6.968538
v 2.716469 1.440382 -6.367700
v 2.218077 1.440382 -6.878487
v 2.716469 1.440382 -6.168709
v 2.716469 1.440382 -5.969718
v 2.716469 1.440382 -5.770728
v 2.716469 1.440382 -5.571737
v 2.716469 1.440382 -5.372746
v 2.716469 1.440382 -5.173755
v 2.716469 1.440382 -4.974765
v 2.716469 1.440382 -4.775774
v 2.716469 1.440382 -4.576783
v 2.716469 1.440382 -4.377792
v 2.716469 1.440382 -4.178802
v 2.716469 1.440382 -3.979811
v 2.716469 1.440382 -3.780820
v 2.716469 1.440382 -3.581830
v 2.716469 1.440382 -3.382839
v 2.716469 1.440382 -3.183849
v 2.716469 1.440382 -2.984858
v 2.716469 1.440382 -2.785868
v 2.716469 1.440382 -2.586877
v 2.716469 1.440382 -2.387887
v 2.716469 1.440382 -2.188896
v 2.716469 1.440382 -1.989906
v 2.716469 1.440382 -1.790915
v 2.716469 1.440382 -1.591925
v 2.716469 1.440382 -1.392934
v 2.716469 1.440382 -1.193944
v 2.716469 1.440382 -0.994953
v 2.716469 1.440382 -0.795962
v 2.716469 1.440382 -0.596972
v 2.716469 1.440382 -0.397981
v 2.716469 1.440382 -0.198991
v 2.636611 1.390471 -6.367700
v 2.636611 1.390471 -6.168709
v 2.636611 1.390471 -5.969718
v 2.636611 1.390471 -5.770728
v 2.636611 1.390471 -5.571737
v 2.636611 1.390471 -5.372746
v 2.636611 1.390471 -5.173755
v 2.636611 1.390471 -4.974765
v 2.636611 1.390471 -4.775774
v 2.636611 1.390471 -4.576783
v 2.636611 1.390471 -4.377792
v 2.636611 1.390471 -4.178802
v 2.636611 1.390471 -3.979811
v 2.636611 1.390471 -3.780820
v 2.636611 1.390471 -3.581830
v 2.636611 1.390471 -3.382839
v 2.636611 1.390471 -3.183849
v 2.636611 1.390471 -2.984858
v 2.636611 1.390471 -2.785868
v 2.636611 1.390471 -2.586877
v 2.636611 1.390471 -2.387887
v 2.636611 1.390471 -2.188896
v 2.636611 1.390471 -1.989906
v 2.636611 1.390471 -1.790915
v 2.636611 1.390471 -1.591925
v 2.636611 1.390471 -1.392934
v 2.636611 1.390471 -1.193944
v 2.636611 1.390471 -0.994953
v 2.636611 1.390471 -0.795962
v 2.636611 1.390471 -0.596972
v 2.636611 1.390471 -0.397981
v 2.636611 1.390471 -0.198991
v 2.926589 1.571707 -6.968538
v 2.926589 2.200389 -6.968538
v 2.926589 2.200389 -6.457751
v 2.428197 2.200389 -6.968538
v 2.716469 2.016534 -6.367700
v 2.218077 2.016534 -6.878487
v 2.716469 2.016534 -6.168709
v 2.716469 2.016534 -5.969718
v 2.716469 2.016534 -5.770728
v 2.716469 2.016534 -5.571737
v 2.716469 2.016534 -5.372746
v 2.716469 2.016534 -5.173755
v 2.716469 2.016534 -4.974765
v 2.716469 2.016534 -4.775774
v 2.716469 2.016534 -4.576783
v 2.716469 2.016534 -4.377792
v 2.716469 2.016534 -4.178802
v 2.716469 2.016534 -3.979811
v 2.716469 2.016534 -3.780820
v 2.716469 2.016534 -3.581830
v 2.716469 2.016534 -3.382839
v 2.716469 2.016534 -3.183849
v 2.716469 2.016534 -2.984858
v 2.716469 2.016534 -2.785868
v 2.716469 2.016534 -2.586877
v 2.716469 2.016534 -2.387887
v 2.716469 2.016534 -2.188896
v 2.716469 2.016534 -1.989906
v 2.716469 2.016534 -1.790915
v 2.716469 2.016534 -1.591925
v 2.716469 2.016534 -1.392934
v 2.716469 2.016534 -1.193944
v 2.716469 2.016534 -0.994953
v 2.716469 2.016534 -0.795962
v 2.716469 2.016534 -0.596972
v 2.716469 2.016534 -0.397981
v 2.716469 2.016534 -0.198991
v 2.636611 1.946659 -6.367700
v 2.636611 1.946659 -6.168709
v 2.636611 1.946659 -5.969718
v 2.636611 1.946659 -5.770728
v 2.636611 1.946659 -5.571737
v 2.636611 1.946659 -5.372746
v 2.636611 1.946659 -5.173755
v 2.636611 1.946659 -4.974765
v 2.636611 1.946659 -4.775774
v 2.636611 1.946659 -4.576783
v 2.636611 1.946659 -4.377792
v 2.636611 1.946659 -4.178802
v 2.636611 1.946659 -3.979811
v 2.636611 1.946659 -3.780820
v 2.636611 1.946659 -3.581830
v 2.636611 1.946659 -3.382839
v 2.636611 1.946659 -3.183849
v 2.636611 1.946659 -2.984858
v 2.636611 1.946659 -2.785868
v 2.636611 1.946659 -2.586877
v 2.636611 1.946659 -2.387887
v 2.636611 1.946659 -2.188896
v 2.636611 1.946659 -1.989906
v 2.636611 1.946659 -1.790915
v 2.636611 1.946659 -1.591925
v 2.636611 1.946659 -1.392934
v 2.636611 1.946659 -1.193944
v 2.636611 1.946659 -0.994953
v 2.636611 1.946659 -0.795962
v 2.636611 1.946659 -0.596972
v 2.636611 1.946659 -0.397981
v 2.636611 1.946659 -0.198991
v 2.218077 0.000000 -6.796751
v 2.218077 0.288076 -6.796751
v 2.218077 1.152305 -6.796751
v 2.218077 2.016534 -6.796751
v 2.218077 1.728458 -6.796751
v 2.218077 0.864229 -6.796751
v -3.000000 -3.000000 -7.000000
v -3.000000 -3.000000 -6.489213
v -2.501608 -3.000000 -7.000000
v -2.501608 -3.000000 -6.489213
v -3.000000 -2.588141 -7.000000
v -3.000000 -2.588141 -6.489213
v -2.501608 -2.588141 -7.000000
v 0.000000 -2.926589 -6.457751
v 0.000000 -2.926589 -6.968538
v 0.000000 -2.514731 -6.968538
v -2.926589 -2.926589 -6.457751
v -2.926589 -2.514731 -6.457751
v -2.428197 -2.926589 -6.457751
v -2.428197 -2.926589 -6.968538
v -2.428197 -2.514731 -6.968538
v -2.926589 -2.514731 -6.968538
v 0.000000 -2.304610 -6.878487
v 0.000000 -2.716469 -6.367700
v -2.716469 -2.304610 -6.367700
v -2.218077 -2.716469 -6.367700
v -2.218077 -2.304610 -6.878487
v -2.926589 -2.926589 -6.255947
v -2.926589 -2.926589 -6.054142
v -2.926589 -2.926589 -5.852337
v -2.926589 -2.926589 -5.650532
v -2.926589 -2.926589 -5.448728
v -2.926589 -2.926589 -5.246922
v -2.926589 -2.926589 -5.045118
v -2.926589 -2.926589 -4.843313
v -2.926589 -2.926589 -4.641509
v -2.926589 -2.926589 -4.439704
v -2.926589 -2.926589 -4.237899
v -2.926589 -2.926589 -4.036095
v -2.926589 -2.926589 -3.834290
v -2.926589 -2.926589 -3.632485
v -2.926589 -2.926589 -3.430680
v -2.926589 -2.926589 -3.228876
v -2.926589 -2.926589 -3.027071
v -2.926589 -2.926589 -2.825266
v -2.926589 -2.926589 -2.623461
v -2.926589 -2.926589 -2.421657
v -2.926589 -2.926589 -2.219852
v -2.926589 -2.926589 -2.018047
v -2.926589 -2.926589 -1.816243
v -2.926589 -2.926589 -1.614438
v -2.926589 -2.926589 -1.412633
v -2.926589 -2.926589 -1.210828
v -2.926589 -2.926589 -1.009024
v -2.926589 -2.926589 -0.807219
v -2.926589 -2.926589 -0.605414
v -2.926589 -2.926589 -0.403609
v -2.926589 -2.926589 -0.201805
v -2.428197 -2.926589 -0.201805
v -2.428197 -2.926589 -0.403609
v -2.428197 -2.926589 -0.605414
v -2.428197 -2.926589 -0.807219
v -2.428197 -2.926589 -1.009024
v -2.428197 -2.926589 -1.210828
v -2.428197 -2.926589 -1.412633
v -2.428197 -2.926589 -1.614438
v -2.428197 -2.926589 -1.816243
v -2.428197 -2.926589 -2.018047
v -2.428197 -2.926589 -2.219852
v -2.428197 -2.926589 -2.421657
v -2.428197 -2.926589 -2.623461
v -2.428197 -2.926589 -2.825266
v -2.428197 -2.926589 -3.027071
v -2.428197 -2.926589 -3.228876
v -2.428197 -2.926589 -3.430680
v -2.428197 -2.926589 -3.632485
v -2.428197 -2.926589 -3.834290
v -2.428197 -2.926589 -4.036095
v -2.428197 -2.926589 -4.237899
v -2.428197 -2.926589 -4.439704
v -2.428197 -2.926589 -4.641509
v -2.428197 -2.926589 -4.843313
v -2.428197 -2.926589 -5.045118
v -2.428197 -2.926589 -5.246923
v -2.428197 -2.926589 -5.448728
v -2.428197 -2.926589 -5.650532
v -2.428197 -2.926589 -5.852337
v -2.428197 -2.926589 -6.054142
v -2.428197 -2.926589 -6.255947
v -2.926589 -2.514731 -6.255947
v -2.926589 -2.514731 -6.054142
v -2.926589 -2.514731 -5.852337
v -2.926589 -2.514731 -5.650532
v -2.926589 -2.514731 -5.448728
v -2.926589 -2.514731 -5.246922
v -2.926589 -2.514731 -5.045118
v -2.926589 -2.514731 -4.843313
v -2.926589 -2.514731 -4.641509
v -2.926589 -2.514731 -4.439704
v -2.926589 -2.514731 -4.237899
v -2.926589 -2.514731 -4.036095
v -2.926589 -2.514731 -3.834290
v -2.926589 -2.514731 -3.632485
v -2.926589 -2.514731 -3.430680
v -2.926589 -2.514731 -3.228876
v -2.926589 -2.514731 -3.027071
v -2.926589 -2.514731 -2.825266
v -2.926589 -2.514731 -2.623461
v -2.926589 -2.514731 -2.421657
v -2.926589 -2.514731 -2.219852
v -2.926589 -2.514731 -2.018047
v -2.926589 -2.514731 -1.816243
v -2.926589 -2.514731 -1.614438
v -2.926589 -2.514731 -1.412633
v -2.926589 -2.514731 -1.210828
v -2.926589 -2.514731 -1.009024
v -2.926589 -2.514731 -0.807219
v -2.926589 -2.514731 -0.605414
v -2.926589 -2.514731 -0.403609
v -2.926589 -2.514731 -0.201805
v 0.000000 -2.716469 -0.198991
v 0.000000 -2.716469 -0.397981
v 0.000000 -2.716469 -0.596972
v 0.000000 -2.716469 -0.795962
v 0.000000 -2.716469 -0.994953
v 0.000000 -2.716469 -1.193944
v 0.000000 -2.716469 -1.392934
v 0.000000 -2.716469 -1.591925
v 0.000000 -2.716469 -1.790915
v 0.000000 -2.716469 -1.989906
v 0.000000 -2.716469 -2.188897
v 0.000000 -2.716469 -2.387887
v 0.000000 -2.716469 -2.586878
v 0.000000 -2.716469 -2.785869
v 0.000000 -2.716469 -2.984859
v 0.000000 -2.716469 -3.183850
v 0.000000 -2.716469 -3.382841
v 0.000000 -2.716469 -3.581831
v 0.000000 -2.716469 -3.780822
v 0.000000 -2.716469 -3.979813
v 0.000000 -2.716469 -4.178803
v 0.000000 -2.716469 -4.377794
v 0.000000 -2.716469 -4.576785
v 0.000000 -2.716469 -4.775775
v 0.000000 -2.716469 -4.974766
v 0.000000 -2.716469 -5.173757
v 0.000000 -2.716469 -5.372747
v 0.000000 -2.716469 -5.571738
v 0.000000 -2.716469 -5.770728
v 0.000000 -2.716469 -5.969718
v 0.000000 -2.716469 -6.168709
v -2.218077 -2.716469 -0.198991
v -2.218077 -2.716469 -0.397981
v -2.218077 -2.716469 -0.596972
v -2.218077 -2.716469 -0.795962
v -2.218077 -2.716469 -0.994953
v -2.218077 -2.716469 -1.193944
v -2.218077 -2.716469 -1.392934
v -2.218077 -2.716469 -1.591925
v -2.218077 -2.716469 -1.790915
v -2.218077 -2.716469 -1.989906
v -2.218077 -2.716469 -2.188897
v -2.218077 -2.716469 -2.387887
v -2.218077 -2.716469 -2.586878
v -2.218077 -2.716469 -2.785869
v -2.218077 -2.716469 -2.984859
v -2.218077 -2.716469 -3.183850
v -2.218077 -2.716469 -3.382841
v -2.218077 -2.716469 -3.581831
v -2.218077 -2.716469 -3.780822
v -2.218077 -2.716469 -3.979813
v -2.218077 -2.716469 -4.178803
v -2.218077 -2.716469 -4.377794
v -2.218077 -2.716469 -4.576785
v -2.218077 -2.716469 -4.775775
v -2.218077 -2.716469 -4.974766
v -2.218077 -2.716469 -5.173757
v -2.218077 -2.716469 -5.372747
v -2.218077 -2.716469 -5.571738
v -2.218077 -2.716469 -5.770728
v -2.218077 -2.716469 -5.969718
v -2.218077 -2.716469 -6.168709
v -2.716469 -2.304610 -6.168709
v -2.716469 -2.304610 -5.969718
v -2.716469 -2.304610 -5.770728
v -2.716469 -2.304610 -5.571737
v -2.716469 -2.304610 -5.372746
v -2.716469 -2.304610 -5.173755
v -2.716469 -2.304610 -4.974765
v -2.716469 -2.304610 -4.775774
v -2.716469 -2.304610 -4.576783
v -2.716469 -2.304610 -4.377792
v -2.716469 -2.304610 -4.178802
v -2.716469 -2.304610 -3.979811
v -2.716469 -2.304610 -3.780820
v -2.716469 -2.304610 -3.581830
v -2.716469 -2.304610 -3.382839
v -2.716469 -2.304610 -3.183849
v -2.716469 -2.304610 -2.984858
v -2.716469 -2.304610 -2.785868
v -2.716469 -2.304610 -2.586877
v -2.716469 -2.304610 -2.387887
v -2.716469 -2.304610 -2.188896
v -2.716469 -2.304610 -1.989906
v -2.716469 -2.304610 -1.790915
v -2.716469 -2.304610 -1.591925
v -2.716469 -2.304610 -1.392934
v -2.716469 -2.304610 -1.193944
v -2.716469 -2.304610 -0.994953
v -2.716469 -2.304610 -0.795962
v -2.716469 -2.304610 -0.596972
v -2.716469 -2.304610 -0.397981
v -2.716469 -2.304610 -0.198991
v 0.000000 -2.636611 -6.168709
v 0.000000 -2.636611 -6.367700
v -2.636611 -2.224753 -6.367700
v -2.138219 -2.636611 -6.367700
v -2.138219 -2.636611 -6.168709
v 0.000000 -2.636611 -0.198991
v 0.000000 -2.636611 -0.397981
v 0.000000 -2.636611 -0.596972
v 0.000000 -2.636611 -0.795962
v 0.000000 -2.636611 -0.994953
v 0.000000 -2.636611 -1.193944
v 0.000000 -2.636611 -1.392934
v 0.000000 -2.636611 -1.591925
v 0.000000 -2.636611 -1.790915
v 0.000000 -2.636611 -1.989906
v 0.000000 -2.636611 -2.188897
v 0.000000 -2.636611 -2.387887
v 0.000000 -2.636611 -2.586878
v 0.000000 -2.636611 -2.785869
v 0.000000 -2.636611 -2.984859
v 0.000000 -2.636611 -3.183850
v 0.000000 -2.636611 -3.382841
v 0.000000 -2.636611 -3.581831
v 0.000000 -2.636611 -3.780822
v 0.000000 -2.636611 -3.979813
v 0.000000 -2.636611 -4.178803
v 0.000000 -2.636611 -4.377794
v 0.000000 -2.636611 -4.576785
v 0.000000 -2.636611 -4.775775
v 0.000000 -2.636611 -4.974766
v 0.000000 -2.636611 -5.173757
v 0.000000 -2.636611 -5.372747
v 0.000000 -2.636611 -5.571738
v 0.000000 -2.636611 -5.770728
v 0.000000 -2.636611 -5.969718
v -2.138219 -2.636611 -0.198991
v -2.138219 -2.636611 -0.397981
v -2.138219 -2.636611 -0.596972
v -2.138219 -2.636611 -0.795962
v -2.138219 -2.636611 -0.994953
v -2.138219 -2.636611 -1.193944
v -2.138219 -2.636611 -1.392934
v -2.138219 -2.636611 -1.591925
v -2.138219 -2.636611 -1.790915
v -2.138219 -2.636611 -1.989906
v -2.138219 -2.636611 -2.188897
v -2.138219 -2.636611 -2.387887
v -2.138219 -2.636611 -2.586878
v -2.138219 -2.636611 -2.785869
v -2.138219 -2.636611 -2.984859
v -2.138219 -2.636611 -3.183850
v -2.138219 -2.636611 -3.382841
v -2.138219 -2.636611 -3.581831
v -2.138219 -2.636611 -3.780822
v -2.138219 -2.636611 -3.979813
v -2.138219 -2.636611 -4.178803
v -2.138219 -2.636611 -4.377794
v -2.138219 -2.636611 -4.576785
v -2.138219 -2.636611 -4.775775
v -2.138219 -2.636611 -4.974766
v -2.138219 -2.636611 -5.173757
v -2.138219 -2.636611 -5.372747
v -2.138219 -2.636611 -5.571738
v -2.138219 -2.636611 -5.770728
v -2.138219 -2.636611 -5.969718
v -2.636611 -2.224753 -6.168709
v -2.636611 -2.224753 -5.969718
v -2.636611 -2.224753 -5.770728
v -2.636611 -2.224753 -5.571737
v -2.636611 -2.224753 -5.372746
v -2.636611 -2.224753 -5.173755
v -2.636611 -2.224753 -4.974765
v -2.636611 -2.224753 -4.775774
v -2.636611 -2.224753 -4.576783
v -2.636611 -2.224753 -4.377792
v -2.636611 -2.224753 -4.178802
v -2.636611 -2.224753 -3.979811
v -2.636611 -2.224753 -3.780820
v -2.636611 -2.224753 -3.581830
v -2.636611 -2.224753 -3.382839
v -2.636611 -2.224753 -3.183849
v -2.636611 -2.224753 -2.984858
v -2.636611 -2.224753 -2.785868
v -2.636611 -2.224753 -2.586877
v -2.636611 -2.224753 -2.387887
v -2.636611 -2.224753 -2.188896
v -2.636611 -2.224753 -1.989906
v -2.636611 -2.224753 -1.790915
v -2.636611 -2.224753 -1.591925
v -2.636611 -2.224753 -1.392934
v -2.636611 -2.224753 -1.193944
v -2.636611 -2.224753 -0.994953
v -2.636611 -2.224753 -0.795962
v -2.636611 -2.224753 -0.596972
v -2.636611 -2.224753 -0.397981
v -2.636611 -2.224753 -0.198991
v -2.926589 -1.257365 -6.457751
v -2.428197 -1.257365 -6.968538
v -2.926589 -1.257365 -6.968538
v 0.000000 -1.152305 -6.878487
v -2.716469 -1.152305 -6.367700
v -2.218077 -1.152305 -6.878487
v -2.716469 -1.152305 -6.168709
v -2.716469 -1.152305 -5.969718
v -2.716469 -1.152305 -5.770728
v -2.716469 -1.152305 -5.571737
v -2.716469 -1.152305 -5.372746
v -2.716469 -1.152305 -5.173755
v -2.716469 -1.152305 -4.974765
v -2.716469 -1.152305 -4.775774
v -2.716469 -1.152305 -4.576783
v -2.716469 -1.152305 -4.377792
v -2.716469 -1.152305 -4.178802
v -2.716469 -1.152305 -3.979811
v -2.716469 -1.152305 -3.780820
v -2.716469 -1.152305 -3.581830
v -2.716469 -1.152305 -3.382839
v -2.716469 -1.152305 -3.183849
v -2.716469 -1.152305 -2.984858
v -2.716469 -1.152305 -2.785868
v -2.716469 -1.152305 -2.586877
v -2.716469 -1.152305 -2.387887
v -2.716469 -1.152305 -2.188896
v -2.716469 -1.152305 -1.989906
v -2.716469 -1.152305 -1.790915
v -2.716469 -1.152305 -1.591925
v -2.716469 -1.152305 -1.392934
v -2.716469 -1.152305 -1.193944
v -2.716469 -1.152305 -0.994953
v -2.716469 -1.152305 -0.795962
v -2.716469 -1.152305 -0.596972
v -2.716469 -1.152305 -0.397981
v -2.716469 -1.152305 -0.198991
v -2.636611 -1.112376 -6.367700
v -2.636611 -1.112376 -6.168709
v -2.636611 -1.112376 -5.969718
v -2.636611 -1.112376 -5.770728
v -2.636611 -1.112376 -5.571737
v -2.636611 -1.112376 -5.372746
v -2.636611 -1.112376 -5.173755
v -2.636611 -1.112376 -4.974765
v -2.636611 -1.112376 -4.775774
v -2.636611 -1.112376 -4.576783
v -2.636611 -1.112376 -4.377792
v -2.636611 -1.112376 -4.178802
v -2.636611 -1.112376 -3.979811
v -2.636611 -1.112376 -3.780820
v -2.636611 -1.112376 -3.581830
v -2.636611 -1.112376 -3.382839
v -2.636611 -1.112376 -3.183849
v -2.636611 -1.112376 -2.984858
v -2.636611 -1.112376 -2.785868
v -2.636611 -1.112376 -2.586877
v -2.636611 -1.112376 -2.387887
v -2.636611 -1.112376 -2.188896
v -2.636611 -1.112376 -1.989906
v -2.636611 -1.112376 -1.790915
v -2.636611 -1.112376 -1.591925
v -2.636611 -1.112376 -1.392934
v -2.636611 -1.112376 -1.193944
v -2.636611 -1.112376 -0.994953
v -2.636611 -1.112376 -0.795962
v -2.636611 -1.112376 -0.596972
v -2.636611 -1.112376 -0.397981
v -2.636611 -1.112376 -0.198991
v -2.926589 -1.886048 -6.968538
v -2.926589 -1.886048 -6.457751
v -2.428197 -1.886048 -6.968538
v 0.000000 -1.728458 -6.878487
v -2.716469 -1.728458 -6.367700
v -2.218077 -1.728458 -6.878487
v -2.716469 -1.728458 -6.168709
v -2.716469 -1.728458 -5.969718
v -2.716469 -1.728458 -5.770728
v -2.716469 -1.728458 -5.571737
v -2.716469 -1.728458 -5.372746
v -2.716469 -1.728458 -5.173755
v -2.716469 -1.728458 -4.974765
v -2.716469 -1.728458 -4.775774
v -2.716469 -1.728458 -4.576783
v -2.716469 -1.728458 -4.377792
v -2.716469 -1.728458 -4.178802
v -2.716469 -1.728458 -3.979811
v -2.716469 -1.728458 -3.780820
v -2.716469 -1.728458 -3.581830
v -2.716469 -1.728458 -3.382839
v -2.716469 -1.728458 -3.183849
v -2.716469 -1.728458 -2.984858
v -2.716469 -1.728458 -2.785868
v -2.716469 -1.728458 -2.586877
v -2.716469 -1.728458 -2.387887
v -2.716469 -1.728458 -2.188896
v -2.716469 -1.728458 -1.989906
v -2.716469 -1.728458 -1.790915
v -2.716469 -1.728458 -1.591925
v -2.716469 -1.728458 -1.392934
v -2.716469 -1.728458 -1.193944
v -2.716469 -1.728458 -0.994953
v -2.716469 -1.728458 -0.795962
v -2.716469 -1.728458 -0.596972
v -2.716469 -1.728458 -0.397981
v -2.716469 -1.728458 -0.198991
v -2.636611 -1.668565 -6.367700
v -2.636611 -1.668565 -6.168709
v -2.636611 -1.668565 -5.969718
v -2.636611 -1.668565 -5.770728
v -2.636611 -1.668565 -5.571737
v -2.636611 -1.668565 -5.372746
v -2.636611 -1.668565 -5.173755
v -2.636611 -1.668565 -4.974765
v -2.636611 -1.668565 -4.775774
v -2.636611 -1.668565 -4.576783
v -2.636611 -1.668565 -4.377792
v -2.636611 -1.668565 -4.178802
v -2.636611 -1.668565 -3.979811
v -2.636611 -1.668565 -3.780820
v -2.636611 -1.668565 -3.581830
v -2.636611 -1.668565 -3.382839
v -2.636611 -1.668565 -3.183849
v -2.636611 -1.668565 -2.984858
v -2.636611 -1.668565 -2.785868
v -2.636611 -1.668565 -2.586877
v -2.636611 -1.668565 -2.387887
v -2.636611 -1.668565 -2.188896
v -2.636611 -1.668565 -1.989906
v -2.636611 -1.668565 -1.790915
v -2.636611 -1.668565 -1.591925
v -2.636611 -1.668565 -1.392934
v -2.636611 -1.668565 -1.193944
v -2.636611 -1.668565 -0.994953
v -2.636611 -1.668565 -0.795962
v -2.636611 -1.668565 -0.596972
v -2.636611 -1.668565 -0.397981
v -2.636611 -1.668565 -0.198991
v -2.926589 -0.628683 -6.457751
v -2.428197 -0.628683 -6.968538
v 0.000000 -0.576153 -6.878487
v -2.716469 -0.576153 -6.367700
v -2.218077 -0.576153 -6.878487
v -2.716469 -0.576153 -6.168709
v -2.716469 -0.576153 -5.969718
v -2.716469 -0.576153 -5.770728
v -2.716469 -0.576153 -5.571737
v -2.716469 -0.576153 -5.372746
v -2.716469 -0.576153 -5.173755
v -2.716469 -0.576153 -4.974765
v -2.716469 -0.576153 -4.775774
v -2.716469 -0.576153 -4.576783
v -2.716469 -0.576153 -4.377792
v -2.716469 -0.576153 -4.178802
v -2.716469 -0.576153 -3.979811
v -2.716469 -0.576153 -3.780820
v -2.716469 -0.576153 -3.581830
v -2.716469 -0.576153 -3.382839
v -2.716469 -0.576153 -3.183849
v -2.716469 -0.576153 -2.984858
v -2.716469 -0.576153 -2.785868
v -2.716469 -0.576153 -2.586877
v -2.716469 -0.576153 -2.387887
v -2.716469 -0.576153 -2.188896
v -2.716469 -0.576153 -1.989906
v -2.716469 -0.576153 -1.790915
v -2.716469 -0.576153 -1.591925
v -2.716469 -0.576153 -1.392934
v -2.716469 -0.576153 -1.193944
v -2.716469 -0.576153 -0.994953
v -2.716469 -0.576153 -0.795962
v -2.716469 -0.576153 -0.596972
v -2.716469 -0.576153 -0.397981
v -2.716469 -0.576153 -0.198991
v -2.636611 -0.556188 -6.367700
v -2.636611 -0.556188 -6.168709
v -2.636611 -0.556188 -5.969718
v -2.636611 -0.556188 -5.770728
v -2.636611 -0.556188 -5.571737
v -2.636611 -0.556188 -5.372746
v -2.636611 -0.556188 -5.173755
v -2.636611 -0.556188 -4.974765
v -2.636611 -0.556188 -4.775774
v -2.636611 -0.556188 -4.576783
v -2.636611 -0.556188 -4.377792
v -2.636611 -0.556188 -4.178802
v -2.636611 -0.556188 -3.979811
v -2.636611 -0.556188 -3.780820
v -2.636611 -0.556188 -3.581830
v -2.636611 -0.556188 -3.382839
v -2.636611 -0.556188 -3.183849
v -2.636611 -0.556188 -2.984858
v -2.636611 -0.556188 -2.785868
v -2.636611 -0.556188 -2.586877
v -2.636611 -0.556188 -2.387887
v -2.636611 -0.556188 -2.188896
v -2.636611 -0.556188 -1.989906
v -2.636611 -0.556188 -1.790915
v -2.636611 -0.556188 -1.591925
v -2.636611 -0.556188 -1.392934
v -2.636611 -0.556188 -1.193944
v -2.636611 -0.556188 -0.994953
v -2.636611 -0.556188 -0.795962
v -2.636611 -0.556188 -0.596972
v -2.636611 -0.556188 -0.397981
v -2.636611 -0.556188 -0.198991
v -2.926589 -0.628683 -6.968538
v -2.926589 -0.314341 -6.457751
v -2.428197 -0.314341 -6.968538
v 0.000000 -0.288076 -6.878487
v -2.716469 -0.288076 -6.367700
v -2.218077 -0.288076 -6.878487
v -2.716469 -0.288076 -6.168709
v -2.716469 -0.288076 -5.969718
v -2.716469 -0.288076 -5.770728
v -2.716469 -0.288076 -5.571737
v -2.716469 -0.288076 -5.372746
v -2.716469 -0.288076 -5.173755
v -2.716469 -0.288076 -4.974765
v -2.716469 -0.288076 -4.775774
v -2.716469 -0.288076 -4.576783
v -2.716469 -0.288076 -4.377792
v -2.716469 -0.288076 -4.178802
v -2.716469 -0.288076 -3.979811
v -2.716469 -0.288076 -3.780820
v -2.716469 -0.288076 -3.581830
v -2.716469 -0.288076 -3.382839
v -2.716469 -0.288076 -3.183849
v -2.716469 -0.288076 -2.984858
v -2.716469 -0.288076 -2.785868
v -2.716469 -0.288076 -2.586877
v -2.716469 -0.288076 -2.387887
v -2.716469 -0.288076 -2.188896
v -2.716469 -0.288076 -1.989906
v -2.716469 -0.288076 -1.790915
v -2.716469 -0.288076 -1.591925
v -2.716469 -0.288076 -1.392934
v -2.716469 -0.288076 -1.193944
v -2.716469 -0.288076 -0.994953
v -2.716469 -0.288076 -0.795962
v -2.716469 -0.288076 -0.596972
v -2.716469 -0.288076 -0.397981
v -2.716469 -0.288076 -0.198991
v -2.636611 -0.278094 -6.367700
v -2.636611 -0.278094 -6.168709
v -2.636611 -0.278094 -5.969718
v -2.636611 -0.278094 -5.770728
v -2.636611 -0.278094 -5.571737
v -2.636611 -0.278094 -5.372746
v -2.636611 -0.278094 -5.173755
v -2.636611 -0.278094 -4.974765
v -2.636611 -0.278094 -4.775774
v -2.636611 -0.278094 -4.576783
v -2.636611 -0.278094 -4.377792
v -2.636611 -0.278094 -4.178802
v -2.636611 -0.278094 -3.979811
v -2.636611 -0.278094 -3.780820
v -2.636611 -0.278094 -3.581830
v -2.636611 -0.278094 -3.382839
v -2.636611 -0.278094 -3.183849
v -2.636611 -0.278094 -2.984858
v -2.636611 -0.278094 -2.785868
v -2.636611 -0.278094 -2.586877
v -2.636611 -0.278094 -2.387887
v -2.636611 -0.278094 -2.188896
v -2.636611 -0.278094 -1.989906
v -2.636611 -0.278094 -1.790915
v -2.636611 -0.278094 -1.591925
v -2.636611 -0.278094 -1.392934
v -2.636611 -0.278094 -1.193944
v -2.636611 -0.278094 -0.994953
v -2.636611 -0.278094 -0.795962
v -2.636611 -0.278094 -0.596972
v -2.636611 -0.278094 -0.397981
v -2.636611 -0.278094 -0.198991
v -2.926589 -0.314341 -6.968538
v -2.926589 -0.943024 -6.968538
v -2.926589 -0.943024 -6.457751
v -2.428197 -0.943024 -6.968538
v 0.000000 -0.864229 -6.878487
v -2.716469 -0.864229 -6.367700
v -2.218077 -0.864229 -6.878487
v -2.716469 -0.864229 -6.168709
v -2.716469 -0.864229 -5.969718
v -2.716469 -0.864229 -5.770728
v -2.716469 -0.864229 -5.571737
v -2.716469 -0.864229 -5.372746
v -2.716469 -0.864229 -5.173755
v -2.716469 -0.864229 -4.974765
v -2.716469 -0.864229 -4.775774
v -2.716469 -0.864229 -4.576783
v -2.716469 -0.864229 -4.377792
v -2.716469 -0.864229 -4.178802
v -2.716469 -0.864229 -3.979811
v -2.716469 -0.864229 -3.780820
v -2.716469 -0.864229 -3.581830
v -2.716469 -0.864229 -3.382839
v -2.716469 -0.864229 -3.183849
v -2.716469 -0.864229 -2.984858
v -2.716469 -0.864229 -2.785868
v -2.716469 -0.864229 -2.586877
v -2.716469 -0.864229 -2.387887
v -2.716469 -0.864229 -2.188896
v -2.716469 -0.864229 -1.989906
v -2.716469 -0.864229 -1.790915
v -2.716469 -0.864229 -1.591925
v -2.716469 -0.864229 -1.392934
v -2.716469 -0.864229 -1.193944
v -2.716469 -0.864229 -0.994953
v -2.716469 -0.864229 -0.795962
v -2.716469 -0.864229 -0.596972
v -2.716469 -0.864229 -0.397981
v -2.716469 -0.864229 -0.198991
v -2.636611 -0.834282 -6.367700
v -2.636611 -0.834282 -6.168709
v -2.636611 -0.834282 -5.969718
v -2.636611 -0.834282 -5.770728
v -2.636611 -0.834282 -5.571737
v -2.636611 -0.834282 -5.372746
v -2.636611 -0.834282 -5.173755
v -2.636611 -0.834282 -4.974765
v -2.636611 -0.834282 -4.775774
v -2.636611 -0.834282 -4.576783
v -2.636611 -0.834282 -4.377792
v -2.636611 -0.834282 -4.178802
v -2.636611 -0.834282 -3.979811
v -2.636611 -0.834282 -3.780820
v -2.636611 -0.834282 -3.581830
v -2.636611 -0.834282 -3.382839
v -2.636611 -0.834282 -3.183849
v -2.636611 -0.834282 -2.984858
v -2.636611 -0.834282 -2.785868
v -2.636611 -0.834282 -2.586877
v -2.636611 -0.834282 -2.387887
v -2.636611 -0.834282 -2.188896
v -2.636611 -0.834282 -1.989906
v -2.636611 -0.834282 -1.790915
v -2.636611 -0.834282 -1.591925
v -2.636611 -0.834282 -1.392934
v -2.636611 -0.834282 -1.193944
v -2.636611 -0.834282 -0.994953
v -2.636611 -0.834282 -0.795962
v -2.636611 -0.834282 -0.596972
v -2.636611 -0.834282 -0.397981
v -2.636611 -0.834282 -0.198991
v -2.926589 -1.571707 -6.457751
v -2.428197 -1.571707 -6.968538
v 0.000000 -1.440382 -6.878487
v -2.716469 -1.440382 -6.367700
v -2.218077 -1.440382 -6.878487
v -2.716469 -1.440382 -6.168709
v -2.716469 -1.440382 -5.969718
v -2.716469 -1.440382 -5.770728
v -2.716469 -1.440382 -5.571737
v -2.716469 -1.440382 -5.372746
v -2.716469 -1.440382 -5.173755
v -2.716469 -1.440382 -4.974765
v -2.716469 -1.440382 -4.775774
v -2.716469 -1.440382 -4.576783
v -2.716469 -1.440382 -4.377792
v -2.716469 -1.440382 -4.178802
v -2.716469 -1.440382 -3.979811
v -2.716469 -1.440382 -3.780820
v -2.716469 -1.440382 -3.581830
v -2.716469 -1.440382 -3.382839
v -2.716469 -1.440382 -3.183849
v -2.716469 -1.440382 -2.984858
v -2.716469 -1.440382 -2.785868
v -2.716469 -1.440382 -2.586877
v -2.716469 -1.440382 -2.387887
v -2.716469 -1.440382 -2.188896
v -2.716469 -1.440382 -1.989906
v -2.716469 -1.440382 -1.790915
v -2.716469 -1.440382 -1.591925
v -2.716469 -1.440382 -1.392934
v -2.716469 -1.440382 -1.193944
v -2.716469 -1.440382 -0.994953
v -2.716469 -1.440382 -0.795962
v -2.716469 -1.440382 -0.596972
v -2.716469 -1.440382 -0.397981
v -2.716469 -1.440382 -0.198991
v -2.636611 -1.390471 -6.367700
v -2.636611 -1.390471 -6.168709
v -2.636611 -1.390471 -5.969718
v -2.636611 -1.390471 -5.770728
v -2.636611 -1.390471 -5.571737
v -2.636611 -1.390471 -5.372746
v -2.636611 -1.390471 -5.173755
v -2.636611 -1.390471 -4.974765
v -2.636611 -1.390471 -4.775774
v -2.636611 -1.390471 -4.576783
v -2.636611 -1.390471 -4.377792
v -2.636611 -1.390471 -4.178802
v -2.636611 -1.390471 -3.979811
v -2.636611 -1.390471 -3.780820
v -2.636611 -1.390471 -3.581830
v -2.636611 -1.390471 -3.382839
v -2.636611 -1.390471 -3.183849
v -2.636611 -1.390471 -2.984858
v -2.636611 -1.390471 -2.785868
v -2.636611 -1.390471 -2.586877
v -2.636611 -1.390471 -2.387887
v -2.636611 -1.390471 -2.188896
v -2.636611 -1.390471 -1.989906
v -2.636611 -1.390471 -1.790915
v -2.636611 -1.390471 -1.591925
v -2.636611 -1.390471 -1.392934
v -2.636611 -1.390471 -1.193944
v -2.636611 -1.390471 -0.994953
v -2.636611 -1.390471 -0.795962
v -2.636611 -1.390471 -0.596972
v -2.636611 -1.390471 -0.397981
v -2.636611 -1.390471 -0.198991
v -2.926589 -1.571707 -6.968538
v -2.926589 -2.200389 -6.968538
v -2.926589 -2.200389 -6.457751
v -2.428197 -2.200389 -6.968538
v 0.000000 -2.016534 -6.878487
v -2.716469 -2.016534 -6.367700
v -2.218077 -2.016534 -6.878487
v -2.716469 -2.016534 -6.168709
v -2.716469 -2.016534 -5.969718
v -2.716469 -2.016534 -5.770728
v -2.716469 -2.016534 -5.571737
v -2.716469 -2.016534 -5.372746
v -2.716469 -2.016534 -5.173755
v -2.716469 -2.016534 -4.974765
v -2.716469 -2.016534 -4.775774
v -2.716469 -2.016534 -4.576783
v -2.716469 -2.016534 -4.377792
v -2.716469 -2.016534 -4.178802
v -2.716469 -2.016534 -3.979811
v -2.716469 -2.016534 -3.780820
v -2.716469 -2.016534 -3.581830
v -2.716469 -2.016534 -3.382839
v -2.716469 -2.016534 -3.183849
v -2.716469 -2.016534 -2.984858
v -2.716469 -2.016534 -2.785868
v -2.716469 -2.016534 -2.586877
v -2.716469 -2.016534 -2.387887
v -2.716469 -2.016534 -2.188896
v -2.716469 -2.016534 -1.989906
v -2.716469 -2.016534 -1.790915
v -2.716469 -2.016534 -1.591925
v -2.716469 -2.016534 -1.392934
v -2.716469 -2.016534 -1.193944
v -2.716469 -2.016534 -0.994953
v -2.716469 -2.016534 -0.795962
v -2.716469 -2.016534 -0.596972
v -2.716469 -2.016534 -0.397981
v -2.716469 -2.016534 -0.198991
v -2.636611 -1.946659 -6.367700
v -2.636611 -1.946659 -6.168709
v -2.636611 -1.946659 -5.969718
v -2.636611 -1.946659 -5.770728
v -2.636611 -1.946659 -5.571737
v -2.636611 -1.946659 -5.372746
v -2.636611 -1.946659 -5.173755
v -2.636611 -1.946659 -4.974765
v -2.636611 -1.946659 -4.775774
v -2.636611 -1.946659 -4.576783
v -2.636611 -1.946659 -4.377792
v -2.636611 -1.946659 -4.178802
v -2.636611 -1.946659 -3.979811
v -2.636611 -1.946659 -3.780820
v -2.636611 -1.946659 -3.581830
v -2.636611 -1.946659 -3.382839
v -2.636611 -1.946659 -3.183849
v -2.636611 -1.946659 -2.984858
v -2.636611 -1.946659 -2.785868
v -2.636611 -1.946659 -2.586877
v -2.636611 -1.946659 -2.387887
v -2.636611 -1.946659 -2.188896
v -2.636611 -1.946659 -1.989906
v -2.636611 -1.946659 -1.790915
v -2.636611 -1.946659 -1.591925
v -2.636611 -1.946659 -1.392934
v -2.636611 -1.946659 -1.193944
v -2.636611 -1.946659 -0.994953
v -2.636611 -1.946659 -0.795962
v -2.636611 -1.946659 -0.596972
v -2.636611 -1.946659 -0.397981
v -2.636611 -1.946659 -0.198991
v 0.000000 -0.288076 -6.796751
v -2.218077 -0.288076 -6.796751
v 0.000000 -1.152305 -6.796751
v -2.218077 -1.152305 -6.796751
v 0.000000 -2.016534 -6.796751
v 0.000000 -1.728458 -6.796751
v -2.218077 -2.016534 -6.796751
v -2.218077 -1.728458 -6.796751
v 0.000000 -0.864229 -6.796751
v -2.218077 -0.864229 -6.796751
v 3.000000 -3.000000 -7.000000
v 3.000000 -3.000000 -6.489213
v 2.501608 -3.000000 -7.000000
v 2.501608 -3.000000 -6.489213
v 3.000000 -2.588141 -7.000000
v 3.000000 -2.588141 -6.489213
v 2.501608 -2.588141 -7.000000
v 2.926589 -2.926589 -6.457751
v 2.926589 -2.514731 -6.457751
v 2.428197 -2.926589 -6.457751
v 2.428197 -2.926589 -6.968538
v 2.428197 -2.514731 -6.968538
v 2.926589 -2.514731 -6.968538
v 2.716469 -2.304610 -6.367700
v 2.218077 -2.716469 -6.367700
v 2.218077 -2.304610 -6.878487
v 2.926589 -2.926589 -6.255947
v 2.926589 -2.926589 -6.054142
v 2.926589 -2.926589 -5.852337
v 2.926589 -2.926589 -5.650532
v 2.926589 -2.926589 -5.448728
v 2.926589 -2.926589 -5.246922
v 2.926589 -2.926589 -5.045118
v 2.926589 -2.926589 -4.843313
v 2.926589 -2.926589 -4.641509
v 2.926589 -2.926589 -4.439704
v 2.926589 -2.926589 -4.237899
v 2.926589 -2.926589 -4.036095
v 2.926589 -2.926589 -3.834290
v 2.926589 -2.926589 -3.632485
v 2.926589 -2.926589 -3.430680
v 2.926589 -2.926589 -3.228876
v 2.926589 -2.926589 -3.027071
v 2.926589 -2.926589 -2.825266
v 2.926589 -2.926589 -2.623461
v 2.926589 -2.926589 -2.421657
v 2.926589 -2.926589 -2.219852
v 2.926589 -2.926589 -2.018047
v 2.926589 -2.926589 -1.816243
v 2.926589 -2.926589 -1.614438
v 2.926589 -2.926589 -1.412633
v 2.926589 -2.926589 -1.210828
v 2.926589 -2.926589 -1.009024
v 2.926589 -2.926589 -0.807219
v 2.926589 -2.926589 -0.605414
v 2.926589 -2.926589 -0.403609
v 2.926589 -2.926589 -0.201805
v 2.428197 -2.926589 -0.201805
v 2.428197 -2.926589 -0.403609
v 2.428197 -2.926589 -0.605414
v 2.428197 -2.926589 -0.807219
v 2.428197 -2.926589 -1.009024
v 2.428197 -2.926589 -1.210828
v 2.428197 -2.926589 -1.412633
v 2.428197 -2.926589 -1.614438
v 2.428197 -2.926589 -1.816243
v 2.428197 -2.926589 -2.018047
v 2.428197 -2.926589 -2.219852
v 2.428197 -2.926589 -2.421657
v 2.428197 -2.926589 -2.623461
v 2.428197 -2.926589 -2.825266
v 2.428197 -2.926589 -3.027071
v 2.428197 -2.926589 -3.228876
v 2.428197 -2.926589 -3.430680
v 2.428197 -2.926589 -3.632485
v 2.428197 -2.926589 -3.834290
v 2.428197 -2.926589 -4.036095
v 2.428197 -2.926589 -4.237899
v 2.428197 -2.926589 -4.439704
v 2.428197 -2.926589 -4.641509
v 2.428197 -2.926589 -4.843313
v 2.428197 -2.926589 -5.045118
v 2.428197 -2.926589 -5.246923
v 2.428197 -2.926589 -5.448728
v 2.428197 -2.926589 -5.650532
v 2.428197 -2.926589 -5.852337
v 2.428197 -2.926589 -6.054142
v 2.428197 -2.926589 -6.255947
v 2.926589 -2.514731 -6.255947
v 2.926589 -2.514731 -6.054142
v 2.926589 -2.514731 -5.852337
v 2.926589 -2.514731 -5.650532
v 2.926589 -2.514731 -5.448728
v 2.926589 -2.514731 -5.246922
v 2.926589 -2.514731 -5.045118
v 2.926589 -2.514731 -4.843313
v 2.926589 -2.514731 -4.641509
v 2.926589 -2.514731 -4.439704
v 2.926589 -2.514731 -4.237899
v 2.926589 -2.514731 -4.036095
v 2.926589 -2.514731 -3.834290
v 2.926589 -2.514731 -3.632485
v 2.926589 -2.514731 -3.430680
v 2.926589 -2.514731 -3.228876
v 2.926589 -2.514731 -3.027071
v 2.926589 -2.514731 -2.825266
v 2.926589 -2.514731 -2.623461
v 2.926589 -2.514731 -2.421657
v 2.926589 -2.514731 -2.219852
v 2.926589 -2.514731 -2.018047
v 2.926589 -2.514731 -1.816243
v 2.926589 -2.514731 -1.614438
v 2.926589 -2.514731 -1.412633
v 2.926589 -2.514731 -1.210828
v 2.926589 -2.514731 -1.009024
v 2.926589 -2.514731 -0.807219
v 2.926589 -2.514731 -0.605414
v 2.926589 -2.514731 -0.403609
v 2.926589 -2.514731 -0.201805
v 2.218077 -2.716469 -0.198991
v 2.218077 -2.716469 -0.397981
v 2.218077 -2.716469 -0.596972
v 2.218077 -2.716469 -0.795962
v 2.218077 -2.716469 -0.994953
v 2.218077 -2.716469 -1.193944
v 2.218077 -2.716469 -1.392934
v 2.218077 -2.716469 -1.591925
v 2.218077 -2.716469 -1.790915
v 2.218077 -2.716469 -1.989906
v 2.218077 -2.716469 -2.188897
v 2.218077 -2.716469 -2.387887
v 2.218077 -2.716469 -2.586878
v 2.218077 -2.716469 -2.785869
v 2.218077 -2.716469 -2.984859
v 2.218077 -2.716469 -3.183850
v 2.218077 -2.716469 -3.382841
v 2.218077 -2.716469 -3.581831
v 2.218077 -2.716469 -3.780822
v 2.218077 -2.716469 -3.979813
v 2.218077 -2.716469 -4.178803
v 2.218077 -2.716469 -4.377794
v 2.218077 -2.716469 -4.576785
v 2.218077 -2.716469 -4.775775
v 2.218077 -2.716469 -4.974766
v 2.218077 -2.716469 -5.173757
v 2.218077 -2.716469 -5.372747
v 2.218077 -2.716469 -5.571738
v 2.218077 -2.716469 -5.770728
v 2.218077 -2.716469 -5.969718
v 2.218077 -2.716469 -6.168709
v 2.716469 -2.304610 -6.168709
v 2.716469 -2.304610 -5.969718
v 2.716469 -2.304610 -5.770728
v 2.716469 -2.304610 -5.571737
v 2.716469 -2.304610 -5.372746
v 2.716469 -2.304610 -5.173755
v 2.716469 -2.304610 -4.974765
v 2.716469 -2.304610 -4.775774
v 2.716469 -2.304610 -4.576783
v 2.716469 -2.304610 -4.377792
v 2.716469 -2.304610 -4.178802
v 2.716469 -2.304610 -3.979811
v 2.716469 -2.304610 -3.780820
v 2.716469 -2.304610 -3.581830
v 2.716469 -2.304610 -3.382839
v 2.716469 -2.304610 -3.183849
v 2.716469 -2.304610 -2.984858
v 2.716469 -2.304610 -2.785868
v 2.716469 -2.304610 -2.586877
v 2.716469 -2.304610 -2.387887
v 2.716469 -2.304610 -2.188896
v 2.716469 -2.304610 -1.989906
v 2.716469 -2.304610 -1.790915
v 2.716469 -2.304610 -1.591925
v 2.716469 -2.304610 -1.392934
v 2.716469 -2.304610 -1.193944
v 2.716469 -2.304610 -0.994953
v 2.716469 -2.304610 -0.795962
v 2.716469 -2.304610 -0.596972
v 2.716469 -2.304610 -0.397981
v 2.716469 -2.304610 -0.198991
v 2.636611 -2.224753 -6.367700
v 2.138219 -2.636611 -6.367700
v 2.138219 -2.636611 -6.168709
v 2.138219 -2.636611 -0.198991
v 2.138219 -2.636611 -0.397981
v 2.138219 -2.636611 -0.596972
v 2.138219 -2.636611 -0.795962
v 2.138219 -2.636611 -0.994953
v 2.138219 -2.636611 -1.193944
v 2.138219 -2.636611 -1.392934
v 2.138219 -2.636611 -1.591925
v 2.138219 -2.636611 -1.790915
v 2.138219 -2.636611 -1.989906
v 2.138219 -2.636611 -2.188897
v 2.138219 -2.636611 -2.387887
v 2.138219 -2.636611 -2.586878
v 2.138219 -2.636611 -2.785869
v 2.138219 -2.636611 -2.984859
v 2.138219 -2.636611 -3.183850
v 2.138219 -2.636611 -3.382841
v 2.138219 -2.636611 -3.581831
v 2.138219 -2.636611 -3.780822
v 2.138219 -2.636611 -3.979813
v 2.138219 -2.636611 -4.178803
v 2.138219 -2.636611 -4.377794
v 2.138219 -2.636611 -4.576785
v 2.138219 -2.636611 -4.775775
v 2.138219 -2.636611 -4.974766
v 2.138219 -2.636611 -5.173757
v 2.138219 -2.636611 -5.372747
v 2.138219 -2.636611 -5.571738
v 2.138219 -2.636611 -5.770728
v 2.138219 -2.636611 -5.969718
v 2.636611 -2.224753 -6.168709
v 2.636611 -2.224753 -5.969718
v 2.636611 -2.224753 -5.770728
v 2.636611 -2.224753 -5.571737
v 2.636611 -2.224753 -5.372746
v 2.636611 -2.224753 -5.173755
v 2.636611 -2.224753 -4.974765
v 2.636611 -2.224753 -4.775774
v 2.636611 -2.224753 -4.576783
v 2.636611 -2.224753 -4.377792
v 2.636611 -2.224753 -4.178802
v 2.636611 -2.224753 -3.979811
v 2.636611 -2.224753 -3.780820
v 2.636611 -2.224753 -3.581830
v 2.636611 -2.224753 -3.382839
v 2.636611 -2.224753 -3.183849
v 2.636611 -2.224753 -2.984858
v 2.636611 -2.224753 -2.785868
v 2.636611 -2.224753 -2.586877
v 2.636611 -2.224753 -2.387887
v 2.636611 -2.224753 -2.188896
v 2.636611 -2.224753 -1.989906
v 2.636611 -2.224753 -1.790915
v 2.636611 -2.224753 -1.591925
v 2.636611 -2.224753 -1.392934
v 2.636611 -2.224753 -1.193944
v 2.636611 -2.224753 -0.994953
v 2.636611 -2.224753 -0.795962
v 2.636611 -2.224753 -0.596972
v 2.636611 -2.224753 -0.397981
v 2.636611 -2.224753 -0.198991
v 2.926589 -1.257365 -6.457751
v 2.428197 -1.257365 -6.968538
v 2.926589 -1.257365 -6.968538
v 2.716469 -1.152305 -6.367700
v 2.218077 -1.152305 -6.878487
v 2.716469 -1.152305 -6.168709
v 2.716469 -1.152305 -5.969718
v 2.716469 -1.152305 -5.770728
v 2.716469 -1.152305 -5.571737
v 2.716469 -1.152305 -5.372746
v 2.716469 -1.152305 -5.173755
v 2.716469 -1.152305 -4.974765
v 2.716469 -1.152305 -4.775774
v 2.716469 -1.152305 -4.576783
v 2.716469 -1.152305 -4.377792
v 2.716469 -1.152305 -4.178802
v 2.716469 -1.152305 -3.979811
v 2.716469 -1.152305 -3.780820
v 2.716469 -1.152305 -3.581830
v 2.716469 -1.152305 -3.382839
v 2.716469 -1.152305 -3.183849
v 2.716469 -1.152305 -2.984858
v 2.716469 -1.152305 -2.785868
v 2.716469 -1.152305 -2.586877
v 2.716469 -1.152305 -2.387887
v 2.716469 -1.152305 -2.188896
v 2.716469 -1.152305 -1.989906
v 2.716469 -1.152305 -1.790915
v 2.716469 -1.152305 -1.591925
v 2.716469 -1.152305 -1.392934
v 2.716469 -1.152305 -1.193944
v 2.716469 -1.152305 -0.994953
v 2.716469 -1.152305 -0.795962
v 2.716469 -1.152305 -0.596972
v 2.716469 -1.152305 -0.397981
v 2.716469 -1.152305 -0.198991
v 2.636611 -1.112376 -6.367700
v 2.636611 -1.112376 -6.168709
v 2.636611 -1.112376 -5.969718
v 2.636611 -1.112376 -5.770728
v 2.636611 -1.112376 -5.571737
v 2.636611 -1.112376 -5.372746
v 2.636611 -1.112376 -5.173755
v 2.636611 -1.112376 -4.974765
v 2.636611 -1.112376 -4.775774
v 2.636611 -1.112376 -4.576783
v 2.636611 -1.112376 -4.377792
v 2.636611 -1.112376 -4.178802
v 2.636611 -1.112376 -3.979811
v 2.636611 -1.112376 -3.780820
v 2.636611 -1.112376 -3.581830
v 2.636611 -1.112376 -3.382839
v 2.636611 -1.112376 -3.183849
v 2.636611 -1.112376 -2.984858
v 2.636611 -1.112376 -2.785868
v 2.636611 -1.112376 -2.586877
v 2.636611 -1.112376 -2.387887
v 2.636611 -1.112376 -2.188896
v 2.636611 -1.112376 -1.989906
v 2.636611 -1.112376 -1.790915
v 2.636611 -1.112376 -1.591925
v 2.636611 -1.112376 -1.392934
v 2.636611 -1.112376 -1.193944
v 2.636611 -1.112376 -0.994953
v 2.636611 -1.112376 -0.795962
v 2.636611 -1.112376 -0.596972
v 2.636611 -1.112376 -0.397981
v 2.636611 -1.112376 -0.198991
v 2.926589 -1.886048 -6.968538
v 2.926589 -1.886048 -6.457751
v 2.428197 -1.886048 -6.968538
v 2.716469 -1.728458 -6.367700
v 2.218077 -1.728458 -6.878487
v 2.716469 -1.728458 -6.168709
v 2.716469 -1.728458 -5.969718
v 2.716469 -1.728458 -5.770728
v 2.716469 -1.728458 -5.571737
v 2.716469 -1.728458 -5.372746
v 2.716469 -1.728458 -5.173755
v 2.716469 -1.728458 -4.974765
v 2.716469 -1.728458 -4.775774
v 2.716469 -1.728458 -4.576783
v 2.716469 -1.728458 -4.377792
v 2.716469 -1.728458 -4.178802
v 2.716469 -1.728458 -3.979811
v 2.716469 -1.728458 -3.780820
v 2.716469 -1.728458 -3.581830
v 2.716469 -1.728458 -3.382839
v 2.716469 -1.728458 -3.183849
v 2.716469 -1.728458 -2.984858
v 2.716469 -1.728458 -2.785868
v 2.716469 -1.728458 -2.586877
v 2.716469 -1.728458 -2.387887
v 2.716469 -1.728458 -2.188896
v 2.716469 -1.728458 -1.989906
v 2.716469 -1.728458 -1.790915
v 2.716469 -1.728458 -1.591925
v 2.716469 -1.728458 -1.392934
v 2.716469 -1.728458 -1.193944
v 2.716469 -1.728458 -0.994953
v 2.716469 -1.728458 -0.795962
v 2.716469 -1.728458 -0.596972
v 2.716469 -1.728458 -0.397981
v 2.716469 -1.728458 -0.198991
v 2.636611 -1.668565 -6.367700
v 2.636611 -1.668565 -6.168709
v 2.636611 -1.668565 -5.969718
v 2.636611 -1.668565 -5.770728
v 2.636611 -1.668565 -5.571737
v 2.636611 -1.668565 -5.372746
v 2.636611 -1.668565 -5.173755
v 2.636611 -1.668565 -4.974765
v 2.636611 -1.668565 -4.775774
v 2.636611 -1.668565 -4.576783
v 2.636611 -1.668565 -4.377792
v 2.636611 -1.668565 -4.178802
v 2.636611 -1.668565 -3.979811
v 2.636611 -1.668565 -3.780820
v 2.636611 -1.668565 -3.581830
v 2.636611 -1.668565 -3.382839
v 2.636611 -1.668565 -3.183849
v 2.636611 -1.668565 -2.984858
v 2.636611 -1.668565 -2.785868
v 2.636611 -1.668565 -2.586877
v 2.636611 -1.668565 -2.387887
v 2.636611 -1.668565 -2.188896
v 2.636611 -1.668565 -1.989906
v 2.636611 -1.668565 -1.790915
v 2.636611 -1.668565 -1.591925
v 2.636611 -1.668565 -1.392934
v 2.636611 -1.668565 -1.193944
v 2.636611 -1.668565 -0.994953
v 2.636611 -1.668565 -0.795962
v 2.636611 -1.668565 -0.596972
v 2.636611 -1.668565 -0.397981
v 2.636611 -1.668565 -0.198991
v 2.926589 -0.628683 -6.457751
v 2.428197 -0.628683 -6.968538
v 2.716469 -0.576153 -6.367700
v 2.218077 -0.576153 -6.878487
v 2.716469 -0.576153 -6.168709
v 2.716469 -0.576153 -5.969718
v 2.716469 -0.576153 -5.770728
v 2.716469 -0.576153 -5.571737
v 2.716469 -0.576153 -5.372746
v 2.716469 -0.576153 -5.173755
v 2.716469 -0.576153 -4.974765
v 2.716469 -0.576153 -4.775774
v 2.716469 -0.576153 -4.576783
v 2.716469 -0.576153 -4.377792
v 2.716469 -0.576153 -4.178802
v 2.716469 -0.576153 -3.979811
v 2.716469 -0.576153 -3.780820
v 2.716469 -0.576153 -3.581830
v 2.716469 -0.576153 -3.382839
v 2.716469 -0.576153 -3.183849
v 2.716469 -0.576153 -2.984858
v 2.716469 -0.576153 -2.785868
v 2.716469 -0.576153 -2.586877
v 2.716469 -0.576153 -2.387887
v 2.716469 -0.576153 -2.188896
v 2.716469 -0.576153 -1.989906
v 2.716469 -0.576153 -1.790915
v 2.716469 -0.576153 -1.591925
v 2.716469 -0.576153 -1.392934
v 2.716469 -0.576153 -1.193944
v 2.716469 -0.576153 -0.994953
v 2.716469 -0.576153 -0.795962
v 2.716469 -0.576153 -0.596972
v 2.716469 -0.576153 -0.397981
v 2.716469 -0.576153 -0.198991
v 2.636611 -0.556188 -6.367700
v 2.636611 -0.556188 -6.168709
v 2.636611 -0.556188 -5.969718
v 2.636611 -0.556188 -5.770728
v 2.636611 -0.556188 -5.571737
v 2.636611 -0.556188 -5.372746
v 2.636611 -0.556188 -5.173755
v 2.636611 -0.556188 -4.974765
v 2.636611 -0.556188 -4.775774
v 2.636611 -0.556188 -4.576783
v 2.636611 -0.556188 -4.377792
v 2.636611 -0.556188 -4.178802
v 2.636611 -0.556188 -3.979811
v 2.636611 -0.556188 -3.780820
v 2.636611 -0.556188 -3.581830
v 2.636611 -0.556188 -3.382839
v 2.636611 -0.556188 -3.183849
v 2.636611 -0.556188 -2.984858
v 2.636611 -0.556188 -2.785868
v 2.636611 -0.556188 -2.586877
v 2.636611 -0.556188 -2.387887
v 2.636611 -0.556188 -2.188896
v 2.636611 -0.556188 -1.989906
v 2.636611 -0.556188 -1.790915
v 2.636611 -0.556188 -1.591925
v 2.636611 -0.556188 -1.392934
v 2.636611 -0.556188 -1.193944
v 2.636611 -0.556188 -0.994953
v 2.636611 -0.556188 -0.795962
v 2.636611 -0.556188 -0.596972
v 2.636611 -0.556188 -0.397981
v 2.636611 -0.556188 -0.198991
v 2.926589 -0.628683 -6.968538
v 2.926589 -0.314341 -6.457751
v 2.428197 -0.314341 -6.968538
v 2.716469 -0.288076 -6.367700
v 2.218077 -0.288076 -6.878487
v 2.716469 -0.288076 -6.168709
v 2.716469 -0.288076 -5.969718
v 2.716469 -0.288076 -5.770728
v 2.716469 -0.288076 -5.571737
v 2.716469 -0.288076 -5.372746
v 2.716469 -0.288076 -5.173755
v 2.716469 -0.288076 -4.974765
v 2.716469 -0.288076 -4.775774
v 2.716469 -0.288076 -4.576783
v 2.716469 -0.288076 -4.377792
v 2.716469 -0.288076 -4.178802
v 2.716469 -0.288076 -3.979811
v 2.716469 -0.288076 -3.780820
v 2.716469 -0.288076 -3.581830
v 2.716469 -0.288076 -3.382839
v 2.716469 -0.288076 -3.183849
v 2.716469 -0.288076 -2.984858
v 2.716469 -0.288076 -2.785868
v 2.716469 -0.288076 -2.586877
v 2.716469 -0.288076 -2.387887
v 2.716469 -0.288076 -2.188896
v 2.716469 -0.288076 -1.989906
v 2.716469 -0.288076 -1.790915
v 2.716469 -0.288076 -1.591925
v 2.716469 -0.288076 -1.392934
v 2.716469 -0.288076 -1.193944
v 2.716469 -0.288076 -0.994953
v 2.716469 -0.288076 -0.795962
v 2.716469 -0.288076 -0.596972
v 2.716469 -0.288076 -0.397981
v 2.716469 -0.288076 -0.198991
v 2.636611 -0.278094 -6.367700
v 2.636611 -0.278094 -6.168709
v 2.636611 -0.278094 -5.969718
v 2.636611 -0.278094 -5.770728
v 2.636611 -0.278094 -5.571737
v 2.636611 -0.278094 -5.372746
v 2.636611 -0.278094 -5.173755
v 2.636611 -0.278094 -4.974765
v 2.636611 -0.278094 -4.775774
v 2.636611 -0.278094 -4.576783
v 2.636611 -0.278094 -4.377792
v 2.636611 -0.278094 -4.178802
v 2.636611 -0.278094 -3.979811
v 2.636611 -0.278094 -3.780820
v 2.636611 -0.278094 -3.581830
v 2.636611 -0.278094 -3.382839
v 2.636611 -0.278094 -3.183849
v 2.636611 -0.278094 -2.984858
v 2.636611 -0.278094 -2.785868
v 2.636611 -0.278094 -2.586877
v 2.636611 -0.278094 -2.387887
v 2.636611 -0.278094 -2.188896
v 2.636611 -0.278094 -1.989906
v 2.636611 -0.278094 -1.790915
v 2.636611 -0.278094 -1.591925
v 2.636611 -0.278094 -1.392934
v 2.636611 -0.278094 -1.193944
v 2.636611 -0.278094 -0.994953
v 2.636611 -0.278094 -0.795962
v 2.636611 -0.278094 -0.596972
v 2.636611 -0.278094 -0.397981
v 2.636611 -0.278094 -0.198991
v 2.926589 -0.314341 -6.968538
v 2.926589 -0.943024 -6.968538
v 2.926589 -0.943024 -6.457751
v 2.428197 -0.943024 -6.968538
v 2.716469 -0.864229 -6.367700
v 2.218077 -0.864229 -6.878487
v 2.716469 -0.864229 -6.168709
v 2.716469 -0.864229 -5.969718
v 2.716469 -0.864229 -5.770728
v 2.716469 -0.864229 -5.571737
v 2.716469 -0.864229 -5.372746
v 2.716469 -0.864229 -5.173755
v 2.716469 -0.864229 -4.974765
v 2.716469 -0.864229 -4.775774
v 2.716469 -0.864229 -4.576783
v 2.716469 -0.864229 -4.377792
v 2.716469 -0.864229 -4.178802
v 2.716469 -0.864229 -3.979811
v 2.716469 -0.864229 -3.780820
v 2.716469 -0.864229 -3.581830
v 2.716469 -0.864229 -3.382839
v 2.716469 -0.864229 -3.183849
v 2.716469 -0.864229 -2.984858
v 2.716469 -0.864229 -2.785868
v 2.716469 -0.864229 -2.586877
v 2.716469 -0.864229 -2.387887
v 2.716469 -0.864229 -2.188896
v 2.716469 -0.864229 -1.989906
v 2.716469 -0.864229 -1.790915
v 2.716469 -0.864229 -1.591925
v 2.716469 -0.864229 -1.392934
v 2.716469 -0.864229 -1.193944
v 2.716469 -0.864229 -0.994953
v 2.716469 -0.864229 -0.795962
v 2.716469 -0.864229 -0.596972
v 2.716469 -0.864229 -0.397981
v 2.716469 -0.864229 -0.198991
v 2.636611 -0.834282 -6.367700
v 2.636611 -0.834282 -6.168709
v 2.636611 -0.834282 -5.969718
v 2.636611 -0.834282 -5.770728
v 2.636611 -0.834282 -5.571737
v 2.636611 -0.834282 -5.372746
v 2.636611 -0.834282 -5.173755
v 2.636611 -0.834282 -4.974765
v 2.636611 -0.834282 -4.775774
v 2.636611 -0.834282 -4.576783
v 2.636611 -0.834282 -4.377792
v 2.636611 -0.834282 -4.178802
v 2.636611 -0.834282 -3.979811
v 2.636611 -0.834282 -3.780820
v 2.636611 -0.834282 -3.581830
v 2.636611 -0.834282 -3.382839
v 2.636611 -0.834282 -3.183849
v 2.636611 -0.834282 -2.984858
v 2.636611 -0.834282 -2.785868
v 2.636611 -0.834282 -2.586877
v 2.636611 -0.834282 -2.387887
v 2.636611 -0.834282 -2.188896
v 2.636611 -0.834282 -1.989906
v 2.636611 -0.834282 -1.790915
v 2.636611 -0.834282 -1.591925
v 2.636611 -0.834282 -1.392934
v 2.636611 -0.834282 -1.193944
v 2.636611 -0.834282 -0.994953
v 2.636611 -0.834282 -0.795962
v 2.636611 -0.834282 -0.596972
v 2.636611 -0.834282 -0.397981
v 2.636611 -0.834282 -0.198991
v 2.926589 -1.571707 -6.457751
v 2.428197 -1.571707 -6.968538
v 2.716469 -1.440382 -6.367700
v 2.218077 -1.440382 -6.878487
v 2.716469 -1.440382 -6.168709
v 2.716469 -1.440382 -5.969718
v 2.716469 -1.440382 -5.770728
v 2.716469 -1.440382 -5.571737
v 2.716469 -1.440382 -5.372746
v 2.716469 -1.440382 -5.173755
v 2.716469 -1.440382 -4.974765
v 2.716469 -1.440382 -4.775774
v 2.716469 -1.440382 -4.576783
v 2.716469 -1.440382 -4.377792
v 2.716469 -1.440382 -4.178802
v 2.716469 -1.440382 -3.979811
v 2.716469 -1.440382 -3.780820
v 2.716469 -1.440382 -3.581830
v 2.716469 -1.440382 -3.382839
v 2.716469 -1.440382 -3.183849
v 2.716469 -1.440382 -2.984858
v 2.716469 -1.440382 -2.785868
v 2.716469 -1.440382 -2.586877
v 2.716469 -1.440382 -2.387887
v 2.716469 -1.440382 -2.188896
v 2.716469 -1.440382 -1.989906
v 2.716469 -1.440382 -1.790915
v 2.716469 -1.440382 -1.591925
v 2.716469 -1.440382 -1.392934
v 2.716469 -1.440382 -1.193944
v 2.716469 -1.440382 -0.994953
v 2.716469 -1.440382 -0.795962
v 2.716469 -1.440382 -0.596972
v 2.716469 -1.440382 -0.397981
v 2.716469 -1.440382 -0.198991
v 2.636611 -1.390471 -6.367700
v 2.636611 -1.390471 -6.168709
v 2.636611 -1.390471 -5.969718
v 2.636611 -1.390471 -5.770728
v 2.636611 -1.390471 -5.571737
v 2.636611 -1.390471 -5.372746
v 2.636611 -1.390471 -5.173755
v 2.636611 -1.390471 -4.974765
v 2.636611 -1.390471 -4.775774
v 2.636611 -1.390471 -4.576783
v 2.636611 -1.390471 -4.377792
v 2.636611 -1.390471 -4.178802
v 2.636611 -1.390471 -3.979811
v 2.636611 -1.390471 -3.780820
v 2.636611 -1.390471 -3.581830
v 2.636611 -1.390471 -3.382839
v 2.636611 -1.390471 -3.183849
v 2.636611 -1.390471 -2.984858
v 2.636611 -1.390471 -2.785868
v 2.636611 -1.390471 -2.586877
v 2.636611 -1.390471 -2.387887
v 2.636611 -1.390471 -2.188896
v 2.636611 -1.390471 -1.989906
v 2.636611 -1.390471 -1.790915
v 2.636611 -1.390471 -1.591925
v 2.636611 -1.390471 -1.392934
v 2.636611 -1.390471 -1.193944
v 2.636611 -1.390471 -0.994953
v 2.636611 -1.390471 -0.795962
v 2.636611 -1.390471 -0.596972
v 2.636611 -1.390471 -0.397981
v 2.636611 -1.390471 -0.198991
v 2.926589 -1.571707 -6.968538
v 2.926589 -2.200389 -6.968538
v 2.926589 -2.200389 -6.457751
v 2.428197 -2.200389 -6.968538
v 2.716469 -2.016534 -6.367700
v 2.218077 -2.016534 -6.878487
v 2.716469 -2.016534 -6.168709
v 2.716469 -2.016534 -5.969718
v 2.716469 -2.016534 -5.770728
v 2.716469 -2.016534 -5.571737
v 2.716469 -2.016534 -5.372746
v 2.716469 -2.016534 -5.173755
v 2.716469 -2.016534 -4.974765
v 2.716469 -2.016534 -4.775774
v 2.716469 -2.016534 -4.576783
v 2.716469 -2.016534 -4.377792
v 2.716469 -2.016534 -4.178802
v 2.716469 -2.016534 -3.979811
v 2.716469 -2.016534 -3.780820
v 2.716469 -2.016534 -3.581830
v 2.716469 -2.016534 -3.382839
v 2.716469 -2.016534 -3.183849
v 2.716469 -2.016534 -2.984858
v 2.716469 -2.016534 -2.785868
v 2.716469 -2.016534 -2.586877
v 2.716469 -2.016534 -2.387887
v 2.716469 -2.016534 -2.188896
v 2.716469 -2.016534 -1.989906
v 2.716469 -2.016534 -1.790915
v 2.716469 -2.016534 -1.591925
v 2.716469 -2.016534 -1.392934
v 2.716469 -2.016534 -1.193944
v 2.716469 -2.016534 -0.994953
v 2.716469 -2.016534 -0.795962
v 2.716469 -2.016534 -0.596972
v 2.716469 -2.016534 -0.397981
v 2.716469 -2.016534 -0.198991
v 2.636611 -1.946659 -6.367700
v 2.636611 -1.946659 -6.168709
v 2.636611 -1.946659 -5.969718
v 2.636611 -1.946659 -5.770728
v 2.636611 -1.946659 -5.571737
v 2.636611 -1.946659 -5.372746
v 2.636611 -1.946659 -5.173755
v 2.636611 -1.946659 -4.974765
v 2.636611 -1.946659 -4.775774
v 2.636611 -1.946659 -4.576783
v 2.636611 -1.946659 -4.377792
v 2.636611 -1.946659 -4.178802
v 2.636611 -1.946659 -3.979811
v 2.636611 -1.946659 -3.780820
v 2.636611 -1.946659 -3.581830
v 2.636611 -1.946659 -3.382839
v 2.636611 -1.946659 -3.183849
v 2.636611 -1.946659 -2.984858
v 2.636611 -1.946659 -2.785868
v 2.636611 -1.946659 -2.586877
v 2.636611 -1.946659 -2.387887
v 2.636611 -1.946659 -2.188896
v 2.636611 -1.946659 -1.989906
v 2.636611 -1.946659 -1.790915
v 2.636611 -1.946659 -1.591925
v 2.636611 -1.946659 -1.392934
v 2.636611 -1.946659 -1.193944
v 2.636611 -1.946659 -0.994953
v 2.636611 -1.946659 -0.795962
v 2.636611 -1.946659 -0.596972
v 2.636611 -1.946659 -0.397981
v 2.636611 -1.946659 -0.198991
v 2.218077 -0.288076 -6.796751
v 2.218077 -1.152305 -6.796751
v 2.218077 -2.016534 -6.796751
v 2.218077 -1.728458 -6.796751
v 2.218077 -0.864229 -6.796751
v -1.500000 -2.750000 6.950000
v -1.500000 2.750000 6.950000
v -1.480491 -2.750000 6.951922
v -1.480491 2.750000 6.951922
v -1.461732 -2.750000 6.957613
v -1.461732 2.750000 6.957613
v -1.444443 -2.750000 6.966853
v -1.444443 2.750000 6.966853
v -1.429289 -2.750000 6.979290
v -1.429289 2.750000 6.979290
v -1.416853 -2.750000 6.994443
v -1.416853 2.750000 6.994443
v -1.407612 -2.750000 7.011732
v -1.407612 2.750000 7.011732
v -1.401922 -2.750000 7.030491
v -1.401922 2.750000 7.030491
v -1.400000 -2.750000 7.050000
v -1.400000 2.750000 7.050000
v -1.401922 -2.750000 7.069510
v -1.401922 2.750000 7.069510
v -1.407612 -2.750000 7.088269
v -1.407612 2.750000 7.088269
v -1.416853 -2.750000 7.105557
v -1.416853 2.750000 7.105557
v -1.429289 -2.750000 7.120711
v -1.429289 2.750000 7.120711
v -1.444443 -2.750000 7.133147
v -1.444443 2.750000 7.133147
v -1.461732 -2.750000 7.142388
v -1.461732 2.750000 7.142388
v -1.480491 -2.750000 7.148079
v -1.480491 2.750000 7.148079
v -1.500000 -2.750000 7.150000
v -1.500000 2.750000 7.150000
v -1.519509 -2.750000 7.148079
v -1.519509 2.750000 7.148079
v -1.538268 -2.750000 7.142388
v -1.538268 2.750000 7.142388
v -1.555557 -2.750000 7.133147
v -1.555557 2.750000 7.133147
v -1.570711 -2.750000 7.120711
v -1.570711 2.750000 7.120711
v -1.583147 -2.750000 7.105557
v -1.583147 2.750000 7.105557
v -1.592388 -2.750000 7.088269
v -1.592388 2.750000 7.088269
v -1.598078 -2.750000 7.069510
v -1.598078 2.750000 7.069510
v -1.600000 -2.750000 7.050000
v -1.600000 2.750000 7.050000
v -1.598078 -2.750000 7.030491
v -1.598078 2.750000 7.030491
v -1.592388 -2.750000 7.011732
v -1.592388 2.750000 7.011732
v -1.583147 -2.750000 6.994443
v -1.583147 2.750000 6.994443
v -1.570711 -2.750000 6.979290
v -1.570711 2.750000 6.979290
v -1.555557 -2.750000 6.966853
v -1.555557 2.750000 6.966853
v -1.538268 -2.750000 6.957613
v -1.538268 2.750000 6.957613
v -1.519509 -2.750000 6.951922
v -1.519509 2.750000 6.951922
v 1.500000 -2.750000 6.950000
v 1.500000 2.750000 6.950000
v 1.519509 -2.750000 6.951922
v 1.519509 2.750000 6.951922
v 1.538268 -2.750000 6.957613
v 1.538268 2.750000 6.957613
v 1.555557 -2.750000 6.966853
v 1.555557 2.750000 6.966853
v 1.570711 -2.750000 6.979290
v 1.570711 2.750000 6.979290
v 1.583147 -2.750000 6.994443
v 1.583147 2.750000 6.994443
v 1.592388 -2.750000 7.011732
v 1.592388 2.750000 7.011732
v 1.598078 -2.750000 7.030491
v 1.598078 2.750000 7.030491
v 1.600000 -2.750000 7.050000
v 1.600000 2.750000 7.050000
v 1.598078 -2.750000 7.069510
v 1.598078 2.750000 7.069510
v 1.592388 -2.750000 7.088269
v 1.592388 2.750000 7.088269
v 1.583147 -2.750000 7.105557
v 1.583147 2.750000 7.105557
v 1.570711 -2.750000 7.120711
v 1.570711 2.750000 7.120711
v 1.555557 -2.750000 7.133147
v 1.555557 2.750000 7.133147
v 1.538268 -2.750000 7.142388
v 1.538268 2.750000 7.142388
v 1.519509 -2.750000 7.148079
v 1.519509 2.750000 7.148079
v 1.500000 -2.750000 7.150000
v 1.500000 2.750000 7.150000
v 1.480491 -2.750000 7.148079
v 1.480491 2.750000 7.148079
v 1.461732 -2.750000 7.142388
v 1.461732 2.750000 7.142388
v 1.444443 -2.750000 7.133147
v 1.444443 2.750000 7.133147
v 1.429289 -2.750000 7.120711
v 1.429289 2.750000 7.120711
v 1.416853 -2.750000 7.105557
v 1.416853 2.750000 7.105557
v 1.407612 -2.750000 7.088269
v 1.407612 2.750000 7.088269
v 1.401922 -2.750000 7.069510
v 1.401922 2.750000 7.069510
v 1.400000 -2.750000 7.050000
v 1.400000 2.750000 7.050000
v 1.401922 -2.750000 7.030491
v 1.401922 2.750000 7.030491
v 1.407612 -2.750000 7.011732
v 1.407612 2.750000 7.011732
v 1.416853 -2.750000 6.994443
v 1.416853 2.750000 6.994443
v 1.429289 -2.750000 6.979290
v 1.429289 2.750000 6.979290
v 1.444443 -2.750000 6.966853
v 1.444443 2.750000 6.966853
v 1.461732 -2.750000 6.957613
v 1.461732 2.750000 6.957613
v 1.480491 -2.750000 6.951922
v 1.480491 2.750000 6.951922
v -0.550000 -2.750000 6.950000
v -0.550000 2.750000 6.950000
v -0.530491 -2.750000 6.951922
v -0.530491 2.750000 6.951922
v -0.511732 -2.750000 6.957613
v -0.511732 2.750000 6.957613
v -0.494443 -2.750000 6.966853
v -0.494443 2.750000 6.966853
v -0.479289 -2.750000 6.979290
v -0.479289 2.750000 6.979290
v -0.466853 -2.750000 6.994443
v -0.466853 2.750000 6.994443
v -0.457612 -2.750000 7.011732
v -0.457612 2.750000 7.011732
v -0.451921 -2.750000 7.030491
v -0.451921 2.750000 7.030491
v -0.450000 -2.750000 7.050000
v -0.450000 2.750000 7.050000
v -0.451921 -2.750000 7.069510
v -0.451921 2.750000 7.069510
v -0.457612 -2.750000 7.088269
v -0.457612 2.750000 7.088269
v -0.466853 -2.750000 7.105557
v -0.466853 2.750000 7.105557
v -0.479289 -2.750000 7.120711
v -0.479289 2.750000 7.120711
v -0.494443 -2.750000 7.133147
v -0.494443 2.750000 7.133147
v -0.511732 -2.750000 7.142388
v -0.511732 2.750000 7.142388
v -0.530491 -2.750000 7.148079
v -0.530491 2.750000 7.148079
v -0.550000 -2.750000 7.150000
v -0.550000 2.750000 7.150000
v -0.569509 -2.750000 7.148079
v -0.569509 2.750000 7.148079
v -0.588268 -2.750000 7.142388
v -0.588268 2.750000 7.142388
v -0.605557 -2.750000 7.133147
v -0.605557 2.750000 7.133147
v -0.620711 -2.750000 7.120711
v -0.620711 2.750000 7.120711
v -0.633147 -2.750000 7.105557
v -0.633147 2.750000 7.105557
v -0.642388 -2.750000 7.088269
v -0.642388 2.750000 7.088269
v -0.648079 -2.750000 7.069510
v -0.648079 2.750000 7.069510
v -0.650000 -2.750000 7.050000
v -0.650000 2.750000 7.050000
v -0.648079 -2.750000 7.030491
v -0.648079 2.750000 7.030491
v -0.642388 -2.750000 7.011732
v -0.642388 2.750000 7.011732
v -0.633147 -2.750000 6.994443
v -0.633147 2.750000 6.994443
v -0.620711 -2.750000 6.979290
v -0.620711 2.750000 6.979290
v -0.605557 -2.750000 6.966853
v -0.605557 2.750000 6.966853
v -0.588268 -2.750000 6.957613
v -0.588268 2.750000 6.957613
v -0.569509 -2.750000 6.951922
v -0.569509 2.750000 6.951922
v 0.550000 -2.750000 6.950000
v 0.550000 2.750000 6.950000
v 0.569509 -2.750000 6.951922
v 0.569509 2.750000 6.951922
v 0.588268 -2.750000 6.957613
v 0.588268 2.750000 6.957613
v 0.605557 -2.750000 6.966853
v 0.605557 2.750000 6.966853
v 0.620711 -2.750000 6.979290
v 0.620711 2.750000 6.979290
v 0.633147 -2.750000 6.994443
v 0.633147 2.750000 6.994443
v 0.642388 -2.750000 7.011732
v 0.642388 2.750000 7.011732
v 0.648079 -2.750000 7.030491
v 0.648079 2.750000 7.030491
v 0.650000 -2.750000 7.050000
v 0.650000 2.750000 7.050000
v 0.648079 -2.750000 7.069510
v 0.648079 2.750000 7.069510
v 0.642388 -2.750000 7.088269
v 0.642388 2.750000 7.088269
v 0.633147 -2.750000 7.105557
v 0.633147 2.750000 7.105557
v 0.620711 -2.750000 7.120711
v 0.620711 2.750000 7.120711
v 0.605557 -2.750000 7.133147
v 0.605557 2.750000 7.133147
v 0.588268 -2.750000 7.142388
v 0.588268 2.750000 7.142388
v 0.569509 -2.750000 7.148079
v 0.569509 2.750000 7.148079
v 0.550000 -2.750000 7.150000
v 0.550000 2.750000 7.150000
v 0.530491 -2.750000 7.148079
v 0.530491 2.750000 7.148079
v 0.511732 -2.750000 7.142388
v 0.511732 2.750000 7.142388
v 0.494443 -2.750000 7.133147
v 0.494443 2.750000 7.133147
v 0.479289 -2.750000 7.120711
v 0.479289 2.750000 7.120711
v 0.466853 -2.750000 7.105557
v 0.466853 2.750000 7.105557
v 0.457612 -2.750000 7.088269
v 0.457612 2.750000 7.088269
v 0.451921 -2.750000 7.069510
v 0.451921 2.750000 7.069510
v 0.450000 -2.750000 7.050000
v 0.450000 2.750000 7.050000
v 0.451921 -2.750000 7.030491
v 0.451921 2.750000 7.030491
v 0.457612 -2.750000 7.011732
v 0.457612 2.750000 7.011732
v 0.466853 -2.750000 6.994443
v 0.466853 2.750000 6.994443
v 0.479289 -2.750000 6.979290
v 0.479289 2.750000 6.979290
v 0.494443 -2.750000 6.966853
v 0.494443 2.750000 6.966853
v 0.511732 -2.750000 6.957613
v 0.511732 2.750000 6.957613
v 0.530491 -2.750000 6.951922
v 0.530491 2.750000 6.951922
v 0.550000 -2.750000 -7.150000
v 0.550000 2.750000 -7.150000
v 0.569509 -2.750000 -7.148079
v 0.569509 2.750000 -7.148079
v 0.588268 -2.750000 -7.142388
v 0.588268 2.750000 -7.142388
v 0.605557 -2.750000 -7.133147
v 0.605557 2.750000 -7.133147
v 0.620711 -2.750000 -7.120711
v 0.620711 2.750000 -7.120711
v 0.633147 -2.750000 -7.105557
v 0.633147 2.750000 -7.105557
v 0.642388 -2.750000 -7.088269
v 0.642388 2.750000 -7.088269
v 0.648079 -2.750000 -7.069510
v 0.648079 2.750000 -7.069510
v 0.650000 -2.750000 -7.050000
v 0.650000 2.750000 -7.050000
v 0.648079 -2.750000 -7.030491
v 0.648079 2.750000 -7.030491
v 0.642388 -2.750000 -7.011732
v 0.642388 2.750000 -7.011732
v 0.633147 -2.750000 -6.994443
v 0.633147 2.750000 -6.994443
v 0.620711 -2.750000 -6.979290
v 0.620711 2.750000 -6.979290
v 0.605557 -2.750000 -6.966853
v 0.605557 2.750000 -6.966853
v 0.588268 -2.750000 -6.957613
v 0.588268 2.750000 -6.957613
v 0.569509 -2.750000 -6.951922
v 0.569509 2.750000 -6.951922
v 0.550000 -2.750000 -6.950000
v 0.550000 2.750000 -6.950000
v 0.530491 -2.750000 -6.951922
v 0.530491 2.750000 -6.951922
v 0.511732 -2.750000 -6.957613
v 0.511732 2.750000 -6.957613
v 0.494443 -2.750000 -6.966853
v 0.494443 2.750000 -6.966853
v 0.479289 -2.750000 -6.979290
v 0.479289 2.750000 -6.979290
v 0.466853 -2.750000 -6.994443
v 0.466853 2.750000 -6.994443
v 0.457612 -2.750000 -7.011732
v 0.457612 2.750000 -7.011732
v 0.451921 -2.750000 -7.030491
v 0.451921 2.750000 -7.030491
v 0.450000 -2.750000 -7.050000
v 0.450000 2.750000 -7.050000
v 0.451921 -2.750000 -7.069510
v 0.451921 2.750000 -7.069510
v 0.457612 -2.750000 -7.088269
v 0.457612 2.750000 -7.088269
v 0.466853 -2.750000 -7.105557
v 0.466853 2.750000 -7.105557
v 0.479289 -2.750000 -7.120711
v 0.479289 2.750000 -7.120711
v 0.494443 -2.750000 -7.133147
v 0.494443 2.750000 -7.133147
v 0.511732 -2.750000 -7.142388
v 0.511732 2.750000 -7.142388
v 0.530491 -2.750000 -7.148079
v 0.530491 2.750000 -7.148079
v -0.550000 -2.750000 -7.150000
v -0.550000 2.750000 -7.150000
v -0.530491 -2.750000 -7.148079
v -0.530491 2.750000 -7.148079
v -0.511732 -2.750000 -7.142388
v -0.511732 2.750000 -7.142388
v -0.494443 -2.750000 -7.133147
v -0.494443 2.750000 -7.133147
v -0.479289 -2.750000 -7.120711
v -0.479289 2.750000 -7.120711
v -0.466853 -2.750000 -7.105557
v -0.466853 2.750000 -7.105557
v -0.457612 -2.750000 -7.088269
v -0.457612 2.750000 -7.088269
v -0.451921 -2.750000 -7.069510
v -0.451921 2.750000 -7.069510
v -0.450000 -2.750000 -7.050000
v -0.450000 2.750000 -7.050000
v -0.451921 -2.750000 -7.030491
v -0.451921 2.750000 -7.030491
v -0.457612 -2.750000 -7.011732
v -0.457612 2.750000 -7.011732
v -0.466853 -2.750000 -6.994443
v -0.466853 2.750000 -6.994443
v -0.479289 -2.750000 -6.979290
v -0.479289 2.750000 -6.979290
v -0.494443 -2.750000 -6.966853
v -0.494443 2.750000 -6.966853
v -0.511732 -2.750000 -6.957613
v -0.511732 2.750000 -6.957613
v -0.530491 -2.750000 -6.951922
v -0.530491 2.750000 -6.951922
v -0.550000 -2.750000 -6.950000
v -0.550000 2.750000 -6.950000
v -0.569509 -2.750000 -6.951922
v -0.569509 2.750000 -6.951922
v -0.588268 -2.750000 -6.957613
v -0.588268 2.750000 -6.957613
v -0.605557 -2.750000 -6.966853
v -0.605557 2.750000 -6.966853
v -0.620711 -2.750000 -6.979290
v -0.620711 2.750000 -6.979290
v -0.633147 -2.750000 -6.994443
v -0.633147 2.750000 -6.994443
v -0.642388 -2.750000 -7.011732
v -0.642388 2.750000 -7.011732
v -0.648079 -2.750000 -7.030491
v -0.648079 2.750000 -7.030491
v -0.650000 -2.750000 -7.050000
v -0.650000 2.750000 -7.050000
v -0.648079 -2.750000 -7.069510
v -0.648079 2.750000 -7.069510
v -0.642388 -2.750000 -7.088269
v -0.642388 2.750000 -7.088269
v -0.633147 -2.750000 -7.105557
v -0.633147 2.750000 -7.105557
v -0.620711 -2.750000 -7.120711
v -0.620711 2.750000 -7.120711
v -0.605557 -2.750000 -7.133147
v -0.605557 2.750000 -7.133147
v -0.588268 -2.750000 -7.142388
v -0.588268 2.750000 -7.142388
v -0.569509 -2.750000 -7.148079
v -0.569509 2.750000 -7.148079
v 1.500000 -2.750000 -7.150000
v 1.500000 2.750000 -7.150000
v 1.519509 -2.750000 -7.148079
v 1.519509 2.750000 -7.148079
v 1.538268 -2.750000 -7.142388
v 1.538268 2.750000 -7.142388
v 1.555557 -2.750000 -7.133147
v 1.555557 2.750000 -7.133147
v 1.570711 -2.750000 -7.120711
v 1.570711 2.750000 -7.120711
v 1.583147 -2.750000 -7.105557
v 1.583147 2.750000 -7.105557
v 1.592388 -2.750000 -7.088269
v 1.592388 2.750000 -7.088269
v 1.598078 -2.750000 -7.069510
v 1.598078 2.750000 -7.069510
v 1.600000 -2.750000 -7.050000
v 1.600000 2.750000 -7.050000
v 1.598078 -2.750000 -7.030491
v 1.598078 2.750000 -7.030491
v 1.592388 -2.750000 -7.011732
v 1.592388 2.750000 -7.011732
v 1.583147 -2.750000 -6.994443
v 1.583147 2.750000 -6.994443
v 1.570711 -2.750000 -6.979290
v 1.570711 2.750000 -6.979290
v 1.555557 -2.750000 -6.966853
v 1.555557 2.750000 -6.966853
v 1.538268 -2.750000 -6.957613
v 1.538268 2.750000 -6.957613
v 1.519509 -2.750000 -6.951922
v 1.519509 2.750000 -6.951922
v 1.500000 -2.750000 -6.950000
v 1.500000 2.750000 -6.950000
v 1.480491 -2.750000 -6.951922
v 1.480491 2.750000 -6.951922
v 1.461732 -2.750000 -6.957613
v 1.461732 2.750000 -6.957613
v 1.444443 -2.750000 -6.966853
v 1.444443 2.750000 -6.966853
v 1.429289 -2.750000 -6.979290
v 1.429289 2.750000 -6.979290
v 1.416853 -2.750000 -6.994443
v 1.416853 2.750000 -6.994443
v 1.407612 -2.750000 -7.011732
v 1.407612 2.750000 -7.011732
v 1.401922 -2.750000 -7.030491
v 1.401922 2.750000 -7.030491
v 1.400000 -2.750000 -7.050000
v 1.400000 2.750000 -7.050000
v 1.401922 -2.750000 -7.069510
v 1.401922 2.750000 -7.069510
v 1.407612 -2.750000 -7.088269
v 1.407612 2.750000 -7.088269
v 1.416853 -2.750000 -7.105557
v 1.416853 2.750000 -7.105557
v 1.429289 -2.750000 -7.120711
v 1.429289 2.750000 -7.120711
v 1.444443 -2.750000 -7.133147
v 1.444443 2.750000 -7.133147
v 1.461732 -2.750000 -7.142388
v 1.461732 2.750000 -7.142388
v 1.480491 -2.750000 -7.148079
v 1.480491 2.750000 -7.148079
v -1.500000 -2.750000 -7.150000
v -1.500000 2.750000 -7.150000
v -1.480491 -2.750000 -7.148079
v -1.480491 2.750000 -7.148079
v -1.461732 -2.750000 -7.142388
v -1.461732 2.750000 -7.142388
v -1.444443 -2.750000 -7.133147
v -1.444443 2.750000 -7.133147
v -1.429289 -2.750000 -7.120711
v -1.429289 2.750000 -7.120711
v -1.416853 -2.750000 -7.105557
v -1.416853 2.750000 -7.105557
v -1.407612 -2.750000 -7.088269
v -1.407612 2.750000 -7.088269
v -1.401922 -2.750000 -7.069510
v -1.401922 2.750000 -7.069510
v -1.400000 -2.750000 -7.050000
v -1.400000 2.750000 -7.050000
v -1.401922 -2.750000 -7.030491
v -1.401922 2.750000 -7.030491
v -1.407612 -2.750000 -7.011732
v -1.407612 2.750000 -7.011732
v -1.416853 -2.750000 -6.994443
v -1.416853 2.750000 -6.994443
v -1.429289 -2.750000 -6.979290
v -1.429289 2.750000 -6.979290
v -1.444443 -2.750000 -6.966853
v -1.444443 2.750000 -6.966853
v -1.461732 -2.750000 -6.957613
v -1.461732 2.750000 -6.957613
v -1.480491 -2.750000 -6.951922
v -1.480491 2.750000 -6.951922
v -1.500000 -2.750000 -6.950000
v -1.500000 2.750000 -6.950000
v -1.519509 -2.750000 -6.951922
v -1.519509 2.750000 -6.951922
v -1.538268 -2.750000 -6.957613
v -1.538268 2.750000 -6.957613
v -1.555557 -2.750000 -6.966853
v -1.555557 2.750000 -6.966853
v -1.570711 -2.750000 -6.979290
v -1.570711 2.750000 -6.979290
v -1.583147 -2.750000 -6.994443
v -1.583147 2.750000 -6.994443
v -1.592388 -2.750000 -7.011732
v -1.592388 2.750000 -7.011732
v -1.598078 -2.750000 -7.030491
v -1.598078 2.750000 -7.030491
v -1.600000 -2.750000 -7.050000
v -1.600000 2.750000 -7.050000
v -1.598078 -2.750000 -7.069510
v -1.598078 2.750000 -7.069510
v -1.592388 -2.750000 -7.088269
v -1.592388 2.750000 -7.088269
v -1.583147 -2.750000 -7.105557
v -1.583147 2.750000 -7.105557
v -1.570711 -2.750000 -7.120711
v -1.570711 2.750000 -7.120711
v -1.555557 -2.750000 -7.133147
v -1.555557 2.750000 -7.133147
v -1.538268 -2.750000 -7.142388
v -1.538268 2.750000 -7.142388
v -1.519509 -2.750000 -7.148079
v -1.519509 2.750000 -7.148079
vn -0.0000 -0.0000 1.0000
vn -0.0000 1.0000 -0.0000
vn -1.0000 -0.0000 -0.0000
vn 0.7071 0.7071 -0.0000
vn 0.3939 -0.0000 0.9191
vn -0.0000 0.3939 -0.9191
vn -0.3939 -0.0000 -0.9191
vn -0.0000 -0.3939 0.9191
vn -0.7071 -0.7071 -0.0000
vn -0.0000 -0.0000 -1.0000
vn 1.0000 -0.0000 -0.0000
vn -0.0000 -1.0000 -0.0000
vn -0.7071 0.7071 -0.0000
vn -0.3939 -0.0000 0.9191
vn 0.3939 -0.0000 -0.9191
vn 0.7071 -0.7071 -0.0000
vn -0.0000 -0.3939 -0.9191
vn -0.0000 0.3939 0.9191
vn 0.0980 -0.0000 -0.9952
vn 0.2903 -0.0000 -0.9569
vn 0.4714 -0.0000 -0.8819
vn 0.6344 -0.0000 -0.7730
vn 0.7730 -0.0000 -0.6344
vn 0.8819 -0.0000 -0.4714
vn 0.9569 -0.0000 -0.2903
vn 0.9952 -0.0000 -0.0980
vn 0.9952 -0.0000 0.0980
vn 0.9569 -0.0000 0.2903
vn 0.8819 -0.0000 0.4714
vn 0.7730 -0.0000 0.6344
vn 0.6344 -0.0000 0.7730
vn 0.4714 -0.0000 0.8819
vn 0.2903 -0.0000 0.9569
vn 0.0980 -0.0000 0.9952
vn -0.0980 -0.0000 0.9952
vn -0.2903 -0.0000 0.9569
vn -0.4714 -0.0000 0.8819
vn -0.6344 -0.0000 0.7730
vn -0.7730 -0.0000 0.6344
vn -0.8819 -0.0000 0.4714
vn -0.9569 -0.0000 0.2903
vn -0.9952 -0.0000 0.0980
vn -0.9952 -0.0000 -0.0980
vn -0.9569 -0.0000 -0.2903
vn -0.8819 -0.0000 -0.4714
vn -0.7730 -0.0000 -0.6344
vn -0.6344 -0.0000 -0.7730
vn -0.4714 -0.0000 -0.8819
vn -0.2903 -0.0000 -0.9569
vn -0.0980 -0.0000 -0.9952
vt 0.975430 0.149459
vt 0.969645 0.156459
vt 0.969645 0.149459
vt 0.972355 0.028157
vt 0.975430 0.035157
vt 0.972355 0.035157
vt 0.975430 0.157406
vt 0.969645 0.160480
vt 0.969645 0.157406
vt 0.975430 0.160480
vt 0.975430 0.198321
vt 0.969645 0.199541
vt 0.969645 0.198321
vt 0.971134 0.028157
vt 0.971134 0.035157
vt 0.975430 0.070293
vt 0.972355 0.070293
vt 0.975430 0.114323
vt 0.969645 0.114323
vt 0.933294 0.149459
vt 0.937838 0.149459
vt 0.965101 0.160480
vt 0.965101 0.157406
vt 0.965101 0.156459
vt 0.965101 0.149459
vt 0.933294 0.195879
vt 0.937838 0.195879
vt 0.965101 0.149459
vt 0.965101 0.114323
vt 0.965101 0.199541
vt 0.965101 0.198321
vt 0.971134 0.035157
vt 0.965101 0.160480
vt 0.933294 0.035157
vt 0.934515 0.035157
vt 0.934515 0.035157
vt 0.935735 0.035157
vt 0.936956 0.035157
vt 0.936956 0.035157
vt 0.938177 0.035157
vt 0.938177 0.035157
vt 0.939397 0.035157
vt 0.939397 0.035157
vt 0.940618 0.035157
vt 0.940618 0.035157
vt 0.941839 0.035157
vt 0.941839 0.035157
vt 0.943059 0.035157
vt 0.943059 0.035157
vt 0.944280 0.035157
vt 0.944280 0.035157
vt 0.945501 0.035157
vt 0.945501 0.035157
vt 0.946721 0.035157
vt 0.946721 0.035157
vt 0.947942 0.035157
vt 0.947942 0.035157
vt 0.949163 0.035157
vt 0.950383 0.035157
vt 0.950383 0.035157
vt 0.951604 0.035157
vt 0.951604 0.035157
vt 0.952825 0.035157
vt 0.952825 0.035157
vt 0.954045 0.035157
vt 0.954045 0.035157
vt 0.955266 0.035157
vt 0.956486 0.035157
vt 0.956487 0.035157
vt 0.957707 0.035157
vt 0.957707 0.035157
vt 0.958928 0.035157
vt 0.958928 0.035157
vt 0.960148 0.035157
vt 0.961369 0.035157
vt 0.962590 0.035157
vt 0.963810 0.035157
vt 0.963810 0.035157
vt 0.965031 0.035157
vt 0.965031 0.035157
vt 0.966252 0.035157
vt 0.966252 0.035158
vt 0.967472 0.035157
vt 0.967472 0.035157
vt 0.968693 0.035157
vt 0.968693 0.035157
vt 0.969914 0.035157
vt 0.969914 0.035158
vt 0.965101 0.194659
vt 0.969645 0.194659
vt 0.969645 0.161701
vt 0.965101 0.162922
vt 0.965101 0.161701
vt 0.969645 0.164142
vt 0.965101 0.165363
vt 0.965101 0.164142
vt 0.933294 0.193438
vt 0.937838 0.193438
vt 0.969645 0.166584
vt 0.965101 0.167804
vt 0.965101 0.166584
vt 0.965101 0.192217
vt 0.969645 0.192217
vt 0.969645 0.169025
vt 0.965101 0.170246
vt 0.965101 0.169025
vt 0.969645 0.171466
vt 0.965101 0.172687
vt 0.965101 0.171466
vt 0.933294 0.190997
vt 0.937838 0.190997
vt 0.937838 0.190997
vt 0.969645 0.173908
vt 0.965101 0.175128
vt 0.965101 0.173908
vt 0.965101 0.189776
vt 0.969645 0.189776
vt 0.969645 0.176349
vt 0.965101 0.177569
vt 0.965101 0.176349
vt 0.969645 0.178790
vt 0.965101 0.180011
vt 0.965101 0.178790
vt 0.933294 0.188555
vt 0.937838 0.188555
vt 0.969645 0.181231
vt 0.965101 0.182452
vt 0.965101 0.181231
vt 0.965101 0.187335
vt 0.969645 0.187335
vt 0.969645 0.183673
vt 0.965101 0.184893
vt 0.965101 0.183673
vt 0.969645 0.186114
vt 0.965101 0.186114
vt 0.933294 0.186114
vt 0.937838 0.186114
vt 0.969645 0.188555
vt 0.965101 0.188555
vt 0.969645 0.197100
vt 0.969645 0.190997
vt 0.965101 0.190997
vt 0.969645 0.184893
vt 0.969645 0.193438
vt 0.965101 0.193438
vt 0.969645 0.195879
vt 0.965101 0.197100
vt 0.965101 0.195879
vt 0.933294 0.183673
vt 0.937838 0.183673
vt 0.937838 0.183673
vt 0.934515 0.070293
vt 0.933294 0.070293
vt 0.936956 0.070293
vt 0.935735 0.070293
vt 0.969645 0.182452
vt 0.965101 0.182452
vt 0.939397 0.070293
vt 0.938177 0.070293
vt 0.941839 0.070293
vt 0.940618 0.070293
vt 0.933294 0.181231
vt 0.937838 0.181231
vt 0.944280 0.070293
vt 0.943059 0.070293
vt 0.946721 0.070293
vt 0.945501 0.070293
vt 0.969645 0.180011
vt 0.949163 0.070293
vt 0.947942 0.070293
vt 0.951604 0.070293
vt 0.950383 0.070293
vt 0.933294 0.178790
vt 0.937838 0.178790
vt 0.954045 0.070293
vt 0.952825 0.070293
vt 0.956487 0.070293
vt 0.955266 0.070293
vt 0.969645 0.177569
vt 0.958928 0.070293
vt 0.957707 0.070293
vt 0.961369 0.070293
vt 0.960148 0.070293
vt 0.933294 0.176349
vt 0.937838 0.176349
vt 0.963810 0.070293
vt 0.962590 0.070293
vt 0.966252 0.070293
vt 0.965031 0.070293
vt 0.969645 0.175128
vt 0.965101 0.175128
vt 0.968693 0.070293
vt 0.967472 0.070293
vt 0.971134 0.070293
vt 0.969914 0.070293
vt 0.969645 0.162922
vt 0.969645 0.164142
vt 0.969645 0.165363
vt 0.969645 0.166584
vt 0.969645 0.165363
vt 0.969645 0.167804
vt 0.969645 0.167804
vt 0.969645 0.170246
vt 0.969645 0.170246
vt 0.969645 0.172687
vt 0.969645 0.182452
vt 0.969645 0.190997
vt 0.969645 0.192217
vt 0.969645 0.193438
vt 0.969645 0.195879
vt 0.933294 0.028157
vt 0.934515 0.028157
vt 0.935735 0.028157
vt 0.936956 0.028157
vt 0.938177 0.028157
vt 0.939397 0.028157
vt 0.940618 0.028157
vt 0.941839 0.028157
vt 0.943059 0.028157
vt 0.944280 0.028157
vt 0.945501 0.028157
vt 0.946721 0.028157
vt 0.947942 0.028157
vt 0.949163 0.028157
vt 0.950383 0.028157
vt 0.951604 0.028157
vt 0.952825 0.028157
vt 0.954045 0.028157
vt 0.955266 0.028157
vt 0.956486 0.028157
vt 0.957707 0.028157
vt 0.958928 0.028157
vt 0.960148 0.028157
vt 0.961369 0.028157
vt 0.962590 0.028157
vt 0.965031 0.028157
vt 0.966252 0.028157
vt 0.967472 0.028157
vt 0.968693 0.028157
vt 0.969914 0.028157
vt 0.975430 0.161701
vt 0.975430 0.162922
vt 0.975430 0.164142
vt 0.975430 0.165363
vt 0.975430 0.166584
vt 0.975430 0.167804
vt 0.975430 0.169025
vt 0.975430 0.170246
vt 0.975430 0.171466
vt 0.975430 0.172687
vt 0.975430 0.173908
vt 0.975430 0.175128
vt 0.975430 0.176349
vt 0.975430 0.177569
vt 0.975430 0.178790
vt 0.975430 0.180011
vt 0.975430 0.181231
vt 0.975430 0.182452
vt 0.975430 0.183673
vt 0.975430 0.184893
vt 0.975430 0.186114
vt 0.975430 0.187335
vt 0.975430 0.188555
vt 0.975430 0.189776
vt 0.975430 0.190997
vt 0.975430 0.192217
vt 0.975430 0.193438
vt 0.975430 0.194659
vt 0.975430 0.195879
vt 0.975430 0.197100
vt 0.965101 0.172687
vt 0.965101 0.190997
vt 0.965101 0.193438
vt 0.933294 0.198321
vt 0.937838 0.198321
vt 0.933294 0.161701
vt 0.937838 0.161701
vt 0.933294 0.164142
vt 0.937838 0.164142
vt 0.933294 0.166584
vt 0.937838 0.166584
vt 0.933294 0.169025
vt 0.937838 0.169025
vt 0.933294 0.171466
vt 0.937838 0.171466
vt 0.933294 0.173908
vt 0.937838 0.173908
vt 0.951470 0.173908
vt 0.956013 0.173908
vt 0.946926 0.172687
vt 0.951470 0.172687
vt 0.951470 0.171466
vt 0.956013 0.171466
vt 0.946926 0.170246
vt 0.951470 0.170246
vt 0.946926 0.170246
vt 0.951470 0.169025
vt 0.956013 0.169025
vt 0.946926 0.167804
vt 0.951470 0.167804
vt 0.946926 0.167804
vt 0.951470 0.166584
vt 0.956013 0.166584
vt 0.946926 0.165363
vt 0.951470 0.165363
vt 0.946926 0.165363
vt 0.951470 0.164142
vt 0.956013 0.164142
vt 0.946926 0.162922
vt 0.951470 0.162922
vt 0.946926 0.162922
vt 0.951470 0.161701
vt 0.956013 0.161701
vt 0.946926 0.160480
vt 0.951470 0.160480
vt 0.946926 0.160480
vt 0.951470 0.198321
vt 0.956013 0.198321
vt 0.946926 0.197100
vt 0.951470 0.197100
vt 0.946926 0.197100
vt 0.946926 0.198321
vt 0.951470 0.194659
vt 0.946926 0.195879
vt 0.946926 0.194659
vt 0.951470 0.192217
vt 0.946926 0.193438
vt 0.946926 0.192217
vt 0.951470 0.189776
vt 0.946926 0.190997
vt 0.946926 0.189776
vt 0.951470 0.187335
vt 0.946926 0.188555
vt 0.946926 0.187335
vt 0.951470 0.184893
vt 0.946926 0.186114
vt 0.946926 0.184893
vt 0.951470 0.182452
vt 0.946926 0.183673
vt 0.946926 0.182452
vt 0.951470 0.180011
vt 0.946926 0.181231
vt 0.946926 0.180011
vt 0.951470 0.177569
vt 0.946926 0.178790
vt 0.946926 0.177569
vt 0.951470 0.175128
vt 0.946926 0.176349
vt 0.946926 0.175128
vt 0.946926 0.173908
vt 0.946926 0.171466
vt 0.946926 0.169025
vt 0.946926 0.166584
vt 0.946926 0.164142
vt 0.946926 0.161701
vt 0.946926 0.175128
vt 0.951470 0.176349
vt 0.956013 0.176349
vt 0.946926 0.177569
vt 0.951470 0.178790
vt 0.956013 0.178790
vt 0.946926 0.180011
vt 0.951470 0.181231
vt 0.956013 0.181231
vt 0.951470 0.183673
vt 0.956013 0.183673
vt 0.951470 0.195879
vt 0.951470 0.193438
vt 0.946926 0.193438
vt 0.946926 0.184893
vt 0.951470 0.190997
vt 0.946926 0.192217
vt 0.946926 0.190997
vt 0.951470 0.188555
vt 0.946926 0.189776
vt 0.951470 0.186114
vt 0.956013 0.186114
vt 0.946926 0.187335
vt 0.946926 0.186114
vt 0.946926 0.183673
vt 0.946926 0.181231
vt 0.956013 0.188555
vt 0.946926 0.178790
vt 0.946926 0.176349
vt 0.946926 0.173908
vt 0.956013 0.190997
vt 0.946926 0.171466
vt 0.956013 0.193438
vt 0.946926 0.199541
vt 0.956013 0.195879
vt 0.951470 0.149459
vt 0.946926 0.156459
vt 0.946926 0.149459
vt 0.951470 0.157406
vt 0.946926 0.157406
vt 0.956013 0.149459
vt 0.956013 0.149459
vt 0.960557 0.149459
vt 0.960557 0.195879
vt 0.960557 0.193438
vt 0.960557 0.190997
vt 0.960557 0.188555
vt 0.960557 0.186114
vt 0.960557 0.183673
vt 0.960557 0.181231
vt 0.960557 0.178790
vt 0.960557 0.176349
vt 0.960557 0.198321
vt 0.960557 0.161701
vt 0.960557 0.164142
vt 0.960557 0.166584
vt 0.960557 0.169025
vt 0.960557 0.171466
vt 0.960557 0.173908
vt 0.956013 0.172687
vt 0.960557 0.172687
vt 0.956013 0.170246
vt 0.960557 0.170246
vt 0.956013 0.167804
vt 0.960557 0.167804
vt 0.956013 0.165363
vt 0.960557 0.165363
vt 0.956013 0.162922
vt 0.960557 0.162922
vt 0.956013 0.160480
vt 0.960557 0.160480
vt 0.956013 0.197100
vt 0.960557 0.197100
vt 0.960557 0.194659
vt 0.956013 0.194659
vt 0.960557 0.192217
vt 0.956013 0.192217
vt 0.960557 0.189776
vt 0.956013 0.189776
vt 0.960557 0.187335
vt 0.956013 0.187335
vt 0.960557 0.184893
vt 0.956013 0.184893
vt 0.960557 0.182452
vt 0.956013 0.182452
vt 0.960557 0.180011
vt 0.956013 0.180011
vt 0.960557 0.177569
vt 0.956013 0.177569
vt 0.960557 0.175128
vt 0.956013 0.175128
vt 0.956013 0.199541
vt 0.960557 0.114323
vt 0.956013 0.114323
vt 0.956013 0.156459
vt 0.960557 0.157406
vt 0.956013 0.157406
vt 0.942382 0.157406
vt 0.937838 0.160480
vt 0.937838 0.157406
vt 0.942382 0.149459
vt 0.937838 0.156459
vt 0.942382 0.114323
vt 0.937838 0.114323
vt 0.942382 0.198321
vt 0.937838 0.199541
vt 0.942382 0.160480
vt 0.937838 0.194659
vt 0.942382 0.194659
vt 0.937838 0.194659
vt 0.942382 0.161701
vt 0.937838 0.162922
vt 0.942382 0.164142
vt 0.937838 0.165363
vt 0.942382 0.166584
vt 0.937838 0.167804
vt 0.937838 0.192217
vt 0.942382 0.192217
vt 0.937838 0.192217
vt 0.942382 0.169025
vt 0.937838 0.170246
vt 0.942382 0.171466
vt 0.937838 0.172687
vt 0.942382 0.173908
vt 0.937838 0.175128
vt 0.937838 0.189776
vt 0.942382 0.189776
vt 0.937838 0.189776
vt 0.942382 0.176349
vt 0.937838 0.177569
vt 0.942382 0.178790
vt 0.937838 0.180011
vt 0.942382 0.181231
vt 0.937838 0.182452
vt 0.937838 0.187335
vt 0.942382 0.187335
vt 0.937838 0.187335
vt 0.942382 0.183673
vt 0.937838 0.184893
vt 0.942382 0.186114
vt 0.942382 0.188555
vt 0.942382 0.190997
vt 0.942382 0.184893
vt 0.937838 0.184893
vt 0.942382 0.193438
vt 0.942382 0.195879
vt 0.937838 0.197100
vt 0.942382 0.182452
vt 0.937838 0.182452
vt 0.942382 0.180011
vt 0.937838 0.180011
vt 0.942382 0.177569
vt 0.937838 0.177569
vt 0.942382 0.175128
vt 0.937838 0.175128
vt 0.942382 0.162922
vt 0.942382 0.165363
vt 0.942382 0.167804
vt 0.942382 0.170246
vt 0.942382 0.172687
vt 0.937838 0.172687
vt 0.942382 0.197100
vt 0.946926 0.149459
vt 0.933294 0.172687
vt 0.933294 0.170246
vt 0.933294 0.167804
vt 0.933294 0.165363
vt 0.933294 0.162922
vt 0.933294 0.160480
vt 0.933294 0.197100
vt 0.933294 0.194659
vt 0.933294 0.192217
vt 0.933294 0.189776
vt 0.933294 0.187335
vt 0.933294 0.184893
vt 0.933294 0.182452
vt 0.933294 0.180011
vt 0.933294 0.177569
vt 0.933294 0.175128
vt 0.933294 0.199541
vt 0.951470 0.149459
vt 0.951470 0.114323
vt 0.933294 0.156459
vt 0.933294 0.157406
vt 0.942382 0.149459
vt 0.951470 0.178790
vt 0.942382 0.156459
vt 0.946926 0.114323
vt 0.942382 0.199541
vt 0.951470 0.156459
vt 0.951470 0.199541
vt 0.960557 0.149459
vt 0.960557 0.182452
vt 0.960557 0.199541
vt 0.960557 0.156459
vt 0.933294 0.114323
vt 0.969645 0.203563
vt 0.975430 0.200488
vt 0.969645 0.200488
vt 0.975430 0.203563
vt 0.969645 0.242624
vt 0.975430 0.241403
vt 0.969645 0.241403
vt 0.965101 0.203563
vt 0.965101 0.200488
vt 0.937838 0.238962
vt 0.933294 0.238962
vt 0.965101 0.242624
vt 0.965101 0.241403
vt 0.965101 0.237741
vt 0.969645 0.237741
vt 0.965101 0.206004
vt 0.969645 0.204784
vt 0.965101 0.204784
vt 0.965101 0.208446
vt 0.969645 0.207225
vt 0.965101 0.207225
vt 0.937838 0.236521
vt 0.933294 0.236521
vt 0.965101 0.210887
vt 0.969645 0.209666
vt 0.965101 0.209666
vt 0.965101 0.235300
vt 0.969645 0.235300
vt 0.965101 0.213328
vt 0.969645 0.212108
vt 0.965101 0.212108
vt 0.965101 0.215770
vt 0.969645 0.214549
vt 0.965101 0.214549
vt 0.937838 0.234079
vt 0.933294 0.234079
vt 0.937838 0.234079
vt 0.965101 0.218211
vt 0.969645 0.216990
vt 0.965101 0.216990
vt 0.965101 0.232859
vt 0.969645 0.232859
vt 0.965101 0.220652
vt 0.969645 0.219432
vt 0.965101 0.219432
vt 0.965101 0.223094
vt 0.969645 0.221873
vt 0.965101 0.221873
vt 0.937838 0.231638
vt 0.933294 0.231638
vt 0.965101 0.225535
vt 0.969645 0.224314
vt 0.965101 0.224314
vt 0.965101 0.230417
vt 0.969645 0.230417
vt 0.965101 0.227976
vt 0.969645 0.226755
vt 0.965101 0.226755
vt 0.969645 0.229197
vt 0.965101 0.229197
vt 0.937838 0.229197
vt 0.933294 0.229197
vt 0.969645 0.231638
vt 0.965101 0.231638
vt 0.969645 0.240183
vt 0.969645 0.234079
vt 0.965101 0.234079
vt 0.969645 0.227976
vt 0.969645 0.236521
vt 0.965101 0.236521
vt 0.965101 0.240183
vt 0.969645 0.238962
vt 0.965101 0.238962
vt 0.937838 0.226755
vt 0.933294 0.226755
vt 0.937838 0.226756
vt 0.969645 0.225535
vt 0.937838 0.224314
vt 0.933294 0.224314
vt 0.969645 0.223094
vt 0.937838 0.221873
vt 0.933294 0.221873
vt 0.969645 0.220652
vt 0.937838 0.219432
vt 0.933294 0.219432
vt 0.969645 0.218211
vt 0.969645 0.206004
vt 0.969645 0.207225
vt 0.969645 0.208446
vt 0.969645 0.208446
vt 0.969645 0.209666
vt 0.969645 0.210887
vt 0.969645 0.210887
vt 0.969645 0.213328
vt 0.969645 0.213328
vt 0.969645 0.215770
vt 0.969645 0.225535
vt 0.969645 0.234079
vt 0.969645 0.235300
vt 0.969645 0.236521
vt 0.969645 0.238962
vt 0.963810 0.028157
vt 0.975430 0.204784
vt 0.975430 0.206004
vt 0.975430 0.207225
vt 0.975430 0.208446
vt 0.975430 0.209666
vt 0.975430 0.210887
vt 0.975430 0.212108
vt 0.975430 0.213328
vt 0.975430 0.214549
vt 0.975430 0.215770
vt 0.975430 0.216990
vt 0.975430 0.218211
vt 0.975430 0.219432
vt 0.975430 0.220652
vt 0.975430 0.221873
vt 0.975430 0.223094
vt 0.975430 0.224314
vt 0.975430 0.225535
vt 0.975430 0.226755
vt 0.975430 0.227976
vt 0.975430 0.229197
vt 0.975430 0.230417
vt 0.975430 0.231638
vt 0.975430 0.232859
vt 0.975430 0.234079
vt 0.975430 0.235300
vt 0.975430 0.236521
vt 0.975430 0.237741
vt 0.975430 0.238962
vt 0.975430 0.240183
vt 0.965101 0.203563
vt 0.965101 0.215770
vt 0.965101 0.218211
vt 0.965101 0.225535
vt 0.965101 0.234079
vt 0.965101 0.236521
vt 0.937838 0.241403
vt 0.933294 0.241403
vt 0.937838 0.204784
vt 0.933294 0.204784
vt 0.937838 0.207225
vt 0.933294 0.207225
vt 0.937838 0.209666
vt 0.933294 0.209666
vt 0.937838 0.212108
vt 0.933294 0.212108
vt 0.937838 0.214549
vt 0.933294 0.214549
vt 0.937838 0.216990
vt 0.933294 0.216990
vt 0.956013 0.216990
vt 0.951470 0.216990
vt 0.946926 0.215770
vt 0.951470 0.215770
vt 0.956013 0.214549
vt 0.951470 0.214549
vt 0.946926 0.213328
vt 0.951470 0.213328
vt 0.956013 0.212108
vt 0.951470 0.212108
vt 0.946926 0.210887
vt 0.951470 0.210887
vt 0.956013 0.209666
vt 0.951470 0.209666
vt 0.946926 0.208446
vt 0.951470 0.208446
vt 0.956013 0.207225
vt 0.951470 0.207225
vt 0.946926 0.206004
vt 0.951470 0.206004
vt 0.956013 0.204784
vt 0.951470 0.204784
vt 0.946926 0.203563
vt 0.951470 0.203563
vt 0.956013 0.241403
vt 0.951470 0.241403
vt 0.946926 0.240183
vt 0.951470 0.240183
vt 0.946926 0.241403
vt 0.946926 0.240183
vt 0.946926 0.238962
vt 0.951470 0.237741
vt 0.946926 0.237741
vt 0.946926 0.236521
vt 0.951470 0.235300
vt 0.946926 0.235300
vt 0.946926 0.234079
vt 0.951470 0.232859
vt 0.946926 0.232859
vt 0.946926 0.231638
vt 0.951470 0.230417
vt 0.946926 0.230417
vt 0.946926 0.229197
vt 0.951470 0.227976
vt 0.946926 0.227976
vt 0.946926 0.226755
vt 0.951470 0.225535
vt 0.946926 0.225535
vt 0.946926 0.224314
vt 0.951470 0.223094
vt 0.946926 0.223094
vt 0.946926 0.221873
vt 0.951470 0.220652
vt 0.946926 0.220652
vt 0.946926 0.219432
vt 0.951470 0.218211
vt 0.946926 0.218211
vt 0.946926 0.216990
vt 0.946926 0.214549
vt 0.946926 0.213328
vt 0.946926 0.212108
vt 0.946926 0.210887
vt 0.946926 0.209666
vt 0.946926 0.208446
vt 0.946926 0.207225
vt 0.946926 0.206004
vt 0.946926 0.204784
vt 0.946926 0.203563
vt 0.946926 0.218211
vt 0.956013 0.219432
vt 0.951470 0.219432
vt 0.946926 0.220652
vt 0.956013 0.221873
vt 0.951470 0.221873
vt 0.946926 0.223094
vt 0.956013 0.224314
vt 0.951470 0.224314
vt 0.956013 0.226755
vt 0.951470 0.226755
vt 0.951470 0.238962
vt 0.951470 0.236521
vt 0.946926 0.236521
vt 0.946926 0.227976
vt 0.946926 0.235300
vt 0.951470 0.234079
vt 0.946926 0.234079
vt 0.946926 0.232859
vt 0.951470 0.231638
vt 0.956013 0.229197
vt 0.951470 0.229197
vt 0.946926 0.230417
vt 0.946926 0.229197
vt 0.946926 0.226755
vt 0.946926 0.224314
vt 0.956013 0.231638
vt 0.946926 0.221873
vt 0.946926 0.219432
vt 0.946926 0.216990
vt 0.956013 0.234079
vt 0.946926 0.214549
vt 0.956013 0.236521
vt 0.946926 0.242624
vt 0.956013 0.238962
vt 0.951470 0.200488
vt 0.946926 0.200488
vt 0.960557 0.238962
vt 0.960557 0.236521
vt 0.960557 0.234079
vt 0.960557 0.231638
vt 0.960557 0.229197
vt 0.960557 0.226755
vt 0.960557 0.224314
vt 0.960557 0.221873
vt 0.960557 0.219432
vt 0.960557 0.241403
vt 0.960557 0.204784
vt 0.960557 0.207225
vt 0.960557 0.209666
vt 0.960557 0.212108
vt 0.960557 0.214549
vt 0.960557 0.216990
vt 0.956013 0.215770
vt 0.960557 0.215770
vt 0.956013 0.213328
vt 0.960557 0.213328
vt 0.956013 0.210887
vt 0.960557 0.210887
vt 0.956013 0.208446
vt 0.960557 0.208446
vt 0.956013 0.206004
vt 0.960557 0.206004
vt 0.956013 0.203563
vt 0.960557 0.203563
vt 0.956013 0.240183
vt 0.960557 0.240183
vt 0.960557 0.237741
vt 0.956013 0.237741
vt 0.960557 0.235300
vt 0.956013 0.235300
vt 0.960557 0.232859
vt 0.956013 0.232859
vt 0.960557 0.230417
vt 0.956013 0.230417
vt 0.960557 0.227976
vt 0.956013 0.227976
vt 0.960557 0.225535
vt 0.956013 0.225535
vt 0.960557 0.223094
vt 0.956013 0.223094
vt 0.960557 0.220652
vt 0.956013 0.220652
vt 0.960557 0.218211
vt 0.956013 0.218211
vt 0.960557 0.225535
vt 0.956013 0.242624
vt 0.960557 0.200488
vt 0.956013 0.200488
vt 0.937838 0.203563
vt 0.942382 0.200488
vt 0.937838 0.200488
vt 0.937838 0.242624
vt 0.942382 0.241403
vt 0.942382 0.203563
vt 0.937838 0.237741
vt 0.942382 0.237741
vt 0.937838 0.206004
vt 0.942382 0.204784
vt 0.937838 0.208446
vt 0.942382 0.207225
vt 0.937838 0.210887
vt 0.942382 0.209666
vt 0.937838 0.235300
vt 0.942382 0.235300
vt 0.937838 0.213328
vt 0.942382 0.212108
vt 0.937838 0.215770
vt 0.942382 0.214549
vt 0.937838 0.218211
vt 0.942382 0.216990
vt 0.937838 0.232859
vt 0.942382 0.232859
vt 0.937838 0.220652
vt 0.942382 0.219432
vt 0.937838 0.223094
vt 0.942382 0.221873
vt 0.937838 0.225535
vt 0.942382 0.224314
vt 0.937838 0.230417
vt 0.942382 0.230417
vt 0.937838 0.227976
vt 0.942382 0.226755
vt 0.942382 0.229197
vt 0.942382 0.231638
vt 0.942382 0.234079
vt 0.942382 0.227976
vt 0.942382 0.236521
vt 0.937838 0.240183
vt 0.942382 0.238962
vt 0.942382 0.225535
vt 0.942382 0.223094
vt 0.942382 0.220652
vt 0.942382 0.218211
vt 0.942382 0.206004
vt 0.942382 0.208446
vt 0.942382 0.210887
vt 0.942382 0.213328
vt 0.942382 0.215770
vt 0.937838 0.215770
vt 0.937838 0.218211
vt 0.937838 0.220652
vt 0.937838 0.223094
vt 0.937838 0.225535
vt 0.937838 0.227976
vt 0.937838 0.230417
vt 0.937838 0.232859
vt 0.937838 0.235300
vt 0.937838 0.237741
vt 0.942382 0.240183
vt 0.933294 0.215770
vt 0.933294 0.213328
vt 0.933294 0.210887
vt 0.933294 0.208446
vt 0.933294 0.206004
vt 0.933294 0.203563
vt 0.933294 0.240183
vt 0.933294 0.237741
vt 0.933294 0.235300
vt 0.933294 0.232859
vt 0.933294 0.230417
vt 0.933294 0.227976
vt 0.933294 0.225535
vt 0.933294 0.223094
vt 0.933294 0.220652
vt 0.933294 0.218211
vt 0.933294 0.242624
vt 0.933294 0.200488
vt 0.951470 0.221873
vt 0.942382 0.242624
vt 0.951470 0.242624
vt 0.960557 0.242624
vt 0.975430 0.078240
vt 0.972355 0.071240
vt 0.972355 0.078240
vt 0.971134 0.071240
vt 0.971134 0.078240
vt 0.975430 0.113376
vt 0.972355 0.113376
vt 0.933294 0.078240
vt 0.934515 0.078240
vt 0.934515 0.078240
vt 0.935735 0.078240
vt 0.936956 0.078240
vt 0.936956 0.078240
vt 0.938177 0.078240
vt 0.938177 0.078240
vt 0.939397 0.078240
vt 0.939397 0.078240
vt 0.940618 0.078240
vt 0.940618 0.078240
vt 0.941839 0.078240
vt 0.941839 0.078240
vt 0.943059 0.078240
vt 0.943059 0.078240
vt 0.944280 0.078240
vt 0.944280 0.078240
vt 0.945501 0.078240
vt 0.945501 0.078240
vt 0.946721 0.078240
vt 0.946721 0.078240
vt 0.947942 0.078240
vt 0.947942 0.078240
vt 0.949163 0.078240
vt 0.950383 0.078240
vt 0.950383 0.078240
vt 0.951604 0.078240
vt 0.951604 0.078240
vt 0.952825 0.078240
vt 0.952825 0.078240
vt 0.954045 0.078240
vt 0.954045 0.078240
vt 0.955266 0.078240
vt 0.956486 0.078240
vt 0.956487 0.078240
vt 0.957707 0.078240
vt 0.957707 0.078240
vt 0.958928 0.078240
vt 0.958928 0.078240
vt 0.960148 0.078240
vt 0.961369 0.078240
vt 0.962590 0.078240
vt 0.963810 0.078240
vt 0.963810 0.078240
vt 0.965031 0.078240
vt 0.965031 0.078240
vt 0.966252 0.078240
vt 0.966252 0.078240
vt 0.967472 0.078240
vt 0.967472 0.078240
vt 0.968693 0.078240
vt 0.968693 0.078240
vt 0.969914 0.078240
vt 0.969914 0.078240
vt 0.971134 0.078240
vt 0.934515 0.113376
vt 0.933294 0.113376
vt 0.936956 0.113376
vt 0.935735 0.113376
vt 0.939397 0.113376
vt 0.938177 0.113376
vt 0.941839 0.113376
vt 0.940618 0.113376
vt 0.944280 0.113376
vt 0.943059 0.113376
vt 0.946721 0.113376
vt 0.945501 0.113376
vt 0.949163 0.113376
vt 0.947942 0.113376
vt 0.951604 0.113376
vt 0.950383 0.113376
vt 0.954045 0.113376
vt 0.952825 0.113376
vt 0.956487 0.113376
vt 0.955266 0.113376
vt 0.958928 0.113376
vt 0.957707 0.113376
vt 0.961369 0.113376
vt 0.960148 0.113376
vt 0.963810 0.113376
vt 0.962590 0.113376
vt 0.966252 0.113376
vt 0.965031 0.113376
vt 0.968693 0.113376
vt 0.967472 0.113376
vt 0.971134 0.113376
vt 0.969914 0.113376
vt 0.933294 0.071240
vt 0.934515 0.071240
vt 0.935735 0.071240
vt 0.936956 0.071240
vt 0.938177 0.071240
vt 0.939397 0.071240
vt 0.940618 0.071240
vt 0.941839 0.071240
vt 0.943059 0.071240
vt 0.944280 0.071240
vt 0.945501 0.071240
vt 0.946721 0.071240
vt 0.947942 0.071240
vt 0.949163 0.071240
vt 0.950383 0.071240
vt 0.951604 0.071240
vt 0.952825 0.071240
vt 0.954045 0.071240
vt 0.955266 0.071240
vt 0.956486 0.071240
vt 0.957707 0.071240
vt 0.958928 0.071240
vt 0.960148 0.071240
vt 0.961369 0.071240
vt 0.962590 0.071240
vt 0.965031 0.071240
vt 0.963810 0.071240
vt 0.966252 0.071240
vt 0.967472 0.071240
vt 0.968693 0.071240
vt 0.969914 0.071240
vt 0.969645 0.285707
vt 0.975430 0.278707
vt 0.969645 0.278707
vt 0.975430 0.243571
vt 0.969645 0.243571
vt 0.937838 0.278707
vt 0.933294 0.278707
vt 0.965101 0.285707
vt 0.965101 0.278707
vt 0.965101 0.278707
vt 0.965101 0.243571
vt 0.946926 0.285707
vt 0.951470 0.278707
vt 0.946926 0.278707
vt 0.956013 0.278707
vt 0.956013 0.278707
vt 0.960557 0.278707
vt 0.960557 0.243571
vt 0.956013 0.243571
vt 0.956013 0.285707
vt 0.937838 0.285707
vt 0.942382 0.278707
vt 0.942382 0.243571
vt 0.937838 0.243571
vt 0.951470 0.243571
vt 0.951470 0.278707
vt 0.933294 0.285707
vt 0.942382 0.278707
vt 0.942382 0.285707
vt 0.946926 0.243571
vt 0.951470 0.285707
vt 0.960557 0.278707
vt 0.960557 0.285707
vt 0.933294 0.243571
vt 0.169016 0.000474
vt 0.000474 0.011007
vt 0.000474 0.000474
vt 0.169016 0.011007
vt 0.000474 0.021541
vt 0.169016 0.021541
vt 0.000474 0.032075
vt 0.169016 0.032075
vt 0.000474 0.042609
vt 0.169016 0.042609
vt 0.000474 0.053143
vt 0.169016 0.053143
vt 0.000474 0.063677
vt 0.169016 0.063677
vt 0.000474 0.074211
vt 0.169016 0.074211
vt 0.000474 0.084745
vt 0.169016 0.084745
vt 0.000474 0.095279
vt 0.169016 0.095279
vt 0.000474 0.105812
vt 0.169016 0.105812
vt 0.000474 0.116346
vt 0.169016 0.116346
vt 0.000474 0.126880
vt 0.169016 0.126880
vt 0.000474 0.137414
vt 0.169016 0.137414
vt 0.000474 0.147948
vt 0.169016 0.147948
vt 0.000474 0.158482
vt 0.169016 0.158482
vt 0.000474 0.169016
vt 0.169016 0.169016
vt 0.000474 0.179550
vt 0.169016 0.179550
vt 0.000474 0.190084
vt 0.169016 0.190084
vt 0.000474 0.200617
vt 0.169016 0.200617
vt 0.000474 0.211151
vt 0.169016 0.211151
vt 0.000474 0.221685
vt 0.169016 0.221685
vt 0.000474 0.232219
vt 0.169016 0.232219
vt 0.000474 0.242753
vt 0.169016 0.242753
vt 0.000474 0.253287
vt 0.169016 0.253287
vt 0.000474 0.263821
vt 0.169016 0.263821
vt 0.000474 0.274355
vt 0.169016 0.274355
vt 0.000474 0.284888
vt 0.169016 0.284888
vt 0.000474 0.295422
vt 0.169016 0.295422
vt 0.000474 0.305956
vt 0.169016 0.305956
vt 0.000474 0.316490
vt 0.810264 0.629427
vt 0.797078 0.638238
vt 0.821478 0.515567
vt 0.169016 0.316490
vt 0.000474 0.327024
vt 0.169016 0.327024
vt 0.000474 0.337558
vt 0.003568 0.733563
vt 0.000474 0.749118
vt 0.132307 0.694511
vt 0.338505 0.000474
vt 0.169963 0.011007
vt 0.169963 0.000474
vt 0.338505 0.011007
vt 0.169963 0.021541
vt 0.338505 0.021541
vt 0.169963 0.032075
vt 0.338505 0.032075
vt 0.169963 0.042609
vt 0.338505 0.042609
vt 0.169963 0.053143
vt 0.338505 0.053143
vt 0.169963 0.063677
vt 0.338505 0.063677
vt 0.169963 0.074211
vt 0.338505 0.074211
vt 0.169963 0.084745
vt 0.338505 0.084745
vt 0.169963 0.095279
vt 0.338505 0.095279
vt 0.169963 0.105812
vt 0.338505 0.105812
vt 0.169963 0.116346
vt 0.338505 0.116346
vt 0.169963 0.126880
vt 0.338505 0.126880
vt 0.169963 0.137414
vt 0.338505 0.137414
vt 0.169963 0.147948
vt 0.338505 0.147948
vt 0.169963 0.158482
vt 0.338505 0.158482
vt 0.169963 0.169016
vt 0.338505 0.169016
vt 0.169963 0.179550
vt 0.338505 0.179550
vt 0.169963 0.190084
vt 0.338505 0.190084
vt 0.169963 0.200617
vt 0.338505 0.200617
vt 0.169963 0.211151
vt 0.338505 0.211151
vt 0.169963 0.221685
vt 0.338505 0.221685
vt 0.169963 0.232219
vt 0.338505 0.232219
vt 0.169963 0.242753
vt 0.338505 0.242753
vt 0.169963 0.253287
vt 0.338505 0.253287
vt 0.169963 0.263821
vt 0.338505 0.263821
vt 0.169963 0.274355
vt 0.338505 0.274355
vt 0.169963 0.284888
vt 0.338505 0.284888
vt 0.169963 0.295422
vt 0.338505 0.295422
vt 0.169963 0.305956
vt 0.338505 0.305956
vt 0.169963 0.316490
vt 0.942150 0.819584
vt 0.928963 0.828395
vt 0.953364 0.705725
vt 0.338505 0.316490
vt 0.169963 0.327024
vt 0.338505 0.327024
vt 0.169963 0.337558
vt 0.165536 0.733563
vt 0.162442 0.749118
vt 0.294275 0.694511
vt 0.507994 0.000474
vt 0.339452 0.011007
vt 0.339452 0.000474
vt 0.507994 0.011007
vt 0.339452 0.021541
vt 0.507994 0.021541
vt 0.339452 0.032075
vt 0.507994 0.032075
vt 0.339452 0.042609
vt 0.507994 0.042609
vt 0.339452 0.053143
vt 0.507994 0.053143
vt 0.339452 0.063677
vt 0.507994 0.063677
vt 0.339452 0.074211
vt 0.507994 0.074211
vt 0.339452 0.084745
vt 0.507994 0.084745
vt 0.339452 0.095279
vt 0.507994 0.095279
vt 0.339452 0.105812
vt 0.507994 0.105812
vt 0.339452 0.116346
vt 0.507994 0.116346
vt 0.339452 0.126880
vt 0.507994 0.126880
vt 0.339452 0.137414
vt 0.507994 0.137414
vt 0.339452 0.147948
vt 0.507994 0.147948
vt 0.339452 0.158482
vt 0.507994 0.158482
vt 0.339452 0.169016
vt 0.507994 0.169016
vt 0.339452 0.179550
vt 0.507994 0.179550
vt 0.339452 0.190084
vt 0.507994 0.190084
vt 0.339452 0.200617
vt 0.507994 0.200617
vt 0.339452 0.211151
vt 0.507994 0.211151
vt 0.339452 0.221685
vt 0.507994 0.221685
vt 0.339452 0.232219
vt 0.507994 0.232219
vt 0.339452 0.242753
vt 0.507994 0.242753
vt 0.339452 0.253287
vt 0.507994 0.253287
vt 0.339452 0.263821
vt 0.507994 0.263821
vt 0.339452 0.274355
vt 0.507994 0.274355
vt 0.339452 0.284888
vt 0.507994 0.284888
vt 0.339452 0.295422
vt 0.507994 0.295422
vt 0.339452 0.305956
vt 0.507994 0.305956
vt 0.339452 0.316490
vt 0.132307 0.981553
vt 0.119120 0.990363
vt 0.143521 0.867693
vt 0.507994 0.316490
vt 0.339452 0.327024
vt 0.507994 0.327024
vt 0.339452 0.337558
vt 0.327505 0.733563
vt 0.324411 0.749118
vt 0.456244 0.694511
vt 0.169016 0.338505
vt 0.000474 0.349039
vt 0.000474 0.338505
vt 0.169016 0.349039
vt 0.000474 0.359573
vt 0.169016 0.359573
vt 0.000474 0.370107
vt 0.169016 0.370107
vt 0.000474 0.380641
vt 0.169016 0.380641
vt 0.000474 0.391175
vt 0.169016 0.391175
vt 0.000474 0.401708
vt 0.169016 0.401708
vt 0.000474 0.412242
vt 0.169016 0.412242
vt 0.000474 0.422776
vt 0.169016 0.422776
vt 0.000474 0.433310
vt 0.169016 0.433310
vt 0.000474 0.443844
vt 0.169016 0.443844
vt 0.000474 0.454378
vt 0.169016 0.454378
vt 0.000474 0.464912
vt 0.169016 0.464912
vt 0.000474 0.475446
vt 0.169016 0.475446
vt 0.000474 0.485979
vt 0.169016 0.485979
vt 0.000474 0.496513
vt 0.169016 0.496513
vt 0.000474 0.507047
vt 0.169016 0.507047
vt 0.000474 0.517581
vt 0.169016 0.517581
vt 0.000474 0.528115
vt 0.169016 0.528115
vt 0.000474 0.538649
vt 0.169016 0.538649
vt 0.000474 0.549183
vt 0.169016 0.549183
vt 0.000474 0.559717
vt 0.169016 0.559717
vt 0.000474 0.570251
vt 0.169016 0.570251
vt 0.000474 0.580784
vt 0.169016 0.580784
vt 0.000474 0.591318
vt 0.169016 0.591318
vt 0.000474 0.601852
vt 0.169016 0.601852
vt 0.000474 0.612386
vt 0.169016 0.612386
vt 0.000474 0.622920
vt 0.169016 0.622920
vt 0.000474 0.633454
vt 0.169016 0.633454
vt 0.000474 0.643988
vt 0.169016 0.643988
vt 0.000474 0.654522
vt 0.294275 0.981552
vt 0.281089 0.990363
vt 0.305490 0.867693
vt 0.169016 0.654522
vt 0.000474 0.665056
vt 0.169016 0.665056
vt 0.000474 0.675589
vt 0.489473 0.733563
vt 0.486379 0.749118
vt 0.618212 0.694511
vt 0.338505 0.338505
vt 0.169963 0.349039
vt 0.169963 0.338505
vt 0.338505 0.349039
vt 0.169963 0.359573
vt 0.338505 0.359573
vt 0.169963 0.370107
vt 0.338505 0.370107
vt 0.169963 0.380641
vt 0.338505 0.380641
vt 0.169963 0.391175
vt 0.338505 0.391175
vt 0.169963 0.401708
vt 0.338505 0.401708
vt 0.169963 0.412242
vt 0.338505 0.412242
vt 0.169963 0.422776
vt 0.338505 0.422776
vt 0.169963 0.433310
vt 0.338505 0.433310
vt 0.169963 0.443844
vt 0.338505 0.443844
vt 0.169963 0.454378
vt 0.338505 0.454378
vt 0.169963 0.464912
vt 0.338505 0.464912
vt 0.169963 0.475446
vt 0.338505 0.475446
vt 0.169963 0.485979
vt 0.338505 0.485979
vt 0.169963 0.496513
vt 0.338505 0.496513
vt 0.169963 0.507047
vt 0.338505 0.507047
vt 0.169963 0.517581
vt 0.338505 0.517581
vt 0.169963 0.528115
vt 0.338505 0.528115
vt 0.169963 0.538649
vt 0.338505 0.538649
vt 0.169963 0.549183
vt 0.338505 0.549183
vt 0.169963 0.559717
vt 0.338505 0.559717
vt 0.169963 0.570251
vt 0.338505 0.570251
vt 0.169963 0.580784
vt 0.338505 0.580784
vt 0.169963 0.591318
vt 0.338505 0.591318
vt 0.169963 0.601852
vt 0.338505 0.601852
vt 0.169963 0.612386
vt 0.338505 0.612386
vt 0.169963 0.622920
vt 0.338505 0.622920
vt 0.169963 0.633454
vt 0.338505 0.633454
vt 0.169963 0.643988
vt 0.338505 0.643988
vt 0.169963 0.654522
vt 0.456244 0.981552
vt 0.443057 0.990363
vt 0.467458 0.867693
vt 0.338505 0.654522
vt 0.169963 0.665056
vt 0.338505 0.665056
vt 0.169963 0.675589
vt 0.651442 0.733563
vt 0.648348 0.749118
vt 0.780181 0.694511
vt 0.507994 0.338505
vt 0.339452 0.349039
vt 0.339452 0.338505
vt 0.507994 0.349039
vt 0.339452 0.359573
vt 0.507994 0.359573
vt 0.339452 0.370107
vt 0.507994 0.370107
vt 0.339452 0.380641
vt 0.507994 0.380641
vt 0.339452 0.391175
vt 0.507994 0.391174
vt 0.339452 0.401708
vt 0.507994 0.401708
vt 0.339452 0.412242
vt 0.507994 0.412242
vt 0.339452 0.422776
vt 0.507994 0.422776
vt 0.339452 0.433310
vt 0.507994 0.433310
vt 0.339452 0.443844
vt 0.507994 0.443844
vt 0.339452 0.454378
vt 0.507994 0.454378
vt 0.339452 0.464912
vt 0.507994 0.464912
vt 0.339452 0.475446
vt 0.507994 0.475446
vt 0.339452 0.485979
vt 0.507994 0.485979
vt 0.339452 0.496513
vt 0.507994 0.496513
vt 0.339452 0.507047
vt 0.507994 0.507047
vt 0.339452 0.517581
vt 0.507994 0.517581
vt 0.339452 0.528115
vt 0.507994 0.528115
vt 0.339452 0.538649
vt 0.507994 0.538649
vt 0.339452 0.549183
vt 0.507994 0.549183
vt 0.339452 0.559717
vt 0.507994 0.559717
vt 0.339452 0.570251
vt 0.507994 0.570251
vt 0.339452 0.580784
vt 0.507994 0.580784
vt 0.339452 0.591318
vt 0.507994 0.591318
vt 0.339452 0.601852
vt 0.507994 0.601852
vt 0.339452 0.612386
vt 0.507994 0.612386
vt 0.339452 0.622920
vt 0.507994 0.622920
vt 0.339452 0.633454
vt 0.507994 0.633454
vt 0.339452 0.643988
vt 0.507994 0.643988
vt 0.339452 0.654522
vt 0.618212 0.981553
vt 0.605026 0.990363
vt 0.629427 0.867693
vt 0.507994 0.654522
vt 0.339452 0.665056
vt 0.507994 0.665056
vt 0.339452 0.675589
vt 0.681525 0.057500
vt 0.678431 0.073055
vt 0.810264 0.018448
vt 0.677484 0.000474
vt 0.508942 0.011007
vt 0.508942 0.000474
vt 0.677484 0.011007
vt 0.508942 0.021541
vt 0.677484 0.021541
vt 0.508942 0.032075
vt 0.677484 0.032075
vt 0.508942 0.042609
vt 0.677484 0.042609
vt 0.508942 0.053143
vt 0.677484 0.053143
vt 0.508942 0.063677
vt 0.677484 0.063677
vt 0.508942 0.074211
vt 0.677484 0.074211
vt 0.508942 0.084745
vt 0.677484 0.084745
vt 0.508942 0.095279
vt 0.677484 0.095279
vt 0.508942 0.105812
vt 0.677484 0.105812
vt 0.508942 0.116346
vt 0.677484 0.116346
vt 0.508942 0.126880
vt 0.677484 0.126880
vt 0.508942 0.137414
vt 0.677484 0.137414
vt 0.508942 0.147948
vt 0.677484 0.147948
vt 0.508942 0.158482
vt 0.677484 0.158482
vt 0.508942 0.169016
vt 0.677484 0.169016
vt 0.508942 0.179550
vt 0.677484 0.179550
vt 0.508942 0.190084
vt 0.677484 0.190083
vt 0.508942 0.200617
vt 0.677484 0.200617
vt 0.508942 0.211151
vt 0.677484 0.211151
vt 0.508942 0.221685
vt 0.677484 0.221685
vt 0.508942 0.232219
vt 0.677484 0.232219
vt 0.508942 0.242753
vt 0.677484 0.242753
vt 0.508942 0.253287
vt 0.677484 0.253287
vt 0.508942 0.263821
vt 0.677484 0.263821
vt 0.508942 0.274355
vt 0.677484 0.274355
vt 0.508942 0.284888
vt 0.677484 0.284888
vt 0.508942 0.295422
vt 0.677484 0.295422
vt 0.508942 0.305956
vt 0.677484 0.305956
vt 0.508942 0.316490
vt 0.780181 0.981552
vt 0.766994 0.990363
vt 0.791395 0.867693
vt 0.677484 0.316490
vt 0.508942 0.327024
vt 0.677484 0.327024
vt 0.508942 0.337558
vt 0.681525 0.219469
vt 0.678431 0.235023
vt 0.810264 0.180416
vt 0.677484 0.338505
vt 0.508942 0.349039
vt 0.508942 0.338505
vt 0.677484 0.349039
vt 0.508942 0.359573
vt 0.677484 0.359573
vt 0.508942 0.370107
vt 0.677484 0.370107
vt 0.508942 0.380641
vt 0.677484 0.380641
vt 0.508942 0.391174
vt 0.677484 0.391174
vt 0.508942 0.401708
vt 0.677484 0.401708
vt 0.508942 0.412242
vt 0.677484 0.412242
vt 0.508942 0.422776
vt 0.677484 0.422776
vt 0.508942 0.433310
vt 0.677484 0.433310
vt 0.508942 0.443844
vt 0.677484 0.443844
vt 0.508942 0.454378
vt 0.677484 0.454378
vt 0.508942 0.464912
vt 0.677484 0.464912
vt 0.508942 0.475446
vt 0.677484 0.475446
vt 0.508942 0.485979
vt 0.677484 0.485979
vt 0.508942 0.496513
vt 0.677484 0.496513
vt 0.508942 0.507047
vt 0.677484 0.507047
vt 0.508942 0.517581
vt 0.677484 0.517581
vt 0.508942 0.528115
vt 0.677484 0.528115
vt 0.508942 0.538649
vt 0.677484 0.538649
vt 0.508942 0.549183
vt 0.677484 0.549183
vt 0.508942 0.559717
vt 0.677484 0.559717
vt 0.508942 0.570251
vt 0.677484 0.570251
vt 0.508942 0.580784
vt 0.677484 0.580784
vt 0.508942 0.591318
vt 0.677484 0.591318
vt 0.508942 0.601852
vt 0.677484 0.601852
vt 0.508942 0.612386
vt 0.677484 0.612386
vt 0.508942 0.622920
vt 0.677484 0.622920
vt 0.508942 0.633454
vt 0.677484 0.633454
vt 0.508942 0.643988
vt 0.677484 0.643988
vt 0.508942 0.654522
vt 0.942150 0.981553
vt 0.928963 0.990363
vt 0.953364 0.867693
vt 0.677484 0.654522
vt 0.508942 0.665056
vt 0.677484 0.665056
vt 0.508942 0.675589
vt 0.681525 0.381437
vt 0.678431 0.396992
vt 0.810264 0.342385
vt 0.975430 0.156459
vt 0.975430 0.028157
vt 0.975430 0.199541
vt 0.975430 0.242624
vt 0.975430 0.071240
vt 0.975430 0.285707
vt 0.782426 0.644307
vt 0.766871 0.647401
vt 0.782426 0.489473
vt 0.751012 0.647401
vt 0.766871 0.486379
vt 0.735458 0.644307
vt 0.751012 0.486379
vt 0.720806 0.638237
vt 0.735458 0.489473
vt 0.707619 0.629427
vt 0.696405 0.618212
vt 0.720806 0.495542
vt 0.687594 0.605026
vt 0.707619 0.504353
vt 0.681525 0.590374
vt 0.696405 0.515567
vt 0.678431 0.574819
vt 0.687594 0.528754
vt 0.678431 0.558960
vt 0.681525 0.543406
vt 0.797078 0.495542
vt 0.810264 0.504353
vt 0.830289 0.528754
vt 0.836358 0.543406
vt 0.821478 0.618212
vt 0.839452 0.558960
vt 0.836358 0.590374
vt 0.839452 0.574820
vt 0.830289 0.605026
vt 0.169016 0.337558
vt 0.000474 0.764977
vt 0.003568 0.780531
vt 0.158401 0.733563
vt 0.009637 0.795183
vt 0.161495 0.749118
vt 0.018448 0.808370
vt 0.029662 0.819584
vt 0.161495 0.764977
vt 0.042848 0.828395
vt 0.152332 0.795183
vt 0.057500 0.834464
vt 0.143521 0.808370
vt 0.073055 0.837558
vt 0.088914 0.837558
vt 0.132307 0.819584
vt 0.104468 0.834464
vt 0.119120 0.828395
vt 0.158401 0.780531
vt 0.152332 0.718911
vt 0.143521 0.705725
vt 0.119120 0.685700
vt 0.009637 0.718911
vt 0.104468 0.679631
vt 0.018448 0.705725
vt 0.088914 0.676537
vt 0.073055 0.676537
vt 0.029662 0.694511
vt 0.057500 0.679631
vt 0.042848 0.685700
vt 0.914311 0.834464
vt 0.898757 0.837558
vt 0.914311 0.679631
vt 0.882897 0.837558
vt 0.898757 0.676537
vt 0.867343 0.834464
vt 0.882897 0.676537
vt 0.852691 0.828395
vt 0.867343 0.679631
vt 0.839504 0.819584
vt 0.828290 0.808370
vt 0.852691 0.685700
vt 0.819479 0.795183
vt 0.839504 0.694511
vt 0.813410 0.780531
vt 0.828290 0.705725
vt 0.810316 0.764977
vt 0.813410 0.733563
vt 0.810316 0.749118
vt 0.819479 0.718911
vt 0.928963 0.685700
vt 0.942150 0.694511
vt 0.962175 0.718911
vt 0.968244 0.733563
vt 0.953364 0.808370
vt 0.971338 0.749118
vt 0.962175 0.795183
vt 0.971338 0.764977
vt 0.968244 0.780531
vt 0.338505 0.337558
vt 0.162442 0.764977
vt 0.165536 0.780531
vt 0.320370 0.733563
vt 0.171605 0.795183
vt 0.323463 0.749118
vt 0.180416 0.808370
vt 0.191630 0.819584
vt 0.323463 0.764977
vt 0.204817 0.828395
vt 0.314300 0.795183
vt 0.219469 0.834464
vt 0.305490 0.808370
vt 0.235023 0.837558
vt 0.250882 0.837558
vt 0.294275 0.819584
vt 0.266437 0.834464
vt 0.281089 0.828395
vt 0.320370 0.780531
vt 0.314300 0.718911
vt 0.305490 0.705725
vt 0.281089 0.685700
vt 0.171605 0.718911
vt 0.266437 0.679631
vt 0.180416 0.705725
vt 0.250882 0.676537
vt 0.235023 0.676537
vt 0.191630 0.694511
vt 0.219469 0.679631
vt 0.204817 0.685700
vt 0.104468 0.996432
vt 0.088914 0.999526
vt 0.104468 0.841599
vt 0.073055 0.999526
vt 0.088914 0.838505
vt 0.057500 0.996432
vt 0.073055 0.838505
vt 0.042848 0.990363
vt 0.057500 0.841599
vt 0.029662 0.981552
vt 0.018448 0.970338
vt 0.042848 0.847668
vt 0.009637 0.957152
vt 0.029662 0.856479
vt 0.003568 0.942500
vt 0.018448 0.867693
vt 0.000474 0.926945
vt 0.003568 0.895532
vt 0.000474 0.911086
vt 0.009637 0.880880
vt 0.119120 0.847668
vt 0.132307 0.856479
vt 0.152332 0.880880
vt 0.158401 0.895532
vt 0.143521 0.970338
vt 0.161495 0.911086
vt 0.152332 0.957152
vt 0.161495 0.926945
vt 0.158401 0.942500
vt 0.507994 0.337558
vt 0.324411 0.764977
vt 0.327505 0.780531
vt 0.482338 0.733563
vt 0.333574 0.795183
vt 0.485432 0.749118
vt 0.342385 0.808370
vt 0.353599 0.819584
vt 0.485432 0.764977
vt 0.366785 0.828395
vt 0.476269 0.795183
vt 0.381437 0.834464
vt 0.467458 0.808370
vt 0.396992 0.837558
vt 0.412851 0.837558
vt 0.456244 0.819584
vt 0.428405 0.834464
vt 0.443057 0.828395
vt 0.482338 0.780531
vt 0.476269 0.718911
vt 0.467458 0.705725
vt 0.443057 0.685700
vt 0.333574 0.718911
vt 0.428405 0.679631
vt 0.342385 0.705725
vt 0.412851 0.676537
vt 0.396992 0.676537
vt 0.353599 0.694511
vt 0.381437 0.679631
vt 0.366785 0.685700
vt 0.266437 0.996432
vt 0.250882 0.999526
vt 0.266437 0.841599
vt 0.235023 0.999526
vt 0.250882 0.838505
vt 0.219469 0.996432
vt 0.235023 0.838505
vt 0.204817 0.990363
vt 0.219469 0.841599
vt 0.191630 0.981552
vt 0.180416 0.970338
vt 0.204817 0.847668
vt 0.171605 0.957152
vt 0.191630 0.856479
vt 0.165536 0.942500
vt 0.180416 0.867693
vt 0.162442 0.926945
vt 0.165536 0.895532
vt 0.162442 0.911086
vt 0.171605 0.880880
vt 0.281089 0.847668
vt 0.294275 0.856479
vt 0.314300 0.880880
vt 0.320370 0.895532
vt 0.305490 0.970338
vt 0.323463 0.911086
vt 0.314300 0.957152
vt 0.323463 0.926945
vt 0.320370 0.942500
vt 0.169016 0.675589
vt 0.486379 0.764977
vt 0.489473 0.780531
vt 0.644307 0.733563
vt 0.495542 0.795183
vt 0.647401 0.749118
vt 0.504353 0.808370
vt 0.515567 0.819584
vt 0.647401 0.764977
vt 0.528754 0.828395
vt 0.638238 0.795183
vt 0.543406 0.834464
vt 0.629427 0.808370
vt 0.558960 0.837558
vt 0.574820 0.837558
vt 0.618212 0.819584
vt 0.590374 0.834464
vt 0.605026 0.828395
vt 0.644307 0.780531
vt 0.638238 0.718911
vt 0.629427 0.705725
vt 0.605026 0.685700
vt 0.495542 0.718911
vt 0.590374 0.679631
vt 0.504353 0.705725
vt 0.574820 0.676537
vt 0.558960 0.676537
vt 0.515567 0.694511
vt 0.543406 0.679631
vt 0.528754 0.685700
vt 0.428405 0.996432
vt 0.412851 0.999526
vt 0.428405 0.841599
vt 0.396992 0.999526
vt 0.412851 0.838505
vt 0.381437 0.996432
vt 0.396992 0.838505
vt 0.366785 0.990363
vt 0.381437 0.841599
vt 0.353599 0.981552
vt 0.342385 0.970338
vt 0.366785 0.847668
vt 0.333574 0.957152
vt 0.353599 0.856479
vt 0.327505 0.942500
vt 0.342385 0.867693
vt 0.324411 0.926945
vt 0.327505 0.895532
vt 0.324411 0.911086
vt 0.333574 0.880880
vt 0.443057 0.847668
vt 0.456244 0.856479
vt 0.476269 0.880880
vt 0.482338 0.895532
vt 0.467458 0.970338
vt 0.485432 0.911086
vt 0.476269 0.957152
vt 0.485432 0.926945
vt 0.482338 0.942500
vt 0.338505 0.675589
vt 0.648348 0.764977
vt 0.651442 0.780531
vt 0.806275 0.733563
vt 0.657511 0.795183
vt 0.809369 0.749118
vt 0.666322 0.808370
vt 0.677536 0.819584
vt 0.809369 0.764977
vt 0.690722 0.828395
vt 0.800206 0.795183
vt 0.705374 0.834464
vt 0.791395 0.808370
vt 0.720929 0.837558
vt 0.736788 0.837558
vt 0.780181 0.819584
vt 0.752343 0.834464
vt 0.766995 0.828395
vt 0.806275 0.780531
vt 0.800206 0.718911
vt 0.791395 0.705725
vt 0.766995 0.685700
vt 0.657511 0.718911
vt 0.752343 0.679631
vt 0.666322 0.705725
vt 0.736788 0.676537
vt 0.720929 0.676537
vt 0.677536 0.694511
vt 0.705374 0.679631
vt 0.690722 0.685700
vt 0.590374 0.996432
vt 0.574820 0.999526
vt 0.590374 0.841599
vt 0.558960 0.999526
vt 0.574820 0.838505
vt 0.543406 0.996432
vt 0.558960 0.838505
vt 0.528754 0.990363
vt 0.543406 0.841599
vt 0.515567 0.981552
vt 0.504353 0.970338
vt 0.528754 0.847668
vt 0.495542 0.957152
vt 0.515567 0.856479
vt 0.489473 0.942500
vt 0.504353 0.867693
vt 0.486379 0.926945
vt 0.489473 0.895532
vt 0.486379 0.911086
vt 0.495542 0.880880
vt 0.605026 0.847668
vt 0.618212 0.856479
vt 0.638238 0.880880
vt 0.644307 0.895532
vt 0.629427 0.970338
vt 0.647401 0.911086
vt 0.638238 0.957152
vt 0.647401 0.926945
vt 0.644307 0.942500
vt 0.507994 0.675589
vt 0.678431 0.088914
vt 0.681525 0.104468
vt 0.836358 0.057500
vt 0.687594 0.119120
vt 0.839452 0.073055
vt 0.696405 0.132307
vt 0.707619 0.143521
vt 0.839452 0.088914
vt 0.720806 0.152332
vt 0.830289 0.119120
vt 0.735458 0.158401
vt 0.821478 0.132307
vt 0.751012 0.161495
vt 0.766871 0.161495
vt 0.810264 0.143521
vt 0.782426 0.158401
vt 0.797078 0.152332
vt 0.836358 0.104468
vt 0.830289 0.042848
vt 0.821478 0.029662
vt 0.797078 0.009637
vt 0.687594 0.042848
vt 0.782426 0.003568
vt 0.696405 0.029662
vt 0.766871 0.000474
vt 0.751012 0.000474
vt 0.707619 0.018448
vt 0.735458 0.003568
vt 0.720806 0.009637
vt 0.752342 0.996432
vt 0.736788 0.999526
vt 0.752343 0.841599
vt 0.720929 0.999526
vt 0.736788 0.838505
vt 0.705374 0.996432
vt 0.720929 0.838505
vt 0.690722 0.990363
vt 0.705374 0.841599
vt 0.677536 0.981552
vt 0.666322 0.970338
vt 0.690722 0.847668
vt 0.657511 0.957152
vt 0.677536 0.856479
vt 0.651442 0.942500
vt 0.666322 0.867693
vt 0.648348 0.926945
vt 0.657511 0.880880
vt 0.648348 0.911086
vt 0.651442 0.895532
vt 0.766995 0.847668
vt 0.780181 0.856479
vt 0.800206 0.880880
vt 0.806275 0.895532
vt 0.791395 0.970338
vt 0.809369 0.911086
vt 0.800206 0.957152
vt 0.809369 0.926945
vt 0.806275 0.942500
vt 0.677484 0.337558
vt 0.678431 0.250882
vt 0.681525 0.266437
vt 0.836358 0.219469
vt 0.687594 0.281089
vt 0.839452 0.235023
vt 0.696405 0.294275
vt 0.707619 0.305490
vt 0.839452 0.250882
vt 0.720806 0.314300
vt 0.830289 0.281089
vt 0.735458 0.320370
vt 0.821478 0.294275
vt 0.751012 0.323463
vt 0.766871 0.323463
vt 0.810264 0.305490
vt 0.782426 0.320369
vt 0.797078 0.314300
vt 0.836358 0.266437
vt 0.830289 0.204817
vt 0.821478 0.191630
vt 0.797078 0.171605
vt 0.687594 0.204817
vt 0.782426 0.165536
vt 0.696405 0.191630
vt 0.766871 0.162442
vt 0.751012 0.162442
vt 0.707619 0.180416
vt 0.735458 0.165536
vt 0.720806 0.171605
vt 0.914311 0.996432
vt 0.898757 0.999526
vt 0.914311 0.841599
vt 0.882897 0.999526
vt 0.898757 0.838505
vt 0.867343 0.996432
vt 0.882897 0.838505
vt 0.852691 0.990363
vt 0.867343 0.841599
vt 0.839504 0.981552
vt 0.828290 0.970338
vt 0.852691 0.847668
vt 0.819479 0.957152
vt 0.839504 0.856479
vt 0.813410 0.942500
vt 0.828290 0.867693
vt 0.810316 0.926945
vt 0.819479 0.880880
vt 0.810316 0.911086
vt 0.813410 0.895532
vt 0.928963 0.847668
vt 0.942150 0.856479
vt 0.962175 0.880880
vt 0.968244 0.895532
vt 0.953364 0.970338
vt 0.971338 0.911086
vt 0.968244 0.942500
vt 0.971338 0.926945
vt 0.962175 0.957152
vt 0.677484 0.675589
vt 0.678431 0.412851
vt 0.681525 0.428405
vt 0.836358 0.381437
vt 0.687594 0.443057
vt 0.839452 0.396992
vt 0.696405 0.456244
vt 0.707619 0.467458
vt 0.839452 0.412851
vt 0.720806 0.476269
vt 0.830289 0.443057
vt 0.735458 0.482338
vt 0.821478 0.456244
vt 0.751012 0.485432
vt 0.766871 0.485432
vt 0.810264 0.467458
vt 0.782426 0.482338
vt 0.797078 0.476269
vt 0.836358 0.428405
vt 0.830289 0.366785
vt 0.821478 0.353599
vt 0.797078 0.333574
vt 0.687594 0.366785
vt 0.782426 0.327505
vt 0.696405 0.353599
vt 0.766871 0.324411
vt 0.751012 0.324411
vt 0.707619 0.342385
vt 0.735458 0.327505
vt 0.720806 0.333574
s 0
usemtl マテリアル
f 3/1/1 5/2/1 7/3/1
f 2/4/2 3/5/2 4/6/2
f 1/7/3 6/8/3 5/9/3
f 4/6/4 20/5/4 19/6/4
f 7/3/5 20/1/5 3/1/5
f 4/6/6 13/4/6 2/4/6
f 6/8/7 13/10/7 18/8/7
f 7/3/8 22/2/8 21/3/8
f 6/8/9 22/9/9 5/9/9
f 64/11/3 17/12/3 126/13/3
f 34/14/2 19/6/2 95/15/2
f 17/12/9 250/13/9 126/13/9
f 19/6/2 9/16/2 8/17/2
f 9/18/1 21/3/1 10/19/1
f 11/20/5 594/21/5 590/21/5
f 22/9/3 800/22/3 799/23/3
f 8/17/6 31/6/6 19/6/6
f 21/3/1 799/24/1 801/25/1
f 155/26/1 655/27/1 623/27/1
f 23/19/1 805/28/1 802/29/1
f 250/13/3 803/30/3 836/31/3
f 95/15/4 31/6/4 219/32/4
f 800/22/7 30/8/7 804/33/7
f 10/19/8 33/3/8 23/19/8
f 16/34/4 189/35/4 26/34/4
f 65/36/4 190/37/4 189/35/4
f 66/37/4 191/38/4 190/37/4
f 67/39/4 192/40/4 191/38/4
f 68/41/4 193/42/4 192/40/4
f 69/43/4 194/44/4 193/42/4
f 70/45/4 195/46/4 194/44/4
f 71/47/4 196/48/4 195/46/4
f 72/49/4 197/50/4 196/48/4
f 73/51/4 198/52/4 197/50/4
f 74/53/4 199/54/4 198/52/4
f 75/55/4 200/56/4 199/54/4
f 76/57/4 201/58/4 200/56/4
f 77/58/4 202/59/4 201/58/4
f 78/60/4 203/61/4 202/59/4
f 79/62/4 204/63/4 203/61/4
f 80/64/4 205/65/4 204/63/4
f 81/66/4 206/67/4 205/65/4
f 82/67/4 207/68/4 206/67/4
f 83/69/4 208/70/4 207/68/4
f 84/71/4 209/72/4 208/70/4
f 85/73/4 210/74/4 209/72/4
f 86/74/4 211/75/4 210/74/4
f 87/75/4 212/76/4 211/75/4
f 88/76/4 213/77/4 212/76/4
f 89/78/4 214/79/4 213/77/4
f 90/80/4 215/81/4 214/79/4
f 91/82/4 216/83/4 215/81/4
f 92/84/4 217/85/4 216/83/4
f 93/86/4 218/87/4 217/85/4
f 94/88/4 219/32/4 218/87/4
f 833/89/10 375/90/10 865/89/10
f 220/91/3 807/92/3 806/93/3
f 206/67/4 334/65/4 205/65/4
f 222/94/3 809/95/3 808/96/3
f 153/97/1 653/98/1 621/98/1
f 224/99/3 811/100/3 810/101/3
f 831/102/10 373/103/10 863/102/10
f 226/104/3 813/105/3 812/106/3
f 204/63/4 332/61/4 203/61/4
f 228/107/3 815/108/3 814/109/3
f 151/110/1 651/111/1 619/112/1
f 230/113/3 817/114/3 816/115/3
f 829/116/10 371/117/10 861/116/10
f 232/118/3 819/119/3 818/120/3
f 202/59/4 330/58/4 201/58/4
f 234/121/3 821/122/3 820/123/3
f 149/124/1 649/125/1 617/125/1
f 236/126/3 823/127/3 822/128/3
f 827/129/10 369/130/10 859/129/10
f 238/131/3 825/132/3 824/133/3
f 200/56/4 328/54/4 199/54/4
f 240/134/3 827/129/3 826/135/3
f 147/136/1 647/137/1 615/137/1
f 242/138/3 829/116/3 828/139/3
f 250/13/9 377/140/9 249/140/9
f 244/141/3 831/102/3 830/142/3
f 825/132/10 367/143/10 857/132/10
f 246/144/3 833/89/3 832/145/3
f 198/52/4 326/50/4 197/50/4
f 248/146/3 835/147/3 834/148/3
f 145/149/1 645/150/1 613/151/1
f 26/34/2 158/152/2 27/153/2
f 248/146/9 375/90/9 247/90/9
f 190/37/2 160/154/2 159/155/2
f 823/127/10 365/156/10 855/157/10
f 192/40/2 162/158/2 161/159/2
f 196/48/4 324/46/4 195/46/4
f 194/44/2 164/160/2 163/161/2
f 143/162/1 643/163/1 611/163/1
f 196/48/2 166/164/2 165/165/2
f 246/144/9 373/103/9 245/103/9
f 198/52/2 168/166/2 167/167/2
f 821/122/10 363/168/10 853/122/10
f 200/56/2 170/169/2 169/170/2
f 194/44/4 322/42/4 193/42/4
f 202/59/2 172/171/2 171/172/2
f 141/173/1 641/174/1 609/174/1
f 204/63/2 174/175/2 173/176/2
f 244/141/9 371/117/9 243/117/9
f 206/67/2 176/177/2 175/178/2
f 819/119/10 361/179/10 851/119/10
f 208/70/2 178/180/2 177/181/2
f 192/40/4 320/38/4 191/38/4
f 210/74/2 180/182/2 179/183/2
f 139/184/1 639/185/1 607/185/1
f 212/76/2 182/186/2 181/187/2
f 242/138/9 369/130/9 241/130/9
f 214/79/2 184/188/2 183/189/2
f 817/114/10 359/190/10 849/191/10
f 216/83/2 186/192/2 185/193/2
f 190/37/4 318/35/4 189/35/4
f 218/87/2 188/194/2 187/195/2
f 96/91/9 30/8/9 18/8/9
f 97/196/9 220/91/9 96/91/9
f 98/197/9 221/196/9 97/196/9
f 99/198/9 222/94/9 98/197/9
f 100/199/9 223/200/9 99/198/9
f 101/201/9 224/99/9 100/199/9
f 102/104/9 225/202/9 101/201/9
f 103/203/9 226/104/9 102/104/9
f 104/107/9 227/204/9 103/203/9
f 105/205/9 228/107/9 104/107/9
f 106/113/9 229/205/9 105/205/9
f 107/190/9 230/113/9 106/113/9
f 108/118/9 231/190/9 107/190/9
f 109/179/9 232/118/9 108/118/9
f 110/121/9 233/179/9 109/179/9
f 111/168/9 234/121/9 110/121/9
f 112/126/9 235/168/9 111/168/9
f 113/206/9 236/126/9 112/126/9
f 114/131/9 237/156/9 113/206/9
f 115/143/9 238/131/9 114/131/9
f 116/134/9 239/143/9 115/143/9
f 117/130/9 240/134/9 116/134/9
f 118/138/9 241/130/9 117/130/9
f 119/117/9 242/138/9 118/138/9
f 120/207/9 243/117/9 119/117/9
f 121/208/9 244/141/9 120/207/9
f 122/209/9 245/103/9 121/208/9
f 123/90/9 246/144/9 122/209/9
f 124/210/9 247/90/9 123/90/9
f 125/140/9 248/146/9 124/210/9
f 126/13/9 249/140/9 125/140/9
f 14/211/2 65/36/2 16/34/2
f 64/212/2 66/37/2 65/36/2
f 63/213/2 67/39/2 66/37/2
f 62/214/2 68/41/2 67/39/2
f 61/215/2 69/43/2 68/41/2
f 60/216/2 70/45/2 69/43/2
f 59/217/2 71/47/2 70/45/2
f 58/218/2 72/49/2 71/47/2
f 57/219/2 73/51/2 72/49/2
f 56/220/2 74/53/2 73/51/2
f 55/221/2 75/55/2 74/53/2
f 54/222/2 76/57/2 75/55/2
f 53/223/2 77/58/2 76/57/2
f 52/224/2 78/60/2 77/58/2
f 51/225/2 79/62/2 78/60/2
f 50/226/2 80/64/2 79/62/2
f 49/227/2 81/66/2 80/64/2
f 48/228/2 82/67/2 81/66/2
f 47/229/2 83/69/2 82/67/2
f 46/230/2 84/71/2 83/69/2
f 45/231/2 85/73/2 84/71/2
f 44/232/2 86/74/2 85/73/2
f 43/233/2 87/75/2 86/74/2
f 42/234/2 88/76/2 87/75/2
f 41/235/2 89/78/2 88/76/2
f 89/78/2 39/236/2 90/80/2
f 90/80/2 38/237/2 91/82/2
f 91/82/2 37/238/2 92/84/2
f 37/238/2 93/86/2 92/84/2
f 36/239/2 94/88/2 93/86/2
f 35/240/2 95/15/2 94/88/2
f 13/10/3 96/91/3 18/8/3
f 34/241/3 97/196/3 96/91/3
f 35/242/3 98/197/3 97/196/3
f 36/243/3 99/198/3 98/197/3
f 37/244/3 100/199/3 99/198/3
f 38/245/3 101/201/3 100/199/3
f 39/246/3 102/104/3 101/201/3
f 40/247/3 103/203/3 102/104/3
f 41/248/3 104/107/3 103/203/3
f 42/249/3 105/205/3 104/107/3
f 43/250/3 106/113/3 105/205/3
f 44/251/3 107/190/3 106/113/3
f 45/252/3 108/118/3 107/190/3
f 46/253/3 109/179/3 108/118/3
f 47/254/3 110/121/3 109/179/3
f 48/255/3 111/168/3 110/121/3
f 49/256/3 112/126/3 111/168/3
f 50/257/3 113/206/3 112/126/3
f 51/258/3 114/131/3 113/206/3
f 52/259/3 115/143/3 114/131/3
f 53/260/3 116/134/3 115/143/3
f 54/261/3 117/130/3 116/134/3
f 55/262/3 118/138/3 117/130/3
f 56/263/3 119/117/3 118/138/3
f 57/264/3 120/207/3 119/117/3
f 58/265/3 121/208/3 120/207/3
f 59/266/3 122/209/3 121/208/3
f 60/267/3 123/90/3 122/209/3
f 61/268/3 124/210/3 123/90/3
f 62/269/3 125/140/3 124/210/3
f 63/270/3 126/13/3 125/140/3
f 256/32/2 252/17/2 251/194/2
f 253/8/3 838/93/3 837/33/3
f 349/196/3 840/96/3 839/92/3
f 351/200/3 842/101/3 841/95/3
f 353/202/3 844/106/3 843/100/3
f 355/204/3 846/109/3 845/105/3
f 357/205/3 848/115/3 847/271/3
f 359/190/3 850/120/3 849/191/3
f 361/179/3 852/123/3 851/119/3
f 363/168/3 854/128/3 853/122/3
f 365/156/3 856/133/3 855/157/3
f 367/143/3 858/135/3 857/132/3
f 369/130/3 860/139/3 859/129/3
f 371/117/3 862/272/3 861/116/3
f 373/103/3 864/273/3 863/102/3
f 375/90/3 866/148/3 865/89/3
f 377/140/3 868/31/3 867/147/3
f 318/35/2 289/155/2 288/152/2
f 320/38/2 291/159/2 290/154/2
f 322/42/2 293/161/2 292/158/2
f 324/46/2 295/165/2 294/160/2
f 326/50/2 297/167/2 296/164/2
f 328/54/2 299/170/2 298/166/2
f 330/58/2 301/172/2 300/169/2
f 332/61/2 303/176/2 302/171/2
f 334/65/2 305/178/2 304/175/2
f 336/68/2 307/181/2 306/177/2
f 338/72/2 309/183/2 308/180/2
f 340/75/2 311/187/2 310/182/2
f 342/77/2 313/189/2 312/186/2
f 344/81/2 315/193/2 314/188/2
f 346/85/2 317/195/2 316/192/2
f 208/70/4 336/68/4 207/68/4
f 835/147/10 377/140/10 867/147/10
f 157/274/1 657/275/1 625/275/1
f 210/74/4 338/72/4 209/72/4
f 158/152/1 318/35/1 288/152/1
f 159/155/10 319/37/10 190/37/10
f 212/76/4 340/75/4 211/75/4
f 160/154/1 320/38/1 290/154/1
f 161/159/10 321/40/10 192/40/10
f 214/79/4 342/77/4 213/77/4
f 162/158/1 322/42/1 292/158/1
f 163/161/10 323/44/10 194/44/10
f 216/83/4 344/81/4 215/81/4
f 164/160/1 324/46/1 294/160/1
f 165/165/10 325/48/10 196/48/10
f 218/87/4 346/85/4 217/85/4
f 166/164/1 326/50/1 296/164/1
f 167/167/10 327/52/10 198/52/10
f 220/91/9 253/8/9 30/8/9
f 168/166/1 328/54/1 298/166/1
f 169/170/10 329/56/10 200/56/10
f 222/94/9 349/196/9 221/196/9
f 170/169/1 330/58/1 300/169/1
f 171/172/10 331/59/10 202/59/10
f 224/99/9 351/200/9 223/200/9
f 172/171/1 332/61/1 302/171/1
f 173/176/10 333/63/10 204/63/10
f 226/104/9 353/202/9 225/202/9
f 174/175/1 334/65/1 304/175/1
f 175/178/10 335/67/10 206/67/10
f 228/107/9 355/204/9 227/204/9
f 176/177/1 336/68/1 306/177/1
f 804/33/10 253/8/10 837/33/10
f 177/181/10 337/70/10 208/70/10
f 29/17/10 255/6/10 31/6/10
f 230/113/9 357/205/9 229/205/9
f 178/180/1 338/72/1 308/180/1
f 127/276/1 627/277/1 595/277/1
f 179/183/10 339/74/10 210/74/10
f 31/6/4 256/32/4 219/32/4
f 807/92/10 349/196/10 839/92/10
f 232/118/9 359/190/9 231/190/9
f 180/182/1 340/75/1 310/182/1
f 129/278/1 629/279/1 597/279/1
f 181/187/10 341/76/10 212/76/10
f 809/95/10 351/200/10 841/95/10
f 234/121/9 361/179/9 233/179/9
f 182/186/1 342/77/1 312/186/1
f 131/280/1 631/281/1 599/281/1
f 183/189/10 343/79/10 214/79/10
f 811/100/10 353/202/10 843/100/10
f 236/126/9 363/168/9 235/168/9
f 184/188/1 344/81/1 314/188/1
f 133/282/1 633/283/1 601/283/1
f 185/193/10 345/83/10 216/83/10
f 813/105/10 355/204/10 845/105/10
f 238/131/9 365/156/9 237/156/9
f 186/192/1 346/85/1 316/192/1
f 135/284/1 635/285/1 603/285/1
f 187/195/10 347/87/10 218/87/10
f 815/108/10 357/205/10 847/271/10
f 240/134/9 367/143/9 239/143/9
f 188/194/1 256/32/1 251/194/1
f 137/286/1 637/287/1 605/287/1
f 396/288/1 777/289/1 745/289/1
f 675/290/10 427/291/10 707/290/10
f 394/292/1 775/293/1 743/293/1
f 673/294/10 425/295/10 705/296/10
f 392/297/1 773/298/1 741/298/1
f 671/299/10 423/300/10 703/301/10
f 390/302/1 771/303/1 739/303/1
f 669/304/10 421/305/10 701/306/10
f 388/307/1 769/308/1 737/308/1
f 667/309/10 419/310/10 699/311/10
f 386/312/1 767/313/1 735/313/1
f 664/314/10 417/315/10 697/316/10
f 416/317/1 797/318/1 765/318/1
f 695/319/10 447/320/10 727/321/10
f 447/320/3 728/322/3 727/321/3
f 445/323/3 726/324/3 725/325/3
f 443/326/3 724/327/3 723/328/3
f 441/329/3 722/330/3 721/331/3
f 439/332/3 720/333/3 719/334/3
f 437/335/3 718/336/3 717/337/3
f 435/338/3 716/339/3 715/340/3
f 433/341/3 714/342/3 713/343/3
f 431/344/3 712/345/3 711/346/3
f 429/347/3 710/348/3 709/349/3
f 427/291/3 708/350/3 707/290/3
f 425/295/3 706/351/3 705/296/3
f 423/300/3 704/352/3 703/301/3
f 421/305/3 702/353/3 701/306/3
f 419/310/3 700/354/3 699/311/3
f 417/315/3 698/355/3 697/316/3
f 677/356/10 429/347/10 709/349/10
f 398/357/1 779/358/1 747/358/1
f 679/359/10 431/344/10 711/346/10
f 400/360/1 781/361/1 749/361/1
f 681/362/10 433/341/10 713/343/10
f 402/363/1 783/364/1 751/364/1
f 683/340/10 435/338/10 715/340/10
f 404/365/1 785/366/1 753/366/1
f 414/367/3 695/319/3 694/324/3
f 412/368/3 693/325/3 692/369/3
f 685/370/10 437/335/10 717/337/10
f 410/371/3 691/372/3 690/373/3
f 408/374/3 689/375/3 688/333/3
f 406/376/1 787/377/1 755/377/1
f 406/376/3 687/378/3 686/379/3
f 404/365/3 685/370/3 684/380/3
f 687/378/10 439/332/10 719/334/10
f 402/363/3 683/340/3 682/381/3
f 408/374/1 789/382/1 757/382/1
f 400/360/3 681/362/3 680/383/3
f 398/357/3 679/359/3 678/384/3
f 689/375/10 441/329/10 721/331/10
f 396/288/3 677/356/3 676/385/3
f 410/371/1 791/386/1 759/386/1
f 394/292/3 675/290/3 674/387/3
f 392/297/3 673/294/3 672/352/3
f 691/372/10 443/326/10 723/328/10
f 390/302/3 671/299/3 670/353/3
f 412/368/1 793/388/1 761/388/1
f 388/307/3 669/304/3 668/354/3
f 386/312/3 667/309/3 666/355/3
f 693/325/10 445/323/10 725/325/10
f 660/314/7 384/315/7 664/314/7
f 416/317/3 663/389/3 696/322/3
f 32/20/11 872/21/11 594/21/11
f 414/367/1 795/390/1 763/390/1
f 380/391/1 659/392/1 661/393/1
f 381/394/3 660/314/3 659/395/3
f 380/391/5 734/396/5 730/397/5
f 451/398/5 805/28/5 801/25/5
f 484/399/1 866/148/1 834/148/1
f 482/400/1 864/273/1 832/145/1
f 480/401/1 862/272/1 830/142/1
f 478/402/1 860/139/1 828/139/1
f 476/403/1 858/135/1 826/135/1
f 474/404/1 856/133/1 824/133/1
f 472/405/1 854/128/1 822/128/1
f 470/406/1 852/123/1 820/123/1
f 468/407/1 850/120/1 818/120/1
f 486/408/1 868/31/1 836/31/1
f 456/409/1 838/93/1 806/93/1
f 458/410/1 840/96/1 808/96/1
f 460/411/1 842/101/1 810/101/1
f 462/412/1 844/106/1 812/106/1
f 464/413/1 846/109/1 814/109/1
f 466/414/1 848/115/1 816/115/1
f 744/415/10 497/416/10 776/415/10
f 742/417/10 495/418/10 774/417/10
f 740/419/10 493/420/10 772/419/10
f 738/421/10 491/422/10 770/421/10
f 736/423/10 489/424/10 768/423/10
f 733/425/10 487/426/10 766/425/10
f 764/427/10 517/428/10 796/427/10
f 517/428/3 797/318/3 796/427/3
f 515/429/3 795/390/3 794/430/3
f 513/431/3 793/388/3 792/432/3
f 511/433/3 791/386/3 790/434/3
f 509/435/3 789/382/3 788/436/3
f 507/437/3 787/377/3 786/438/3
f 505/439/3 785/366/3 784/440/3
f 503/441/3 783/364/3 782/442/3
f 501/443/3 781/361/3 780/444/3
f 499/445/3 779/358/3 778/446/3
f 497/416/3 777/289/3 776/415/3
f 495/418/3 775/293/3 774/417/3
f 493/420/3 773/298/3 772/419/3
f 491/422/3 771/303/3 770/421/3
f 489/424/3 769/308/3 768/423/3
f 487/426/3 767/313/3 766/425/3
f 746/446/10 499/445/10 778/446/10
f 748/444/10 501/443/10 780/444/10
f 750/442/10 503/441/10 782/442/10
f 752/440/10 505/439/10 784/440/10
f 484/399/3 764/427/3 763/390/3
f 482/400/3 762/430/3 761/388/3
f 754/438/10 507/437/10 786/438/10
f 480/401/3 760/432/3 759/386/3
f 478/402/3 758/434/3 757/382/3
f 476/403/3 756/436/3 755/377/3
f 474/404/3 754/438/3 753/366/3
f 756/436/10 509/435/10 788/436/10
f 472/405/3 752/440/3 751/364/3
f 470/406/3 750/442/3 749/361/3
f 468/407/3 748/444/3 747/358/3
f 758/434/10 511/433/10 790/434/10
f 466/414/3 746/446/3 745/289/3
f 464/413/3 744/415/3 743/293/3
f 462/412/3 742/417/3 741/298/3
f 760/432/10 513/431/10 792/432/10
f 460/411/3 740/419/3 739/303/3
f 458/410/3 738/421/3 737/308/3
f 456/409/3 736/423/3 735/313/3
f 762/430/10 515/429/10 794/430/10
f 729/425/7 454/426/7 733/425/7
f 486/408/3 732/447/3 765/318/3
f 452/448/1 734/396/1 731/449/1
f 451/398/1 798/450/1 730/397/1
f 449/451/3 729/425/3 798/452/3
f 588/453/3 589/454/3 658/455/3
f 520/456/1 658/457/1 590/21/1
f 521/458/1 594/21/1 591/459/1
f 555/460/3 592/461/3 625/275/3
f 589/454/7 523/462/7 593/454/7
f 622/463/10 584/464/10 654/465/10
f 525/466/3 596/467/3 595/277/3
f 527/468/3 598/469/3 597/279/3
f 529/470/3 600/471/3 599/281/3
f 620/472/10 582/473/10 652/474/10
f 531/475/3 602/476/3 601/283/3
f 533/477/3 604/478/3 603/285/3
f 535/479/3 606/480/3 605/287/3
f 618/481/10 580/482/10 650/483/10
f 537/484/3 608/485/3 607/185/3
f 539/486/3 610/487/3 609/174/3
f 541/488/3 612/489/3 611/163/3
f 616/490/10 578/491/10 648/492/10
f 543/493/3 614/494/3 613/151/3
f 545/495/3 616/490/3 615/137/3
f 547/496/3 618/481/3 617/125/3
f 549/497/3 620/472/3 619/112/3
f 614/494/10 576/498/10 646/499/10
f 551/500/3 622/463/3 621/98/3
f 553/501/3 624/502/3 623/27/3
f 612/489/10 574/503/10 644/504/10
f 610/487/10 572/505/10 642/506/10
f 608/485/10 570/507/10 640/508/10
f 606/480/10 568/509/10 638/510/10
f 556/462/3 627/277/3 626/454/3
f 558/511/3 629/279/3 628/467/3
f 560/512/3 631/281/3 630/469/3
f 562/513/3 633/283/3 632/471/3
f 564/514/3 635/285/3 634/476/3
f 566/515/3 637/287/3 636/516/3
f 568/509/3 639/185/3 638/510/3
f 570/507/3 641/174/3 640/508/3
f 572/505/3 643/163/3 642/506/3
f 574/503/3 645/150/3 644/504/3
f 576/498/3 647/137/3 646/499/3
f 578/491/3 649/125/3 648/492/3
f 580/482/3 651/111/3 650/483/3
f 582/473/3 653/98/3 652/474/3
f 584/464/3 655/27/3 654/465/3
f 586/517/3 657/275/3 656/502/3
f 624/502/10 586/517/10 656/502/10
f 593/454/10 556/462/10 626/454/10
f 596/467/10 558/511/10 628/467/10
f 598/469/10 560/512/10 630/469/10
f 600/471/10 562/513/10 632/471/10
f 602/476/10 564/514/10 634/476/10
f 604/478/10 566/515/10 636/516/10
f 535/479/1 708/350/1 676/385/1
f 533/477/1 706/351/1 674/387/1
f 531/475/1 704/352/1 672/352/1
f 529/470/1 702/353/1 670/353/1
f 527/468/1 700/354/1 668/354/1
f 525/466/1 698/355/1 666/355/1
f 555/460/1 728/322/1 696/322/1
f 537/484/1 710/348/1 678/384/1
f 539/486/1 712/345/1 680/383/1
f 541/488/1 714/342/1 682/381/1
f 543/493/1 716/339/1 684/380/1
f 545/495/1 718/336/1 686/379/1
f 547/496/1 720/333/1 688/333/1
f 549/497/1 722/330/1 690/373/1
f 551/500/1 724/327/1 692/369/1
f 553/501/1 726/324/1 694/324/1
f 520/456/5 665/518/5 661/393/5
f 136/519/10 636/516/10 266/519/10
f 134/520/10 634/476/10 264/520/10
f 132/521/10 632/471/10 262/521/10
f 130/522/10 630/469/10 260/522/10
f 128/523/10 628/467/10 258/523/10
f 24/524/10 626/454/10 254/524/10
f 156/525/10 656/502/10 286/525/10
f 656/502/3 287/274/3 286/525/3
f 654/465/3 285/26/3 284/526/3
f 652/474/3 283/97/3 282/527/3
f 650/483/3 281/110/3 280/528/3
f 648/492/3 279/124/3 278/529/3
f 646/499/3 277/136/3 276/530/3
f 644/504/3 275/149/3 274/531/3
f 642/506/3 273/162/3 272/532/3
f 640/508/3 271/173/3 270/533/3
f 638/510/3 269/184/3 268/534/3
f 636/516/3 267/286/3 266/519/3
f 634/476/3 265/284/3 264/520/3
f 632/471/3 263/282/3 262/521/3
f 630/469/3 261/280/3 260/522/3
f 628/467/3 259/278/3 258/523/3
f 626/454/3 257/276/3 254/524/3
f 138/534/10 638/510/10 268/534/10
f 140/533/10 640/508/10 270/533/10
f 142/532/10 642/506/10 272/532/10
f 144/531/10 644/504/10 274/531/10
f 623/27/3 156/525/3 155/26/3
f 621/98/3 154/526/3 153/97/3
f 146/530/10 646/499/10 276/530/10
f 619/112/3 152/527/3 151/110/3
f 617/125/3 150/528/3 149/124/3
f 615/137/3 148/529/3 147/136/3
f 613/151/3 146/530/3 145/149/3
f 148/529/10 648/492/10 278/529/10
f 611/163/3 144/531/3 143/162/3
f 609/174/3 142/532/3 141/173/3
f 607/185/3 140/533/3 139/184/3
f 150/528/10 650/483/10 280/528/10
f 605/287/3 138/534/3 137/286/3
f 603/285/3 136/519/3 135/284/3
f 601/283/3 134/520/3 133/282/3
f 152/527/10 652/474/10 282/527/10
f 599/281/3 132/521/3 131/280/3
f 597/279/3 130/522/3 129/278/3
f 595/277/3 128/523/3 127/276/3
f 154/526/10 654/465/10 284/526/10
f 15/524/7 593/454/7 24/524/7
f 625/275/3 25/535/3 157/274/3
f 385/536/12 873/537/12 382/537/12
f 590/21/1 12/538/1 11/20/1
f 658/455/3 15/524/3 12/539/3
f 605/287/1 567/479/1 535/479/1
f 603/285/1 565/477/1 533/477/1
f 601/283/1 563/475/1 531/475/1
f 599/281/1 561/470/1 529/470/1
f 597/279/1 559/468/1 527/468/1
f 595/277/1 557/466/1 525/466/1
f 625/275/1 587/460/1 555/460/1
f 607/185/1 569/484/1 537/484/1
f 609/174/1 571/486/1 539/486/1
f 611/163/1 573/488/1 541/488/1
f 613/151/1 575/493/1 543/493/1
f 615/137/1 577/495/1 545/495/1
f 617/125/1 579/496/1 547/496/1
f 619/112/1 581/497/1 549/497/1
f 621/98/1 583/500/1 551/500/1
f 623/27/1 585/501/1 553/501/1
f 590/21/5 524/540/5 520/456/5
f 661/393/5 385/536/5 380/391/5
f 694/324/1 446/367/1 414/367/1
f 692/369/1 444/368/1 412/368/1
f 690/373/1 442/371/1 410/371/1
f 688/333/1 440/374/1 408/374/1
f 686/379/1 438/376/1 406/376/1
f 684/380/1 436/365/1 404/365/1
f 682/381/1 434/363/1 402/363/1
f 680/383/1 432/541/1 400/360/1
f 678/384/1 430/357/1 398/357/1
f 696/322/1 448/317/1 416/317/1
f 666/355/1 418/312/1 386/312/1
f 668/354/1 420/307/1 388/307/1
f 670/353/1 422/302/1 390/302/1
f 672/352/1 424/297/1 392/297/1
f 674/387/1 426/292/1 394/292/1
f 676/385/1 428/288/1 396/288/1
f 659/395/3 519/462/3 588/453/3
f 661/393/1 588/542/1 520/456/1
f 662/543/1 524/540/1 521/458/1
f 696/322/3 522/544/3 555/460/3
f 519/462/7 664/314/7 523/462/7
f 552/464/10 725/325/10 584/464/10
f 666/355/3 526/511/3 525/466/3
f 668/354/3 528/512/3 527/468/3
f 670/353/3 530/513/3 529/470/3
f 550/473/10 723/328/10 582/473/10
f 672/352/3 532/514/3 531/475/3
f 674/387/3 534/515/3 533/477/3
f 676/385/3 536/509/3 535/479/3
f 548/482/10 721/331/10 580/482/10
f 678/384/3 538/507/3 537/484/3
f 680/383/3 540/505/3 539/486/3
f 682/381/3 542/503/3 541/488/3
f 546/491/10 719/334/10 578/491/10
f 684/380/3 544/498/3 543/493/3
f 686/379/3 546/491/3 545/495/3
f 688/333/3 548/482/3 547/496/3
f 690/373/3 550/473/3 549/497/3
f 544/498/10 717/337/10 576/498/10
f 692/369/3 552/464/3 551/500/3
f 694/324/3 554/517/3 553/501/3
f 542/503/10 715/340/10 574/503/10
f 540/505/10 713/343/10 572/505/10
f 538/507/10 711/346/10 570/507/10
f 536/509/10 709/349/10 568/509/10
f 697/316/3 557/466/3 556/462/3
f 699/311/3 559/468/3 558/511/3
f 701/306/3 561/470/3 560/512/3
f 703/301/3 563/475/3 562/513/3
f 705/296/3 565/477/3 564/514/3
f 707/290/3 567/479/3 566/515/3
f 709/349/3 569/484/3 568/509/3
f 711/346/3 571/486/3 570/507/3
f 713/343/3 573/488/3 572/505/3
f 715/340/3 575/493/3 574/503/3
f 717/337/3 577/495/3 576/498/3
f 719/334/3 579/496/3 578/491/3
f 721/331/3 581/497/3 580/482/3
f 723/328/3 583/500/3 582/473/3
f 725/325/3 585/501/3 584/464/3
f 727/321/3 587/460/3 586/517/3
f 554/517/10 727/321/10 586/517/10
f 523/462/10 697/316/10 556/462/10
f 526/511/10 699/311/10 558/511/10
f 528/512/10 701/306/10 560/512/10
f 530/513/10 703/301/10 562/513/10
f 532/514/10 705/296/10 564/514/10
f 534/515/10 707/290/10 566/515/10
f 798/452/3 379/315/3 381/394/3
f 730/397/1 381/545/1 380/391/1
f 731/449/1 385/536/1 382/537/1
f 765/318/3 383/546/3 416/317/3
f 379/315/7 733/425/7 384/315/7
f 413/323/10 794/430/10 445/323/10
f 735/313/3 387/310/3 386/312/3
f 737/308/3 389/305/3 388/307/3
f 739/303/3 391/300/3 390/302/3
f 411/326/10 792/432/10 443/326/10
f 741/298/3 393/295/3 392/297/3
f 743/293/3 395/291/3 394/292/3
f 745/289/3 397/347/3 396/288/3
f 409/329/10 790/434/10 441/329/10
f 747/358/3 399/344/3 398/357/3
f 749/361/3 401/341/3 400/360/3
f 751/364/3 403/338/3 402/363/3
f 407/332/10 788/436/10 439/332/10
f 753/366/3 405/335/3 404/365/3
f 755/377/3 407/332/3 406/376/3
f 757/382/3 409/329/3 408/374/3
f 759/386/3 411/326/3 410/371/3
f 405/335/10 786/438/10 437/335/10
f 761/388/3 413/323/3 412/368/3
f 763/390/3 415/320/3 414/367/3
f 403/338/10 784/440/10 435/338/10
f 401/341/10 782/442/10 433/341/10
f 399/344/10 780/444/10 431/344/10
f 397/347/10 778/446/10 429/347/10
f 766/425/3 418/312/3 417/315/3
f 768/423/3 420/307/3 419/310/3
f 770/421/3 422/302/3 421/305/3
f 772/419/3 424/297/3 423/300/3
f 774/417/3 426/292/3 425/295/3
f 776/415/3 428/288/3 427/291/3
f 778/446/3 430/357/3 429/347/3
f 780/444/3 432/541/3 431/344/3
f 782/442/3 434/363/3 433/341/3
f 784/440/3 436/365/3 435/338/3
f 786/438/3 438/376/3 437/335/3
f 788/436/3 440/374/3 439/332/3
f 790/434/3 442/371/3 441/329/3
f 792/432/3 444/368/3 443/326/3
f 794/430/3 446/367/3 445/323/3
f 796/427/3 448/317/3 447/320/3
f 415/320/10 796/427/10 447/320/10
f 384/315/10 766/425/10 417/315/10
f 387/310/10 768/423/10 419/310/10
f 389/305/10 770/421/10 421/305/10
f 391/300/10 772/419/10 423/300/10
f 393/295/10 774/417/10 425/295/10
f 395/291/10 776/415/10 427/291/10
f 730/397/5 455/547/5 451/398/5
f 763/390/1 516/399/1 484/399/1
f 761/388/1 514/400/1 482/400/1
f 759/386/1 512/401/1 480/401/1
f 757/382/1 510/402/1 478/402/1
f 755/377/1 508/403/1 476/403/1
f 753/366/1 506/404/1 474/404/1
f 751/364/1 504/405/1 472/405/1
f 749/361/1 502/406/1 470/406/1
f 747/358/1 500/407/1 468/407/1
f 765/318/1 518/408/1 486/408/1
f 735/313/1 488/409/1 456/409/1
f 737/308/1 490/410/1 458/410/1
f 739/303/1 492/411/1 460/411/1
f 741/298/1 494/412/1 462/412/1
f 743/293/1 496/413/1 464/413/1
f 745/289/1 498/414/1 466/414/1
f 816/115/1 358/113/1 230/113/1
f 814/109/1 356/107/1 228/107/1
f 812/106/1 354/104/1 226/104/1
f 810/101/1 352/99/1 224/99/1
f 808/96/1 350/94/1 222/94/1
f 806/93/1 348/91/1 220/91/1
f 836/31/1 378/13/1 250/13/1
f 818/120/1 360/118/1 232/118/1
f 820/123/1 362/121/1 234/121/1
f 822/128/1 364/126/1 236/126/1
f 824/133/1 366/131/1 238/131/1
f 826/135/1 368/134/1 240/134/1
f 828/139/1 370/138/1 242/138/1
f 830/142/1 372/141/1 244/141/1
f 832/145/1 374/144/1 246/144/1
f 834/148/1 376/146/1 248/146/1
f 801/25/5 33/3/5 21/3/5
f 465/416/10 847/271/10 497/416/10
f 463/418/10 845/105/10 495/418/10
f 461/420/10 843/100/10 493/420/10
f 459/422/10 841/95/10 491/422/10
f 457/424/10 839/92/10 489/424/10
f 454/426/10 837/33/10 487/426/10
f 485/428/10 867/147/10 517/428/10
f 867/147/3 518/408/3 517/428/3
f 865/89/3 516/399/3 515/429/3
f 863/102/3 514/400/3 513/431/3
f 861/116/3 512/401/3 511/433/3
f 859/129/3 510/402/3 509/435/3
f 857/132/3 508/403/3 507/437/3
f 855/157/3 506/404/3 505/439/3
f 853/122/3 504/405/3 503/441/3
f 851/119/3 502/406/3 501/443/3
f 849/191/3 500/407/3 499/445/3
f 847/271/3 498/414/3 497/416/3
f 845/105/3 496/413/3 495/418/3
f 843/100/3 494/412/3 493/420/3
f 841/95/3 492/411/3 491/422/3
f 839/92/3 490/410/3 489/424/3
f 837/33/3 488/409/3 487/426/3
f 467/445/10 849/191/10 499/445/10
f 469/443/10 851/119/10 501/443/10
f 471/441/10 853/122/10 503/441/10
f 473/548/10 855/157/10 505/439/10
f 834/148/3 485/428/3 484/399/3
f 832/145/3 483/429/3 482/400/3
f 475/437/10 857/132/10 507/437/10
f 830/142/3 481/431/3 480/401/3
f 828/139/3 479/433/3 478/402/3
f 826/135/3 477/435/3 476/403/3
f 824/133/3 475/437/3 474/404/3
f 477/435/10 859/129/10 509/435/10
f 822/128/3 473/548/3 472/405/3
f 820/123/3 471/441/3 470/406/3
f 818/120/3 469/443/3 468/407/3
f 479/433/10 861/116/10 511/433/10
f 816/115/3 467/445/3 466/414/3
f 814/109/3 465/416/3 464/413/3
f 812/106/3 463/418/3 462/412/3
f 481/431/10 863/102/10 513/431/10
f 810/101/3 461/420/3 460/411/3
f 808/96/3 459/422/3 458/410/3
f 806/93/3 457/424/3 456/409/3
f 483/429/10 865/89/10 515/429/10
f 450/426/7 804/33/7 454/426/7
f 836/31/3 453/549/3 486/408/3
f 805/28/12 875/29/12 802/29/12
f 801/25/1 449/550/1 451/398/1
f 799/23/3 450/426/3 449/451/3
f 873/537/1 880/518/1 879/543/1
f 869/459/1 871/20/1 870/551/1
f 875/29/1 878/547/1 876/448/1
f 455/547/11 877/28/11 805/28/11
f 594/21/12 869/459/12 591/459/12
f 662/543/2 880/518/2 665/518/2
f 452/448/2 878/547/2 455/547/2
f 665/518/11 874/536/11 385/536/11
f 885/2/1 883/1/1 887/3/1
f 883/5/2 882/4/2 884/6/2
f 886/552/11 881/553/11 885/554/11
f 884/6/13 897/5/13 883/5/13
f 897/1/14 887/3/14 883/1/14
f 890/4/6 884/6/6 882/4/6
f 886/552/15 890/555/15 882/555/15
f 887/3/8 899/2/8 885/2/8
f 899/554/16 886/552/16 885/554/16
f 894/556/11 938/557/11 1000/558/11
f 896/6/2 908/14/2 969/15/2
f 1093/558/16 894/556/16 1000/558/16
f 9/16/2 896/6/2 8/17/2
f 898/3/1 9/18/1 10/19/1
f 1401/21/14 888/20/14 1398/21/14
f 1605/559/11 899/554/11 1604/560/11
f 905/6/6 8/17/6 896/6/6
f 1604/24/1 898/3/1 1606/25/1
f 1462/561/1 1029/562/1 1430/561/1
f 1609/28/1 23/19/1 802/29/1
f 1607/563/11 1093/558/11 1640/564/11
f 969/15/13 905/6/13 896/6/13
f 1605/559/15 904/552/15 895/552/15
f 10/19/8 907/3/8 898/3/8
f 893/34/13 1032/35/13 939/36/13
f 939/36/13 1033/37/13 940/37/13
f 940/37/13 1034/38/13 941/39/13
f 941/39/13 1035/40/13 942/41/13
f 942/41/13 1036/42/13 943/43/13
f 943/43/13 1037/44/13 944/45/13
f 944/45/13 1038/46/13 945/47/13
f 945/47/13 1039/48/13 946/49/13
f 946/49/13 1040/50/13 947/51/13
f 947/51/13 1041/52/13 948/53/13
f 948/53/13 1042/54/13 949/55/13
f 949/55/13 1043/56/13 950/57/13
f 950/57/13 1044/58/13 951/58/13
f 951/58/13 1045/59/13 952/60/13
f 952/60/13 1046/61/13 953/62/13
f 953/62/13 1047/63/13 954/64/13
f 954/64/13 1048/65/13 955/66/13
f 955/66/13 1049/67/13 956/67/13
f 956/67/13 1050/68/13 957/69/13
f 957/69/13 1051/70/13 958/71/13
f 958/71/13 1052/72/13 959/73/13
f 959/73/13 1053/74/13 960/74/13
f 960/74/13 1054/75/13 961/75/13
f 961/75/13 1055/76/13 962/76/13
f 962/76/13 1056/77/13 963/78/13
f 963/78/13 1057/79/13 964/80/13
f 964/80/13 1058/81/13 965/82/13
f 965/82/13 1059/83/13 966/84/13
f 966/84/13 1060/85/13 967/86/13
f 967/86/13 1061/87/13 968/88/13
f 968/88/13 1062/32/13 969/15/13
f 1637/565/10 1186/566/10 1090/566/10
f 1611/567/11 1063/568/11 1610/569/11
f 1145/65/13 1049/67/13 1048/65/13
f 1613/570/11 1065/571/11 1612/572/11
f 1460/573/1 1027/574/1 1428/573/1
f 1615/575/11 1067/576/11 1614/577/11
f 1635/578/10 1184/579/10 1088/579/10
f 1617/580/11 1069/581/11 1616/582/11
f 1143/61/13 1047/63/13 1046/61/13
f 1619/583/11 1071/584/11 1618/585/11
f 1458/586/1 1025/587/1 1426/588/1
f 1621/589/11 1073/590/11 1620/591/11
f 1633/592/10 1182/593/10 1086/593/10
f 1623/594/11 1075/595/11 1622/596/11
f 1141/58/13 1045/59/13 1044/58/13
f 1625/597/11 1077/598/11 1624/599/11
f 1456/600/1 1023/601/1 1424/600/1
f 1627/602/11 1079/603/11 1626/604/11
f 1631/605/10 1180/606/10 1084/606/10
f 1629/607/11 1081/608/11 1628/609/11
f 1139/54/13 1043/56/13 1042/54/13
f 1631/605/11 1083/610/11 1630/611/11
f 1454/612/1 1021/613/1 1422/612/1
f 1633/592/11 1085/614/11 1632/615/11
f 1188/616/16 1093/558/16 1092/616/16
f 1635/578/11 1087/617/11 1634/618/11
f 1629/607/10 1178/619/10 1082/619/10
f 1637/565/11 1089/620/11 1636/621/11
f 1137/50/13 1041/52/13 1040/50/13
f 1639/622/11 1091/623/11 1638/624/11
f 1452/625/1 1019/626/1 1420/627/1
f 158/152/2 902/34/2 27/153/2
f 1186/566/16 1091/623/16 1090/566/16
f 160/154/2 1033/37/2 159/155/2
f 1627/602/10 1176/628/10 1080/628/10
f 162/158/2 1035/40/2 161/159/2
f 1135/46/13 1039/48/13 1038/46/13
f 164/160/2 1037/44/2 163/161/2
f 1450/629/1 1017/630/1 1418/629/1
f 166/164/2 1039/48/2 165/165/2
f 1184/579/16 1089/620/16 1088/579/16
f 168/166/2 1041/52/2 167/167/2
f 1625/597/10 1174/631/10 1078/631/10
f 170/169/2 1043/56/2 169/170/2
f 1133/42/13 1037/44/13 1036/42/13
f 172/171/2 1045/59/2 171/172/2
f 1448/632/1 1015/633/1 1416/632/1
f 174/175/2 1047/63/2 173/176/2
f 1182/593/16 1087/617/16 1086/593/16
f 176/177/2 1049/67/2 175/178/2
f 1623/594/10 1172/634/10 1076/634/10
f 178/180/2 1051/70/2 177/181/2
f 1131/38/13 1035/40/13 1034/38/13
f 180/182/2 1053/74/2 179/183/2
f 1446/635/1 1013/636/1 1414/635/1
f 182/186/2 1055/76/2 181/187/2
f 1180/606/16 1085/614/16 1084/606/16
f 184/188/2 1057/79/2 183/189/2
f 1621/589/10 1170/637/10 1074/637/10
f 186/192/2 1059/83/2 185/193/2
f 1129/35/13 1033/37/13 1032/35/13
f 188/194/2 1061/87/2 187/195/2
f 904/552/16 970/568/16 895/552/16
f 1063/568/16 971/638/16 970/568/16
f 1064/638/16 972/639/16 971/638/16
f 1065/571/16 973/640/16 972/639/16
f 1066/641/16 974/642/16 973/640/16
f 1067/576/16 975/643/16 974/642/16
f 1068/644/16 976/581/16 975/643/16
f 1069/581/16 977/645/16 976/581/16
f 1070/646/16 978/584/16 977/645/16
f 1071/584/16 979/647/16 978/584/16
f 1072/647/16 980/590/16 979/647/16
f 1073/590/16 981/637/16 980/590/16
f 1074/637/16 982/595/16 981/637/16
f 1075/595/16 983/634/16 982/595/16
f 1076/634/16 984/598/16 983/634/16
f 1077/598/16 985/631/16 984/598/16
f 1078/631/16 986/603/16 985/631/16
f 1079/603/16 987/648/16 986/603/16
f 1080/628/16 988/608/16 987/648/16
f 1081/608/16 989/619/16 988/608/16
f 1082/619/16 990/610/16 989/619/16
f 1083/610/16 991/606/16 990/610/16
f 1084/606/16 992/614/16 991/606/16
f 1085/614/16 993/593/16 992/614/16
f 1086/593/16 994/649/16 993/593/16
f 1087/617/16 995/650/16 994/649/16
f 1088/579/16 996/651/16 995/650/16
f 1089/620/16 997/566/16 996/651/16
f 1090/566/16 998/652/16 997/566/16
f 1091/623/16 999/616/16 998/652/16
f 1092/616/16 1000/558/16 999/616/16
f 939/36/2 891/211/2 893/34/2
f 940/37/2 938/212/2 939/36/2
f 941/39/2 937/213/2 940/37/2
f 942/41/2 936/214/2 941/39/2
f 943/43/2 935/215/2 942/41/2
f 944/45/2 934/216/2 943/43/2
f 945/47/2 933/217/2 944/45/2
f 946/49/2 932/218/2 945/47/2
f 947/51/2 931/219/2 946/49/2
f 948/53/2 930/220/2 947/51/2
f 949/55/2 929/221/2 948/53/2
f 950/57/2 928/222/2 949/55/2
f 951/58/2 927/223/2 950/57/2
f 952/60/2 926/224/2 951/58/2
f 953/62/2 925/225/2 952/60/2
f 954/64/2 924/226/2 953/62/2
f 955/66/2 923/227/2 954/64/2
f 956/67/2 922/228/2 955/66/2
f 957/69/2 921/229/2 956/67/2
f 958/71/2 920/230/2 957/69/2
f 959/73/2 919/231/2 958/71/2
f 960/74/2 918/232/2 959/73/2
f 961/75/2 917/233/2 960/74/2
f 962/76/2 916/234/2 961/75/2
f 963/78/2 915/235/2 962/76/2
f 963/78/2 913/236/2 914/653/2
f 964/80/2 912/237/2 913/236/2
f 965/82/2 911/238/2 912/237/2
f 967/86/2 911/238/2 966/84/2
f 968/88/2 910/239/2 967/86/2
f 969/15/2 909/240/2 968/88/2
f 970/568/11 890/555/11 895/552/11
f 971/638/11 908/654/11 970/568/11
f 972/639/11 909/655/11 971/638/11
f 973/640/11 910/656/11 972/639/11
f 974/642/11 911/657/11 973/640/11
f 975/643/11 912/658/11 974/642/11
f 976/581/11 913/659/11 975/643/11
f 977/645/11 914/660/11 976/581/11
f 978/584/11 915/661/11 977/645/11
f 979/647/11 916/662/11 978/584/11
f 980/590/11 917/663/11 979/647/11
f 981/637/11 918/664/11 980/590/11
f 982/595/11 919/665/11 981/637/11
f 983/634/11 920/666/11 982/595/11
f 984/598/11 921/667/11 983/634/11
f 985/631/11 922/668/11 984/598/11
f 986/603/11 923/669/11 985/631/11
f 987/648/11 924/670/11 986/603/11
f 988/608/11 925/671/11 987/648/11
f 989/619/11 926/672/11 988/608/11
f 990/610/11 927/673/11 989/619/11
f 991/606/11 928/674/11 990/610/11
f 992/614/11 929/675/11 991/606/11
f 993/593/11 930/676/11 992/614/11
f 994/649/11 931/677/11 993/593/11
f 995/650/11 932/678/11 994/649/11
f 996/651/11 933/679/11 995/650/11
f 997/566/11 934/680/11 996/651/11
f 998/652/11 935/681/11 997/566/11
f 999/616/11 936/682/11 998/652/11
f 1000/558/11 937/683/11 999/616/11
f 252/17/2 1097/32/2 251/194/2
f 1642/569/11 1094/552/11 1641/684/11
f 1644/572/11 1160/638/11 1643/567/11
f 1646/577/11 1162/641/11 1645/570/11
f 1648/582/11 1164/644/11 1647/575/11
f 1650/585/11 1166/646/11 1649/580/11
f 1652/591/11 1168/647/11 1651/685/11
f 1654/596/11 1170/637/11 1653/686/11
f 1656/599/11 1172/634/11 1655/594/11
f 1658/604/11 1174/631/11 1657/597/11
f 1660/609/11 1176/628/11 1659/687/11
f 1662/611/11 1178/619/11 1661/607/11
f 1664/615/11 1180/606/11 1663/605/11
f 1666/688/11 1182/593/11 1665/592/11
f 1668/689/11 1184/579/11 1667/578/11
f 1670/624/11 1186/566/11 1669/565/11
f 1672/564/11 1188/616/11 1671/622/11
f 289/155/2 1129/35/2 288/152/2
f 291/159/2 1131/38/2 290/154/2
f 293/161/2 1133/42/2 292/158/2
f 295/165/2 1135/46/2 294/160/2
f 297/167/2 1137/50/2 296/164/2
f 299/170/2 1139/54/2 298/166/2
f 301/172/2 1141/58/2 300/169/2
f 303/176/2 1143/61/2 302/171/2
f 305/178/2 1145/65/2 304/175/2
f 307/181/2 1147/68/2 306/177/2
f 309/183/2 1149/72/2 308/180/2
f 311/187/2 1151/75/2 310/182/2
f 313/189/2 1153/77/2 312/186/2
f 315/193/2 1155/81/2 314/188/2
f 317/195/2 1157/85/2 316/192/2
f 1147/68/13 1051/70/13 1050/68/13
f 1639/622/10 1188/616/10 1092/616/10
f 1464/690/1 1031/691/1 1432/690/1
f 1149/72/13 1053/74/13 1052/72/13
f 158/152/1 1129/35/1 1032/35/1
f 1130/37/10 159/155/10 1033/37/10
f 1151/75/13 1055/76/13 1054/75/13
f 160/154/1 1131/38/1 1034/38/1
f 1132/40/10 161/159/10 1035/40/10
f 1153/77/13 1057/79/13 1056/77/13
f 162/158/1 1133/42/1 1036/42/1
f 1134/44/10 163/161/10 1037/44/10
f 1155/81/13 1059/83/13 1058/81/13
f 164/160/1 1135/46/1 1038/46/1
f 1136/48/10 165/165/10 1039/48/10
f 1157/85/13 1061/87/13 1060/85/13
f 166/164/1 1137/50/1 1040/50/1
f 1138/52/10 167/167/10 1041/52/10
f 1094/552/16 1063/568/16 904/552/16
f 168/166/1 1139/54/1 1042/54/1
f 1140/56/10 169/170/10 1043/56/10
f 1160/638/16 1065/571/16 1064/638/16
f 170/169/1 1141/58/1 1044/58/1
f 1142/59/10 171/172/10 1045/59/10
f 1162/641/16 1067/576/16 1066/641/16
f 172/171/1 1143/61/1 1046/61/1
f 1144/63/10 173/176/10 1047/63/10
f 1164/644/16 1069/581/16 1068/644/16
f 174/175/1 1145/65/1 1048/65/1
f 1146/67/10 175/178/10 1049/67/10
f 1166/646/16 1071/584/16 1070/646/16
f 176/177/1 1147/68/1 1050/68/1
f 1608/684/10 1094/552/10 904/552/10
f 1148/70/10 177/181/10 1051/70/10
f 1096/6/10 29/17/10 905/6/10
f 1168/647/16 1073/590/16 1072/647/16
f 178/180/1 1149/72/1 1052/72/1
f 1434/692/1 1001/693/1 1402/692/1
f 1150/74/10 179/183/10 1053/74/10
f 1097/32/13 905/6/13 1062/32/13
f 1611/567/10 1160/638/10 1064/638/10
f 1170/637/16 1075/595/16 1074/637/16
f 180/182/1 1151/75/1 1054/75/1
f 1436/694/1 1003/695/1 1404/694/1
f 1152/76/10 181/187/10 1055/76/10
f 1613/570/10 1162/641/10 1066/641/10
f 1172/634/16 1077/598/16 1076/634/16
f 182/186/1 1153/77/1 1056/77/1
f 1438/696/1 1005/697/1 1406/696/1
f 1154/79/10 183/189/10 1057/79/10
f 1615/575/10 1164/644/10 1068/644/10
f 1174/631/16 1079/603/16 1078/631/16
f 184/188/1 1155/81/1 1058/81/1
f 1440/698/1 1007/699/1 1408/698/1
f 1156/83/10 185/193/10 1059/83/10
f 1617/580/10 1166/646/10 1070/646/10
f 1176/628/16 1081/608/16 1080/628/16
f 186/192/1 1157/85/1 1060/85/1
f 1442/700/1 1009/701/1 1410/700/1
f 1158/87/10 187/195/10 1061/87/10
f 1619/583/10 1168/647/10 1072/647/10
f 1178/619/16 1083/610/16 1082/619/16
f 188/194/1 1097/32/1 1062/32/1
f 1444/702/1 1011/703/1 1412/702/1
f 1582/704/1 1206/705/1 1550/704/1
f 1481/706/10 1237/707/10 1205/707/10
f 1580/708/1 1204/709/1 1548/708/1
f 1479/710/10 1235/711/10 1203/711/10
f 1578/712/1 1202/713/1 1546/712/1
f 1477/714/10 1233/715/10 1201/715/10
f 1576/716/1 1200/717/1 1544/716/1
f 1475/718/10 1231/719/10 1199/719/10
f 1574/720/1 1198/721/1 1542/720/1
f 1473/722/10 1229/723/10 1197/723/10
f 1572/724/1 1196/725/1 1540/724/1
f 1470/726/10 1227/727/10 1194/727/10
f 1602/728/1 1226/729/1 1570/728/1
f 1501/730/10 1257/731/10 1225/731/10
f 1534/732/11 1257/731/11 1533/733/11
f 1532/734/11 1255/735/11 1531/736/11
f 1530/737/11 1253/738/11 1529/739/11
f 1528/740/11 1251/741/11 1527/742/11
f 1526/743/11 1249/744/11 1525/745/11
f 1524/746/11 1247/747/11 1523/748/11
f 1522/749/11 1245/750/11 1521/751/11
f 1520/752/11 1243/753/11 1519/754/11
f 1518/755/11 1241/756/11 1517/757/11
f 1516/758/11 1239/759/11 1515/760/11
f 1514/761/11 1237/707/11 1513/706/11
f 1512/762/11 1235/711/11 1511/763/11
f 1510/764/11 1233/715/11 1509/765/11
f 1508/766/11 1231/719/11 1507/767/11
f 1506/768/11 1229/723/11 1505/769/11
f 1504/770/11 1227/727/11 1503/771/11
f 1483/772/10 1239/759/10 1207/759/10
f 1584/773/1 1208/774/1 1552/773/1
f 1485/775/10 1241/756/10 1209/756/10
f 1586/776/1 1210/777/1 1554/776/1
f 1487/778/10 1243/753/10 1211/753/10
f 1588/779/1 1212/780/1 1556/779/1
f 1489/751/10 1245/750/10 1213/750/10
f 1590/781/1 1214/782/1 1558/781/1
f 1501/730/11 1224/783/11 1500/734/11
f 1499/736/11 1222/784/11 1498/785/11
f 1491/786/10 1247/747/10 1215/747/10
f 1497/787/11 1220/788/11 1496/789/11
f 1495/790/11 1218/791/11 1494/743/11
f 1592/792/1 1216/793/1 1560/792/1
f 1493/794/11 1216/793/11 1492/795/11
f 1491/786/11 1214/782/11 1490/796/11
f 1493/794/10 1249/744/10 1217/744/10
f 1489/751/11 1212/780/11 1488/797/11
f 1594/798/1 1218/791/1 1562/798/1
f 1487/778/11 1210/777/11 1486/799/11
f 1485/775/11 1208/774/11 1484/800/11
f 1495/790/10 1251/741/10 1219/741/10
f 1483/772/11 1206/705/11 1482/801/11
f 1596/802/1 1220/788/1 1564/802/1
f 1481/706/11 1204/709/11 1480/803/11
f 1479/710/11 1202/713/11 1478/764/11
f 1497/787/10 1253/738/10 1221/738/10
f 1477/714/11 1200/717/11 1476/766/11
f 1598/804/1 1222/784/1 1566/804/1
f 1475/718/11 1198/721/11 1474/768/11
f 1473/722/11 1196/725/11 1472/770/11
f 1499/736/10 1255/735/10 1223/735/10
f 1467/726/15 1194/727/15 1190/727/15
f 1469/805/11 1226/729/11 1502/732/11
f 1674/21/3 906/20/3 1401/21/3
f 1600/806/1 1224/783/1 1568/806/1
f 1466/392/1 1191/391/1 1468/393/1
f 1467/726/11 1192/807/11 1466/808/11
f 1539/396/14 1191/391/14 1536/397/14
f 1609/28/14 1261/398/14 1606/25/14
f 1670/624/1 1293/809/1 1638/624/1
f 1668/689/1 1291/810/1 1636/621/1
f 1666/688/1 1289/811/1 1634/618/1
f 1664/615/1 1287/812/1 1632/615/1
f 1662/611/1 1285/813/1 1630/611/1
f 1660/609/1 1283/814/1 1628/609/1
f 1658/604/1 1281/815/1 1626/604/1
f 1656/599/1 1279/816/1 1624/599/1
f 1654/596/1 1277/817/1 1622/596/1
f 1672/564/1 1295/818/1 1640/564/1
f 1642/569/1 1265/819/1 1610/569/1
f 1644/572/1 1267/820/1 1612/572/1
f 1646/577/1 1269/821/1 1614/577/1
f 1648/582/1 1271/822/1 1616/582/1
f 1650/585/1 1273/823/1 1618/585/1
f 1652/591/1 1275/824/1 1620/591/1
f 1549/825/10 1306/826/10 1274/826/10
f 1547/827/10 1304/828/10 1272/828/10
f 1545/829/10 1302/830/10 1270/830/10
f 1543/831/10 1300/832/10 1268/832/10
f 1541/833/10 1298/834/10 1266/834/10
f 1538/835/10 1296/836/10 1263/836/10
f 1569/837/10 1326/838/10 1294/838/10
f 1602/728/11 1326/838/11 1601/837/11
f 1600/806/11 1324/839/11 1599/840/11
f 1598/804/11 1322/841/11 1597/842/11
f 1596/802/11 1320/843/11 1595/844/11
f 1594/798/11 1318/845/11 1593/846/11
f 1592/792/11 1316/847/11 1591/848/11
f 1590/781/11 1314/849/11 1589/850/11
f 1588/779/11 1312/851/11 1587/852/11
f 1586/776/11 1310/853/11 1585/854/11
f 1584/773/11 1308/855/11 1583/856/11
f 1582/704/11 1306/826/11 1581/825/11
f 1580/708/11 1304/828/11 1579/827/11
f 1578/712/11 1302/830/11 1577/829/11
f 1576/716/11 1300/832/11 1575/831/11
f 1574/720/11 1298/834/11 1573/833/11
f 1572/724/11 1296/836/11 1571/835/11
f 1551/856/10 1308/855/10 1276/855/10
f 1553/854/10 1310/853/10 1278/853/10
f 1555/852/10 1312/851/10 1280/851/10
f 1557/850/10 1314/849/10 1282/857/10
f 1569/837/11 1293/809/11 1568/806/11
f 1567/840/11 1291/810/11 1566/804/11
f 1559/848/10 1316/847/10 1284/847/10
f 1565/842/11 1289/811/11 1564/802/11
f 1563/844/11 1287/812/11 1562/798/11
f 1561/846/11 1285/813/11 1560/792/11
f 1559/848/11 1283/814/11 1558/781/11
f 1561/846/10 1318/845/10 1286/845/10
f 1557/850/11 1281/815/11 1556/779/11
f 1555/852/11 1279/816/11 1554/776/11
f 1553/854/11 1277/817/11 1552/773/11
f 1563/844/10 1320/843/10 1288/843/10
f 1551/856/11 1275/824/11 1550/704/11
f 1549/825/11 1273/823/11 1548/708/11
f 1547/827/11 1271/822/11 1546/712/11
f 1565/842/10 1322/841/10 1290/841/10
f 1545/829/11 1269/821/11 1544/716/11
f 1543/831/11 1267/820/11 1542/720/11
f 1541/833/11 1265/819/11 1540/724/11
f 1567/840/10 1324/839/10 1292/839/10
f 1535/835/15 1263/836/15 1260/836/15
f 1537/858/11 1295/818/11 1570/728/11
f 1539/396/1 452/448/1 731/449/1
f 1603/450/1 1261/398/1 1536/397/1
f 1535/835/11 1259/859/11 1603/860/11
f 1397/861/11 1396/862/11 1465/863/11
f 1465/457/1 1329/456/1 1398/21/1
f 1401/21/1 521/458/1 591/459/1
f 1399/864/11 1363/865/11 1432/690/11
f 1397/861/15 1331/866/15 1328/866/15
f 1429/867/10 1392/868/10 1360/868/10
f 1403/869/11 1333/870/11 1402/692/11
f 1405/871/11 1335/872/11 1404/694/11
f 1407/873/11 1337/874/11 1406/696/11
f 1427/875/10 1390/876/10 1358/876/10
f 1409/877/11 1339/878/11 1408/698/11
f 1411/879/11 1341/880/11 1410/700/11
f 1413/881/11 1343/882/11 1412/702/11
f 1425/883/10 1388/884/10 1356/884/10
f 1415/885/11 1345/886/11 1414/635/11
f 1417/887/11 1347/888/11 1416/632/11
f 1419/889/11 1349/890/11 1418/629/11
f 1423/891/10 1386/892/10 1354/892/10
f 1421/893/11 1351/894/11 1420/627/11
f 1423/891/11 1353/895/11 1422/612/11
f 1425/883/11 1355/896/11 1424/600/11
f 1427/875/11 1357/897/11 1426/588/11
f 1421/893/10 1384/898/10 1352/898/10
f 1429/867/11 1359/899/11 1428/573/11
f 1431/900/11 1361/901/11 1430/561/11
f 1419/889/10 1382/902/10 1350/902/10
f 1417/887/10 1380/903/10 1348/903/10
f 1415/885/10 1378/904/10 1346/904/10
f 1413/881/10 1376/905/10 1344/905/10
f 1434/692/11 1364/866/11 1433/861/11
f 1436/694/11 1366/906/11 1435/869/11
f 1438/696/11 1368/907/11 1437/871/11
f 1440/698/11 1370/908/11 1439/873/11
f 1442/700/11 1372/909/11 1441/877/11
f 1444/702/11 1374/910/11 1443/911/11
f 1446/635/11 1376/905/11 1445/912/11
f 1448/632/11 1378/904/11 1447/913/11
f 1450/629/11 1380/903/11 1449/914/11
f 1452/625/11 1382/902/11 1451/915/11
f 1454/612/11 1384/898/11 1453/916/11
f 1456/600/11 1386/892/11 1455/917/11
f 1458/586/11 1388/884/11 1457/918/11
f 1460/573/11 1390/876/11 1459/919/11
f 1462/561/11 1392/868/11 1461/920/11
f 1464/690/11 1394/921/11 1463/900/11
f 1431/900/10 1394/921/10 1362/921/10
f 1400/861/10 1364/866/10 1331/866/10
f 1403/869/10 1366/906/10 1334/906/10
f 1405/871/10 1368/907/10 1336/907/10
f 1407/873/10 1370/908/10 1338/908/10
f 1409/877/10 1372/909/10 1340/909/10
f 1411/879/10 1374/910/10 1342/910/10
f 1514/761/1 1343/882/1 1482/801/1
f 1512/762/1 1341/880/1 1480/803/1
f 1510/764/1 1339/878/1 1478/764/1
f 1508/766/1 1337/874/1 1476/766/1
f 1506/768/1 1335/872/1 1474/768/1
f 1504/770/1 1333/870/1 1472/770/1
f 1534/732/1 1363/865/1 1502/732/1
f 1516/758/1 1345/886/1 1484/800/1
f 1518/755/1 1347/888/1 1486/799/1
f 1520/752/1 1349/890/1 1488/797/1
f 1522/749/1 1351/894/1 1490/796/1
f 1524/746/1 1353/895/1 1492/795/1
f 1526/743/1 1355/896/1 1494/743/1
f 1528/740/1 1357/897/1 1496/789/1
f 1530/737/1 1359/899/1 1498/785/1
f 1532/734/1 1361/901/1 1500/734/1
f 1471/518/14 1329/456/14 1468/393/14
f 1010/922/10 1443/911/10 1411/879/10
f 1008/923/10 1441/877/10 1409/877/10
f 1006/924/10 1439/873/10 1407/873/10
f 1004/925/10 1437/871/10 1405/871/10
f 1002/926/10 1435/869/10 1403/869/10
f 900/927/10 1433/861/10 1400/861/10
f 1030/928/10 1463/900/10 1431/900/10
f 1128/691/11 1463/900/11 1127/928/11
f 1126/562/11 1461/920/11 1125/929/11
f 1124/574/11 1459/919/11 1123/930/11
f 1122/587/11 1457/918/11 1121/931/11
f 1120/601/11 1455/917/11 1119/932/11
f 1118/613/11 1453/916/11 1117/933/11
f 1116/626/11 1451/915/11 1115/934/11
f 1114/630/11 1449/914/11 1113/935/11
f 1112/633/11 1447/913/11 1111/936/11
f 1110/636/11 1445/912/11 1109/937/11
f 1108/703/11 1443/911/11 1107/922/11
f 1106/701/11 1441/877/11 1105/923/11
f 1104/699/11 1439/873/11 1103/924/11
f 1102/697/11 1437/871/11 1101/925/11
f 1100/695/11 1435/869/11 1099/926/11
f 1098/693/11 1433/861/11 1095/927/11
f 1012/937/10 1445/912/10 1413/881/10
f 1014/936/10 1447/913/10 1415/885/10
f 1016/935/10 1449/914/10 1417/887/10
f 1018/934/10 1451/915/10 1419/889/10
f 1030/928/11 1430/561/11 1029/562/11
f 1028/929/11 1428/573/11 1027/574/11
f 1020/933/10 1453/916/10 1421/893/10
f 1026/930/11 1426/588/11 1025/587/11
f 1024/931/11 1424/600/11 1023/601/11
f 1022/932/11 1422/612/11 1021/613/11
f 1020/933/11 1420/627/11 1019/626/11
f 1022/932/10 1455/917/10 1423/891/10
f 1018/934/11 1418/629/11 1017/630/11
f 1016/935/11 1416/632/11 1015/633/11
f 1014/936/11 1414/635/11 1013/636/11
f 1024/931/10 1457/918/10 1425/883/10
f 1012/937/11 1412/702/11 1011/703/11
f 1010/922/11 1410/700/11 1009/701/11
f 1008/923/11 1408/698/11 1007/699/11
f 1026/930/10 1459/919/10 1427/875/10
f 1006/924/11 1406/696/11 1005/697/11
f 1004/925/11 1404/694/11 1003/695/11
f 1002/926/11 1402/692/11 1001/693/11
f 1028/929/10 1461/920/10 1429/867/10
f 892/927/15 1400/861/15 1397/861/15
f 901/938/11 1432/690/11 1031/691/11
f 873/537/12 1195/536/12 382/537/12
f 889/538/1 1398/21/1 888/20/1
f 892/927/11 1465/863/11 889/939/11
f 1375/882/1 1412/702/1 1343/882/1
f 1373/880/1 1410/700/1 1341/880/1
f 1371/878/1 1408/698/1 1339/878/1
f 1369/874/1 1406/696/1 1337/874/1
f 1367/872/1 1404/694/1 1335/872/1
f 1365/870/1 1402/692/1 1333/870/1
f 1395/865/1 1432/690/1 1363/865/1
f 1377/886/1 1414/635/1 1345/886/1
f 1379/888/1 1416/632/1 1347/888/1
f 1381/890/1 1418/629/1 1349/890/1
f 1383/894/1 1420/627/1 1351/894/1
f 1385/895/1 1422/612/1 1353/895/1
f 1387/896/1 1424/600/1 1355/896/1
f 1389/897/1 1426/588/1 1357/897/1
f 1391/899/1 1428/573/1 1359/899/1
f 1393/901/1 1430/561/1 1361/901/1
f 1332/540/14 1398/21/14 1329/456/14
f 1195/536/14 1468/393/14 1191/391/14
f 1256/783/1 1500/734/1 1224/783/1
f 1254/784/1 1498/785/1 1222/784/1
f 1252/788/1 1496/789/1 1220/788/1
f 1250/791/1 1494/743/1 1218/791/1
f 1248/793/1 1492/795/1 1216/793/1
f 1246/782/1 1490/796/1 1214/782/1
f 1244/780/1 1488/797/1 1212/780/1
f 1242/940/1 1486/799/1 1210/777/1
f 1240/774/1 1484/800/1 1208/774/1
f 1258/729/1 1502/732/1 1226/729/1
f 1228/725/1 1472/770/1 1196/725/1
f 1230/721/1 1474/768/1 1198/721/1
f 1232/717/1 1476/766/1 1200/717/1
f 1234/713/1 1478/764/1 1202/713/1
f 1236/709/1 1480/803/1 1204/709/1
f 1238/705/1 1482/801/1 1206/705/1
f 1328/866/11 1466/808/11 1396/862/11
f 1396/542/1 1468/393/1 1329/456/1
f 1332/540/1 662/543/1 521/458/1
f 1330/941/11 1502/732/11 1363/865/11
f 1328/866/15 1470/726/15 1467/726/15
f 1360/868/10 1531/736/10 1499/736/10
f 1334/906/11 1472/770/11 1333/870/11
f 1336/907/11 1474/768/11 1335/872/11
f 1338/908/11 1476/766/11 1337/874/11
f 1358/876/10 1529/739/10 1497/787/10
f 1340/909/11 1478/764/11 1339/878/11
f 1342/910/11 1480/803/11 1341/880/11
f 1344/905/11 1482/801/11 1343/882/11
f 1356/884/10 1527/742/10 1495/790/10
f 1346/904/11 1484/800/11 1345/886/11
f 1348/903/11 1486/799/11 1347/888/11
f 1350/902/11 1488/797/11 1349/890/11
f 1354/892/10 1525/745/10 1493/794/10
f 1352/898/11 1490/796/11 1351/894/11
f 1354/892/11 1492/795/11 1353/895/11
f 1356/884/11 1494/743/11 1355/896/11
f 1358/876/11 1496/789/11 1357/897/11
f 1352/898/10 1523/748/10 1491/786/10
f 1360/868/11 1498/785/11 1359/899/11
f 1362/921/11 1500/734/11 1361/901/11
f 1350/902/10 1521/751/10 1489/751/10
f 1348/903/10 1519/754/10 1487/778/10
f 1346/904/10 1517/757/10 1485/775/10
f 1344/905/10 1515/760/10 1483/772/10
f 1365/870/11 1503/771/11 1364/866/11
f 1367/872/11 1505/769/11 1366/906/11
f 1369/874/11 1507/767/11 1368/907/11
f 1371/878/11 1509/765/11 1370/908/11
f 1373/880/11 1511/763/11 1372/909/11
f 1375/882/11 1513/706/11 1374/910/11
f 1377/886/11 1515/760/11 1376/905/11
f 1379/888/11 1517/757/11 1378/904/11
f 1381/890/11 1519/754/11 1380/903/11
f 1383/894/11 1521/751/11 1382/902/11
f 1385/895/11 1523/748/11 1384/898/11
f 1387/896/11 1525/745/11 1386/892/11
f 1389/897/11 1527/742/11 1388/884/11
f 1391/899/11 1529/739/11 1390/876/11
f 1393/901/11 1531/736/11 1392/868/11
f 1395/865/11 1533/733/11 1394/921/11
f 1362/921/10 1533/733/10 1501/730/10
f 1331/866/10 1503/771/10 1470/726/10
f 1334/906/10 1505/769/10 1473/722/10
f 1336/907/10 1507/767/10 1475/718/10
f 1338/908/10 1509/765/10 1477/714/10
f 1340/909/10 1511/763/10 1479/710/10
f 1342/910/10 1513/706/10 1481/706/10
f 1190/727/11 1603/860/11 1192/807/11
f 1192/545/1 1536/397/1 1191/391/1
f 1195/536/1 731/449/1 382/537/1
f 1193/942/11 1570/728/11 1226/729/11
f 1190/727/15 1538/835/15 1535/835/15
f 1223/735/10 1599/840/10 1567/840/10
f 1197/723/11 1540/724/11 1196/725/11
f 1199/719/11 1542/720/11 1198/721/11
f 1201/715/11 1544/716/11 1200/717/11
f 1221/738/10 1597/842/10 1565/842/10
f 1203/711/11 1546/712/11 1202/713/11
f 1205/707/11 1548/708/11 1204/709/11
f 1207/759/11 1550/704/11 1206/705/11
f 1219/741/10 1595/844/10 1563/844/10
f 1209/756/11 1552/773/11 1208/774/11
f 1211/753/11 1554/776/11 1210/777/11
f 1213/750/11 1556/779/11 1212/780/11
f 1217/744/10 1593/846/10 1561/846/10
f 1215/747/11 1558/781/11 1214/782/11
f 1217/744/11 1560/792/11 1216/793/11
f 1219/741/11 1562/798/11 1218/791/11
f 1221/738/11 1564/802/11 1220/788/11
f 1215/747/10 1591/848/10 1559/848/10
f 1223/735/11 1566/804/11 1222/784/11
f 1225/731/11 1568/806/11 1224/783/11
f 1213/750/10 1589/850/10 1557/850/10
f 1211/753/10 1587/852/10 1555/852/10
f 1209/756/10 1585/854/10 1553/854/10
f 1207/759/10 1583/856/10 1551/856/10
f 1228/725/11 1571/835/11 1227/727/11
f 1230/721/11 1573/833/11 1229/723/11
f 1232/717/11 1575/831/11 1231/719/11
f 1234/713/11 1577/829/11 1233/715/11
f 1236/709/11 1579/827/11 1235/711/11
f 1238/705/11 1581/825/11 1237/707/11
f 1240/774/11 1583/856/11 1239/759/11
f 1242/940/11 1585/854/11 1241/756/11
f 1244/780/11 1587/852/11 1243/753/11
f 1246/782/11 1589/850/11 1245/750/11
f 1248/793/11 1591/848/11 1247/747/11
f 1250/791/11 1593/846/11 1249/744/11
f 1252/788/11 1595/844/11 1251/741/11
f 1254/784/11 1597/842/11 1253/738/11
f 1256/783/11 1599/840/11 1255/735/11
f 1258/729/11 1601/837/11 1257/731/11
f 1225/731/10 1601/837/10 1569/837/10
f 1194/727/10 1571/835/10 1538/835/10
f 1197/723/10 1573/833/10 1541/833/10
f 1199/719/10 1575/831/10 1543/831/10
f 1201/715/10 1577/829/10 1545/829/10
f 1203/711/10 1579/827/10 1547/827/10
f 1205/707/10 1581/825/10 1549/825/10
f 1264/547/14 1536/397/14 1261/398/14
f 1325/809/1 1568/806/1 1293/809/1
f 1323/810/1 1566/804/1 1291/810/1
f 1321/811/1 1564/802/1 1289/811/1
f 1319/812/1 1562/798/1 1287/812/1
f 1317/813/1 1560/792/1 1285/813/1
f 1315/814/1 1558/781/1 1283/814/1
f 1313/815/1 1556/779/1 1281/815/1
f 1311/816/1 1554/776/1 1279/816/1
f 1309/817/1 1552/773/1 1277/817/1
f 1327/818/1 1570/728/1 1295/818/1
f 1297/819/1 1540/724/1 1265/819/1
f 1299/820/1 1542/720/1 1267/820/1
f 1301/821/1 1544/716/1 1269/821/1
f 1303/822/1 1546/712/1 1271/822/1
f 1305/823/1 1548/708/1 1273/823/1
f 1307/824/1 1550/704/1 1275/824/1
f 1169/590/1 1620/591/1 1073/590/1
f 1167/584/1 1618/585/1 1071/584/1
f 1165/581/1 1616/582/1 1069/581/1
f 1163/576/1 1614/577/1 1067/576/1
f 1161/571/1 1612/572/1 1065/571/1
f 1159/568/1 1610/569/1 1063/568/1
f 1189/558/1 1640/564/1 1093/558/1
f 1171/595/1 1622/596/1 1075/595/1
f 1173/598/1 1624/599/1 1077/598/1
f 1175/603/1 1626/604/1 1079/603/1
f 1177/608/1 1628/609/1 1081/608/1
f 1179/610/1 1630/611/1 1083/610/1
f 1181/614/1 1632/615/1 1085/614/1
f 1183/617/1 1634/618/1 1087/617/1
f 1185/620/1 1636/621/1 1089/620/1
f 1187/623/1 1638/624/1 1091/623/1
f 907/3/14 1606/25/14 898/3/14
f 1274/826/10 1651/685/10 1619/583/10
f 1272/828/10 1649/580/10 1617/580/10
f 1270/830/10 1647/575/10 1615/575/10
f 1268/832/10 1645/570/10 1613/570/10
f 1266/834/10 1643/567/10 1611/567/10
f 1263/836/10 1641/684/10 1608/684/10
f 1294/838/10 1671/622/10 1639/622/10
f 1327/818/11 1671/622/11 1326/838/11
f 1325/809/11 1669/565/11 1324/839/11
f 1323/810/11 1667/578/11 1322/841/11
f 1321/811/11 1665/592/11 1320/843/11
f 1319/812/11 1663/605/11 1318/845/11
f 1317/813/11 1661/607/11 1316/847/11
f 1315/814/11 1659/687/11 1314/849/11
f 1313/815/11 1657/597/11 1312/851/11
f 1311/816/11 1655/594/11 1310/853/11
f 1309/817/11 1653/686/11 1308/855/11
f 1307/824/11 1651/685/11 1306/826/11
f 1305/823/11 1649/580/11 1304/828/11
f 1303/822/11 1647/575/11 1302/830/11
f 1301/821/11 1645/570/11 1300/832/11
f 1299/820/11 1643/567/11 1298/834/11
f 1297/819/11 1641/684/11 1296/836/11
f 1276/855/10 1653/686/10 1621/589/10
f 1278/853/10 1655/594/10 1623/594/10
f 1280/851/10 1657/597/10 1625/597/10
f 1282/857/10 1659/687/10 1627/602/10
f 1294/838/11 1638/624/11 1293/809/11
f 1292/839/11 1636/621/11 1291/810/11
f 1284/847/10 1661/607/10 1629/607/10
f 1290/841/11 1634/618/11 1289/811/11
f 1288/843/11 1632/615/11 1287/812/11
f 1286/845/11 1630/611/11 1285/813/11
f 1284/847/11 1628/609/11 1283/814/11
f 1286/845/10 1663/605/10 1631/605/10
f 1282/857/11 1626/604/11 1281/815/11
f 1280/851/11 1624/599/11 1279/816/11
f 1278/853/11 1622/596/11 1277/817/11
f 1288/843/10 1665/592/10 1633/592/10
f 1276/855/11 1620/591/11 1275/824/11
f 1274/826/11 1618/585/11 1273/823/11
f 1272/828/11 1616/582/11 1271/822/11
f 1290/841/10 1667/578/10 1635/578/10
f 1270/830/11 1614/577/11 1269/821/11
f 1268/832/11 1612/572/11 1267/820/11
f 1266/834/11 1610/569/11 1265/819/11
f 1292/839/10 1669/565/10 1637/565/10
f 1260/836/15 1608/684/15 1605/559/15
f 1262/943/11 1640/564/11 1295/818/11
f 875/29/12 1609/28/12 802/29/12
f 1259/550/1 1606/25/1 1261/398/1
f 1260/836/11 1604/560/11 1259/859/11
f 1678/518/1 873/537/1 879/543/1
f 1673/20/1 869/459/1 870/551/1
f 1677/547/1 875/29/1 876/448/1
f 1676/28/3 1264/547/3 1609/28/3
f 869/459/12 1401/21/12 591/459/12
f 1678/518/2 662/543/2 1471/518/2
f 1677/547/2 452/448/2 1264/547/2
f 1675/536/3 1471/518/3 1195/536/3
f 1683/2/1 1681/1/1 1685/3/1
f 1681/944/12 1680/945/12 1682/946/12
f 1684/8/3 1679/7/3 1683/9/3
f 1682/946/16 1695/944/16 1681/944/16
f 1695/1/5 1685/3/5 1681/1/5
f 1689/945/17 1682/946/17 1680/945/17
f 1684/8/7 1689/10/7 1680/10/7
f 1685/3/18 1697/2/18 1683/2/18
f 1697/9/13 1684/8/13 1683/9/13
f 1692/12/3 1736/11/3 1798/13/3
f 1694/946/12 1706/947/12 1767/948/12
f 1891/13/13 1692/12/13 1798/13/13
f 1687/949/12 1694/946/12 1686/950/12
f 1696/3/1 1687/18/1 1688/19/1
f 2203/21/5 11/20/5 2199/21/5
f 2409/22/3 1697/9/3 2408/23/3
f 1704/946/17 1686/950/17 1694/946/17
f 2408/24/1 1696/3/1 2410/25/1
f 2264/27/1 155/26/1 2232/27/1
f 2414/28/1 1698/19/1 2411/29/1
f 2412/30/3 1891/13/3 2445/31/3
f 1767/948/16 1704/946/16 1694/946/16
f 2409/22/7 1703/8/7 1693/8/7
f 1688/19/18 1705/3/18 1696/3/18
f 1691/951/16 1830/952/16 1737/953/16
f 1737/953/16 1831/954/16 1738/954/16
f 1738/954/16 1832/955/16 1739/956/16
f 1739/956/16 1833/957/16 1740/958/16
f 1740/958/16 1834/959/16 1741/960/16
f 1741/960/16 1835/961/16 1742/962/16
f 1742/962/16 1836/963/16 1743/964/16
f 1743/964/16 1837/965/16 1744/966/16
f 1744/966/16 1838/967/16 1745/968/16
f 1745/968/16 1839/969/16 1746/970/16
f 1746/970/16 1840/971/16 1747/972/16
f 1747/972/16 1841/973/16 1748/974/16
f 1748/974/16 1842/975/16 1749/975/16
f 1749/975/16 1843/976/16 1750/977/16
f 1750/977/16 1844/978/16 1751/979/16
f 1751/979/16 1845/980/16 1752/981/16
f 1752/981/16 1846/982/16 1753/983/16
f 1753/983/16 1847/984/16 1754/984/16
f 1754/984/16 1848/985/16 1755/986/16
f 1755/986/16 1849/987/16 1756/988/16
f 1756/988/16 1850/989/16 1757/990/16
f 1757/990/16 1851/991/16 1758/991/16
f 1758/991/16 1852/992/16 1759/992/16
f 1759/992/16 1853/993/16 1760/993/16
f 1760/993/16 1854/994/16 1761/995/16
f 1761/995/16 1855/996/16 1762/997/16
f 1762/997/16 1856/998/16 1763/999/16
f 1763/999/16 1857/1000/16 1764/1001/16
f 1764/1001/16 1858/1002/16 1765/1003/16
f 1765/1003/16 1859/1004/16 1766/1005/16
f 1766/1005/16 1860/1006/16 1767/948/16
f 2442/89/10 1984/90/10 1888/90/10
f 2416/92/3 1861/91/3 2415/93/3
f 1943/982/16 1847/984/16 1846/982/16
f 2418/95/3 1863/94/3 2417/96/3
f 2262/98/1 153/97/1 2230/98/1
f 2420/100/3 1865/99/3 2419/101/3
f 2440/102/10 1982/103/10 1886/103/10
f 2422/105/3 1867/104/3 2421/106/3
f 1941/978/16 1845/980/16 1844/978/16
f 2424/108/3 1869/107/3 2423/109/3
f 2260/111/1 151/110/1 2228/112/1
f 2426/114/3 1871/113/3 2425/115/3
f 2438/116/10 1980/117/10 1884/117/10
f 2428/119/3 1873/118/3 2427/120/3
f 1939/975/16 1843/976/16 1842/975/16
f 2430/122/3 1875/121/3 2429/123/3
f 2258/125/1 149/124/1 2226/125/1
f 2432/127/3 1877/126/3 2431/128/3
f 2436/129/10 1978/130/10 1882/130/10
f 2434/132/3 1879/131/3 2433/133/3
f 1937/971/16 1841/973/16 1840/971/16
f 2436/129/3 1881/134/3 2435/135/3
f 2256/137/1 147/136/1 2224/137/1
f 2438/116/3 1883/138/3 2437/139/3
f 1986/140/13 1891/13/13 1890/140/13
f 2440/102/3 1885/141/3 2439/142/3
f 2434/132/10 1976/143/10 1880/143/10
f 2442/89/3 1887/144/3 2441/145/3
f 1935/967/16 1839/969/16 1838/967/16
f 2444/147/3 1889/146/3 2443/148/3
f 2254/150/1 145/149/1 2222/151/1
f 1799/1007/12 1699/951/12 1700/1008/12
f 1984/90/13 1889/146/13 1888/90/13
f 1801/1009/12 1831/954/12 1800/1010/12
f 2432/127/10 1974/156/10 1878/156/10
f 1803/1011/12 1833/957/12 1802/1012/12
f 1933/963/16 1837/965/16 1836/963/16
f 1805/1013/12 1835/961/12 1804/1014/12
f 2252/163/1 143/162/1 2220/163/1
f 1807/1015/12 1837/965/12 1806/1016/12
f 1982/103/13 1887/144/13 1886/103/13
f 1809/1017/12 1839/969/12 1808/1018/12
f 2430/122/10 1972/168/10 1876/168/10
f 1811/1019/12 1841/973/12 1810/1020/12
f 1931/959/16 1835/961/16 1834/959/16
f 1813/1021/12 1843/976/12 1812/1022/12
f 2250/174/1 141/173/1 2218/174/1
f 1815/1023/12 1845/980/12 1814/1024/12
f 1980/117/13 1885/141/13 1884/117/13
f 1817/1025/12 1847/984/12 1816/1026/12
f 2428/119/10 1970/179/10 1874/179/10
f 1819/1027/12 1849/987/12 1818/1028/12
f 1929/955/16 1833/957/16 1832/955/16
f 1821/1029/12 1851/991/12 1820/1030/12
f 2248/185/1 139/184/1 2216/185/1
f 1823/1031/12 1853/993/12 1822/1032/12
f 1978/130/13 1883/138/13 1882/130/13
f 1825/1033/12 1855/996/12 1824/1034/12
f 2426/114/10 1968/190/10 1872/190/10
f 1827/1035/12 1857/1000/12 1826/1036/12
f 1927/952/16 1831/954/16 1830/952/16
f 1829/1037/12 1859/1004/12 1828/1038/12
f 1703/8/13 1768/91/13 1693/8/13
f 1861/91/13 1769/196/13 1768/91/13
f 1862/196/13 1770/197/13 1769/196/13
f 1863/94/13 1771/198/13 1770/197/13
f 1864/200/13 1772/199/13 1771/198/13
f 1865/99/13 1773/201/13 1772/199/13
f 1866/202/13 1774/104/13 1773/201/13
f 1867/104/13 1775/203/13 1774/104/13
f 1868/204/13 1776/107/13 1775/203/13
f 1869/107/13 1777/205/13 1776/107/13
f 1870/205/13 1778/113/13 1777/205/13
f 1871/113/13 1779/190/13 1778/113/13
f 1872/190/13 1780/118/13 1779/190/13
f 1873/118/13 1781/179/13 1780/118/13
f 1874/179/13 1782/121/13 1781/179/13
f 1875/121/13 1783/168/13 1782/121/13
f 1876/168/13 1784/126/13 1783/168/13
f 1877/126/13 1785/206/13 1784/126/13
f 1878/156/13 1786/131/13 1785/206/13
f 1879/131/13 1787/143/13 1786/131/13
f 1880/143/13 1788/134/13 1787/143/13
f 1881/134/13 1789/130/13 1788/134/13
f 1882/130/13 1790/138/13 1789/130/13
f 1883/138/13 1791/117/13 1790/138/13
f 1884/117/13 1792/207/13 1791/117/13
f 1885/141/13 1793/208/13 1792/207/13
f 1886/103/13 1794/209/13 1793/208/13
f 1887/144/13 1795/90/13 1794/209/13
f 1888/90/13 1796/210/13 1795/90/13
f 1889/146/13 1797/140/13 1796/210/13
f 1890/140/13 1798/13/13 1797/140/13
f 1737/953/12 1690/1039/12 1691/951/12
f 1738/954/12 1736/1040/12 1737/953/12
f 1739/956/12 1735/1041/12 1738/954/12
f 1740/958/12 1734/1042/12 1739/956/12
f 1741/960/12 1733/1043/12 1740/958/12
f 1742/962/12 1732/1044/12 1741/960/12
f 1743/964/12 1731/1045/12 1742/962/12
f 1744/966/12 1730/1046/12 1743/964/12
f 1745/968/12 1729/1047/12 1744/966/12
f 1746/970/12 1728/1048/12 1745/968/12
f 1747/972/12 1727/1049/12 1746/970/12
f 1748/974/12 1726/1050/12 1747/972/12
f 1749/975/12 1725/1051/12 1748/974/12
f 1750/977/12 1724/1052/12 1749/975/12
f 1751/979/12 1723/1053/12 1750/977/12
f 1752/981/12 1722/1054/12 1751/979/12
f 1753/983/12 1721/1055/12 1752/981/12
f 1754/984/12 1720/1056/12 1753/983/12
f 1755/986/12 1719/1057/12 1754/984/12
f 1756/988/12 1718/1058/12 1755/986/12
f 1757/990/12 1717/1059/12 1756/988/12
f 1758/991/12 1716/1060/12 1757/990/12
f 1759/992/12 1715/1061/12 1758/991/12
f 1760/993/12 1714/1062/12 1759/992/12
f 1761/995/12 1713/1063/12 1760/993/12
f 1761/995/12 1711/1064/12 1712/1065/12
f 1762/997/12 1710/1066/12 1711/1064/12
f 1763/999/12 1709/1067/12 1710/1066/12
f 1765/1003/12 1709/1067/12 1764/1001/12
f 1766/1005/12 1708/1068/12 1765/1003/12
f 1767/948/12 1707/1069/12 1766/1005/12
f 1768/91/3 1689/10/3 1693/8/3
f 1769/196/3 1706/241/3 1768/91/3
f 1770/197/3 1707/242/3 1769/196/3
f 1771/198/3 1708/243/3 1770/197/3
f 1772/199/3 1709/244/3 1771/198/3
f 1773/201/3 1710/245/3 1772/199/3
f 1774/104/3 1711/246/3 1773/201/3
f 1775/203/3 1712/247/3 1774/104/3
f 1776/107/3 1713/248/3 1775/203/3
f 1777/205/3 1714/249/3 1776/107/3
f 1778/113/3 1715/250/3 1777/205/3
f 1779/190/3 1716/251/3 1778/113/3
f 1780/118/3 1717/252/3 1779/190/3
f 1781/179/3 1718/253/3 1780/118/3
f 1782/121/3 1719/254/3 1781/179/3
f 1783/168/3 1720/255/3 1782/121/3
f 1784/126/3 1721/256/3 1783/168/3
f 1785/206/3 1722/257/3 1784/126/3
f 1786/131/3 1723/258/3 1785/206/3
f 1787/143/3 1724/259/3 1786/131/3
f 1788/134/3 1725/260/3 1787/143/3
f 1789/130/3 1726/261/3 1788/134/3
f 1790/138/3 1727/262/3 1789/130/3
f 1791/117/3 1728/263/3 1790/138/3
f 1792/207/3 1729/264/3 1791/117/3
f 1793/208/3 1730/265/3 1792/207/3
f 1794/209/3 1731/266/3 1793/208/3
f 1795/90/3 1732/267/3 1794/209/3
f 1796/210/3 1733/268/3 1795/90/3
f 1797/140/3 1734/269/3 1796/210/3
f 1798/13/3 1735/270/3 1797/140/3
f 1893/950/12 1896/1006/12 1892/1037/12
f 2447/93/3 1894/8/3 2446/33/3
f 2449/96/3 1958/196/3 2448/92/3
f 2451/101/3 1960/200/3 2450/95/3
f 2453/106/3 1962/202/3 2452/100/3
f 2455/109/3 1964/204/3 2454/105/3
f 2457/115/3 1966/205/3 2456/271/3
f 2459/120/3 1968/190/3 2458/191/3
f 2461/123/3 1970/179/3 2460/119/3
f 2463/128/3 1972/168/3 2462/122/3
f 2465/133/3 1974/156/3 2464/157/3
f 2467/135/3 1976/143/3 2466/132/3
f 2469/139/3 1978/130/3 2468/129/3
f 2471/272/3 1980/117/3 2470/116/3
f 2473/273/3 1982/103/3 2472/102/3
f 2475/148/3 1984/90/3 2474/89/3
f 2477/31/3 1986/140/3 2476/147/3
f 1898/1010/12 1927/952/12 1897/1007/12
f 1900/1012/12 1929/955/12 1899/1009/12
f 1902/1014/12 1931/959/12 1901/1011/12
f 1904/1016/12 1933/963/12 1903/1013/12
f 1906/1018/12 1935/967/12 1905/1015/12
f 1908/1020/12 1937/971/12 1907/1017/12
f 1910/1022/12 1939/975/12 1909/1019/12
f 1912/1024/12 1941/978/12 1911/1021/12
f 1914/1026/12 1943/982/12 1913/1023/12
f 1916/1028/12 1945/985/12 1915/1025/12
f 1918/1030/12 1947/989/12 1917/1027/12
f 1920/1032/12 1949/992/12 1919/1029/12
f 1922/1034/12 1951/994/12 1921/1031/12
f 1924/1036/12 1953/998/12 1923/1033/12
f 1926/1038/12 1955/1002/12 1925/1035/12
f 1945/985/16 1849/987/16 1848/985/16
f 2444/147/10 1986/140/10 1890/140/10
f 2266/275/1 157/274/1 2234/275/1
f 1947/989/16 1851/991/16 1850/989/16
f 1799/1007/1 1927/952/1 1830/952/1
f 1928/954/10 1800/1010/10 1831/954/10
f 1949/992/16 1853/993/16 1852/992/16
f 1801/1009/1 1929/955/1 1832/955/1
f 1930/957/10 1802/1012/10 1833/957/10
f 1951/994/16 1855/996/16 1854/994/16
f 1803/1011/1 1931/959/1 1834/959/1
f 1932/961/10 1804/1014/10 1835/961/10
f 1953/998/16 1857/1000/16 1856/998/16
f 1805/1013/1 1933/963/1 1836/963/1
f 1934/965/10 1806/1016/10 1837/965/10
f 1955/1002/16 1859/1004/16 1858/1002/16
f 1807/1015/1 1935/967/1 1838/967/1
f 1936/969/10 1808/1018/10 1839/969/10
f 1894/8/13 1861/91/13 1703/8/13
f 1809/1017/1 1937/971/1 1840/971/1
f 1938/973/10 1810/1020/10 1841/973/10
f 1958/196/13 1863/94/13 1862/196/13
f 1811/1019/1 1939/975/1 1842/975/1
f 1940/976/10 1812/1022/10 1843/976/10
f 1960/200/13 1865/99/13 1864/200/13
f 1813/1021/1 1941/978/1 1844/978/1
f 1942/980/10 1814/1024/10 1845/980/10
f 1962/202/13 1867/104/13 1866/202/13
f 1815/1023/1 1943/982/1 1846/982/1
f 1944/984/10 1816/1026/10 1847/984/10
f 1964/204/13 1869/107/13 1868/204/13
f 1817/1025/1 1945/985/1 1848/985/1
f 2413/33/10 1894/8/10 1703/8/10
f 1946/987/10 1818/1028/10 1849/987/10
f 1895/946/10 1702/950/10 1704/946/10
f 1966/205/13 1871/113/13 1870/205/13
f 1819/1027/1 1947/989/1 1850/989/1
f 2236/277/1 127/276/1 2204/277/1
f 1948/991/10 1820/1030/10 1851/991/10
f 1896/1006/16 1704/946/16 1860/1006/16
f 2416/92/10 1958/196/10 1862/196/10
f 1968/190/13 1873/118/13 1872/190/13
f 1821/1029/1 1949/992/1 1852/992/1
f 2238/279/1 129/278/1 2206/279/1
f 1950/993/10 1822/1032/10 1853/993/10
f 2418/95/10 1960/200/10 1864/200/10
f 1970/179/13 1875/121/13 1874/179/13
f 1823/1031/1 1951/994/1 1854/994/1
f 2240/281/1 131/280/1 2208/281/1
f 1952/996/10 1824/1034/10 1855/996/10
f 2420/100/10 1962/202/10 1866/202/10
f 1972/168/13 1877/126/13 1876/168/13
f 1825/1033/1 1953/998/1 1856/998/1
f 2242/283/1 133/282/1 2210/283/1
f 1954/1000/10 1826/1036/10 1857/1000/10
f 2422/105/10 1964/204/10 1868/204/10
f 1974/156/13 1879/131/13 1878/156/13
f 1827/1035/1 1955/1002/1 1858/1002/1
f 2244/285/1 135/284/1 2212/285/1
f 1956/1004/10 1828/1038/10 1859/1004/10
f 2424/108/10 1966/205/10 1870/205/10
f 1976/143/13 1881/134/13 1880/143/13
f 1829/1037/1 1896/1006/1 1860/1006/1
f 2246/287/1 137/286/1 2214/287/1
f 2386/289/1 2005/288/1 2354/289/1
f 2284/290/10 2036/291/10 2004/291/10
f 2384/293/1 2003/292/1 2352/293/1
f 2282/294/10 2034/295/10 2002/295/10
f 2382/298/1 2001/297/1 2350/298/1
f 2280/299/10 2032/300/10 2000/300/10
f 2380/303/1 1999/302/1 2348/303/1
f 2278/304/10 2030/305/10 1998/305/10
f 2378/308/1 1997/307/1 2346/308/1
f 2276/309/10 2028/310/10 1996/310/10
f 2376/313/1 1995/312/1 2344/313/1
f 2273/314/10 2026/315/10 1993/315/10
f 2406/318/1 2025/317/1 2374/318/1
f 2304/319/10 2056/320/10 2024/320/10
f 2337/322/3 2056/320/3 2336/321/3
f 2335/324/3 2054/323/3 2334/325/3
f 2333/327/3 2052/326/3 2332/328/3
f 2331/330/3 2050/329/3 2330/331/3
f 2329/333/3 2048/332/3 2328/334/3
f 2327/336/3 2046/335/3 2326/337/3
f 2325/339/3 2044/338/3 2324/340/3
f 2323/342/3 2042/341/3 2322/343/3
f 2321/345/3 2040/344/3 2320/346/3
f 2319/348/3 2038/347/3 2318/349/3
f 2317/350/3 2036/291/3 2316/290/3
f 2315/351/3 2034/295/3 2314/296/3
f 2313/352/3 2032/300/3 2312/301/3
f 2311/353/3 2030/305/3 2310/306/3
f 2309/354/3 2028/310/3 2308/311/3
f 2307/355/3 2026/315/3 2306/316/3
f 2286/356/10 2038/347/10 2006/347/10
f 2388/358/1 2007/357/1 2356/358/1
f 2288/359/10 2040/344/10 2008/344/10
f 2390/361/1 2009/360/1 2358/361/1
f 2290/362/10 2042/341/10 2010/341/10
f 2392/364/1 2011/363/1 2360/364/1
f 2292/340/10 2044/338/10 2012/338/10
f 2394/366/1 2013/365/1 2362/366/1
f 2304/319/3 2023/367/3 2303/324/3
f 2302/325/3 2021/368/3 2301/369/3
f 2294/370/10 2046/335/10 2014/335/10
f 2300/372/3 2019/371/3 2299/373/3
f 2298/375/3 2017/374/3 2297/333/3
f 2396/377/1 2015/376/1 2364/377/1
f 2296/378/3 2015/376/3 2295/379/3
f 2294/370/3 2013/365/3 2293/380/3
f 2296/378/10 2048/332/10 2016/332/10
f 2292/340/3 2011/363/3 2291/381/3
f 2398/382/1 2017/374/1 2366/382/1
f 2290/362/3 2009/360/3 2289/383/3
f 2288/359/3 2007/357/3 2287/384/3
f 2298/375/10 2050/329/10 2018/329/10
f 2286/356/3 2005/288/3 2285/385/3
f 2400/386/1 2019/371/1 2368/386/1
f 2284/290/3 2003/292/3 2283/387/3
f 2282/294/3 2001/297/3 2281/352/3
f 2300/372/10 2052/326/10 2020/326/10
f 2280/299/3 1999/302/3 2279/353/3
f 2402/388/1 2021/368/1 2370/388/1
f 2278/304/3 1997/307/3 2277/354/3
f 2276/309/3 1995/312/3 2275/355/3
f 2302/325/10 2054/323/10 2022/323/10
f 2269/314/7 1993/315/7 1988/315/7
f 2272/389/3 2025/317/3 2305/322/3
f 2479/21/11 32/20/11 2203/21/11
f 2404/390/1 2023/367/1 2372/390/1
f 2268/392/1 1989/391/1 2270/393/1
f 2269/314/3 1990/394/3 2268/395/3
f 2343/396/5 1989/391/5 2339/397/5
f 2414/28/5 2060/398/5 2410/25/5
f 2475/148/1 2093/399/1 2443/148/1
f 2473/273/1 2091/400/1 2441/145/1
f 2471/272/1 2089/401/1 2439/142/1
f 2469/139/1 2087/402/1 2437/139/1
f 2467/135/1 2085/403/1 2435/135/1
f 2465/133/1 2083/404/1 2433/133/1
f 2463/128/1 2081/405/1 2431/128/1
f 2461/123/1 2079/406/1 2429/123/1
f 2459/120/1 2077/407/1 2427/120/1
f 2477/31/1 2095/408/1 2445/31/1
f 2447/93/1 2065/409/1 2415/93/1
f 2449/96/1 2067/410/1 2417/96/1
f 2451/101/1 2069/411/1 2419/101/1
f 2453/106/1 2071/412/1 2421/106/1
f 2455/109/1 2073/413/1 2423/109/1
f 2457/115/1 2075/414/1 2425/115/1
f 2353/415/10 2106/416/10 2074/416/10
f 2351/417/10 2104/418/10 2072/418/10
f 2349/419/10 2102/420/10 2070/420/10
f 2347/421/10 2100/422/10 2068/422/10
f 2345/423/10 2098/424/10 2066/424/10
f 2342/425/10 2096/426/10 2063/426/10
f 2373/427/10 2126/428/10 2094/428/10
f 2406/318/3 2126/428/3 2405/427/3
f 2404/390/3 2124/429/3 2403/430/3
f 2402/388/3 2122/431/3 2401/432/3
f 2400/386/3 2120/433/3 2399/434/3
f 2398/382/3 2118/435/3 2397/436/3
f 2396/377/3 2116/437/3 2395/438/3
f 2394/366/3 2114/439/3 2393/440/3
f 2392/364/3 2112/441/3 2391/442/3
f 2390/361/3 2110/443/3 2389/444/3
f 2388/358/3 2108/445/3 2387/446/3
f 2386/289/3 2106/416/3 2385/415/3
f 2384/293/3 2104/418/3 2383/417/3
f 2382/298/3 2102/420/3 2381/419/3
f 2380/303/3 2100/422/3 2379/421/3
f 2378/308/3 2098/424/3 2377/423/3
f 2376/313/3 2096/426/3 2375/425/3
f 2355/446/10 2108/445/10 2076/445/10
f 2357/444/10 2110/443/10 2078/443/10
f 2359/442/10 2112/441/10 2080/441/10
f 2361/440/10 2114/439/10 2082/548/10
f 2373/427/3 2093/399/3 2372/390/3
f 2371/430/3 2091/400/3 2370/388/3
f 2363/438/10 2116/437/10 2084/437/10
f 2369/432/3 2089/401/3 2368/386/3
f 2367/434/3 2087/402/3 2366/382/3
f 2365/436/3 2085/403/3 2364/377/3
f 2363/438/3 2083/404/3 2362/366/3
f 2365/436/10 2118/435/10 2086/435/10
f 2361/440/3 2081/405/3 2360/364/3
f 2359/442/3 2079/406/3 2358/361/3
f 2357/444/3 2077/407/3 2356/358/3
f 2367/434/10 2120/433/10 2088/433/10
f 2355/446/3 2075/414/3 2354/289/3
f 2353/415/3 2073/413/3 2352/293/3
f 2351/417/3 2071/412/3 2350/298/3
f 2369/432/10 2122/431/10 2090/431/10
f 2349/419/3 2069/411/3 2348/303/3
f 2347/421/3 2067/410/3 2346/308/3
f 2345/423/3 2065/409/3 2344/313/3
f 2371/430/10 2124/429/10 2092/429/10
f 2338/425/7 2063/426/7 2059/426/7
f 2341/447/3 2095/408/3 2374/318/3
f 2343/396/1 2061/448/1 2340/449/1
f 2407/450/1 2060/398/1 2339/397/1
f 2338/425/3 2058/451/3 2407/452/3
f 2198/454/3 2197/453/3 2267/455/3
f 2267/457/1 2129/456/1 2199/21/1
f 2203/21/1 2130/458/1 2200/459/1
f 2201/461/3 2164/460/3 2234/275/3
f 2198/454/7 2132/462/7 2128/462/7
f 2231/463/10 2193/464/10 2161/464/10
f 2205/467/3 2134/466/3 2204/277/3
f 2207/469/3 2136/468/3 2206/279/3
f 2209/471/3 2138/470/3 2208/281/3
f 2229/472/10 2191/473/10 2159/473/10
f 2211/476/3 2140/475/3 2210/283/3
f 2213/478/3 2142/477/3 2212/285/3
f 2215/480/3 2144/479/3 2214/287/3
f 2227/481/10 2189/482/10 2157/482/10
f 2217/485/3 2146/484/3 2216/185/3
f 2219/487/3 2148/486/3 2218/174/3
f 2221/489/3 2150/488/3 2220/163/3
f 2225/490/10 2187/491/10 2155/491/10
f 2223/494/3 2152/493/3 2222/151/3
f 2225/490/3 2154/495/3 2224/137/3
f 2227/481/3 2156/496/3 2226/125/3
f 2229/472/3 2158/497/3 2228/112/3
f 2223/494/10 2185/498/10 2153/498/10
f 2231/463/3 2160/500/3 2230/98/3
f 2233/502/3 2162/501/3 2232/27/3
f 2221/489/10 2183/503/10 2151/503/10
f 2219/487/10 2181/505/10 2149/505/10
f 2217/485/10 2179/507/10 2147/507/10
f 2215/480/10 2177/509/10 2145/509/10
f 2236/277/3 2165/462/3 2235/454/3
f 2238/279/3 2167/511/3 2237/467/3
f 2240/281/3 2169/512/3 2239/469/3
f 2242/283/3 2171/513/3 2241/471/3
f 2244/285/3 2173/514/3 2243/476/3
f 2246/287/3 2175/515/3 2245/516/3
f 2248/185/3 2177/509/3 2247/510/3
f 2250/174/3 2179/507/3 2249/508/3
f 2252/163/3 2181/505/3 2251/506/3
f 2254/150/3 2183/503/3 2253/504/3
f 2256/137/3 2185/498/3 2255/499/3
f 2258/125/3 2187/491/3 2257/492/3
f 2260/111/3 2189/482/3 2259/483/3
f 2262/98/3 2191/473/3 2261/474/3
f 2264/27/3 2193/464/3 2263/465/3
f 2266/275/3 2195/517/3 2265/502/3
f 2233/502/10 2195/517/10 2163/517/10
f 2202/454/10 2165/462/10 2132/462/10
f 2205/467/10 2167/511/10 2135/511/10
f 2207/469/10 2169/512/10 2137/512/10
f 2209/471/10 2171/513/10 2139/513/10
f 2211/476/10 2173/514/10 2141/514/10
f 2213/478/10 2175/515/10 2143/515/10
f 2317/350/1 2144/479/1 2285/385/1
f 2315/351/1 2142/477/1 2283/387/1
f 2313/352/1 2140/475/1 2281/352/1
f 2311/353/1 2138/470/1 2279/353/1
f 2309/354/1 2136/468/1 2277/354/1
f 2307/355/1 2134/466/1 2275/355/1
f 2337/322/1 2164/460/1 2305/322/1
f 2319/348/1 2146/484/1 2287/384/1
f 2321/345/1 2148/486/1 2289/383/1
f 2323/342/1 2150/488/1 2291/381/1
f 2325/339/1 2152/493/1 2293/380/1
f 2327/336/1 2154/495/1 2295/379/1
f 2329/333/1 2156/496/1 2297/333/1
f 2331/330/1 2158/497/1 2299/373/1
f 2333/327/1 2160/500/1 2301/369/1
f 2335/324/1 2162/501/1 2303/324/1
f 2274/518/5 2129/456/5 2270/393/5
f 136/519/10 2245/516/10 2213/478/10
f 134/520/10 2243/476/10 2211/476/10
f 132/521/10 2241/471/10 2209/471/10
f 130/522/10 2239/469/10 2207/469/10
f 128/523/10 2237/467/10 2205/467/10
f 24/524/10 2235/454/10 2202/454/10
f 156/525/10 2265/502/10 2233/502/10
f 287/274/3 2265/502/3 286/525/3
f 285/26/3 2263/465/3 284/526/3
f 283/97/3 2261/474/3 282/527/3
f 281/110/3 2259/483/3 280/528/3
f 279/124/3 2257/492/3 278/529/3
f 277/136/3 2255/499/3 276/530/3
f 275/149/3 2253/504/3 274/531/3
f 273/162/3 2251/506/3 272/532/3
f 271/173/3 2249/508/3 270/533/3
f 269/184/3 2247/510/3 268/534/3
f 267/286/3 2245/516/3 266/519/3
f 265/284/3 2243/476/3 264/520/3
f 263/282/3 2241/471/3 262/521/3
f 261/280/3 2239/469/3 260/522/3
f 259/278/3 2237/467/3 258/523/3
f 257/276/3 2235/454/3 254/524/3
f 138/534/10 2247/510/10 2215/480/10
f 140/533/10 2249/508/10 2217/485/10
f 142/532/10 2251/506/10 2219/487/10
f 144/531/10 2253/504/10 2221/489/10
f 156/525/3 2232/27/3 155/26/3
f 154/526/3 2230/98/3 153/97/3
f 146/530/10 2255/499/10 2223/494/10
f 152/527/3 2228/112/3 151/110/3
f 150/528/3 2226/125/3 149/124/3
f 148/529/3 2224/137/3 147/136/3
f 146/530/3 2222/151/3 145/149/3
f 148/529/10 2257/492/10 2225/490/10
f 144/531/3 2220/163/3 143/162/3
f 142/532/3 2218/174/3 141/173/3
f 140/533/3 2216/185/3 139/184/3
f 150/528/10 2259/483/10 2227/481/10
f 138/534/3 2214/287/3 137/286/3
f 136/519/3 2212/285/3 135/284/3
f 134/520/3 2210/283/3 133/282/3
f 152/527/10 2261/474/10 2229/472/10
f 132/521/3 2208/281/3 131/280/3
f 130/522/3 2206/279/3 129/278/3
f 128/523/3 2204/277/3 127/276/3
f 154/526/10 2263/465/10 2231/463/10
f 15/524/7 2202/454/7 2198/454/7
f 25/535/3 2234/275/3 157/274/3
f 2480/537/2 1994/536/2 1991/537/2
f 12/538/1 2199/21/1 11/20/1
f 15/524/3 2267/455/3 12/539/3
f 2176/479/1 2214/287/1 2144/479/1
f 2174/477/1 2212/285/1 2142/477/1
f 2172/475/1 2210/283/1 2140/475/1
f 2170/470/1 2208/281/1 2138/470/1
f 2168/468/1 2206/279/1 2136/468/1
f 2166/466/1 2204/277/1 2134/466/1
f 2196/460/1 2234/275/1 2164/460/1
f 2178/484/1 2216/185/1 2146/484/1
f 2180/486/1 2218/174/1 2148/486/1
f 2182/488/1 2220/163/1 2150/488/1
f 2184/493/1 2222/151/1 2152/493/1
f 2186/495/1 2224/137/1 2154/495/1
f 2188/496/1 2226/125/1 2156/496/1
f 2190/497/1 2228/112/1 2158/497/1
f 2192/500/1 2230/98/1 2160/500/1
f 2194/501/1 2232/27/1 2162/501/1
f 2133/540/5 2199/21/5 2129/456/5
f 1994/536/5 2270/393/5 1989/391/5
f 2055/367/1 2303/324/1 2023/367/1
f 2053/368/1 2301/369/1 2021/368/1
f 2051/371/1 2299/373/1 2019/371/1
f 2049/374/1 2297/333/1 2017/374/1
f 2047/376/1 2295/379/1 2015/376/1
f 2045/365/1 2293/380/1 2013/365/1
f 2043/363/1 2291/381/1 2011/363/1
f 2041/541/1 2289/383/1 2009/360/1
f 2039/357/1 2287/384/1 2007/357/1
f 2057/317/1 2305/322/1 2025/317/1
f 2027/312/1 2275/355/1 1995/312/1
f 2029/307/1 2277/354/1 1997/307/1
f 2031/302/1 2279/353/1 1999/302/1
f 2033/297/1 2281/352/1 2001/297/1
f 2035/292/1 2283/387/1 2003/292/1
f 2037/288/1 2285/385/1 2005/288/1
f 2128/462/3 2268/395/3 2197/453/3
f 2197/542/1 2270/393/1 2129/456/1
f 2133/540/1 2271/543/1 2130/458/1
f 2131/544/3 2305/322/3 2164/460/3
f 2128/462/7 2273/314/7 2269/314/7
f 2161/464/10 2334/325/10 2302/325/10
f 2135/511/3 2275/355/3 2134/466/3
f 2137/512/3 2277/354/3 2136/468/3
f 2139/513/3 2279/353/3 2138/470/3
f 2159/473/10 2332/328/10 2300/372/10
f 2141/514/3 2281/352/3 2140/475/3
f 2143/515/3 2283/387/3 2142/477/3
f 2145/509/3 2285/385/3 2144/479/3
f 2157/482/10 2330/331/10 2298/375/10
f 2147/507/3 2287/384/3 2146/484/3
f 2149/505/3 2289/383/3 2148/486/3
f 2151/503/3 2291/381/3 2150/488/3
f 2155/491/10 2328/334/10 2296/378/10
f 2153/498/3 2293/380/3 2152/493/3
f 2155/491/3 2295/379/3 2154/495/3
f 2157/482/3 2297/333/3 2156/496/3
f 2159/473/3 2299/373/3 2158/497/3
f 2153/498/10 2326/337/10 2294/370/10
f 2161/464/3 2301/369/3 2160/500/3
f 2163/517/3 2303/324/3 2162/501/3
f 2151/503/10 2324/340/10 2292/340/10
f 2149/505/10 2322/343/10 2290/362/10
f 2147/507/10 2320/346/10 2288/359/10
f 2145/509/10 2318/349/10 2286/356/10
f 2166/466/3 2306/316/3 2165/462/3
f 2168/468/3 2308/311/3 2167/511/3
f 2170/470/3 2310/306/3 2169/512/3
f 2172/475/3 2312/301/3 2171/513/3
f 2174/477/3 2314/296/3 2173/514/3
f 2176/479/3 2316/290/3 2175/515/3
f 2178/484/3 2318/349/3 2177/509/3
f 2180/486/3 2320/346/3 2179/507/3
f 2182/488/3 2322/343/3 2181/505/3
f 2184/493/3 2324/340/3 2183/503/3
f 2186/495/3 2326/337/3 2185/498/3
f 2188/496/3 2328/334/3 2187/491/3
f 2190/497/3 2330/331/3 2189/482/3
f 2192/500/3 2332/328/3 2191/473/3
f 2194/501/3 2334/325/3 2193/464/3
f 2196/460/3 2336/321/3 2195/517/3
f 2163/517/10 2336/321/10 2304/319/10
f 2132/462/10 2306/316/10 2273/314/10
f 2135/511/10 2308/311/10 2276/309/10
f 2137/512/10 2310/306/10 2278/304/10
f 2139/513/10 2312/301/10 2280/299/10
f 2141/514/10 2314/296/10 2282/294/10
f 2143/515/10 2316/290/10 2284/290/10
f 1988/315/3 2407/452/3 1990/394/3
f 1990/545/1 2339/397/1 1989/391/1
f 1994/536/1 2340/449/1 1991/537/1
f 1992/546/3 2374/318/3 2025/317/3
f 1988/315/7 2342/425/7 2338/425/7
f 2022/323/10 2403/430/10 2371/430/10
f 1996/310/3 2344/313/3 1995/312/3
f 1998/305/3 2346/308/3 1997/307/3
f 2000/300/3 2348/303/3 1999/302/3
f 2020/326/10 2401/432/10 2369/432/10
f 2002/295/3 2350/298/3 2001/297/3
f 2004/291/3 2352/293/3 2003/292/3
f 2006/347/3 2354/289/3 2005/288/3
f 2018/329/10 2399/434/10 2367/434/10
f 2008/344/3 2356/358/3 2007/357/3
f 2010/341/3 2358/361/3 2009/360/3
f 2012/338/3 2360/364/3 2011/363/3
f 2016/332/10 2397/436/10 2365/436/10
f 2014/335/3 2362/366/3 2013/365/3
f 2016/332/3 2364/377/3 2015/376/3
f 2018/329/3 2366/382/3 2017/374/3
f 2020/326/3 2368/386/3 2019/371/3
f 2014/335/10 2395/438/10 2363/438/10
f 2022/323/3 2370/388/3 2021/368/3
f 2024/320/3 2372/390/3 2023/367/3
f 2012/338/10 2393/440/10 2361/440/10
f 2010/341/10 2391/442/10 2359/442/10
f 2008/344/10 2389/444/10 2357/444/10
f 2006/347/10 2387/446/10 2355/446/10
f 2027/312/3 2375/425/3 2026/315/3
f 2029/307/3 2377/423/3 2028/310/3
f 2031/302/3 2379/421/3 2030/305/3
f 2033/297/3 2381/419/3 2032/300/3
f 2035/292/3 2383/417/3 2034/295/3
f 2037/288/3 2385/415/3 2036/291/3
f 2039/357/3 2387/446/3 2038/347/3
f 2041/541/3 2389/444/3 2040/344/3
f 2043/363/3 2391/442/3 2042/341/3
f 2045/365/3 2393/440/3 2044/338/3
f 2047/376/3 2395/438/3 2046/335/3
f 2049/374/3 2397/436/3 2048/332/3
f 2051/371/3 2399/434/3 2050/329/3
f 2053/368/3 2401/432/3 2052/326/3
f 2055/367/3 2403/430/3 2054/323/3
f 2057/317/3 2405/427/3 2056/320/3
f 2024/320/10 2405/427/10 2373/427/10
f 1993/315/10 2375/425/10 2342/425/10
f 1996/310/10 2377/423/10 2345/423/10
f 1998/305/10 2379/421/10 2347/421/10
f 2000/300/10 2381/419/10 2349/419/10
f 2002/295/10 2383/417/10 2351/417/10
f 2004/291/10 2385/415/10 2353/415/10
f 2064/547/5 2339/397/5 2060/398/5
f 2125/399/1 2372/390/1 2093/399/1
f 2123/400/1 2370/388/1 2091/400/1
f 2121/401/1 2368/386/1 2089/401/1
f 2119/402/1 2366/382/1 2087/402/1
f 2117/403/1 2364/377/1 2085/403/1
f 2115/404/1 2362/366/1 2083/404/1
f 2113/405/1 2360/364/1 2081/405/1
f 2111/406/1 2358/361/1 2079/406/1
f 2109/407/1 2356/358/1 2077/407/1
f 2127/408/1 2374/318/1 2095/408/1
f 2097/409/1 2344/313/1 2065/409/1
f 2099/410/1 2346/308/1 2067/410/1
f 2101/411/1 2348/303/1 2069/411/1
f 2103/412/1 2350/298/1 2071/412/1
f 2105/413/1 2352/293/1 2073/413/1
f 2107/414/1 2354/289/1 2075/414/1
f 1967/113/1 2425/115/1 1871/113/1
f 1965/107/1 2423/109/1 1869/107/1
f 1963/104/1 2421/106/1 1867/104/1
f 1961/99/1 2419/101/1 1865/99/1
f 1959/94/1 2417/96/1 1863/94/1
f 1957/91/1 2415/93/1 1861/91/1
f 1987/13/1 2445/31/1 1891/13/1
f 1969/118/1 2427/120/1 1873/118/1
f 1971/121/1 2429/123/1 1875/121/1
f 1973/126/1 2431/128/1 1877/126/1
f 1975/131/1 2433/133/1 1879/131/1
f 1977/134/1 2435/135/1 1881/134/1
f 1979/138/1 2437/139/1 1883/138/1
f 1981/141/1 2439/142/1 1885/141/1
f 1983/144/1 2441/145/1 1887/144/1
f 1985/146/1 2443/148/1 1889/146/1
f 1705/3/5 2410/25/5 1696/3/5
f 2074/416/10 2456/271/10 2424/108/10
f 2072/418/10 2454/105/10 2422/105/10
f 2070/420/10 2452/100/10 2420/100/10
f 2068/422/10 2450/95/10 2418/95/10
f 2066/424/10 2448/92/10 2416/92/10
f 2063/426/10 2446/33/10 2413/33/10
f 2094/428/10 2476/147/10 2444/147/10
f 2127/408/3 2476/147/3 2126/428/3
f 2125/399/3 2474/89/3 2124/429/3
f 2123/400/3 2472/102/3 2122/431/3
f 2121/401/3 2470/116/3 2120/433/3
f 2119/402/3 2468/129/3 2118/435/3
f 2117/403/3 2466/132/3 2116/437/3
f 2115/404/3 2464/157/3 2114/439/3
f 2113/405/3 2462/122/3 2112/441/3
f 2111/406/3 2460/119/3 2110/443/3
f 2109/407/3 2458/191/3 2108/445/3
f 2107/414/3 2456/271/3 2106/416/3
f 2105/413/3 2454/105/3 2104/418/3
f 2103/412/3 2452/100/3 2102/420/3
f 2101/411/3 2450/95/3 2100/422/3
f 2099/410/3 2448/92/3 2098/424/3
f 2097/409/3 2446/33/3 2096/426/3
f 2076/445/10 2458/191/10 2426/114/10
f 2078/443/10 2460/119/10 2428/119/10
f 2080/441/10 2462/122/10 2430/122/10
f 2082/548/10 2464/157/10 2432/127/10
f 2094/428/3 2443/148/3 2093/399/3
f 2092/429/3 2441/145/3 2091/400/3
f 2084/437/10 2466/132/10 2434/132/10
f 2090/431/3 2439/142/3 2089/401/3
f 2088/433/3 2437/139/3 2087/402/3
f 2086/435/3 2435/135/3 2085/403/3
f 2084/437/3 2433/133/3 2083/404/3
f 2086/435/10 2468/129/10 2436/129/10
f 2082/548/3 2431/128/3 2081/405/3
f 2080/441/3 2429/123/3 2079/406/3
f 2078/443/3 2427/120/3 2077/407/3
f 2088/433/10 2470/116/10 2438/116/10
f 2076/445/3 2425/115/3 2075/414/3
f 2074/416/3 2423/109/3 2073/413/3
f 2072/418/3 2421/106/3 2071/412/3
f 2090/431/10 2472/102/10 2440/102/10
f 2070/420/3 2419/101/3 2069/411/3
f 2068/422/3 2417/96/3 2067/410/3
f 2066/424/3 2415/93/3 2065/409/3
f 2092/429/10 2474/89/10 2442/89/10
f 2059/426/7 2413/33/7 2409/22/7
f 2062/549/3 2445/31/3 2095/408/3
f 2482/29/2 2414/28/2 2411/29/2
f 2058/550/1 2410/25/1 2060/398/1
f 2059/426/3 2408/23/3 2058/451/3
f 2487/518/1 2480/537/1 2486/543/1
f 871/20/1 2478/459/1 870/551/1
f 2485/547/1 2482/29/1 2483/448/1
f 2484/28/11 2064/547/11 2414/28/11
f 2478/459/2 2203/21/2 2200/459/2
f 2487/518/12 2271/543/12 2274/518/12
f 2485/547/12 2061/448/12 2064/547/12
f 2481/536/11 2274/518/11 1994/536/11
f 2490/1/1 2492/2/1 2494/3/1
f 2489/945/12 2490/944/12 2491/946/12
f 2488/553/11 2493/552/11 2492/554/11
f 2491/946/9 2501/944/9 2500/946/9
f 2494/3/14 2501/1/14 2490/1/14
f 2491/946/17 2495/945/17 2489/945/17
f 2493/552/15 2495/555/15 2499/552/15
f 2494/3/18 2503/2/18 2502/3/18
f 2493/552/4 2503/554/4 2492/554/4
f 2539/557/11 2498/556/11 2601/558/11
f 2509/947/12 2500/946/12 2570/948/12
f 2498/556/4 2663/558/4 2601/558/4
f 2500/946/12 1687/949/12 1686/950/12
f 1687/18/1 2502/3/1 1688/19/1
f 888/20/14 2939/21/14 2936/21/14
f 2503/554/11 3143/559/11 3142/560/11
f 1686/950/17 2507/946/17 2500/946/17
f 2502/3/1 3142/24/1 3144/25/1
f 1029/562/1 3000/561/1 2968/561/1
f 1698/19/1 3147/28/1 2411/29/1
f 2663/558/11 3145/563/11 3178/564/11
f 2570/948/9 2507/946/9 2632/1006/9
f 3143/559/15 2506/552/15 3146/684/15
f 1688/19/18 2508/3/18 1698/19/18
f 2497/951/9 2602/952/9 2504/951/9
f 2540/953/9 2603/954/9 2602/952/9
f 2541/954/9 2604/955/9 2603/954/9
f 2542/956/9 2605/957/9 2604/955/9
f 2543/958/9 2606/959/9 2605/957/9
f 2544/960/9 2607/961/9 2606/959/9
f 2545/962/9 2608/963/9 2607/961/9
f 2546/964/9 2609/965/9 2608/963/9
f 2547/966/9 2610/967/9 2609/965/9
f 2548/968/9 2611/969/9 2610/967/9
f 2549/970/9 2612/971/9 2611/969/9
f 2550/972/9 2613/973/9 2612/971/9
f 2551/974/9 2614/975/9 2613/973/9
f 2552/975/9 2615/976/9 2614/975/9
f 2553/977/9 2616/978/9 2615/976/9
f 2554/979/9 2617/980/9 2616/978/9
f 2555/981/9 2618/982/9 2617/980/9
f 2556/983/9 2619/984/9 2618/982/9
f 2557/984/9 2620/985/9 2619/984/9
f 2558/986/9 2621/987/9 2620/985/9
f 2559/988/9 2622/989/9 2621/987/9
f 2560/990/9 2623/991/9 2622/989/9
f 2561/991/9 2624/992/9 2623/991/9
f 2562/992/9 2625/993/9 2624/992/9
f 2563/993/9 2626/994/9 2625/993/9
f 2564/995/9 2627/996/9 2626/994/9
f 2565/997/9 2628/998/9 2627/996/9
f 2566/999/9 2629/1000/9 2628/998/9
f 2567/1001/9 2630/1002/9 2629/1000/9
f 2568/1003/9 2631/1004/9 2630/1002/9
f 2569/1005/9 2632/1006/9 2631/1004/9
f 3175/565/10 2724/566/10 3207/565/10
f 2633/568/11 3149/567/11 3148/569/11
f 2619/984/9 2683/982/9 2618/982/9
f 2635/571/11 3151/570/11 3150/572/11
f 1027/574/1 2998/573/1 2966/573/1
f 2637/576/11 3153/575/11 3152/577/11
f 3173/578/10 2722/579/10 3205/578/10
f 2639/581/11 3155/580/11 3154/582/11
f 2617/980/9 2681/978/9 2616/978/9
f 2641/584/11 3157/583/11 3156/585/11
f 1025/587/1 2996/586/1 2964/588/1
f 2643/590/11 3159/589/11 3158/591/11
f 3171/592/10 2720/593/10 3203/592/10
f 2645/595/11 3161/594/11 3160/596/11
f 2615/976/9 2679/975/9 2614/975/9
f 2647/598/11 3163/597/11 3162/599/11
f 1023/601/1 2994/600/1 2962/600/1
f 2649/603/11 3165/602/11 3164/604/11
f 3169/605/10 2718/606/10 3201/605/10
f 2651/608/11 3167/607/11 3166/609/11
f 2613/973/9 2677/971/9 2612/971/9
f 2653/610/11 3169/605/11 3168/611/11
f 1021/613/1 2992/612/1 2960/612/1
f 2655/614/11 3171/592/11 3170/615/11
f 2663/558/4 2726/616/4 2662/616/4
f 2657/617/11 3173/578/11 3172/618/11
f 3167/607/10 2716/619/10 3199/607/10
f 2659/620/11 3175/565/11 3174/621/11
f 2611/969/9 2675/967/9 2610/967/9
f 2661/623/11 3177/622/11 3176/624/11
f 1019/626/1 2990/625/1 2958/627/1
f 2504/951/12 1799/1007/12 1700/1008/12
f 2661/623/4 2724/566/4 2660/566/4
f 2603/954/12 1801/1009/12 1800/1010/12
f 3165/602/10 2714/628/10 3197/687/10
f 2605/957/12 1803/1011/12 1802/1012/12
f 2609/965/9 2673/963/9 2608/963/9
f 2607/961/12 1805/1013/12 1804/1014/12
f 1017/630/1 2988/629/1 2956/629/1
f 2609/965/12 1807/1015/12 1806/1016/12
f 2659/620/4 2722/579/4 2658/579/4
f 2611/969/12 1809/1017/12 1808/1018/12
f 3163/597/10 2712/631/10 3195/597/10
f 2613/973/12 1811/1019/12 1810/1020/12
f 2607/961/9 2671/959/9 2606/959/9
f 2615/976/12 1813/1021/12 1812/1022/12
f 1015/633/1 2986/632/1 2954/632/1
f 2617/980/12 1815/1023/12 1814/1024/12
f 2657/617/4 2720/593/4 2656/593/4
f 2619/984/12 1817/1025/12 1816/1026/12
f 3161/594/10 2710/634/10 3193/594/10
f 2621/987/12 1819/1027/12 1818/1028/12
f 2605/957/9 2669/955/9 2604/955/9
f 2623/991/12 1821/1029/12 1820/1030/12
f 1013/636/1 2984/635/1 2952/635/1
f 2625/993/12 1823/1031/12 1822/1032/12
f 2655/614/4 2718/606/4 2654/606/4
f 2627/996/12 1825/1033/12 1824/1034/12
f 3159/589/10 2708/637/10 3191/686/10
f 2629/1000/12 1827/1035/12 1826/1036/12
f 2603/954/9 2667/952/9 2602/952/9
f 2631/1004/12 1829/1037/12 1828/1038/12
f 2571/568/4 2506/552/4 2499/552/4
f 2572/638/4 2633/568/4 2571/568/4
f 2573/639/4 2634/638/4 2572/638/4
f 2574/640/4 2635/571/4 2573/639/4
f 2575/642/4 2636/641/4 2574/640/4
f 2576/643/4 2637/576/4 2575/642/4
f 2577/581/4 2638/644/4 2576/643/4
f 2578/645/4 2639/581/4 2577/581/4
f 2579/584/4 2640/646/4 2578/645/4
f 2580/647/4 2641/584/4 2579/584/4
f 2581/590/4 2642/647/4 2580/647/4
f 2582/637/4 2643/590/4 2581/590/4
f 2583/595/4 2644/637/4 2582/637/4
f 2584/634/4 2645/595/4 2583/595/4
f 2585/598/4 2646/634/4 2584/634/4
f 2586/631/4 2647/598/4 2585/598/4
f 2587/603/4 2648/631/4 2586/631/4
f 2588/648/4 2649/603/4 2587/603/4
f 2589/608/4 2650/628/4 2588/648/4
f 2590/619/4 2651/608/4 2589/608/4
f 2591/610/4 2652/619/4 2590/619/4
f 2592/606/4 2653/610/4 2591/610/4
f 2593/614/4 2654/606/4 2592/606/4
f 2594/593/4 2655/614/4 2593/614/4
f 2595/649/4 2656/593/4 2594/593/4
f 2596/650/4 2657/617/4 2595/649/4
f 2597/651/4 2658/579/4 2596/650/4
f 2598/566/4 2659/620/4 2597/651/4
f 2599/652/4 2660/566/4 2598/566/4
f 2600/616/4 2661/623/4 2599/652/4
f 2601/558/4 2662/616/4 2600/616/4
f 2496/1039/12 2540/953/12 2497/951/12
f 2539/1040/12 2541/954/12 2540/953/12
f 2538/1041/12 2542/956/12 2541/954/12
f 2537/1042/12 2543/958/12 2542/956/12
f 2536/1043/12 2544/960/12 2543/958/12
f 2535/1044/12 2545/962/12 2544/960/12
f 2534/1045/12 2546/964/12 2545/962/12
f 2533/1046/12 2547/966/12 2546/964/12
f 2532/1047/12 2548/968/12 2547/966/12
f 2531/1048/12 2549/970/12 2548/968/12
f 2530/1049/12 2550/972/12 2549/970/12
f 2529/1050/12 2551/974/12 2550/972/12
f 2528/1051/12 2552/975/12 2551/974/12
f 2527/1052/12 2553/977/12 2552/975/12
f 2526/1053/12 2554/979/12 2553/977/12
f 2525/1054/12 2555/981/12 2554/979/12
f 2524/1055/12 2556/983/12 2555/981/12
f 2523/1056/12 2557/984/12 2556/983/12
f 2522/1057/12 2558/986/12 2557/984/12
f 2521/1058/12 2559/988/12 2558/986/12
f 2520/1059/12 2560/990/12 2559/988/12
f 2519/1060/12 2561/991/12 2560/990/12
f 2518/1061/12 2562/992/12 2561/991/12
f 2517/1062/12 2563/993/12 2562/992/12
f 2516/1063/12 2564/995/12 2563/993/12
f 2564/995/12 2514/1064/12 2565/997/12
f 2565/997/12 2513/1066/12 2566/999/12
f 2566/999/12 2512/1067/12 2567/1001/12
f 2512/1067/12 2568/1003/12 2567/1001/12
f 2511/1068/12 2569/1005/12 2568/1003/12
f 2510/1069/12 2570/948/12 2569/1005/12
f 2495/555/11 2571/568/11 2499/552/11
f 2509/654/11 2572/638/11 2571/568/11
f 2510/655/11 2573/639/11 2572/638/11
f 2511/656/11 2574/640/11 2573/639/11
f 2512/657/11 2575/642/11 2574/640/11
f 2513/658/11 2576/643/11 2575/642/11
f 2514/659/11 2577/581/11 2576/643/11
f 2515/660/11 2578/645/11 2577/581/11
f 2516/661/11 2579/584/11 2578/645/11
f 2517/662/11 2580/647/11 2579/584/11
f 2518/663/11 2581/590/11 2580/647/11
f 2519/664/11 2582/637/11 2581/590/11
f 2520/665/11 2583/595/11 2582/637/11
f 2521/666/11 2584/634/11 2583/595/11
f 2522/667/11 2585/598/11 2584/634/11
f 2523/668/11 2586/631/11 2585/598/11
f 2524/669/11 2587/603/11 2586/631/11
f 2525/670/11 2588/648/11 2587/603/11
f 2526/671/11 2589/608/11 2588/648/11
f 2527/672/11 2590/619/11 2589/608/11
f 2528/673/11 2591/610/11 2590/619/11
f 2529/674/11 2592/606/11 2591/610/11
f 2530/675/11 2593/614/11 2592/606/11
f 2531/676/11 2594/593/11 2593/614/11
f 2532/677/11 2595/649/11 2594/593/11
f 2533/678/11 2596/650/11 2595/649/11
f 2534/679/11 2597/651/11 2596/650/11
f 2535/680/11 2598/566/11 2597/651/11
f 2536/681/11 2599/652/11 2598/566/11
f 2537/682/11 2600/616/11 2599/652/11
f 2538/683/11 2601/558/11 2600/616/11
f 2666/1006/12 1893/950/12 1892/1037/12
f 2664/552/11 3180/569/11 3179/684/11
f 2698/638/11 3182/572/11 3181/567/11
f 2700/641/11 3184/577/11 3183/570/11
f 2702/644/11 3186/582/11 3185/575/11
f 2704/646/11 3188/585/11 3187/580/11
f 2706/647/11 3190/591/11 3189/685/11
f 2708/637/11 3192/596/11 3191/686/11
f 2710/634/11 3194/599/11 3193/594/11
f 2712/631/11 3196/604/11 3195/597/11
f 2714/628/11 3198/609/11 3197/687/11
f 2716/619/11 3200/611/11 3199/607/11
f 2718/606/11 3202/615/11 3201/605/11
f 2720/593/11 3204/688/11 3203/592/11
f 2722/579/11 3206/689/11 3205/578/11
f 2724/566/11 3208/624/11 3207/565/11
f 2726/616/11 3210/564/11 3209/622/11
f 2667/952/12 1898/1010/12 1897/1007/12
f 2669/955/12 1900/1012/12 1899/1009/12
f 2671/959/12 1902/1014/12 1901/1011/12
f 2673/963/12 1904/1016/12 1903/1013/12
f 2675/967/12 1906/1018/12 1905/1015/12
f 2677/971/12 1908/1020/12 1907/1017/12
f 2679/975/12 1910/1022/12 1909/1019/12
f 2681/978/12 1912/1024/12 1911/1021/12
f 2683/982/12 1914/1026/12 1913/1023/12
f 2685/985/12 1916/1028/12 1915/1025/12
f 2687/989/12 1918/1030/12 1917/1027/12
f 2689/992/12 1920/1032/12 1919/1029/12
f 2691/994/12 1922/1034/12 1921/1031/12
f 2693/998/12 1924/1036/12 1923/1033/12
f 2695/1002/12 1926/1038/12 1925/1035/12
f 2621/987/9 2685/985/9 2620/985/9
f 3177/622/10 2726/616/10 3209/622/10
f 1031/691/1 3002/690/1 2970/690/1
f 2623/991/9 2687/989/9 2622/989/9
f 1799/1007/1 2667/952/1 1897/1007/1
f 1800/1010/10 2668/954/10 2603/954/10
f 2625/993/9 2689/992/9 2624/992/9
f 1801/1009/1 2669/955/1 1899/1009/1
f 1802/1012/10 2670/957/10 2605/957/10
f 2627/996/9 2691/994/9 2626/994/9
f 1803/1011/1 2671/959/1 1901/1011/1
f 1804/1014/10 2672/961/10 2607/961/10
f 2629/1000/9 2693/998/9 2628/998/9
f 1805/1013/1 2673/963/1 1903/1013/1
f 1806/1016/10 2674/965/10 2609/965/10
f 2631/1004/9 2695/1002/9 2630/1002/9
f 1807/1015/1 2675/967/1 1905/1015/1
f 1808/1018/10 2676/969/10 2611/969/10
f 2633/568/4 2664/552/4 2506/552/4
f 1809/1017/1 2677/971/1 1907/1017/1
f 1810/1020/10 2678/973/10 2613/973/10
f 2635/571/4 2698/638/4 2634/638/4
f 1811/1019/1 2679/975/1 1909/1019/1
f 1812/1022/10 2680/976/10 2615/976/10
f 2637/576/4 2700/641/4 2636/641/4
f 1813/1021/1 2681/978/1 1911/1021/1
f 1814/1024/10 2682/980/10 2617/980/10
f 2639/581/4 2702/644/4 2638/644/4
f 1815/1023/1 2683/982/1 1913/1023/1
f 1816/1026/10 2684/984/10 2619/984/10
f 2641/584/4 2704/646/4 2640/646/4
f 1817/1025/1 2685/985/1 1915/1025/1
f 3146/684/10 2664/552/10 3179/684/10
f 1818/1028/10 2686/987/10 2621/987/10
f 1702/950/10 2665/946/10 2507/946/10
f 2643/590/4 2706/647/4 2642/647/4
f 1819/1027/1 2687/989/1 1917/1027/1
f 1001/693/1 2972/692/1 2940/692/1
f 1820/1030/10 2688/991/10 2623/991/10
f 2507/946/9 2666/1006/9 2632/1006/9
f 3149/567/10 2698/638/10 3181/567/10
f 2645/595/4 2708/637/4 2644/637/4
f 1821/1029/1 2689/992/1 1919/1029/1
f 1003/695/1 2974/694/1 2942/694/1
f 1822/1032/10 2690/993/10 2625/993/10
f 3151/570/10 2700/641/10 3183/570/10
f 2647/598/4 2710/634/4 2646/634/4
f 1823/1031/1 2691/994/1 1921/1031/1
f 1005/697/1 2976/696/1 2944/696/1
f 1824/1034/10 2692/996/10 2627/996/10
f 3153/575/10 2702/644/10 3185/575/10
f 2649/603/4 2712/631/4 2648/631/4
f 1825/1033/1 2693/998/1 1923/1033/1
f 1007/699/1 2978/698/1 2946/698/1
f 1826/1036/10 2694/1000/10 2629/1000/10
f 3155/580/10 2704/646/10 3187/580/10
f 2651/608/4 2714/628/4 2650/628/4
f 1827/1035/1 2695/1002/1 1925/1035/1
f 1009/701/1 2980/700/1 2948/700/1
f 1828/1038/10 2696/1004/10 2631/1004/10
f 3157/583/10 2706/647/10 3189/685/10
f 2653/610/4 2716/619/4 2652/619/4
f 1829/1037/1 2666/1006/1 1892/1037/1
f 1011/703/1 2982/702/1 2950/702/1
f 2744/705/1 3120/704/1 3088/704/1
f 3019/706/10 2775/707/10 3051/706/10
f 2742/709/1 3118/708/1 3086/708/1
f 3017/710/10 2773/711/10 3049/763/10
f 2740/713/1 3116/712/1 3084/712/1
f 3015/714/10 2771/715/10 3047/765/10
f 2738/717/1 3114/716/1 3082/716/1
f 3013/718/10 2769/719/10 3045/767/10
f 2736/721/1 3112/720/1 3080/720/1
f 3011/722/10 2767/723/10 3043/769/10
f 2734/725/1 3110/724/1 3078/724/1
f 3008/726/10 2765/727/10 3041/771/10
f 2764/729/1 3140/728/1 3108/728/1
f 3039/730/10 2795/731/10 3071/733/10
f 2795/731/11 3072/732/11 3071/733/11
f 2793/735/11 3070/734/11 3069/736/11
f 2791/738/11 3068/737/11 3067/739/11
f 2789/741/11 3066/740/11 3065/742/11
f 2787/744/11 3064/743/11 3063/745/11
f 2785/747/11 3062/746/11 3061/748/11
f 2783/750/11 3060/749/11 3059/751/11
f 2781/753/11 3058/752/11 3057/754/11
f 2779/756/11 3056/755/11 3055/757/11
f 2777/759/11 3054/758/11 3053/760/11
f 2775/707/11 3052/761/11 3051/706/11
f 2773/711/11 3050/762/11 3049/763/11
f 2771/715/11 3048/764/11 3047/765/11
f 2769/719/11 3046/766/11 3045/767/11
f 2767/723/11 3044/768/11 3043/769/11
f 2765/727/11 3042/770/11 3041/771/11
f 3021/772/10 2777/759/10 3053/760/10
f 2746/774/1 3122/773/1 3090/773/1
f 3023/775/10 2779/756/10 3055/757/10
f 2748/777/1 3124/776/1 3092/776/1
f 3025/778/10 2781/753/10 3057/754/10
f 2750/780/1 3126/779/1 3094/779/1
f 3027/751/10 2783/750/10 3059/751/10
f 2752/782/1 3128/781/1 3096/781/1
f 2762/783/11 3039/730/11 3038/734/11
f 2760/784/11 3037/736/11 3036/785/11
f 3029/786/10 2785/747/10 3061/748/10
f 2758/788/11 3035/787/11 3034/789/11
f 2756/791/11 3033/790/11 3032/743/11
f 2754/793/1 3130/792/1 3098/792/1
f 2754/793/11 3031/794/11 3030/795/11
f 2752/782/11 3029/786/11 3028/796/11
f 3031/794/10 2787/744/10 3063/745/10
f 2750/780/11 3027/751/11 3026/797/11
f 2756/791/1 3132/798/1 3100/798/1
f 2748/777/11 3025/778/11 3024/799/11
f 2746/774/11 3023/775/11 3022/800/11
f 3033/790/10 2789/741/10 3065/742/10
f 2744/705/11 3021/772/11 3020/801/11
f 2758/788/1 3134/802/1 3102/802/1
f 2742/709/11 3019/706/11 3018/803/11
f 2740/713/11 3017/710/11 3016/764/11
f 3035/787/10 2791/738/10 3067/739/10
f 2738/717/11 3015/714/11 3014/766/11
f 2760/784/1 3136/804/1 3104/804/1
f 2736/721/11 3013/718/11 3012/768/11
f 2734/725/11 3011/722/11 3010/770/11
f 3037/736/10 2793/735/10 3069/736/10
f 3005/726/15 2732/727/15 3008/726/15
f 2764/729/11 3007/805/11 3040/732/11
f 906/20/3 3211/21/3 2939/21/3
f 2762/783/1 3138/806/1 3106/806/1
f 2729/391/1 3004/392/1 3006/393/1
f 2730/807/11 3005/726/11 3004/808/11
f 2729/391/14 3077/396/14 3074/397/14
f 2799/398/14 3147/28/14 3144/25/14
f 2831/809/1 3208/624/1 3176/624/1
f 2829/810/1 3206/689/1 3174/621/1
f 2827/811/1 3204/688/1 3172/618/1
f 2825/812/1 3202/615/1 3170/615/1
f 2823/813/1 3200/611/1 3168/611/1
f 2821/814/1 3198/609/1 3166/609/1
f 2819/815/1 3196/604/1 3164/604/1
f 2817/816/1 3194/599/1 3162/599/1
f 2815/817/1 3192/596/1 3160/596/1
f 2833/818/1 3210/564/1 3178/564/1
f 2803/819/1 3180/569/1 3148/569/1
f 2805/820/1 3182/572/1 3150/572/1
f 2807/821/1 3184/577/1 3152/577/1
f 2809/822/1 3186/582/1 3154/582/1
f 2811/823/1 3188/585/1 3156/585/1
f 2813/824/1 3190/591/1 3158/591/1
f 3087/825/10 2844/826/10 3119/825/10
f 3085/827/10 2842/828/10 3117/827/10
f 3083/829/10 2840/830/10 3115/829/10
f 3081/831/10 2838/832/10 3113/831/10
f 3079/833/10 2836/834/10 3111/833/10
f 3076/835/10 2834/836/10 3109/835/10
f 3107/837/10 2864/838/10 3139/837/10
f 2864/838/11 3140/728/11 3139/837/11
f 2862/839/11 3138/806/11 3137/840/11
f 2860/841/11 3136/804/11 3135/842/11
f 2858/843/11 3134/802/11 3133/844/11
f 2856/845/11 3132/798/11 3131/846/11
f 2854/847/11 3130/792/11 3129/848/11
f 2852/849/11 3128/781/11 3127/850/11
f 2850/851/11 3126/779/11 3125/852/11
f 2848/853/11 3124/776/11 3123/854/11
f 2846/855/11 3122/773/11 3121/856/11
f 2844/826/11 3120/704/11 3119/825/11
f 2842/828/11 3118/708/11 3117/827/11
f 2840/830/11 3116/712/11 3115/829/11
f 2838/832/11 3114/716/11 3113/831/11
f 2836/834/11 3112/720/11 3111/833/11
f 2834/836/11 3110/724/11 3109/835/11
f 3089/856/10 2846/855/10 3121/856/10
f 3091/854/10 2848/853/10 3123/854/10
f 3093/852/10 2850/851/10 3125/852/10
f 3095/850/10 2852/849/10 3127/850/10
f 2831/809/11 3107/837/11 3106/806/11
f 2829/810/11 3105/840/11 3104/804/11
f 3097/848/10 2854/847/10 3129/848/10
f 2827/811/11 3103/842/11 3102/802/11
f 2825/812/11 3101/844/11 3100/798/11
f 2823/813/11 3099/846/11 3098/792/11
f 2821/814/11 3097/848/11 3096/781/11
f 3099/846/10 2856/845/10 3131/846/10
f 2819/815/11 3095/850/11 3094/779/11
f 2817/816/11 3093/852/11 3092/776/11
f 2815/817/11 3091/854/11 3090/773/11
f 3101/844/10 2858/843/10 3133/844/10
f 2813/824/11 3089/856/11 3088/704/11
f 2811/823/11 3087/825/11 3086/708/11
f 2809/822/11 3085/827/11 3084/712/11
f 3103/842/10 2860/841/10 3135/842/10
f 2807/821/11 3083/829/11 3082/716/11
f 2805/820/11 3081/831/11 3080/720/11
f 2803/819/11 3079/833/11 3078/724/11
f 3105/840/10 2862/839/10 3137/840/10
f 3073/835/15 2801/836/15 3076/835/15
f 2833/818/11 3075/858/11 3108/728/11
f 2061/448/1 3077/396/1 2340/449/1
f 2799/398/1 3141/450/1 3074/397/1
f 2797/859/11 3073/835/11 3141/860/11
f 2934/862/11 2935/861/11 3003/863/11
f 2867/456/1 3003/457/1 2936/21/1
f 2130/458/1 2939/21/1 2200/459/1
f 2901/865/11 2937/864/11 2970/690/11
f 2935/861/15 2869/866/15 2938/861/15
f 2967/867/10 2930/868/10 2999/920/10
f 2871/870/11 2941/869/11 2940/692/11
f 2873/872/11 2943/871/11 2942/694/11
f 2875/874/11 2945/873/11 2944/696/11
f 2965/875/10 2928/876/10 2997/919/10
f 2877/878/11 2947/877/11 2946/698/11
f 2879/880/11 2949/879/11 2948/700/11
f 2881/882/11 2951/881/11 2950/702/11
f 2963/883/10 2926/884/10 2995/918/10
f 2883/886/11 2953/885/11 2952/635/11
f 2885/888/11 2955/887/11 2954/632/11
f 2887/890/11 2957/889/11 2956/629/11
f 2961/891/10 2924/892/10 2993/917/10
f 2889/894/11 2959/893/11 2958/627/11
f 2891/895/11 2961/891/11 2960/612/11
f 2893/896/11 2963/883/11 2962/600/11
f 2895/897/11 2965/875/11 2964/588/11
f 2959/893/10 2922/898/10 2991/916/10
f 2897/899/11 2967/867/11 2966/573/11
f 2899/901/11 2969/900/11 2968/561/11
f 2957/889/10 2920/902/10 2989/915/10
f 2955/887/10 2918/903/10 2987/914/10
f 2953/885/10 2916/904/10 2985/913/10
f 2951/881/10 2914/905/10 2983/912/10
f 2902/866/11 2972/692/11 2971/861/11
f 2904/906/11 2974/694/11 2973/869/11
f 2906/907/11 2976/696/11 2975/871/11
f 2908/908/11 2978/698/11 2977/873/11
f 2910/909/11 2980/700/11 2979/877/11
f 2912/910/11 2982/702/11 2981/911/11
f 2914/905/11 2984/635/11 2983/912/11
f 2916/904/11 2986/632/11 2985/913/11
f 2918/903/11 2988/629/11 2987/914/11
f 2920/902/11 2990/625/11 2989/915/11
f 2922/898/11 2992/612/11 2991/916/11
f 2924/892/11 2994/600/11 2993/917/11
f 2926/884/11 2996/586/11 2995/918/11
f 2928/876/11 2998/573/11 2997/919/11
f 2930/868/11 3000/561/11 2999/920/11
f 2932/921/11 3002/690/11 3001/900/11
f 2969/900/10 2932/921/10 3001/900/10
f 2938/861/10 2902/866/10 2971/861/10
f 2941/869/10 2904/906/10 2973/869/10
f 2943/871/10 2906/907/10 2975/871/10
f 2945/873/10 2908/908/10 2977/873/10
f 2947/877/10 2910/909/10 2979/877/10
f 2949/879/10 2912/910/10 2981/911/10
f 2881/882/1 3052/761/1 3020/801/1
f 2879/880/1 3050/762/1 3018/803/1
f 2877/878/1 3048/764/1 3016/764/1
f 2875/874/1 3046/766/1 3014/766/1
f 2873/872/1 3044/768/1 3012/768/1
f 2871/870/1 3042/770/1 3010/770/1
f 2901/865/1 3072/732/1 3040/732/1
f 2883/886/1 3054/758/1 3022/800/1
f 2885/888/1 3056/755/1 3024/799/1
f 2887/890/1 3058/752/1 3026/797/1
f 2889/894/1 3060/749/1 3028/796/1
f 2891/895/1 3062/746/1 3030/795/1
f 2893/896/1 3064/743/1 3032/743/1
f 2895/897/1 3066/740/1 3034/789/1
f 2897/899/1 3068/737/1 3036/785/1
f 2899/901/1 3070/734/1 3038/734/1
f 2867/456/14 3009/518/14 3006/393/14
f 1010/922/10 2981/911/10 1107/922/10
f 1008/923/10 2979/877/10 1105/923/10
f 1006/924/10 2977/873/10 1103/924/10
f 1004/925/10 2975/871/10 1101/925/10
f 1002/926/10 2973/869/10 1099/926/10
f 900/927/10 2971/861/10 1095/927/10
f 1030/928/10 3001/900/10 1127/928/10
f 3001/900/11 1128/691/11 1127/928/11
f 2999/920/11 1126/562/11 1125/929/11
f 2997/919/11 1124/574/11 1123/930/11
f 2995/918/11 1122/587/11 1121/931/11
f 2993/917/11 1120/601/11 1119/932/11
f 2991/916/11 1118/613/11 1117/933/11
f 2989/915/11 1116/626/11 1115/934/11
f 2987/914/11 1114/630/11 1113/935/11
f 2985/913/11 1112/633/11 1111/936/11
f 2983/912/11 1110/636/11 1109/937/11
f 2981/911/11 1108/703/11 1107/922/11
f 2979/877/11 1106/701/11 1105/923/11
f 2977/873/11 1104/699/11 1103/924/11
f 2975/871/11 1102/697/11 1101/925/11
f 2973/869/11 1100/695/11 1099/926/11
f 2971/861/11 1098/693/11 1095/927/11
f 1012/937/10 2983/912/10 1109/937/10
f 1014/936/10 2985/913/10 1111/936/10
f 1016/935/10 2987/914/10 1113/935/10
f 1018/934/10 2989/915/10 1115/934/10
f 2968/561/11 1030/928/11 1029/562/11
f 2966/573/11 1028/929/11 1027/574/11
f 1020/933/10 2991/916/10 1117/933/10
f 2964/588/11 1026/930/11 1025/587/11
f 2962/600/11 1024/931/11 1023/601/11
f 2960/612/11 1022/932/11 1021/613/11
f 2958/627/11 1020/933/11 1019/626/11
f 1022/932/10 2993/917/10 1119/932/10
f 2956/629/11 1018/934/11 1017/630/11
f 2954/632/11 1016/935/11 1015/633/11
f 2952/635/11 1014/936/11 1013/636/11
f 1024/931/10 2995/918/10 1121/931/10
f 2950/702/11 1012/937/11 1011/703/11
f 2948/700/11 1010/922/11 1009/701/11
f 2946/698/11 1008/923/11 1007/699/11
f 1026/930/10 2997/919/10 1123/930/10
f 2944/696/11 1006/924/11 1005/697/11
f 2942/694/11 1004/925/11 1003/695/11
f 2940/692/11 1002/926/11 1001/693/11
f 1028/929/10 2999/920/10 1125/929/10
f 892/927/15 2938/861/15 900/927/15
f 2970/690/11 901/938/11 1031/691/11
f 2733/536/2 2480/537/2 1991/537/2
f 2936/21/1 889/538/1 888/20/1
f 3003/863/11 892/927/11 889/939/11
f 2950/702/1 2913/882/1 2881/882/1
f 2948/700/1 2911/880/1 2879/880/1
f 2946/698/1 2909/878/1 2877/878/1
f 2944/696/1 2907/874/1 2875/874/1
f 2942/694/1 2905/872/1 2873/872/1
f 2940/692/1 2903/870/1 2871/870/1
f 2970/690/1 2933/865/1 2901/865/1
f 2952/635/1 2915/886/1 2883/886/1
f 2954/632/1 2917/888/1 2885/888/1
f 2956/629/1 2919/890/1 2887/890/1
f 2958/627/1 2921/894/1 2889/894/1
f 2960/612/1 2923/895/1 2891/895/1
f 2962/600/1 2925/896/1 2893/896/1
f 2964/588/1 2927/897/1 2895/897/1
f 2966/573/1 2929/899/1 2897/899/1
f 2968/561/1 2931/901/1 2899/901/1
f 2936/21/14 2870/540/14 2867/456/14
f 3006/393/14 2733/536/14 2729/391/14
f 3038/734/1 2794/783/1 2762/783/1
f 3036/785/1 2792/784/1 2760/784/1
f 3034/789/1 2790/788/1 2758/788/1
f 3032/743/1 2788/791/1 2756/791/1
f 3030/795/1 2786/793/1 2754/793/1
f 3028/796/1 2784/782/1 2752/782/1
f 3026/797/1 2782/780/1 2750/780/1
f 3024/799/1 2780/940/1 2748/777/1
f 3022/800/1 2778/774/1 2746/774/1
f 3040/732/1 2796/729/1 2764/729/1
f 3010/770/1 2766/725/1 2734/725/1
f 3012/768/1 2768/721/1 2736/721/1
f 3014/766/1 2770/717/1 2738/717/1
f 3016/764/1 2772/713/1 2740/713/1
f 3018/803/1 2774/709/1 2742/709/1
f 3020/801/1 2776/705/1 2744/705/1
f 3004/808/11 2866/866/11 2934/862/11
f 3006/393/1 2934/542/1 2867/456/1
f 2271/543/1 2870/540/1 2130/458/1
f 3040/732/11 2868/941/11 2901/865/11
f 2866/866/15 3008/726/15 2869/866/15
f 2898/868/10 3069/736/10 2930/868/10
f 3010/770/11 2872/906/11 2871/870/11
f 3012/768/11 2874/907/11 2873/872/11
f 3014/766/11 2876/908/11 2875/874/11
f 2896/876/10 3067/739/10 2928/876/10
f 3016/764/11 2878/909/11 2877/878/11
f 3018/803/11 2880/910/11 2879/880/11
f 3020/801/11 2882/905/11 2881/882/11
f 2894/884/10 3065/742/10 2926/884/10
f 3022/800/11 2884/904/11 2883/886/11
f 3024/799/11 2886/903/11 2885/888/11
f 3026/797/11 2888/902/11 2887/890/11
f 2892/892/10 3063/745/10 2924/892/10
f 3028/796/11 2890/898/11 2889/894/11
f 3030/795/11 2892/892/11 2891/895/11
f 3032/743/11 2894/884/11 2893/896/11
f 3034/789/11 2896/876/11 2895/897/11
f 2890/898/10 3061/748/10 2922/898/10
f 3036/785/11 2898/868/11 2897/899/11
f 3038/734/11 2900/921/11 2899/901/11
f 2888/902/10 3059/751/10 2920/902/10
f 2886/903/10 3057/754/10 2918/903/10
f 2884/904/10 3055/757/10 2916/904/10
f 2882/905/10 3053/760/10 2914/905/10
f 3041/771/11 2903/870/11 2902/866/11
f 3043/769/11 2905/872/11 2904/906/11
f 3045/767/11 2907/874/11 2906/907/11
f 3047/765/11 2909/878/11 2908/908/11
f 3049/763/11 2911/880/11 2910/909/11
f 3051/706/11 2913/882/11 2912/910/11
f 3053/760/11 2915/886/11 2914/905/11
f 3055/757/11 2917/888/11 2916/904/11
f 3057/754/11 2919/890/11 2918/903/11
f 3059/751/11 2921/894/11 2920/902/11
f 3061/748/11 2923/895/11 2922/898/11
f 3063/745/11 2925/896/11 2924/892/11
f 3065/742/11 2927/897/11 2926/884/11
f 3067/739/11 2929/899/11 2928/876/11
f 3069/736/11 2931/901/11 2930/868/11
f 3071/733/11 2933/865/11 2932/921/11
f 2900/921/10 3071/733/10 2932/921/10
f 2869/866/10 3041/771/10 2902/866/10
f 2872/906/10 3043/769/10 2904/906/10
f 2874/907/10 3045/767/10 2906/907/10
f 2876/908/10 3047/765/10 2908/908/10
f 2878/909/10 3049/763/10 2910/909/10
f 2880/910/10 3051/706/10 2912/910/10
f 3141/860/11 2728/727/11 2730/807/11
f 3074/397/1 2730/545/1 2729/391/1
f 2340/449/1 2733/536/1 1991/537/1
f 3108/728/11 2731/942/11 2764/729/11
f 2728/727/15 3076/835/15 2732/727/15
f 2761/735/10 3137/840/10 2793/735/10
f 3078/724/11 2735/723/11 2734/725/11
f 3080/720/11 2737/719/11 2736/721/11
f 3082/716/11 2739/715/11 2738/717/11
f 2759/738/10 3135/842/10 2791/738/10
f 3084/712/11 2741/711/11 2740/713/11
f 3086/708/11 2743/707/11 2742/709/11
f 3088/704/11 2745/759/11 2744/705/11
f 2757/741/10 3133/844/10 2789/741/10
f 3090/773/11 2747/756/11 2746/774/11
f 3092/776/11 2749/753/11 2748/777/11
f 3094/779/11 2751/750/11 2750/780/11
f 2755/744/10 3131/846/10 2787/744/10
f 3096/781/11 2753/747/11 2752/782/11
f 3098/792/11 2755/744/11 2754/793/11
f 3100/798/11 2757/741/11 2756/791/11
f 3102/802/11 2759/738/11 2758/788/11
f 2753/747/10 3129/848/10 2785/747/10
f 3104/804/11 2761/735/11 2760/784/11
f 3106/806/11 2763/731/11 2762/783/11
f 2751/750/10 3127/850/10 2783/750/10
f 2749/753/10 3125/852/10 2781/753/10
f 2747/756/10 3123/854/10 2779/756/10
f 2745/759/10 3121/856/10 2777/759/10
f 3109/835/11 2766/725/11 2765/727/11
f 3111/833/11 2768/721/11 2767/723/11
f 3113/831/11 2770/717/11 2769/719/11
f 3115/829/11 2772/713/11 2771/715/11
f 3117/827/11 2774/709/11 2773/711/11
f 3119/825/11 2776/705/11 2775/707/11
f 3121/856/11 2778/774/11 2777/759/11
f 3123/854/11 2780/940/11 2779/756/11
f 3125/852/11 2782/780/11 2781/753/11
f 3127/850/11 2784/782/11 2783/750/11
f 3129/848/11 2786/793/11 2785/747/11
f 3131/846/11 2788/791/11 2787/744/11
f 3133/844/11 2790/788/11 2789/741/11
f 3135/842/11 2792/784/11 2791/738/11
f 3137/840/11 2794/783/11 2793/735/11
f 3139/837/11 2796/729/11 2795/731/11
f 2763/731/10 3139/837/10 2795/731/10
f 2732/727/10 3109/835/10 2765/727/10
f 2735/723/10 3111/833/10 2767/723/10
f 2737/719/10 3113/831/10 2769/719/10
f 2739/715/10 3115/829/10 2771/715/10
f 2741/711/10 3117/827/10 2773/711/10
f 2743/707/10 3119/825/10 2775/707/10
f 3074/397/14 2802/547/14 2799/398/14
f 3106/806/1 2863/809/1 2831/809/1
f 3104/804/1 2861/810/1 2829/810/1
f 3102/802/1 2859/811/1 2827/811/1
f 3100/798/1 2857/812/1 2825/812/1
f 3098/792/1 2855/813/1 2823/813/1
f 3096/781/1 2853/814/1 2821/814/1
f 3094/779/1 2851/815/1 2819/815/1
f 3092/776/1 2849/816/1 2817/816/1
f 3090/773/1 2847/817/1 2815/817/1
f 3108/728/1 2865/818/1 2833/818/1
f 3078/724/1 2835/819/1 2803/819/1
f 3080/720/1 2837/820/1 2805/820/1
f 3082/716/1 2839/821/1 2807/821/1
f 3084/712/1 2841/822/1 2809/822/1
f 3086/708/1 2843/823/1 2811/823/1
f 3088/704/1 2845/824/1 2813/824/1
f 3158/591/1 2707/590/1 2643/590/1
f 3156/585/1 2705/584/1 2641/584/1
f 3154/582/1 2703/581/1 2639/581/1
f 3152/577/1 2701/576/1 2637/576/1
f 3150/572/1 2699/571/1 2635/571/1
f 3148/569/1 2697/568/1 2633/568/1
f 3178/564/1 2727/558/1 2663/558/1
f 3160/596/1 2709/595/1 2645/595/1
f 3162/599/1 2711/598/1 2647/598/1
f 3164/604/1 2713/603/1 2649/603/1
f 3166/609/1 2715/608/1 2651/608/1
f 3168/611/1 2717/610/1 2653/610/1
f 3170/615/1 2719/614/1 2655/614/1
f 3172/618/1 2721/617/1 2657/617/1
f 3174/621/1 2723/620/1 2659/620/1
f 3176/624/1 2725/623/1 2661/623/1
f 3144/25/14 2508/3/14 2502/3/14
f 2812/826/10 3189/685/10 2844/826/10
f 2810/828/10 3187/580/10 2842/828/10
f 2808/830/10 3185/575/10 2840/830/10
f 2806/832/10 3183/570/10 2838/832/10
f 2804/834/10 3181/567/10 2836/834/10
f 2801/836/10 3179/684/10 2834/836/10
f 2832/838/10 3209/622/10 2864/838/10
f 3209/622/11 2865/818/11 2864/838/11
f 3207/565/11 2863/809/11 2862/839/11
f 3205/578/11 2861/810/11 2860/841/11
f 3203/592/11 2859/811/11 2858/843/11
f 3201/605/11 2857/812/11 2856/845/11
f 3199/607/11 2855/813/11 2854/847/11
f 3197/687/11 2853/814/11 2852/849/11
f 3195/597/11 2851/815/11 2850/851/11
f 3193/594/11 2849/816/11 2848/853/11
f 3191/686/11 2847/817/11 2846/855/11
f 3189/685/11 2845/824/11 2844/826/11
f 3187/580/11 2843/823/11 2842/828/11
f 3185/575/11 2841/822/11 2840/830/11
f 3183/570/11 2839/821/11 2838/832/11
f 3181/567/11 2837/820/11 2836/834/11
f 3179/684/11 2835/819/11 2834/836/11
f 2814/855/10 3191/686/10 2846/855/10
f 2816/853/10 3193/594/10 2848/853/10
f 2818/851/10 3195/597/10 2850/851/10
f 2820/857/10 3197/687/10 2852/849/10
f 3176/624/11 2832/838/11 2831/809/11
f 3174/621/11 2830/839/11 2829/810/11
f 2822/847/10 3199/607/10 2854/847/10
f 3172/618/11 2828/841/11 2827/811/11
f 3170/615/11 2826/843/11 2825/812/11
f 3168/611/11 2824/845/11 2823/813/11
f 3166/609/11 2822/847/11 2821/814/11
f 2824/845/10 3201/605/10 2856/845/10
f 3164/604/11 2820/857/11 2819/815/11
f 3162/599/11 2818/851/11 2817/816/11
f 3160/596/11 2816/853/11 2815/817/11
f 2826/843/10 3203/592/10 2858/843/10
f 3158/591/11 2814/855/11 2813/824/11
f 3156/585/11 2812/826/11 2811/823/11
f 3154/582/11 2810/828/11 2809/822/11
f 2828/841/10 3205/578/10 2860/841/10
f 3152/577/11 2808/830/11 2807/821/11
f 3150/572/11 2806/832/11 2805/820/11
f 3148/569/11 2804/834/11 2803/819/11
f 2830/839/10 3207/565/10 2862/839/10
f 2798/836/15 3146/684/15 2801/836/15
f 3178/564/11 2800/943/11 2833/818/11
f 3147/28/2 2482/29/2 2411/29/2
f 3144/25/1 2797/550/1 2799/398/1
f 3142/560/11 2798/836/11 2797/859/11
f 2480/537/1 3215/518/1 2486/543/1
f 2478/459/1 1673/20/1 870/551/1
f 2482/29/1 3214/547/1 2483/448/1
f 2802/547/3 3213/28/3 3147/28/3
f 2939/21/2 2478/459/2 2200/459/2
f 2271/543/12 3215/518/12 3009/518/12
f 2061/448/12 3214/547/12 2802/547/12
f 3009/518/3 3212/536/3 2733/536/3
f 3220/1070/10 3218/1071/10 3222/1072/10
f 3218/5/2 3217/4/2 3219/6/2
f 3221/8/3 3216/7/3 3220/9/3
f 3219/6/4 3232/5/4 3218/5/4
f 3232/1071/15 3222/1072/15 3218/1071/15
f 3228/4/18 3219/6/18 3217/4/18
f 3221/8/14 3228/10/14 3217/10/14
f 3222/1072/17 3234/1070/17 3220/1070/17
f 3234/9/9 3221/8/9 3220/9/9
f 17/12/3 3272/11/3 3334/13/3
f 3231/6/2 3242/14/2 3303/15/2
f 3458/13/9 17/12/9 3334/13/9
f 3224/16/2 3231/6/2 3223/17/2
f 3233/1072/10 3224/1073/10 3225/1074/10
f 3798/1075/15 3226/1076/15 3795/1075/15
f 4002/22/3 3234/9/3 4001/23/3
f 3239/6/18 3223/17/18 3231/6/18
f 4001/1077/10 3233/1072/10 4003/1078/10
f 3859/27/10 3363/26/10 3827/27/10
f 4006/1079/10 3235/1074/10 4004/1080/10
f 803/30/3 3458/13/3 4037/31/3
f 3303/15/4 3239/6/4 3231/6/4
f 4002/22/14 3238/8/14 3230/8/14
f 3225/1074/17 3241/1072/17 3233/1072/17
f 16/34/4 3397/35/4 3273/36/4
f 3273/36/4 3398/37/4 3274/37/4
f 3274/37/4 3399/38/4 3275/39/4
f 3275/39/4 3400/40/4 3276/41/4
f 3276/41/4 3401/42/4 3277/43/4
f 3277/43/4 3402/44/4 3278/45/4
f 3278/45/4 3403/46/4 3279/47/4
f 3279/47/4 3404/48/4 3280/49/4
f 3280/49/4 3405/50/4 3281/51/4
f 3281/51/4 3406/52/4 3282/53/4
f 3282/53/4 3407/54/4 3283/55/4
f 3283/55/4 3408/56/4 3284/57/4
f 3284/57/4 3409/58/4 3285/58/4
f 3285/58/4 3410/59/4 3286/60/4
f 3286/60/4 3411/61/4 3287/62/4
f 3287/62/4 3412/63/4 3288/64/4
f 3288/64/4 3413/65/4 3289/66/4
f 3289/66/4 3414/67/4 3290/67/4
f 3290/67/4 3415/68/4 3291/69/4
f 3291/69/4 3416/70/4 3292/71/4
f 3292/71/4 3417/72/4 3293/73/4
f 3293/73/4 3418/74/4 3294/74/4
f 3294/74/4 3419/75/4 3295/75/4
f 3295/75/4 3420/76/4 3296/76/4
f 3296/76/4 3421/77/4 3297/78/4
f 3297/78/4 3422/79/4 3298/80/4
f 3298/80/4 3423/81/4 3299/82/4
f 3299/82/4 3424/83/4 3300/84/4
f 3300/84/4 3425/85/4 3301/86/4
f 3301/86/4 3426/87/4 3302/88/4
f 3302/88/4 3427/32/4 3303/15/4
f 4034/89/1 3583/90/1 3455/90/1
f 4008/92/3 3428/91/3 4007/93/3
f 3542/65/4 3414/67/4 3413/65/4
f 4010/95/3 3430/94/3 4009/96/3
f 3857/98/10 3361/97/10 3825/98/10
f 4012/100/3 3432/99/3 4011/101/3
f 4032/102/1 3581/103/1 3453/103/1
f 4014/105/3 3434/104/3 4013/106/3
f 3540/61/4 3412/63/4 3411/61/4
f 4016/108/3 3436/107/3 4015/109/3
f 3855/111/10 3359/110/10 3823/112/10
f 4018/114/3 3438/113/3 4017/115/3
f 4030/116/1 3579/117/1 3451/117/1
f 4020/119/3 3440/118/3 4019/120/3
f 3538/58/4 3410/59/4 3409/58/4
f 4022/122/3 3442/121/3 4021/123/3
f 3853/125/10 3357/124/10 3821/125/10
f 4024/127/3 3444/126/3 4023/128/3
f 4028/129/1 3577/130/1 3449/130/1
f 4026/132/3 3446/131/3 4025/133/3
f 3536/54/4 3408/56/4 3407/54/4
f 4028/129/3 3448/134/3 4027/135/3
f 3851/137/10 3355/136/10 3819/137/10
f 4030/116/3 3450/138/3 4029/139/3
f 3585/140/9 3458/13/9 3457/140/9
f 4032/102/3 3452/141/3 4031/142/3
f 4026/132/1 3575/143/1 3447/143/1
f 4034/89/3 3454/144/3 4033/145/3
f 3534/50/4 3406/52/4 3405/50/4
f 4036/147/3 3456/146/3 4035/148/3
f 3849/150/10 3353/149/10 3817/151/10
f 3366/152/2 26/34/2 27/153/2
f 3583/90/9 3456/146/9 3455/90/9
f 3368/154/2 3398/37/2 3367/155/2
f 4024/127/1 3573/156/1 3445/156/1
f 3370/158/2 3400/40/2 3369/159/2
f 3532/46/4 3404/48/4 3403/46/4
f 3372/160/2 3402/44/2 3371/161/2
f 3847/163/10 3351/162/10 3815/163/10
f 3374/164/2 3404/48/2 3373/165/2
f 3581/103/9 3454/144/9 3453/103/9
f 3376/166/2 3406/52/2 3375/167/2
f 4022/122/1 3571/168/1 3443/168/1
f 3378/169/2 3408/56/2 3377/170/2
f 3530/42/4 3402/44/4 3401/42/4
f 3380/171/2 3410/59/2 3379/172/2
f 3845/174/10 3349/173/10 3813/174/10
f 3382/175/2 3412/63/2 3381/176/2
f 3579/117/9 3452/141/9 3451/117/9
f 3384/177/2 3414/67/2 3383/178/2
f 4020/119/1 3569/179/1 3441/179/1
f 3386/180/2 3416/70/2 3385/181/2
f 3528/38/4 3400/40/4 3399/38/4
f 3388/182/2 3418/74/2 3387/183/2
f 3843/185/10 3347/184/10 3811/185/10
f 3390/186/2 3420/76/2 3389/187/2
f 3577/130/9 3450/138/9 3449/130/9
f 3392/188/2 3422/79/2 3391/189/2
f 4018/114/1 3567/190/1 3439/190/1
f 3394/192/2 3424/83/2 3393/193/2
f 3526/35/4 3398/37/4 3397/35/4
f 3396/194/2 3426/87/2 3395/195/2
f 3238/8/9 3304/91/9 3230/8/9
f 3428/91/9 3305/196/9 3304/91/9
f 3429/196/9 3306/197/9 3305/196/9
f 3430/94/9 3307/198/9 3306/197/9
f 3431/200/9 3308/199/9 3307/198/9
f 3432/99/9 3309/201/9 3308/199/9
f 3433/202/9 3310/104/9 3309/201/9
f 3434/104/9 3311/203/9 3310/104/9
f 3435/204/9 3312/107/9 3311/203/9
f 3436/107/9 3313/205/9 3312/107/9
f 3437/205/9 3314/113/9 3313/205/9
f 3438/113/9 3315/190/9 3314/113/9
f 3439/190/9 3316/118/9 3315/190/9
f 3440/118/9 3317/179/9 3316/118/9
f 3441/179/9 3318/121/9 3317/179/9
f 3442/121/9 3319/168/9 3318/121/9
f 3443/168/9 3320/126/9 3319/168/9
f 3444/126/9 3321/206/9 3320/126/9
f 3445/156/9 3322/131/9 3321/206/9
f 3446/131/9 3323/143/9 3322/131/9
f 3447/143/9 3324/134/9 3323/143/9
f 3448/134/9 3325/130/9 3324/134/9
f 3449/130/9 3326/138/9 3325/130/9
f 3450/138/9 3327/117/9 3326/138/9
f 3451/117/9 3328/207/9 3327/117/9
f 3452/141/9 3329/208/9 3328/207/9
f 3453/103/9 3330/209/9 3329/208/9
f 3454/144/9 3331/90/9 3330/209/9
f 3455/90/9 3332/210/9 3331/90/9
f 3456/146/9 3333/140/9 3332/210/9
f 3457/140/9 3334/13/9 3333/140/9
f 3273/36/2 14/211/2 16/34/2
f 3274/37/2 3272/212/2 3273/36/2
f 3275/39/2 3271/213/2 3274/37/2
f 3276/41/2 3270/214/2 3275/39/2
f 3277/43/2 3269/215/2 3276/41/2
f 3278/45/2 3268/216/2 3277/43/2
f 3279/47/2 3267/217/2 3278/45/2
f 3280/49/2 3266/218/2 3279/47/2
f 3281/51/2 3265/219/2 3280/49/2
f 3282/53/2 3264/220/2 3281/51/2
f 3283/55/2 3263/221/2 3282/53/2
f 3284/57/2 3262/222/2 3283/55/2
f 3285/58/2 3261/223/2 3284/57/2
f 3286/60/2 3260/224/2 3285/58/2
f 3287/62/2 3259/225/2 3286/60/2
f 3288/64/2 3258/226/2 3287/62/2
f 3289/66/2 3257/227/2 3288/64/2
f 3290/67/2 3256/228/2 3289/66/2
f 3291/69/2 3255/229/2 3290/67/2
f 3292/71/2 3254/230/2 3291/69/2
f 3293/73/2 3253/231/2 3292/71/2
f 3294/74/2 3252/232/2 3293/73/2
f 3295/75/2 3251/233/2 3294/74/2
f 3296/76/2 3250/234/2 3295/75/2
f 3297/78/2 3249/235/2 3296/76/2
f 3297/78/2 3247/236/2 3248/653/2
f 3298/80/2 3246/237/2 3247/236/2
f 3299/82/2 3245/238/2 3246/237/2
f 3301/86/2 3245/238/2 3300/84/2
f 3302/88/2 3244/239/2 3301/86/2
f 3303/15/2 3243/240/2 3302/88/2
f 3304/91/3 3228/10/3 3230/8/3
f 3305/196/3 3242/241/3 3304/91/3
f 3306/197/3 3243/242/3 3305/196/3
f 3307/198/3 3244/243/3 3306/197/3
f 3308/199/3 3245/244/3 3307/198/3
f 3309/201/3 3246/245/3 3308/199/3
f 3310/104/3 3247/246/3 3309/201/3
f 3311/203/3 3248/247/3 3310/104/3
f 3312/107/3 3249/248/3 3311/203/3
f 3313/205/3 3250/249/3 3312/107/3
f 3314/113/3 3251/250/3 3313/205/3
f 3315/190/3 3252/251/3 3314/113/3
f 3316/118/3 3253/252/3 3315/190/3
f 3317/179/3 3254/253/3 3316/118/3
f 3318/121/3 3255/254/3 3317/179/3
f 3319/168/3 3256/255/3 3318/121/3
f 3320/126/3 3257/256/3 3319/168/3
f 3321/206/3 3258/257/3 3320/126/3
f 3322/131/3 3259/258/3 3321/206/3
f 3323/143/3 3260/259/3 3322/131/3
f 3324/134/3 3261/260/3 3323/143/3
f 3325/130/3 3262/261/3 3324/134/3
f 3326/138/3 3263/262/3 3325/130/3
f 3327/117/3 3264/263/3 3326/138/3
f 3328/207/3 3265/264/3 3327/117/3
f 3329/208/3 3266/265/3 3328/207/3
f 3330/209/3 3267/266/3 3329/208/3
f 3331/90/3 3268/267/3 3330/209/3
f 3332/210/3 3269/268/3 3331/90/3
f 3333/140/3 3270/269/3 3332/210/3
f 3334/13/3 3271/270/3 3333/140/3
f 3460/17/2 3464/32/2 3459/194/2
f 4039/93/3 3461/8/3 4038/33/3
f 4041/96/3 3557/196/3 4040/92/3
f 4043/101/3 3559/200/3 4042/95/3
f 4045/106/3 3561/202/3 4044/100/3
f 4047/109/3 3563/204/3 4046/105/3
f 4049/115/3 3565/205/3 4048/271/3
f 4051/120/3 3567/190/3 4050/191/3
f 4053/123/3 3569/179/3 4052/119/3
f 4055/128/3 3571/168/3 4054/122/3
f 4057/133/3 3573/156/3 4056/157/3
f 4059/135/3 3575/143/3 4058/132/3
f 4061/139/3 3577/130/3 4060/129/3
f 4063/272/3 3579/117/3 4062/116/3
f 4065/273/3 3581/103/3 4064/102/3
f 4067/148/3 3583/90/3 4066/89/3
f 4069/31/3 3585/140/3 4068/147/3
f 3497/155/2 3526/35/2 3496/152/2
f 3499/159/2 3528/38/2 3498/154/2
f 3501/161/2 3530/42/2 3500/158/2
f 3503/165/2 3532/46/2 3502/160/2
f 3505/167/2 3534/50/2 3504/164/2
f 3507/170/2 3536/54/2 3506/166/2
f 3509/172/2 3538/58/2 3508/169/2
f 3511/176/2 3540/61/2 3510/171/2
f 3513/178/2 3542/65/2 3512/175/2
f 3515/181/2 3544/68/2 3514/177/2
f 3517/183/2 3546/72/2 3516/180/2
f 3519/187/2 3548/75/2 3518/182/2
f 3521/189/2 3550/77/2 3520/186/2
f 3523/193/2 3552/81/2 3522/188/2
f 3525/195/2 3554/85/2 3524/192/2
f 3544/68/4 3416/70/4 3415/68/4
f 4036/147/1 3585/140/1 3457/140/1
f 3861/275/10 3365/274/10 3829/275/10
f 3546/72/4 3418/74/4 3417/72/4
f 3366/152/10 3526/35/10 3397/35/10
f 3527/37/1 3367/155/1 3398/37/1
f 3548/75/4 3420/76/4 3419/75/4
f 3368/154/10 3528/38/10 3399/38/10
f 3529/40/1 3369/159/1 3400/40/1
f 3550/77/4 3422/79/4 3421/77/4
f 3370/158/10 3530/42/10 3401/42/10
f 3531/44/1 3371/161/1 3402/44/1
f 3552/81/4 3424/83/4 3423/81/4
f 3372/160/10 3532/46/10 3403/46/10
f 3533/48/1 3373/165/1 3404/48/1
f 3554/85/4 3426/87/4 3425/85/4
f 3374/164/10 3534/50/10 3405/50/10
f 3535/52/1 3375/167/1 3406/52/1
f 3461/8/9 3428/91/9 3238/8/9
f 3376/166/10 3536/54/10 3407/54/10
f 3537/56/1 3377/170/1 3408/56/1
f 3557/196/9 3430/94/9 3429/196/9
f 3378/169/10 3538/58/10 3409/58/10
f 3539/59/1 3379/172/1 3410/59/1
f 3559/200/9 3432/99/9 3431/200/9
f 3380/171/10 3540/61/10 3411/61/10
f 3541/63/1 3381/176/1 3412/63/1
f 3561/202/9 3434/104/9 3433/202/9
f 3382/175/10 3542/65/10 3413/65/10
f 3543/67/1 3383/178/1 3414/67/1
f 3563/204/9 3436/107/9 3435/204/9
f 3384/177/10 3544/68/10 3415/68/10
f 4005/33/1 3461/8/1 3238/8/1
f 3545/70/1 3385/181/1 3416/70/1
f 3463/6/1 3237/17/1 3239/6/1
f 3565/205/9 3438/113/9 3437/205/9
f 3386/180/10 3546/72/10 3417/72/10
f 3831/277/10 3335/276/10 3799/277/10
f 3547/74/1 3387/183/1 3418/74/1
f 3464/32/4 3239/6/4 3427/32/4
f 4008/92/1 3557/196/1 3429/196/1
f 3567/190/9 3440/118/9 3439/190/9
f 3388/182/10 3548/75/10 3419/75/10
f 3833/279/10 3337/278/10 3801/279/10
f 3549/76/1 3389/187/1 3420/76/1
f 4010/95/1 3559/200/1 3431/200/1
f 3569/179/9 3442/121/9 3441/179/9
f 3390/186/10 3550/77/10 3421/77/10
f 3835/281/10 3339/280/10 3803/281/10
f 3551/79/1 3391/189/1 3422/79/1
f 4012/100/1 3561/202/1 3433/202/1
f 3571/168/9 3444/126/9 3443/168/9
f 3392/188/10 3552/81/10 3423/81/10
f 3837/283/10 3341/282/10 3805/283/10
f 3553/83/1 3393/193/1 3424/83/1
f 4014/105/1 3563/204/1 3435/204/1
f 3573/156/9 3446/131/9 3445/156/9
f 3394/192/10 3554/85/10 3425/85/10
f 3839/285/10 3343/284/10 3807/285/10
f 3555/87/1 3395/195/1 3426/87/1
f 4016/108/1 3565/205/1 3437/205/1
f 3575/143/9 3448/134/9 3447/143/9
f 3396/194/10 3464/32/10 3427/32/10
f 3841/287/10 3345/286/10 3809/287/10
f 3979/289/10 3603/288/10 3947/289/10
f 3878/290/1 3634/291/1 3602/291/1
f 3977/293/10 3601/292/10 3945/293/10
f 3876/294/1 3632/295/1 3600/295/1
f 3975/298/10 3599/297/10 3943/298/10
f 3874/299/1 3630/300/1 3598/300/1
f 3973/303/10 3597/302/10 3941/303/10
f 3872/304/1 3628/305/1 3596/305/1
f 3971/308/10 3595/307/10 3939/308/10
f 3870/309/1 3626/310/1 3594/310/1
f 3969/313/10 3593/312/10 3937/313/10
f 3867/314/1 3624/315/1 3591/315/1
f 3999/318/10 3623/317/10 3967/318/10
f 3898/319/1 3654/320/1 3622/320/1
f 3931/322/3 3654/320/3 3930/321/3
f 3929/324/3 3652/323/3 3928/325/3
f 3927/327/3 3650/326/3 3926/328/3
f 3925/330/3 3648/329/3 3924/331/3
f 3923/333/3 3646/332/3 3922/334/3
f 3921/336/3 3644/335/3 3920/337/3
f 3919/339/3 3642/338/3 3918/340/3
f 3917/342/3 3640/341/3 3916/343/3
f 3915/345/3 3638/344/3 3914/346/3
f 3913/348/3 3636/347/3 3912/349/3
f 3911/350/3 3634/291/3 3910/290/3
f 3909/351/3 3632/295/3 3908/296/3
f 3907/352/3 3630/300/3 3906/301/3
f 3905/353/3 3628/305/3 3904/306/3
f 3903/354/3 3626/310/3 3902/311/3
f 3901/355/3 3624/315/3 3900/316/3
f 3880/356/1 3636/347/1 3604/347/1
f 3981/358/10 3605/357/10 3949/358/10
f 3882/359/1 3638/344/1 3606/344/1
f 3983/361/10 3607/360/10 3951/361/10
f 3884/362/1 3640/341/1 3608/341/1
f 3985/364/10 3609/363/10 3953/364/10
f 3886/340/1 3642/338/1 3610/338/1
f 3987/366/10 3611/365/10 3955/366/10
f 3898/319/3 3621/367/3 3897/324/3
f 3896/325/3 3619/368/3 3895/369/3
f 3888/370/1 3644/335/1 3612/335/1
f 3894/372/3 3617/371/3 3893/373/3
f 3892/375/3 3615/374/3 3891/333/3
f 3989/377/10 3613/376/10 3957/377/10
f 3890/378/3 3613/376/3 3889/379/3
f 3888/370/3 3611/365/3 3887/380/3
f 3890/378/1 3646/332/1 3614/332/1
f 3886/340/3 3609/363/3 3885/381/3
f 3991/382/10 3615/374/10 3959/382/10
f 3884/362/3 3607/360/3 3883/383/3
f 3882/359/3 3605/357/3 3881/384/3
f 3892/375/1 3648/329/1 3616/329/1
f 3880/356/3 3603/288/3 3879/385/3
f 3993/386/10 3617/371/10 3961/386/10
f 3878/290/3 3601/292/3 3877/387/3
f 3876/294/3 3599/297/3 3875/352/3
f 3894/372/1 3650/326/1 3618/326/1
f 3874/299/3 3597/302/3 3873/353/3
f 3995/388/10 3619/368/10 3963/388/10
f 3872/304/3 3595/307/3 3871/354/3
f 3870/309/3 3593/312/3 3869/355/3
f 3896/325/1 3652/323/1 3620/323/1
f 3864/314/14 3591/315/14 3587/315/14
f 663/389/3 3623/317/3 3899/322/3
f 4073/1075/11 3240/1076/11 3798/1075/11
f 3997/390/10 3621/367/10 3965/390/10
f 3863/1081/10 3588/1082/10 3865/1083/10
f 3864/314/3 3589/394/3 3863/395/3
f 3936/1084/15 3588/1082/15 3933/1085/15
f 4006/1079/15 3658/1086/15 4003/1078/15
f 4067/148/10 3690/399/10 4035/148/10
f 4065/273/10 3688/400/10 4033/145/10
f 4063/272/10 3686/401/10 4031/142/10
f 4061/139/10 3684/402/10 4029/139/10
f 4059/135/10 3682/403/10 4027/135/10
f 4057/133/10 3680/404/10 4025/133/10
f 4055/128/10 3678/405/10 4023/128/10
f 4053/123/10 3676/406/10 4021/123/10
f 4051/120/10 3674/407/10 4019/120/10
f 4069/31/10 3692/408/10 4037/31/10
f 4039/93/10 3662/409/10 4007/93/10
f 4041/96/10 3664/410/10 4009/96/10
f 4043/101/10 3666/411/10 4011/101/10
f 4045/106/10 3668/412/10 4013/106/10
f 4047/109/10 3670/413/10 4015/109/10
f 4049/115/10 3672/414/10 4017/115/10
f 3946/415/1 3703/416/1 3671/416/1
f 3944/417/1 3701/418/1 3669/418/1
f 3942/419/1 3699/420/1 3667/420/1
f 3940/421/1 3697/422/1 3665/422/1
f 3938/423/1 3695/424/1 3663/424/1
f 3935/425/1 3693/426/1 3660/426/1
f 3966/427/1 3723/428/1 3691/428/1
f 3999/318/3 3723/428/3 3998/427/3
f 3997/390/3 3721/429/3 3996/430/3
f 3995/388/3 3719/431/3 3994/432/3
f 3993/386/3 3717/433/3 3992/434/3
f 3991/382/3 3715/435/3 3990/436/3
f 3989/377/3 3713/437/3 3988/438/3
f 3987/366/3 3711/439/3 3986/440/3
f 3985/364/3 3709/441/3 3984/442/3
f 3983/361/3 3707/443/3 3982/444/3
f 3981/358/3 3705/445/3 3980/446/3
f 3979/289/3 3703/416/3 3978/415/3
f 3977/293/3 3701/418/3 3976/417/3
f 3975/298/3 3699/420/3 3974/419/3
f 3973/303/3 3697/422/3 3972/421/3
f 3971/308/3 3695/424/3 3970/423/3
f 3969/313/3 3693/426/3 3968/425/3
f 3948/446/1 3705/445/1 3673/445/1
f 3950/444/1 3707/443/1 3675/443/1
f 3952/442/1 3709/441/1 3677/441/1
f 3954/440/1 3711/439/1 3679/548/1
f 3966/427/3 3690/399/3 3965/390/3
f 3964/430/3 3688/400/3 3963/388/3
f 3956/438/1 3713/437/1 3681/437/1
f 3962/432/3 3686/401/3 3961/386/3
f 3960/434/3 3684/402/3 3959/382/3
f 3958/436/3 3682/403/3 3957/377/3
f 3956/438/3 3680/404/3 3955/366/3
f 3958/436/1 3715/435/1 3683/435/1
f 3954/440/3 3678/405/3 3953/364/3
f 3952/442/3 3676/406/3 3951/361/3
f 3950/444/3 3674/407/3 3949/358/3
f 3960/434/1 3717/433/1 3685/433/1
f 3948/446/3 3672/414/3 3947/289/3
f 3946/415/3 3670/413/3 3945/293/3
f 3944/417/3 3668/412/3 3943/298/3
f 3962/432/1 3719/431/1 3687/431/1
f 3942/419/3 3666/411/3 3941/303/3
f 3940/421/3 3664/410/3 3939/308/3
f 3938/423/3 3662/409/3 3937/313/3
f 3964/430/1 3721/429/1 3689/429/1
f 3932/425/14 3660/426/14 3657/426/14
f 732/447/3 3692/408/3 3967/318/3
f 3936/1084/10 3659/1087/10 3934/1088/10
f 4000/1089/10 3658/1086/10 3933/1085/10
f 3932/425/3 3656/451/3 4000/452/3
f 3794/454/3 3793/453/3 3862/455/3
f 3862/1090/10 3726/1091/10 3795/1075/10
f 3798/1075/10 3727/1092/10 3796/1093/10
f 592/461/3 3760/460/3 3829/275/3
f 3794/454/14 3728/462/14 3725/462/14
f 3826/463/1 3789/464/1 3757/464/1
f 3800/467/3 3730/466/3 3799/277/3
f 3802/469/3 3732/468/3 3801/279/3
f 3804/471/3 3734/470/3 3803/281/3
f 3824/472/1 3787/473/1 3755/473/1
f 3806/476/3 3736/475/3 3805/283/3
f 3808/478/3 3738/477/3 3807/285/3
f 3810/480/3 3740/479/3 3809/287/3
f 3822/481/1 3785/482/1 3753/482/1
f 3812/485/3 3742/484/3 3811/185/3
f 3814/487/3 3744/486/3 3813/174/3
f 3816/489/3 3746/488/3 3815/163/3
f 3820/490/1 3783/491/1 3751/491/1
f 3818/494/3 3748/493/3 3817/151/3
f 3820/490/3 3750/495/3 3819/137/3
f 3822/481/3 3752/496/3 3821/125/3
f 3824/472/3 3754/497/3 3823/112/3
f 3818/494/1 3781/498/1 3749/498/1
f 3826/463/3 3756/500/3 3825/98/3
f 3828/502/3 3758/501/3 3827/27/3
f 3816/489/1 3779/503/1 3747/503/1
f 3814/487/1 3777/505/1 3745/505/1
f 3812/485/1 3775/507/1 3743/507/1
f 3810/480/1 3773/509/1 3741/509/1
f 3831/277/3 3761/462/3 3830/454/3
f 3833/279/3 3763/511/3 3832/467/3
f 3835/281/3 3765/512/3 3834/469/3
f 3837/283/3 3767/513/3 3836/471/3
f 3839/285/3 3769/514/3 3838/476/3
f 3841/287/3 3771/515/3 3840/516/3
f 3843/185/3 3773/509/3 3842/510/3
f 3845/174/3 3775/507/3 3844/508/3
f 3847/163/3 3777/505/3 3846/506/3
f 3849/150/3 3779/503/3 3848/504/3
f 3851/137/3 3781/498/3 3850/499/3
f 3853/125/3 3783/491/3 3852/492/3
f 3855/111/3 3785/482/3 3854/483/3
f 3857/98/3 3787/473/3 3856/474/3
f 3859/27/3 3789/464/3 3858/465/3
f 3861/275/3 3791/517/3 3860/502/3
f 3828/502/1 3791/517/1 3759/517/1
f 3797/454/1 3761/462/1 3728/462/1
f 3800/467/1 3763/511/1 3731/511/1
f 3802/469/1 3765/512/1 3733/512/1
f 3804/471/1 3767/513/1 3735/513/1
f 3806/476/1 3769/514/1 3737/514/1
f 3808/478/1 3771/515/1 3739/515/1
f 3911/350/10 3740/479/10 3879/385/10
f 3909/351/10 3738/477/10 3877/387/10
f 3907/352/10 3736/475/10 3875/352/10
f 3905/353/10 3734/470/10 3873/353/10
f 3903/354/10 3732/468/10 3871/354/10
f 3901/355/10 3730/466/10 3869/355/10
f 3931/322/10 3760/460/10 3899/322/10
f 3913/348/10 3742/484/10 3881/384/10
f 3915/345/10 3744/486/10 3883/383/10
f 3917/342/10 3746/488/10 3885/381/10
f 3919/339/10 3748/493/10 3887/380/10
f 3921/336/10 3750/495/10 3889/379/10
f 3923/333/10 3752/496/10 3891/333/10
f 3925/330/10 3754/497/10 3893/373/10
f 3927/327/10 3756/500/10 3895/369/10
f 3929/324/10 3758/501/10 3897/324/10
f 3868/1083/15 3726/1091/15 3865/1083/15
f 3344/519/1 3840/516/1 3808/478/1
f 3342/520/1 3838/476/1 3806/476/1
f 3340/521/1 3836/471/1 3804/471/1
f 3338/522/1 3834/469/1 3802/469/1
f 3336/523/1 3832/467/1 3800/467/1
f 3236/524/1 3830/454/1 3797/454/1
f 3364/525/1 3860/502/1 3828/502/1
f 3495/274/3 3860/502/3 3494/525/3
f 3493/26/3 3858/465/3 3492/526/3
f 3491/97/3 3856/474/3 3490/527/3
f 3489/110/3 3854/483/3 3488/528/3
f 3487/124/3 3852/492/3 3486/529/3
f 3485/136/3 3850/499/3 3484/530/3
f 3483/149/3 3848/504/3 3482/531/3
f 3481/162/3 3846/506/3 3480/532/3
f 3479/173/3 3844/508/3 3478/533/3
f 3477/184/3 3842/510/3 3476/534/3
f 3475/286/3 3840/516/3 3474/519/3
f 3473/284/3 3838/476/3 3472/520/3
f 3471/282/3 3836/471/3 3470/521/3
f 3469/280/3 3834/469/3 3468/522/3
f 3467/278/3 3832/467/3 3466/523/3
f 3465/276/3 3830/454/3 3462/524/3
f 3346/534/1 3842/510/1 3810/480/1
f 3348/533/1 3844/508/1 3812/485/1
f 3350/532/1 3846/506/1 3814/487/1
f 3352/531/1 3848/504/1 3816/489/1
f 3364/525/3 3827/27/3 3363/26/3
f 3362/526/3 3825/98/3 3361/97/3
f 3354/530/1 3850/499/1 3818/494/1
f 3360/527/3 3823/112/3 3359/110/3
f 3358/528/3 3821/125/3 3357/124/3
f 3356/529/3 3819/137/3 3355/136/3
f 3354/530/3 3817/151/3 3353/149/3
f 3356/529/1 3852/492/1 3820/490/1
f 3352/531/3 3815/163/3 3351/162/3
f 3350/532/3 3813/174/3 3349/173/3
f 3348/533/3 3811/185/3 3347/184/3
f 3358/528/1 3854/483/1 3822/481/1
f 3346/534/3 3809/287/3 3345/286/3
f 3344/519/3 3807/285/3 3343/284/3
f 3342/520/3 3805/283/3 3341/282/3
f 3360/527/1 3856/474/1 3824/472/1
f 3340/521/3 3803/281/3 3339/280/3
f 3338/522/3 3801/279/3 3337/278/3
f 3336/523/3 3799/277/3 3335/276/3
f 3362/526/1 3858/465/1 3826/463/1
f 3229/524/14 3797/454/14 3794/454/14
f 25/535/3 3829/275/3 3365/274/3
f 4074/1094/12 3592/1095/12 3590/1094/12
f 3227/1096/10 3795/1075/10 3226/1076/10
f 3229/524/3 3862/455/3 3227/539/3
f 3772/479/10 3809/287/10 3740/479/10
f 3770/477/10 3807/285/10 3738/477/10
f 3768/475/10 3805/283/10 3736/475/10
f 3766/470/10 3803/281/10 3734/470/10
f 3764/468/10 3801/279/10 3732/468/10
f 3762/466/10 3799/277/10 3730/466/10
f 3792/460/10 3829/275/10 3760/460/10
f 3774/484/10 3811/185/10 3742/484/10
f 3776/486/10 3813/174/10 3744/486/10
f 3778/488/10 3815/163/10 3746/488/10
f 3780/493/10 3817/151/10 3748/493/10
f 3782/495/10 3819/137/10 3750/495/10
f 3784/496/10 3821/125/10 3752/496/10
f 3786/497/10 3823/112/10 3754/497/10
f 3788/500/10 3825/98/10 3756/500/10
f 3790/501/10 3827/27/10 3758/501/10
f 3729/1097/15 3795/1075/15 3726/1091/15
f 3592/1095/15 3865/1083/15 3588/1082/15
f 3653/367/10 3897/324/10 3621/367/10
f 3651/368/10 3895/369/10 3619/368/10
f 3649/371/10 3893/373/10 3617/371/10
f 3647/374/10 3891/333/10 3615/374/10
f 3645/376/10 3889/379/10 3613/376/10
f 3643/365/10 3887/380/10 3611/365/10
f 3641/363/10 3885/381/10 3609/363/10
f 3639/541/10 3883/383/10 3607/360/10
f 3637/357/10 3881/384/10 3605/357/10
f 3655/317/10 3899/322/10 3623/317/10
f 3625/312/10 3869/355/10 3593/312/10
f 3627/307/10 3871/354/10 3595/307/10
f 3629/302/10 3873/353/10 3597/302/10
f 3631/297/10 3875/352/10 3599/297/10
f 3633/292/10 3877/387/10 3601/292/10
f 3635/288/10 3879/385/10 3603/288/10
f 3725/462/3 3863/395/3 3793/453/3
f 3793/1098/10 3865/1083/10 3726/1091/10
f 3729/1097/10 3866/1099/10 3727/1092/10
f 522/544/3 3899/322/3 3760/460/3
f 3725/462/14 3867/314/14 3864/314/14
f 3757/464/1 3928/325/1 3896/325/1
f 3731/511/3 3869/355/3 3730/466/3
f 3733/512/3 3871/354/3 3732/468/3
f 3735/513/3 3873/353/3 3734/470/3
f 3755/473/1 3926/328/1 3894/372/1
f 3737/514/3 3875/352/3 3736/475/3
f 3739/515/3 3877/387/3 3738/477/3
f 3741/509/3 3879/385/3 3740/479/3
f 3753/482/1 3924/331/1 3892/375/1
f 3743/507/3 3881/384/3 3742/484/3
f 3745/505/3 3883/383/3 3744/486/3
f 3747/503/3 3885/381/3 3746/488/3
f 3751/491/1 3922/334/1 3890/378/1
f 3749/498/3 3887/380/3 3748/493/3
f 3751/491/3 3889/379/3 3750/495/3
f 3753/482/3 3891/333/3 3752/496/3
f 3755/473/3 3893/373/3 3754/497/3
f 3749/498/1 3920/337/1 3888/370/1
f 3757/464/3 3895/369/3 3756/500/3
f 3759/517/3 3897/324/3 3758/501/3
f 3747/503/1 3918/340/1 3886/340/1
f 3745/505/1 3916/343/1 3884/362/1
f 3743/507/1 3914/346/1 3882/359/1
f 3741/509/1 3912/349/1 3880/356/1
f 3762/466/3 3900/316/3 3761/462/3
f 3764/468/3 3902/311/3 3763/511/3
f 3766/470/3 3904/306/3 3765/512/3
f 3768/475/3 3906/301/3 3767/513/3
f 3770/477/3 3908/296/3 3769/514/3
f 3772/479/3 3910/290/3 3771/515/3
f 3774/484/3 3912/349/3 3773/509/3
f 3776/486/3 3914/346/3 3775/507/3
f 3778/488/3 3916/343/3 3777/505/3
f 3780/493/3 3918/340/3 3779/503/3
f 3782/495/3 3920/337/3 3781/498/3
f 3784/496/3 3922/334/3 3783/491/3
f 3786/497/3 3924/331/3 3785/482/3
f 3788/500/3 3926/328/3 3787/473/3
f 3790/501/3 3928/325/3 3789/464/3
f 3792/460/3 3930/321/3 3791/517/3
f 3759/517/1 3930/321/1 3898/319/1
f 3728/462/1 3900/316/1 3867/314/1
f 3731/511/1 3902/311/1 3870/309/1
f 3733/512/1 3904/306/1 3872/304/1
f 3735/513/1 3906/301/1 3874/299/1
f 3737/514/1 3908/296/1 3876/294/1
f 3739/515/1 3910/290/1 3878/290/1
f 3587/315/3 4000/452/3 3589/394/3
f 3589/1100/10 3933/1085/10 3588/1082/10
f 3592/1095/10 3934/1088/10 3590/1094/10
f 383/546/3 3967/318/3 3623/317/3
f 3587/315/14 3935/425/14 3932/425/14
f 3620/323/1 3996/430/1 3964/430/1
f 3594/310/3 3937/313/3 3593/312/3
f 3596/305/3 3939/308/3 3595/307/3
f 3598/300/3 3941/303/3 3597/302/3
f 3618/326/1 3994/432/1 3962/432/1
f 3600/295/3 3943/298/3 3599/297/3
f 3602/291/3 3945/293/3 3601/292/3
f 3604/347/3 3947/289/3 3603/288/3
f 3616/329/1 3992/434/1 3960/434/1
f 3606/344/3 3949/358/3 3605/357/3
f 3608/341/3 3951/361/3 3607/360/3
f 3610/338/3 3953/364/3 3609/363/3
f 3614/332/1 3990/436/1 3958/436/1
f 3612/335/3 3955/366/3 3611/365/3
f 3614/332/3 3957/377/3 3613/376/3
f 3616/329/3 3959/382/3 3615/374/3
f 3618/326/3 3961/386/3 3617/371/3
f 3612/335/1 3988/438/1 3956/438/1
f 3620/323/3 3963/388/3 3619/368/3
f 3622/320/3 3965/390/3 3621/367/3
f 3610/338/1 3986/440/1 3954/440/1
f 3608/341/1 3984/442/1 3952/442/1
f 3606/344/1 3982/444/1 3950/444/1
f 3604/347/1 3980/446/1 3948/446/1
f 3625/312/3 3968/425/3 3624/315/3
f 3627/307/3 3970/423/3 3626/310/3
f 3629/302/3 3972/421/3 3628/305/3
f 3631/297/3 3974/419/3 3630/300/3
f 3633/292/3 3976/417/3 3632/295/3
f 3635/288/3 3978/415/3 3634/291/3
f 3637/357/3 3980/446/3 3636/347/3
f 3639/541/3 3982/444/3 3638/344/3
f 3641/363/3 3984/442/3 3640/341/3
f 3643/365/3 3986/440/3 3642/338/3
f 3645/376/3 3988/438/3 3644/335/3
f 3647/374/3 3990/436/3 3646/332/3
f 3649/371/3 3992/434/3 3648/329/3
f 3651/368/3 3994/432/3 3650/326/3
f 3653/367/3 3996/430/3 3652/323/3
f 3655/317/3 3998/427/3 3654/320/3
f 3622/320/1 3998/427/1 3966/427/1
f 3591/315/1 3968/425/1 3935/425/1
f 3594/310/1 3970/423/1 3938/423/1
f 3596/305/1 3972/421/1 3940/421/1
f 3598/300/1 3974/419/1 3942/419/1
f 3600/295/1 3976/417/1 3944/417/1
f 3602/291/1 3978/415/1 3946/415/1
f 3661/1101/15 3933/1085/15 3658/1086/15
f 3722/399/10 3965/390/10 3690/399/10
f 3720/400/10 3963/388/10 3688/400/10
f 3718/401/10 3961/386/10 3686/401/10
f 3716/402/10 3959/382/10 3684/402/10
f 3714/403/10 3957/377/10 3682/403/10
f 3712/404/10 3955/366/10 3680/404/10
f 3710/405/10 3953/364/10 3678/405/10
f 3708/406/10 3951/361/10 3676/406/10
f 3706/407/10 3949/358/10 3674/407/10
f 3724/408/10 3967/318/10 3692/408/10
f 3694/409/10 3937/313/10 3662/409/10
f 3696/410/10 3939/308/10 3664/410/10
f 3698/411/10 3941/303/10 3666/411/10
f 3700/412/10 3943/298/10 3668/412/10
f 3702/413/10 3945/293/10 3670/413/10
f 3704/414/10 3947/289/10 3672/414/10
f 3566/113/10 4017/115/10 3438/113/10
f 3564/107/10 4015/109/10 3436/107/10
f 3562/104/10 4013/106/10 3434/104/10
f 3560/99/10 4011/101/10 3432/99/10
f 3558/94/10 4009/96/10 3430/94/10
f 3556/91/10 4007/93/10 3428/91/10
f 3586/13/10 4037/31/10 3458/13/10
f 3568/118/10 4019/120/10 3440/118/10
f 3570/121/10 4021/123/10 3442/121/10
f 3572/126/10 4023/128/10 3444/126/10
f 3574/131/10 4025/133/10 3446/131/10
f 3576/134/10 4027/135/10 3448/134/10
f 3578/138/10 4029/139/10 3450/138/10
f 3580/141/10 4031/142/10 3452/141/10
f 3582/144/10 4033/145/10 3454/144/10
f 3584/146/10 4035/148/10 3456/146/10
f 3241/1072/15 4003/1078/15 3233/1072/15
f 3671/416/1 4048/271/1 4016/108/1
f 3669/418/1 4046/105/1 4014/105/1
f 3667/420/1 4044/100/1 4012/100/1
f 3665/422/1 4042/95/1 4010/95/1
f 3663/424/1 4040/92/1 4008/92/1
f 3660/426/1 4038/33/1 4005/33/1
f 3691/428/1 4068/147/1 4036/147/1
f 3724/408/3 4068/147/3 3723/428/3
f 3722/399/3 4066/89/3 3721/429/3
f 3720/400/3 4064/102/3 3719/431/3
f 3718/401/3 4062/116/3 3717/433/3
f 3716/402/3 4060/129/3 3715/435/3
f 3714/403/3 4058/132/3 3713/437/3
f 3712/404/3 4056/157/3 3711/439/3
f 3710/405/3 4054/122/3 3709/441/3
f 3708/406/3 4052/119/3 3707/443/3
f 3706/407/3 4050/191/3 3705/445/3
f 3704/414/3 4048/271/3 3703/416/3
f 3702/413/3 4046/105/3 3701/418/3
f 3700/412/3 4044/100/3 3699/420/3
f 3698/411/3 4042/95/3 3697/422/3
f 3696/410/3 4040/92/3 3695/424/3
f 3694/409/3 4038/33/3 3693/426/3
f 3673/445/1 4050/191/1 4018/114/1
f 3675/443/1 4052/119/1 4020/119/1
f 3677/441/1 4054/122/1 4022/122/1
f 3679/548/1 4056/157/1 4024/127/1
f 3691/428/3 4035/148/3 3690/399/3
f 3689/429/3 4033/145/3 3688/400/3
f 3681/437/1 4058/132/1 4026/132/1
f 3687/431/3 4031/142/3 3686/401/3
f 3685/433/3 4029/139/3 3684/402/3
f 3683/435/3 4027/135/3 3682/403/3
f 3681/437/3 4025/133/3 3680/404/3
f 3683/435/1 4060/129/1 4028/129/1
f 3679/548/3 4023/128/3 3678/405/3
f 3677/441/3 4021/123/3 3676/406/3
f 3675/443/3 4019/120/3 3674/407/3
f 3685/433/1 4062/116/1 4030/116/1
f 3673/445/3 4017/115/3 3672/414/3
f 3671/416/3 4015/109/3 3670/413/3
f 3669/418/3 4013/106/3 3668/412/3
f 3687/431/1 4064/102/1 4032/102/1
f 3667/420/3 4011/101/3 3666/411/3
f 3665/422/3 4009/96/3 3664/410/3
f 3663/424/3 4007/93/3 3662/409/3
f 3689/429/1 4066/89/1 4034/89/1
f 3657/426/14 4005/33/14 4002/22/14
f 453/549/3 4037/31/3 3692/408/3
f 4076/1080/12 4006/1079/12 4004/1080/12
f 3656/1102/10 4003/1078/10 3658/1086/10
f 3657/426/3 4001/23/3 3656/451/3
f 4081/1083/10 4074/1094/10 4080/1099/10
f 4072/1076/10 4070/1093/10 4071/1103/10
f 4079/1101/10 4076/1080/10 4077/1087/10
f 4078/1079/11 3661/1101/11 4006/1079/11
f 4070/1093/12 3798/1075/12 3796/1093/12
f 4081/1083/2 3866/1099/2 3868/1083/2
f 4079/1101/2 3659/1087/2 3661/1101/2
f 4075/1095/11 3868/1083/11 3592/1095/11
f 4084/1071/10 4086/1070/10 4088/1072/10
f 4083/4/2 4084/5/2 4085/6/2
f 4082/553/11 4087/552/11 4086/554/11
f 4085/6/13 4095/5/13 4094/6/13
f 4088/1072/7 4095/1071/7 4084/1071/7
f 4085/6/18 4091/4/18 4083/4/18
f 4087/552/5 4091/555/5 4093/552/5
f 4088/1072/17 4097/1070/17 4096/1072/17
f 4087/552/16 4097/554/16 4086/554/16
f 4133/557/11 894/556/11 4195/558/11
f 4103/14/2 4094/6/2 4164/15/2
f 894/556/16 4288/558/16 4195/558/16
f 4094/6/2 3224/16/2 3223/17/2
f 3224/1073/10 4096/1072/10 3225/1074/10
f 4089/1076/7 4592/1075/7 4590/1075/7
f 4097/554/11 4794/559/11 4793/560/11
f 3223/17/18 4100/6/18 4094/6/18
f 4096/1072/10 4793/1077/10 4795/1078/10
f 4224/562/10 4653/561/10 4621/561/10
f 3235/1074/10 4797/1079/10 4004/1080/10
f 4288/558/11 1607/563/11 4828/564/11
f 4164/15/13 4100/6/13 4257/32/13
f 4794/559/5 4099/552/5 4796/684/5
f 3225/1074/17 4102/1072/17 3235/1074/17
f 893/34/13 4227/35/13 902/34/13
f 4134/36/13 4228/37/13 4227/35/13
f 4135/37/13 4229/38/13 4228/37/13
f 4136/39/13 4230/40/13 4229/38/13
f 4137/41/13 4231/42/13 4230/40/13
f 4138/43/13 4232/44/13 4231/42/13
f 4139/45/13 4233/46/13 4232/44/13
f 4140/47/13 4234/48/13 4233/46/13
f 4141/49/13 4235/50/13 4234/48/13
f 4142/51/13 4236/52/13 4235/50/13
f 4143/53/13 4237/54/13 4236/52/13
f 4144/55/13 4238/56/13 4237/54/13
f 4145/57/13 4239/58/13 4238/56/13
f 4146/58/13 4240/59/13 4239/58/13
f 4147/60/13 4241/61/13 4240/59/13
f 4148/62/13 4242/63/13 4241/61/13
f 4149/64/13 4243/65/13 4242/63/13
f 4150/66/13 4244/67/13 4243/65/13
f 4151/67/13 4245/68/13 4244/67/13
f 4152/69/13 4246/70/13 4245/68/13
f 4153/71/13 4247/72/13 4246/70/13
f 4154/73/13 4248/74/13 4247/72/13
f 4155/74/13 4249/75/13 4248/74/13
f 4156/75/13 4250/76/13 4249/75/13
f 4157/76/13 4251/77/13 4250/76/13
f 4158/78/13 4252/79/13 4251/77/13
f 4159/80/13 4253/81/13 4252/79/13
f 4160/82/13 4254/83/13 4253/81/13
f 4161/84/13 4255/85/13 4254/83/13
f 4162/86/13 4256/87/13 4255/85/13
f 4163/88/13 4257/32/13 4256/87/13
f 4825/565/1 4381/566/1 4857/565/1
f 4258/568/11 4799/567/11 4798/569/11
f 4244/67/13 4340/65/13 4243/65/13
f 4260/571/11 4801/570/11 4800/572/11
f 4222/574/10 4651/573/10 4619/573/10
f 4262/576/11 4803/575/11 4802/577/11
f 4823/578/1 4379/579/1 4855/578/1
f 4264/581/11 4805/580/11 4804/582/11
f 4242/63/13 4338/61/13 4241/61/13
f 4266/584/11 4807/583/11 4806/585/11
f 4220/587/10 4649/586/10 4617/588/10
f 4268/590/11 4809/589/11 4808/591/11
f 4821/592/1 4377/593/1 4853/592/1
f 4270/595/11 4811/594/11 4810/596/11
f 4240/59/13 4336/58/13 4239/58/13
f 4272/598/11 4813/597/11 4812/599/11
f 4218/601/10 4647/600/10 4615/600/10
f 4274/603/11 4815/602/11 4814/604/11
f 4819/605/1 4375/606/1 4851/605/1
f 4276/608/11 4817/607/11 4816/609/11
f 4238/56/13 4334/54/13 4237/54/13
f 4278/610/11 4819/605/11 4818/611/11
f 4216/613/10 4645/612/10 4613/612/10
f 4280/614/11 4821/592/11 4820/615/11
f 4288/558/16 4383/616/16 4287/616/16
f 4282/617/11 4823/578/11 4822/618/11
f 4817/607/1 4373/619/1 4849/607/1
f 4284/620/11 4825/565/11 4824/621/11
f 4236/52/13 4332/50/13 4235/50/13
f 4286/623/11 4827/622/11 4826/624/11
f 4214/626/10 4643/625/10 4611/627/10
f 902/34/2 3366/152/2 27/153/2
f 4286/623/16 4381/566/16 4285/566/16
f 4228/37/2 3368/154/2 3367/155/2
f 4815/602/1 4371/628/1 4847/687/1
f 4230/40/2 3370/158/2 3369/159/2
f 4234/48/13 4330/46/13 4233/46/13
f 4232/44/2 3372/160/2 3371/161/2
f 4212/630/10 4641/629/10 4609/629/10
f 4234/48/2 3374/164/2 3373/165/2
f 4284/620/16 4379/579/16 4283/579/16
f 4236/52/2 3376/166/2 3375/167/2
f 4813/597/1 4369/631/1 4845/597/1
f 4238/56/2 3378/169/2 3377/170/2
f 4232/44/13 4328/42/13 4231/42/13
f 4240/59/2 3380/171/2 3379/172/2
f 4210/633/10 4639/632/10 4607/632/10
f 4242/63/2 3382/175/2 3381/176/2
f 4282/617/16 4377/593/16 4281/593/16
f 4244/67/2 3384/177/2 3383/178/2
f 4811/594/1 4367/634/1 4843/594/1
f 4246/70/2 3386/180/2 3385/181/2
f 4230/40/13 4326/38/13 4229/38/13
f 4248/74/2 3388/182/2 3387/183/2
f 4208/636/10 4637/635/10 4605/635/10
f 4250/76/2 3390/186/2 3389/187/2
f 4280/614/16 4375/606/16 4279/606/16
f 4252/79/2 3392/188/2 3391/189/2
f 4809/589/1 4365/637/1 4841/686/1
f 4254/83/2 3394/192/2 3393/193/2
f 4228/37/13 4324/35/13 4227/35/13
f 4256/87/2 3396/194/2 3395/195/2
f 4165/568/16 4099/552/16 4093/552/16
f 4166/638/16 4258/568/16 4165/568/16
f 4167/639/16 4259/638/16 4166/638/16
f 4168/640/16 4260/571/16 4167/639/16
f 4169/642/16 4261/641/16 4168/640/16
f 4170/643/16 4262/576/16 4169/642/16
f 4171/581/16 4263/644/16 4170/643/16
f 4172/645/16 4264/581/16 4171/581/16
f 4173/584/16 4265/646/16 4172/645/16
f 4174/647/16 4266/584/16 4173/584/16
f 4175/590/16 4267/647/16 4174/647/16
f 4176/637/16 4268/590/16 4175/590/16
f 4177/595/16 4269/637/16 4176/637/16
f 4178/634/16 4270/595/16 4177/595/16
f 4179/598/16 4271/634/16 4178/634/16
f 4180/631/16 4272/598/16 4179/598/16
f 4181/603/16 4273/631/16 4180/631/16
f 4182/648/16 4274/603/16 4181/603/16
f 4183/608/16 4275/628/16 4182/648/16
f 4184/619/16 4276/608/16 4183/608/16
f 4185/610/16 4277/619/16 4184/619/16
f 4186/606/16 4278/610/16 4185/610/16
f 4187/614/16 4279/606/16 4186/606/16
f 4188/593/16 4280/614/16 4187/614/16
f 4189/649/16 4281/593/16 4188/593/16
f 4190/650/16 4282/617/16 4189/649/16
f 4191/651/16 4283/579/16 4190/650/16
f 4192/566/16 4284/620/16 4191/651/16
f 4193/652/16 4285/566/16 4192/566/16
f 4194/616/16 4286/623/16 4193/652/16
f 4195/558/16 4287/616/16 4194/616/16
f 891/211/2 4134/36/2 893/34/2
f 4133/212/2 4135/37/2 4134/36/2
f 4132/213/2 4136/39/2 4135/37/2
f 4131/214/2 4137/41/2 4136/39/2
f 4130/215/2 4138/43/2 4137/41/2
f 4129/216/2 4139/45/2 4138/43/2
f 4128/217/2 4140/47/2 4139/45/2
f 4127/218/2 4141/49/2 4140/47/2
f 4126/219/2 4142/51/2 4141/49/2
f 4125/220/2 4143/53/2 4142/51/2
f 4124/221/2 4144/55/2 4143/53/2
f 4123/222/2 4145/57/2 4144/55/2
f 4122/223/2 4146/58/2 4145/57/2
f 4121/224/2 4147/60/2 4146/58/2
f 4120/225/2 4148/62/2 4147/60/2
f 4119/226/2 4149/64/2 4148/62/2
f 4118/227/2 4150/66/2 4149/64/2
f 4117/228/2 4151/67/2 4150/66/2
f 4116/229/2 4152/69/2 4151/67/2
f 4115/230/2 4153/71/2 4152/69/2
f 4114/231/2 4154/73/2 4153/71/2
f 4113/232/2 4155/74/2 4154/73/2
f 4112/233/2 4156/75/2 4155/74/2
f 4111/234/2 4157/76/2 4156/75/2
f 4110/235/2 4158/78/2 4157/76/2
f 4158/78/2 4108/236/2 4159/80/2
f 4159/80/2 4107/237/2 4160/82/2
f 4160/82/2 4106/238/2 4161/84/2
f 4106/238/2 4162/86/2 4161/84/2
f 4105/239/2 4163/88/2 4162/86/2
f 4104/240/2 4164/15/2 4163/88/2
f 4091/555/11 4165/568/11 4093/552/11
f 4103/654/11 4166/638/11 4165/568/11
f 4104/655/11 4167/639/11 4166/638/11
f 4105/656/11 4168/640/11 4167/639/11
f 4106/657/11 4169/642/11 4168/640/11
f 4107/658/11 4170/643/11 4169/642/11
f 4108/659/11 4171/581/11 4170/643/11
f 4109/660/11 4172/645/11 4171/581/11
f 4110/661/11 4173/584/11 4172/645/11
f 4111/662/11 4174/647/11 4173/584/11
f 4112/663/11 4175/590/11 4174/647/11
f 4113/664/11 4176/637/11 4175/590/11
f 4114/665/11 4177/595/11 4176/637/11
f 4115/666/11 4178/634/11 4177/595/11
f 4116/667/11 4179/598/11 4178/634/11
f 4117/668/11 4180/631/11 4179/598/11
f 4118/669/11 4181/603/11 4180/631/11
f 4119/670/11 4182/648/11 4181/603/11
f 4120/671/11 4183/608/11 4182/648/11
f 4121/672/11 4184/619/11 4183/608/11
f 4122/673/11 4185/610/11 4184/619/11
f 4123/674/11 4186/606/11 4185/610/11
f 4124/675/11 4187/614/11 4186/606/11
f 4125/676/11 4188/593/11 4187/614/11
f 4126/677/11 4189/649/11 4188/593/11
f 4127/678/11 4190/650/11 4189/649/11
f 4128/679/11 4191/651/11 4190/650/11
f 4129/680/11 4192/566/11 4191/651/11
f 4130/681/11 4193/652/11 4192/566/11
f 4131/682/11 4194/616/11 4193/652/11
f 4132/683/11 4195/558/11 4194/616/11
f 4292/32/2 3460/17/2 3459/194/2
f 4289/552/11 4830/569/11 4829/684/11
f 4355/638/11 4832/572/11 4831/567/11
f 4357/641/11 4834/577/11 4833/570/11
f 4359/644/11 4836/582/11 4835/575/11
f 4361/646/11 4838/585/11 4837/580/11
f 4363/647/11 4840/591/11 4839/685/11
f 4365/637/11 4842/596/11 4841/686/11
f 4367/634/11 4844/599/11 4843/594/11
f 4369/631/11 4846/604/11 4845/597/11
f 4371/628/11 4848/609/11 4847/687/11
f 4373/619/11 4850/611/11 4849/607/11
f 4375/606/11 4852/615/11 4851/605/11
f 4377/593/11 4854/688/11 4853/592/11
f 4379/579/11 4856/689/11 4855/578/11
f 4381/566/11 4858/624/11 4857/565/11
f 4383/616/11 4860/564/11 4859/622/11
f 4324/35/2 3497/155/2 3496/152/2
f 4326/38/2 3499/159/2 3498/154/2
f 4328/42/2 3501/161/2 3500/158/2
f 4330/46/2 3503/165/2 3502/160/2
f 4332/50/2 3505/167/2 3504/164/2
f 4334/54/2 3507/170/2 3506/166/2
f 4336/58/2 3509/172/2 3508/169/2
f 4338/61/2 3511/176/2 3510/171/2
f 4340/65/2 3513/178/2 3512/175/2
f 4342/68/2 3515/181/2 3514/177/2
f 4344/72/2 3517/183/2 3516/180/2
f 4346/75/2 3519/187/2 3518/182/2
f 4348/77/2 3521/189/2 3520/186/2
f 4350/81/2 3523/193/2 3522/188/2
f 4352/85/2 3525/195/2 3524/192/2
f 4246/70/13 4342/68/13 4245/68/13
f 4827/622/1 4383/616/1 4859/622/1
f 4226/691/10 4655/690/10 4623/690/10
f 4248/74/13 4344/72/13 4247/72/13
f 3366/152/10 4324/35/10 3496/152/10
f 3367/155/1 4325/37/1 4228/37/1
f 4250/76/13 4346/75/13 4249/75/13
f 3368/154/10 4326/38/10 3498/154/10
f 3369/159/1 4327/40/1 4230/40/1
f 4252/79/13 4348/77/13 4251/77/13
f 3370/158/10 4328/42/10 3500/158/10
f 3371/161/1 4329/44/1 4232/44/1
f 4254/83/13 4350/81/13 4253/81/13
f 3372/160/10 4330/46/10 3502/160/10
f 3373/165/1 4331/48/1 4234/48/1
f 4256/87/13 4352/85/13 4255/85/13
f 3374/164/10 4332/50/10 3504/164/10
f 3375/167/1 4333/52/1 4236/52/1
f 4258/568/16 4289/552/16 4099/552/16
f 3376/166/10 4334/54/10 3506/166/10
f 3377/170/1 4335/56/1 4238/56/1
f 4260/571/16 4355/638/16 4259/638/16
f 3378/169/10 4336/58/10 3508/169/10
f 3379/172/1 4337/59/1 4240/59/1
f 4262/576/16 4357/641/16 4261/641/16
f 3380/171/10 4338/61/10 3510/171/10
f 3381/176/1 4339/63/1 4242/63/1
f 4264/581/16 4359/644/16 4263/644/16
f 3382/175/10 4340/65/10 3512/175/10
f 3383/178/1 4341/67/1 4244/67/1
f 4266/584/16 4361/646/16 4265/646/16
f 3384/177/10 4342/68/10 3514/177/10
f 4796/684/1 4289/552/1 4829/684/1
f 3385/181/1 4343/70/1 4246/70/1
f 3237/17/1 4291/6/1 4100/6/1
f 4268/590/16 4363/647/16 4267/647/16
f 3386/180/10 4344/72/10 3516/180/10
f 4196/693/10 4625/692/10 4593/692/10
f 3387/183/1 4345/74/1 4248/74/1
f 4100/6/13 4292/32/13 4257/32/13
f 4799/567/1 4355/638/1 4831/567/1
f 4270/595/16 4365/637/16 4269/637/16
f 3388/182/10 4346/75/10 3518/182/10
f 4198/695/10 4627/694/10 4595/694/10
f 3389/187/1 4347/76/1 4250/76/1
f 4801/570/1 4357/641/1 4833/570/1
f 4272/598/16 4367/634/16 4271/634/16
f 3390/186/10 4348/77/10 3520/186/10
f 4200/697/10 4629/696/10 4597/696/10
f 3391/189/1 4349/79/1 4252/79/1
f 4803/575/1 4359/644/1 4835/575/1
f 4274/603/16 4369/631/16 4273/631/16
f 3392/188/10 4350/81/10 3522/188/10
f 4202/699/10 4631/698/10 4599/698/10
f 3393/193/1 4351/83/1 4254/83/1
f 4805/580/1 4361/646/1 4837/580/1
f 4276/608/16 4371/628/16 4275/628/16
f 3394/192/10 4352/85/10 3524/192/10
f 4204/701/10 4633/700/10 4601/700/10
f 3395/195/1 4353/87/1 4256/87/1
f 4807/583/1 4363/647/1 4839/685/1
f 4278/610/16 4373/619/16 4277/619/16
f 3396/194/10 4292/32/10 3459/194/10
f 4206/703/10 4635/702/10 4603/702/10
f 4400/705/10 4771/704/10 4739/704/10
f 4671/706/1 4431/707/1 4703/706/1
f 4398/709/10 4769/708/10 4737/708/10
f 4669/710/1 4429/711/1 4701/763/1
f 4396/713/10 4767/712/10 4735/712/10
f 4667/714/1 4427/715/1 4699/765/1
f 4394/717/10 4765/716/10 4733/716/10
f 4665/718/1 4425/719/1 4697/767/1
f 4392/721/10 4763/720/10 4731/720/10
f 4663/722/1 4423/723/1 4695/769/1
f 4390/725/10 4761/724/10 4729/724/10
f 4660/726/1 4421/727/1 4693/771/1
f 4420/729/10 4791/728/10 4759/728/10
f 4691/730/1 4451/731/1 4723/733/1
f 4451/731/11 4724/732/11 4723/733/11
f 4449/735/11 4722/734/11 4721/736/11
f 4447/738/11 4720/737/11 4719/739/11
f 4445/741/11 4718/740/11 4717/742/11
f 4443/744/11 4716/743/11 4715/745/11
f 4441/747/11 4714/746/11 4713/748/11
f 4439/750/11 4712/749/11 4711/751/11
f 4437/753/11 4710/752/11 4709/754/11
f 4435/756/11 4708/755/11 4707/757/11
f 4433/759/11 4706/758/11 4705/760/11
f 4431/707/11 4704/761/11 4703/706/11
f 4429/711/11 4702/762/11 4701/763/11
f 4427/715/11 4700/764/11 4699/765/11
f 4425/719/11 4698/766/11 4697/767/11
f 4423/723/11 4696/768/11 4695/769/11
f 4421/727/11 4694/770/11 4693/771/11
f 4673/772/1 4433/759/1 4705/760/1
f 4402/774/10 4773/773/10 4741/773/10
f 4675/775/1 4435/756/1 4707/757/1
f 4404/777/10 4775/776/10 4743/776/10
f 4677/778/1 4437/753/1 4709/754/1
f 4406/780/10 4777/779/10 4745/779/10
f 4679/751/1 4439/750/1 4711/751/1
f 4408/782/10 4779/781/10 4747/781/10
f 4418/783/11 4691/730/11 4690/734/11
f 4416/784/11 4689/736/11 4688/785/11
f 4681/786/1 4441/747/1 4713/748/1
f 4414/788/11 4687/787/11 4686/789/11
f 4412/791/11 4685/790/11 4684/743/11
f 4410/793/10 4781/792/10 4749/792/10
f 4410/793/11 4683/794/11 4682/795/11
f 4408/782/11 4681/786/11 4680/796/11
f 4683/794/1 4443/744/1 4715/745/1
f 4406/780/11 4679/751/11 4678/797/11
f 4412/791/10 4783/798/10 4751/798/10
f 4404/777/11 4677/778/11 4676/799/11
f 4402/774/11 4675/775/11 4674/800/11
f 4685/790/1 4445/741/1 4717/742/1
f 4400/705/11 4673/772/11 4672/801/11
f 4414/788/10 4785/802/10 4753/802/10
f 4398/709/11 4671/706/11 4670/803/11
f 4396/713/11 4669/710/11 4668/764/11
f 4687/787/1 4447/738/1 4719/739/1
f 4394/717/11 4667/714/11 4666/766/11
f 4416/784/10 4787/804/10 4755/804/10
f 4392/721/11 4665/718/11 4664/768/11
f 4390/725/11 4663/722/11 4662/770/11
f 4689/736/1 4449/735/1 4721/736/1
f 4658/726/5 4388/727/5 4660/726/5
f 4420/729/11 1469/805/11 4692/732/11
f 4101/1076/3 4862/1075/3 4592/1075/3
f 4418/783/10 4789/806/10 4757/806/10
f 4386/1082/10 4657/1081/10 4659/1083/10
f 4387/807/11 4658/726/11 4657/808/11
f 4386/1082/7 4728/1084/7 4726/1085/7
f 4455/1086/7 4797/1079/7 4795/1078/7
f 4486/809/10 4858/624/10 4826/624/10
f 4484/810/10 4856/689/10 4824/621/10
f 4482/811/10 4854/688/10 4822/618/10
f 4480/812/10 4852/615/10 4820/615/10
f 4478/813/10 4850/611/10 4818/611/10
f 4476/814/10 4848/609/10 4816/609/10
f 4474/815/10 4846/604/10 4814/604/10
f 4472/816/10 4844/599/10 4812/599/10
f 4470/817/10 4842/596/10 4810/596/10
f 4488/818/10 4860/564/10 4828/564/10
f 4458/819/10 4830/569/10 4798/569/10
f 4460/820/10 4832/572/10 4800/572/10
f 4462/821/10 4834/577/10 4802/577/10
f 4464/822/10 4836/582/10 4804/582/10
f 4466/823/10 4838/585/10 4806/585/10
f 4468/824/10 4840/591/10 4808/591/10
f 4738/825/1 4499/826/1 4770/825/1
f 4736/827/1 4497/828/1 4768/827/1
f 4734/829/1 4495/830/1 4766/829/1
f 4732/831/1 4493/832/1 4764/831/1
f 4730/833/1 4491/834/1 4762/833/1
f 4727/835/1 4489/836/1 4760/835/1
f 4758/837/1 4519/838/1 4790/837/1
f 4519/838/11 4791/728/11 4790/837/11
f 4517/839/11 4789/806/11 4788/840/11
f 4515/841/11 4787/804/11 4786/842/11
f 4513/843/11 4785/802/11 4784/844/11
f 4511/845/11 4783/798/11 4782/846/11
f 4509/847/11 4781/792/11 4780/848/11
f 4507/849/11 4779/781/11 4778/850/11
f 4505/851/11 4777/779/11 4776/852/11
f 4503/853/11 4775/776/11 4774/854/11
f 4501/855/11 4773/773/11 4772/856/11
f 4499/826/11 4771/704/11 4770/825/11
f 4497/828/11 4769/708/11 4768/827/11
f 4495/830/11 4767/712/11 4766/829/11
f 4493/832/11 4765/716/11 4764/831/11
f 4491/834/11 4763/720/11 4762/833/11
f 4489/836/11 4761/724/11 4760/835/11
f 4740/856/1 4501/855/1 4772/856/1
f 4742/854/1 4503/853/1 4774/854/1
f 4744/852/1 4505/851/1 4776/852/1
f 4746/850/1 4507/849/1 4778/850/1
f 4486/809/11 4758/837/11 4757/806/11
f 4484/810/11 4756/840/11 4755/804/11
f 4748/848/1 4509/847/1 4780/848/1
f 4482/811/11 4754/842/11 4753/802/11
f 4480/812/11 4752/844/11 4751/798/11
f 4478/813/11 4750/846/11 4749/792/11
f 4476/814/11 4748/848/11 4747/781/11
f 4750/846/1 4511/845/1 4782/846/1
f 4474/815/11 4746/850/11 4745/779/11
f 4472/816/11 4744/852/11 4743/776/11
f 4470/817/11 4742/854/11 4741/773/11
f 4752/844/1 4513/843/1 4784/844/1
f 4468/824/11 4740/856/11 4739/704/11
f 4466/823/11 4738/825/11 4737/708/11
f 4464/822/11 4736/827/11 4735/712/11
f 4754/842/1 4515/841/1 4786/842/1
f 4462/821/11 4734/829/11 4733/716/11
f 4460/820/11 4732/831/11 4731/720/11
f 4458/819/11 4730/833/11 4729/724/11
f 4756/840/1 4517/839/1 4788/840/1
f 4725/835/5 4456/836/5 4727/835/5
f 4488/818/11 1537/858/11 4759/728/11
f 3659/1087/10 4728/1084/10 3934/1088/10
f 4455/1086/10 4792/1089/10 4726/1085/10
f 4453/859/11 4725/835/11 4792/860/11
f 4588/862/11 4589/861/11 4656/863/11
f 4522/1091/10 4656/1090/10 4590/1075/10
f 3727/1092/10 4592/1075/10 3796/1093/10
f 4555/865/11 1399/864/11 4623/690/11
f 4589/861/5 4523/866/5 4591/861/5
f 4620/867/1 4584/868/1 4652/920/1
f 4525/870/11 4594/869/11 4593/692/11
f 4527/872/11 4596/871/11 4595/694/11
f 4529/874/11 4598/873/11 4597/696/11
f 4618/875/1 4582/876/1 4650/919/1
f 4531/878/11 4600/877/11 4599/698/11
f 4533/880/11 4602/879/11 4601/700/11
f 4535/882/11 4604/881/11 4603/702/11
f 4616/883/1 4580/884/1 4648/918/1
f 4537/886/11 4606/885/11 4605/635/11
f 4539/888/11 4608/887/11 4607/632/11
f 4541/890/11 4610/889/11 4609/629/11
f 4614/891/1 4578/892/1 4646/917/1
f 4543/894/11 4612/893/11 4611/627/11
f 4545/895/11 4614/891/11 4613/612/11
f 4547/896/11 4616/883/11 4615/600/11
f 4549/897/11 4618/875/11 4617/588/11
f 4612/893/1 4576/898/1 4644/916/1
f 4551/899/11 4620/867/11 4619/573/11
f 4553/901/11 4622/900/11 4621/561/11
f 4610/889/1 4574/902/1 4642/915/1
f 4608/887/1 4572/903/1 4640/914/1
f 4606/885/1 4570/904/1 4638/913/1
f 4604/881/1 4568/905/1 4636/912/1
f 4556/866/11 4625/692/11 4624/861/11
f 4558/906/11 4627/694/11 4626/869/11
f 4560/907/11 4629/696/11 4628/871/11
f 4562/908/11 4631/698/11 4630/873/11
f 4564/909/11 4633/700/11 4632/877/11
f 4566/910/11 4635/702/11 4634/911/11
f 4568/905/11 4637/635/11 4636/912/11
f 4570/904/11 4639/632/11 4638/913/11
f 4572/903/11 4641/629/11 4640/914/11
f 4574/902/11 4643/625/11 4642/915/11
f 4576/898/11 4645/612/11 4644/916/11
f 4578/892/11 4647/600/11 4646/917/11
f 4580/884/11 4649/586/11 4648/918/11
f 4582/876/11 4651/573/11 4650/919/11
f 4584/868/11 4653/561/11 4652/920/11
f 4586/921/11 4655/690/11 4654/900/11
f 4622/900/1 4586/921/1 4654/900/1
f 4591/861/1 4556/866/1 4624/861/1
f 4594/869/1 4558/906/1 4626/869/1
f 4596/871/1 4560/907/1 4628/871/1
f 4598/873/1 4562/908/1 4630/873/1
f 4600/877/1 4564/909/1 4632/877/1
f 4602/879/1 4566/910/1 4634/911/1
f 4535/882/10 4704/761/10 4672/801/10
f 4533/880/10 4702/762/10 4670/803/10
f 4531/878/10 4700/764/10 4668/764/10
f 4529/874/10 4698/766/10 4666/766/10
f 4527/872/10 4696/768/10 4664/768/10
f 4525/870/10 4694/770/10 4662/770/10
f 4555/865/10 4724/732/10 4692/732/10
f 4537/886/10 4706/758/10 4674/800/10
f 4539/888/10 4708/755/10 4676/799/10
f 4541/890/10 4710/752/10 4678/797/10
f 4543/894/10 4712/749/10 4680/796/10
f 4545/895/10 4714/746/10 4682/795/10
f 4547/896/10 4716/743/10 4684/743/10
f 4549/897/10 4718/740/10 4686/789/10
f 4551/899/10 4720/737/10 4688/785/10
f 4553/901/10 4722/734/10 4690/734/10
f 4522/1091/7 4661/1083/7 4659/1083/7
f 4205/922/1 4634/911/1 4302/922/1
f 4203/923/1 4632/877/1 4300/923/1
f 4201/924/1 4630/873/1 4298/924/1
f 4199/925/1 4628/871/1 4296/925/1
f 4197/926/1 4626/869/1 4294/926/1
f 4098/927/1 4624/861/1 4290/927/1
f 4225/928/1 4654/900/1 4322/928/1
f 4654/900/11 4323/691/11 4322/928/11
f 4652/920/11 4321/562/11 4320/929/11
f 4650/919/11 4319/574/11 4318/930/11
f 4648/918/11 4317/587/11 4316/931/11
f 4646/917/11 4315/601/11 4314/932/11
f 4644/916/11 4313/613/11 4312/933/11
f 4642/915/11 4311/626/11 4310/934/11
f 4640/914/11 4309/630/11 4308/935/11
f 4638/913/11 4307/633/11 4306/936/11
f 4636/912/11 4305/636/11 4304/937/11
f 4634/911/11 4303/703/11 4302/922/11
f 4632/877/11 4301/701/11 4300/923/11
f 4630/873/11 4299/699/11 4298/924/11
f 4628/871/11 4297/697/11 4296/925/11
f 4626/869/11 4295/695/11 4294/926/11
f 4624/861/11 4293/693/11 4290/927/11
f 4207/937/1 4636/912/1 4304/937/1
f 4209/936/1 4638/913/1 4306/936/1
f 4211/935/1 4640/914/1 4308/935/1
f 4213/934/1 4642/915/1 4310/934/1
f 4621/561/11 4225/928/11 4224/562/11
f 4619/573/11 4223/929/11 4222/574/11
f 4215/933/1 4644/916/1 4312/933/1
f 4617/588/11 4221/930/11 4220/587/11
f 4615/600/11 4219/931/11 4218/601/11
f 4613/612/11 4217/932/11 4216/613/11
f 4611/627/11 4215/933/11 4214/626/11
f 4217/932/1 4646/917/1 4314/932/1
f 4609/629/11 4213/934/11 4212/630/11
f 4607/632/11 4211/935/11 4210/633/11
f 4605/635/11 4209/936/11 4208/636/11
f 4219/931/1 4648/918/1 4316/931/1
f 4603/702/11 4207/937/11 4206/703/11
f 4601/700/11 4205/922/11 4204/701/11
f 4599/698/11 4203/923/11 4202/699/11
f 4221/930/1 4650/919/1 4318/930/1
f 4597/696/11 4201/924/11 4200/697/11
f 4595/694/11 4199/925/11 4198/695/11
f 4593/692/11 4197/926/11 4196/693/11
f 4223/929/1 4652/920/1 4320/929/1
f 4092/927/5 4591/861/5 4098/927/5
f 4623/690/11 901/938/11 4226/691/11
f 4389/1095/12 4074/1094/12 3590/1094/12
f 4590/1075/10 4090/1096/10 4089/1076/10
f 4656/863/11 4092/927/11 4090/939/11
f 4603/702/10 4567/882/10 4535/882/10
f 4601/700/10 4565/880/10 4533/880/10
f 4599/698/10 4563/878/10 4531/878/10
f 4597/696/10 4561/874/10 4529/874/10
f 4595/694/10 4559/872/10 4527/872/10
f 4593/692/10 4557/870/10 4525/870/10
f 4623/690/10 4587/865/10 4555/865/10
f 4605/635/10 4569/886/10 4537/886/10
f 4607/632/10 4571/888/10 4539/888/10
f 4609/629/10 4573/890/10 4541/890/10
f 4611/627/10 4575/894/10 4543/894/10
f 4613/612/10 4577/895/10 4545/895/10
f 4615/600/10 4579/896/10 4547/896/10
f 4617/588/10 4581/897/10 4549/897/10
f 4619/573/10 4583/899/10 4551/899/10
f 4621/561/10 4585/901/10 4553/901/10
f 4590/1075/7 4524/1097/7 4522/1091/7
f 4659/1083/7 4389/1095/7 4386/1082/7
f 4690/734/10 4450/783/10 4418/783/10
f 4688/785/10 4448/784/10 4416/784/10
f 4686/789/10 4446/788/10 4414/788/10
f 4684/743/10 4444/791/10 4412/791/10
f 4682/795/10 4442/793/10 4410/793/10
f 4680/796/10 4440/782/10 4408/782/10
f 4678/797/10 4438/780/10 4406/780/10
f 4676/799/10 4436/940/10 4404/777/10
f 4674/800/10 4434/774/10 4402/774/10
f 4692/732/10 4452/729/10 4420/729/10
f 4662/770/10 4422/725/10 4390/725/10
f 4664/768/10 4424/721/10 4392/721/10
f 4666/766/10 4426/717/10 4394/717/10
f 4668/764/10 4428/713/10 4396/713/10
f 4670/803/10 4430/709/10 4398/709/10
f 4672/801/10 4432/705/10 4400/705/10
f 4657/808/11 4521/866/11 4588/862/11
f 4659/1083/10 4588/1098/10 4522/1091/10
f 3866/1099/10 4524/1097/10 3727/1092/10
f 4692/732/11 1330/941/11 4555/865/11
f 4521/866/5 4660/726/5 4523/866/5
f 4552/868/1 4721/736/1 4584/868/1
f 4662/770/11 4526/906/11 4525/870/11
f 4664/768/11 4528/907/11 4527/872/11
f 4666/766/11 4530/908/11 4529/874/11
f 4550/876/1 4719/739/1 4582/876/1
f 4668/764/11 4532/909/11 4531/878/11
f 4670/803/11 4534/910/11 4533/880/11
f 4672/801/11 4536/905/11 4535/882/11
f 4548/884/1 4717/742/1 4580/884/1
f 4674/800/11 4538/904/11 4537/886/11
f 4676/799/11 4540/903/11 4539/888/11
f 4678/797/11 4542/902/11 4541/890/11
f 4546/892/1 4715/745/1 4578/892/1
f 4680/796/11 4544/898/11 4543/894/11
f 4682/795/11 4546/892/11 4545/895/11
f 4684/743/11 4548/884/11 4547/896/11
f 4686/789/11 4550/876/11 4549/897/11
f 4544/898/1 4713/748/1 4576/898/1
f 4688/785/11 4552/868/11 4551/899/11
f 4690/734/11 4554/921/11 4553/901/11
f 4542/902/1 4711/751/1 4574/902/1
f 4540/903/1 4709/754/1 4572/903/1
f 4538/904/1 4707/757/1 4570/904/1
f 4536/905/1 4705/760/1 4568/905/1
f 4693/771/11 4557/870/11 4556/866/11
f 4695/769/11 4559/872/11 4558/906/11
f 4697/767/11 4561/874/11 4560/907/11
f 4699/765/11 4563/878/11 4562/908/11
f 4701/763/11 4565/880/11 4564/909/11
f 4703/706/11 4567/882/11 4566/910/11
f 4705/760/11 4569/886/11 4568/905/11
f 4707/757/11 4571/888/11 4570/904/11
f 4709/754/11 4573/890/11 4572/903/11
f 4711/751/11 4575/894/11 4574/902/11
f 4713/748/11 4577/895/11 4576/898/11
f 4715/745/11 4579/896/11 4578/892/11
f 4717/742/11 4581/897/11 4580/884/11
f 4719/739/11 4583/899/11 4582/876/11
f 4721/736/11 4585/901/11 4584/868/11
f 4723/733/11 4587/865/11 4586/921/11
f 4554/921/1 4723/733/1 4586/921/1
f 4523/866/1 4693/771/1 4556/866/1
f 4526/906/1 4695/769/1 4558/906/1
f 4528/907/1 4697/767/1 4560/907/1
f 4530/908/1 4699/765/1 4562/908/1
f 4532/909/1 4701/763/1 4564/909/1
f 4534/910/1 4703/706/1 4566/910/1
f 4792/860/11 4385/727/11 4387/807/11
f 4726/1085/10 4387/1100/10 4386/1082/10
f 3934/1088/10 4389/1095/10 3590/1094/10
f 4759/728/11 1193/942/11 4420/729/11
f 4385/727/5 4727/835/5 4388/727/5
f 4417/735/1 4788/840/1 4449/735/1
f 4729/724/11 4391/723/11 4390/725/11
f 4731/720/11 4393/719/11 4392/721/11
f 4733/716/11 4395/715/11 4394/717/11
f 4415/738/1 4786/842/1 4447/738/1
f 4735/712/11 4397/711/11 4396/713/11
f 4737/708/11 4399/707/11 4398/709/11
f 4739/704/11 4401/759/11 4400/705/11
f 4413/741/1 4784/844/1 4445/741/1
f 4741/773/11 4403/756/11 4402/774/11
f 4743/776/11 4405/753/11 4404/777/11
f 4745/779/11 4407/750/11 4406/780/11
f 4411/744/1 4782/846/1 4443/744/1
f 4747/781/11 4409/747/11 4408/782/11
f 4749/792/11 4411/744/11 4410/793/11
f 4751/798/11 4413/741/11 4412/791/11
f 4753/802/11 4415/738/11 4414/788/11
f 4409/747/1 4780/848/1 4441/747/1
f 4755/804/11 4417/735/11 4416/784/11
f 4757/806/11 4419/731/11 4418/783/11
f 4407/750/1 4778/850/1 4439/750/1
f 4405/753/1 4776/852/1 4437/753/1
f 4403/756/1 4774/854/1 4435/756/1
f 4401/759/1 4772/856/1 4433/759/1
f 4760/835/11 4422/725/11 4421/727/11
f 4762/833/11 4424/721/11 4423/723/11
f 4764/831/11 4426/717/11 4425/719/11
f 4766/829/11 4428/713/11 4427/715/11
f 4768/827/11 4430/709/11 4429/711/11
f 4770/825/11 4432/705/11 4431/707/11
f 4772/856/11 4434/774/11 4433/759/11
f 4774/854/11 4436/940/11 4435/756/11
f 4776/852/11 4438/780/11 4437/753/11
f 4778/850/11 4440/782/11 4439/750/11
f 4780/848/11 4442/793/11 4441/747/11
f 4782/846/11 4444/791/11 4443/744/11
f 4784/844/11 4446/788/11 4445/741/11
f 4786/842/11 4448/784/11 4447/738/11
f 4788/840/11 4450/783/11 4449/735/11
f 4790/837/11 4452/729/11 4451/731/11
f 4419/731/1 4790/837/1 4451/731/1
f 4388/727/1 4760/835/1 4421/727/1
f 4391/723/1 4762/833/1 4423/723/1
f 4393/719/1 4764/831/1 4425/719/1
f 4395/715/1 4766/829/1 4427/715/1
f 4397/711/1 4768/827/1 4429/711/1
f 4399/707/1 4770/825/1 4431/707/1
f 4726/1085/7 4457/1101/7 4455/1086/7
f 4757/806/10 4518/809/10 4486/809/10
f 4755/804/10 4516/810/10 4484/810/10
f 4753/802/10 4514/811/10 4482/811/10
f 4751/798/10 4512/812/10 4480/812/10
f 4749/792/10 4510/813/10 4478/813/10
f 4747/781/10 4508/814/10 4476/814/10
f 4745/779/10 4506/815/10 4474/815/10
f 4743/776/10 4504/816/10 4472/816/10
f 4741/773/10 4502/817/10 4470/817/10
f 4759/728/10 4520/818/10 4488/818/10
f 4729/724/10 4490/819/10 4458/819/10
f 4731/720/10 4492/820/10 4460/820/10
f 4733/716/10 4494/821/10 4462/821/10
f 4735/712/10 4496/822/10 4464/822/10
f 4737/708/10 4498/823/10 4466/823/10
f 4739/704/10 4500/824/10 4468/824/10
f 4808/591/10 4364/590/10 4268/590/10
f 4806/585/10 4362/584/10 4266/584/10
f 4804/582/10 4360/581/10 4264/581/10
f 4802/577/10 4358/576/10 4262/576/10
f 4800/572/10 4356/571/10 4260/571/10
f 4798/569/10 4354/568/10 4258/568/10
f 4828/564/10 4384/558/10 4288/558/10
f 4810/596/10 4366/595/10 4270/595/10
f 4812/599/10 4368/598/10 4272/598/10
f 4814/604/10 4370/603/10 4274/603/10
f 4816/609/10 4372/608/10 4276/608/10
f 4818/611/10 4374/610/10 4278/610/10
f 4820/615/10 4376/614/10 4280/614/10
f 4822/618/10 4378/617/10 4282/617/10
f 4824/621/10 4380/620/10 4284/620/10
f 4826/624/10 4382/623/10 4286/623/10
f 4795/1078/7 4102/1072/7 4096/1072/7
f 4467/826/1 4839/685/1 4499/826/1
f 4465/828/1 4837/580/1 4497/828/1
f 4463/830/1 4835/575/1 4495/830/1
f 4461/832/1 4833/570/1 4493/832/1
f 4459/834/1 4831/567/1 4491/834/1
f 4456/836/1 4829/684/1 4489/836/1
f 4487/838/1 4859/622/1 4519/838/1
f 4859/622/11 4520/818/11 4519/838/11
f 4857/565/11 4518/809/11 4517/839/11
f 4855/578/11 4516/810/11 4515/841/11
f 4853/592/11 4514/811/11 4513/843/11
f 4851/605/11 4512/812/11 4511/845/11
f 4849/607/11 4510/813/11 4509/847/11
f 4847/687/11 4508/814/11 4507/849/11
f 4845/597/11 4506/815/11 4505/851/11
f 4843/594/11 4504/816/11 4503/853/11
f 4841/686/11 4502/817/11 4501/855/11
f 4839/685/11 4500/824/11 4499/826/11
f 4837/580/11 4498/823/11 4497/828/11
f 4835/575/11 4496/822/11 4495/830/11
f 4833/570/11 4494/821/11 4493/832/11
f 4831/567/11 4492/820/11 4491/834/11
f 4829/684/11 4490/819/11 4489/836/11
f 4469/855/1 4841/686/1 4501/855/1
f 4471/853/1 4843/594/1 4503/853/1
f 4473/851/1 4845/597/1 4505/851/1
f 4475/857/1 4847/687/1 4507/849/1
f 4826/624/11 4487/838/11 4486/809/11
f 4824/621/11 4485/839/11 4484/810/11
f 4477/847/1 4849/607/1 4509/847/1
f 4822/618/11 4483/841/11 4482/811/11
f 4820/615/11 4481/843/11 4480/812/11
f 4818/611/11 4479/845/11 4478/813/11
f 4816/609/11 4477/847/11 4476/814/11
f 4479/845/1 4851/605/1 4511/845/1
f 4814/604/11 4475/857/11 4474/815/11
f 4812/599/11 4473/851/11 4472/816/11
f 4810/596/11 4471/853/11 4470/817/11
f 4481/843/1 4853/592/1 4513/843/1
f 4808/591/11 4469/855/11 4468/824/11
f 4806/585/11 4467/826/11 4466/823/11
f 4804/582/11 4465/828/11 4464/822/11
f 4483/841/1 4855/578/1 4515/841/1
f 4802/577/11 4463/830/11 4462/821/11
f 4800/572/11 4461/832/11 4460/820/11
f 4798/569/11 4459/834/11 4458/819/11
f 4485/839/1 4857/565/1 4517/839/1
f 4454/836/5 4796/684/5 4456/836/5
f 4828/564/11 1262/943/11 4488/818/11
f 4797/1079/12 4076/1080/12 4004/1080/12
f 4795/1078/10 4453/1102/10 4455/1086/10
f 4793/560/11 4454/836/11 4453/859/11
f 4074/1094/10 4866/1083/10 4080/1099/10
f 4070/1093/10 4861/1076/10 4071/1103/10
f 4076/1080/10 4865/1101/10 4077/1087/10
f 4457/1101/3 4864/1079/3 4797/1079/3
f 4592/1075/12 4070/1093/12 3796/1093/12
f 3866/1099/2 4866/1083/2 4661/1083/2
f 3659/1087/2 4865/1101/2 4457/1101/2
f 4661/1083/3 4863/1095/3 4389/1095/3
f 4869/1071/10 4871/1070/10 4873/1072/10
f 4868/945/12 4869/944/12 4870/946/12
f 4867/7/3 4872/8/3 4871/9/3
f 4870/946/16 4880/944/16 4879/946/16
f 4873/1072/15 4880/1071/15 4869/1071/15
f 4870/946/8 4877/945/8 4868/945/8
f 4872/8/14 4877/10/14 4878/8/14
f 4873/1072/6 4882/1070/6 4881/1072/6
f 4872/8/13 4882/9/13 4871/9/13
f 4918/11/3 1692/12/3 4980/13/3
f 4888/947/12 4879/946/12 4949/948/12
f 1692/12/13 5073/13/13 4980/13/13
f 4879/946/12 4875/949/12 4874/950/12
f 4875/1073/10 4881/1072/10 4876/1074/10
f 3226/1076/15 5381/1075/15 5378/1075/15
f 4882/9/3 5585/22/3 5584/23/3
f 4874/950/8 4886/946/8 4879/946/8
f 4881/1072/10 5584/1077/10 5586/1078/10
f 3363/26/10 5442/27/10 5410/27/10
f 4883/1074/10 5589/1079/10 5587/1080/10
f 5073/13/3 2412/30/3 5620/31/3
f 4949/948/16 4886/946/16 5042/1006/16
f 5585/22/14 4885/8/14 5588/33/14
f 4876/1074/6 4887/1072/6 4883/1074/6
f 1691/951/16 5012/952/16 1699/951/16
f 4919/953/16 5013/954/16 5012/952/16
f 4920/954/16 5014/955/16 5013/954/16
f 4921/956/16 5015/957/16 5014/955/16
f 4922/958/16 5016/959/16 5015/957/16
f 4923/960/16 5017/961/16 5016/959/16
f 4924/962/16 5018/963/16 5017/961/16
f 4925/964/16 5019/965/16 5018/963/16
f 4926/966/16 5020/967/16 5019/965/16
f 4927/968/16 5021/969/16 5020/967/16
f 4928/970/16 5022/971/16 5021/969/16
f 4929/972/16 5023/973/16 5022/971/16
f 4930/974/16 5024/975/16 5023/973/16
f 4931/975/16 5025/976/16 5024/975/16
f 4932/977/16 5026/978/16 5025/976/16
f 4933/979/16 5027/980/16 5026/978/16
f 4934/981/16 5028/982/16 5027/980/16
f 4935/983/16 5029/984/16 5028/982/16
f 4936/984/16 5030/985/16 5029/984/16
f 4937/986/16 5031/987/16 5030/985/16
f 4938/988/16 5032/989/16 5031/987/16
f 4939/990/16 5033/991/16 5032/989/16
f 4940/991/16 5034/992/16 5033/991/16
f 4941/992/16 5035/993/16 5034/992/16
f 4942/993/16 5036/994/16 5035/993/16
f 4943/995/16 5037/996/16 5036/994/16
f 4944/997/16 5038/998/16 5037/996/16
f 4945/999/16 5039/1000/16 5038/998/16
f 4946/1001/16 5040/1002/16 5039/1000/16
f 4947/1003/16 5041/1004/16 5040/1002/16
f 4948/1005/16 5042/1006/16 5041/1004/16
f 5617/89/1 5166/90/1 5649/89/1
f 5043/91/3 5591/92/3 5590/93/3
f 5029/984/16 5125/982/16 5028/982/16
f 5045/94/3 5593/95/3 5592/96/3
f 3361/97/10 5440/98/10 5408/98/10
f 5047/99/3 5595/100/3 5594/101/3
f 5615/102/1 5164/103/1 5647/102/1
f 5049/104/3 5597/105/3 5596/106/3
f 5027/980/16 5123/978/16 5026/978/16
f 5051/107/3 5599/108/3 5598/109/3
f 3359/110/10 5438/111/10 5406/112/10
f 5053/113/3 5601/114/3 5600/115/3
f 5613/116/1 5162/117/1 5645/116/1
f 5055/118/3 5603/119/3 5602/120/3
f 5025/976/16 5121/975/16 5024/975/16
f 5057/121/3 5605/122/3 5604/123/3
f 3357/124/10 5436/125/10 5404/125/10
f 5059/126/3 5607/127/3 5606/128/3
f 5611/129/1 5160/130/1 5643/129/1
f 5061/131/3 5609/132/3 5608/133/3
f 5023/973/16 5119/971/16 5022/971/16
f 5063/134/3 5611/129/3 5610/135/3
f 3355/136/10 5434/137/10 5402/137/10
f 5065/138/3 5613/116/3 5612/139/3
f 5073/13/13 5168/140/13 5072/140/13
f 5067/141/3 5615/102/3 5614/142/3
f 5609/132/1 5158/143/1 5641/132/1
f 5069/144/3 5617/89/3 5616/145/3
f 5021/969/16 5117/967/16 5020/967/16
f 5071/146/3 5619/147/3 5618/148/3
f 3353/149/10 5432/150/10 5400/151/10
f 1699/951/12 4981/1007/12 1700/1008/12
f 5071/146/13 5166/90/13 5070/90/13
f 5013/954/12 4983/1009/12 4982/1010/12
f 5607/127/1 5156/156/1 5639/157/1
f 5015/957/12 4985/1011/12 4984/1012/12
f 5019/965/16 5115/963/16 5018/963/16
f 5017/961/12 4987/1013/12 4986/1014/12
f 3351/162/10 5430/163/10 5398/163/10
f 5019/965/12 4989/1015/12 4988/1016/12
f 5069/144/13 5164/103/13 5068/103/13
f 5021/969/12 4991/1017/12 4990/1018/12
f 5605/122/1 5154/168/1 5637/122/1
f 5023/973/12 4993/1019/12 4992/1020/12
f 5017/961/16 5113/959/16 5016/959/16
f 5025/976/12 4995/1021/12 4994/1022/12
f 3349/173/10 5428/174/10 5396/174/10
f 5027/980/12 4997/1023/12 4996/1024/12
f 5067/141/13 5162/117/13 5066/117/13
f 5029/984/12 4999/1025/12 4998/1026/12
f 5603/119/1 5152/179/1 5635/119/1
f 5031/987/12 5001/1027/12 5000/1028/12
f 5015/957/16 5111/955/16 5014/955/16
f 5033/991/12 5003/1029/12 5002/1030/12
f 3347/184/10 5426/185/10 5394/185/10
f 5035/993/12 5005/1031/12 5004/1032/12
f 5065/138/13 5160/130/13 5064/130/13
f 5037/996/12 5007/1033/12 5006/1034/12
f 5601/114/1 5150/190/1 5633/191/1
f 5039/1000/12 5009/1035/12 5008/1036/12
f 5013/954/16 5109/952/16 5012/952/16
f 5041/1004/12 5011/1037/12 5010/1038/12
f 4950/91/13 4885/8/13 4878/8/13
f 4951/196/13 5043/91/13 4950/91/13
f 4952/197/13 5044/196/13 4951/196/13
f 4953/198/13 5045/94/13 4952/197/13
f 4954/199/13 5046/200/13 4953/198/13
f 4955/201/13 5047/99/13 4954/199/13
f 4956/104/13 5048/202/13 4955/201/13
f 4957/203/13 5049/104/13 4956/104/13
f 4958/107/13 5050/204/13 4957/203/13
f 4959/205/13 5051/107/13 4958/107/13
f 4960/113/13 5052/205/13 4959/205/13
f 4961/190/13 5053/113/13 4960/113/13
f 4962/118/13 5054/190/13 4961/190/13
f 4963/179/13 5055/118/13 4962/118/13
f 4964/121/13 5056/179/13 4963/179/13
f 4965/168/13 5057/121/13 4964/121/13
f 4966/126/13 5058/168/13 4965/168/13
f 4967/206/13 5059/126/13 4966/126/13
f 4968/131/13 5060/156/13 4967/206/13
f 4969/143/13 5061/131/13 4968/131/13
f 4970/134/13 5062/143/13 4969/143/13
f 4971/130/13 5063/134/13 4970/134/13
f 4972/138/13 5064/130/13 4971/130/13
f 4973/117/13 5065/138/13 4972/138/13
f 4974/207/13 5066/117/13 4973/117/13
f 4975/208/13 5067/141/13 4974/207/13
f 4976/209/13 5068/103/13 4975/208/13
f 4977/90/13 5069/144/13 4976/209/13
f 4978/210/13 5070/90/13 4977/90/13
f 4979/140/13 5071/146/13 4978/210/13
f 4980/13/13 5072/140/13 4979/140/13
f 1690/1039/12 4919/953/12 1691/951/12
f 4918/1040/12 4920/954/12 4919/953/12
f 4917/1041/12 4921/956/12 4920/954/12
f 4916/1042/12 4922/958/12 4921/956/12
f 4915/1043/12 4923/960/12 4922/958/12
f 4914/1044/12 4924/962/12 4923/960/12
f 4913/1045/12 4925/964/12 4924/962/12
f 4912/1046/12 4926/966/12 4925/964/12
f 4911/1047/12 4927/968/12 4926/966/12
f 4910/1048/12 4928/970/12 4927/968/12
f 4909/1049/12 4929/972/12 4928/970/12
f 4908/1050/12 4930/974/12 4929/972/12
f 4907/1051/12 4931/975/12 4930/974/12
f 4906/1052/12 4932/977/12 4931/975/12
f 4905/1053/12 4933/979/12 4932/977/12
f 4904/1054/12 4934/981/12 4933/979/12
f 4903/1055/12 4935/983/12 4934/981/12
f 4902/1056/12 4936/984/12 4935/983/12
f 4901/1057/12 4937/986/12 4936/984/12
f 4900/1058/12 4938/988/12 4937/986/12
f 4899/1059/12 4939/990/12 4938/988/12
f 4898/1060/12 4940/991/12 4939/990/12
f 4897/1061/12 4941/992/12 4940/991/12
f 4896/1062/12 4942/993/12 4941/992/12
f 4895/1063/12 4943/995/12 4942/993/12
f 4943/995/12 4893/1064/12 4944/997/12
f 4944/997/12 4892/1066/12 4945/999/12
f 4945/999/12 4891/1067/12 4946/1001/12
f 4891/1067/12 4947/1003/12 4946/1001/12
f 4890/1068/12 4948/1005/12 4947/1003/12
f 4889/1069/12 4949/948/12 4948/1005/12
f 4877/10/3 4950/91/3 4878/8/3
f 4888/241/3 4951/196/3 4950/91/3
f 4889/242/3 4952/197/3 4951/196/3
f 4890/243/3 4953/198/3 4952/197/3
f 4891/244/3 4954/199/3 4953/198/3
f 4892/245/3 4955/201/3 4954/199/3
f 4893/246/3 4956/104/3 4955/201/3
f 4894/247/3 4957/203/3 4956/104/3
f 4895/248/3 4958/107/3 4957/203/3
f 4896/249/3 4959/205/3 4958/107/3
f 4897/250/3 4960/113/3 4959/205/3
f 4898/251/3 4961/190/3 4960/113/3
f 4899/252/3 4962/118/3 4961/190/3
f 4900/253/3 4963/179/3 4962/118/3
f 4901/254/3 4964/121/3 4963/179/3
f 4902/255/3 4965/168/3 4964/121/3
f 4903/256/3 4966/126/3 4965/168/3
f 4904/257/3 4967/206/3 4966/126/3
f 4905/258/3 4968/131/3 4967/206/3
f 4906/259/3 4969/143/3 4968/131/3
f 4907/260/3 4970/134/3 4969/143/3
f 4908/261/3 4971/130/3 4970/134/3
f 4909/262/3 4972/138/3 4971/130/3
f 4910/263/3 4973/117/3 4972/138/3
f 4911/264/3 4974/207/3 4973/117/3
f 4912/265/3 4975/208/3 4974/207/3
f 4913/266/3 4976/209/3 4975/208/3
f 4914/267/3 4977/90/3 4976/209/3
f 4915/268/3 4978/210/3 4977/90/3
f 4916/269/3 4979/140/3 4978/210/3
f 4917/270/3 4980/13/3 4979/140/3
f 5078/1006/12 5075/950/12 5074/1037/12
f 5076/8/3 5622/93/3 5621/33/3
f 5140/196/3 5624/96/3 5623/92/3
f 5142/200/3 5626/101/3 5625/95/3
f 5144/202/3 5628/106/3 5627/100/3
f 5146/204/3 5630/109/3 5629/105/3
f 5148/205/3 5632/115/3 5631/271/3
f 5150/190/3 5634/120/3 5633/191/3
f 5152/179/3 5636/123/3 5635/119/3
f 5154/168/3 5638/128/3 5637/122/3
f 5156/156/3 5640/133/3 5639/157/3
f 5158/143/3 5642/135/3 5641/132/3
f 5160/130/3 5644/139/3 5643/129/3
f 5162/117/3 5646/272/3 5645/116/3
f 5164/103/3 5648/273/3 5647/102/3
f 5166/90/3 5650/148/3 5649/89/3
f 5168/140/3 5652/31/3 5651/147/3
f 5109/952/12 5080/1010/12 5079/1007/12
f 5111/955/12 5082/1012/12 5081/1009/12
f 5113/959/12 5084/1014/12 5083/1011/12
f 5115/963/12 5086/1016/12 5085/1013/12
f 5117/967/12 5088/1018/12 5087/1015/12
f 5119/971/12 5090/1020/12 5089/1017/12
f 5121/975/12 5092/1022/12 5091/1019/12
f 5123/978/12 5094/1024/12 5093/1021/12
f 5125/982/12 5096/1026/12 5095/1023/12
f 5127/985/12 5098/1028/12 5097/1025/12
f 5129/989/12 5100/1030/12 5099/1027/12
f 5131/992/12 5102/1032/12 5101/1029/12
f 5133/994/12 5104/1034/12 5103/1031/12
f 5135/998/12 5106/1036/12 5105/1033/12
f 5137/1002/12 5108/1038/12 5107/1035/12
f 5031/987/16 5127/985/16 5030/985/16
f 5619/147/1 5168/140/1 5651/147/1
f 3365/274/10 5444/275/10 5412/275/10
f 5033/991/16 5129/989/16 5032/989/16
f 4981/1007/10 5109/952/10 5079/1007/10
f 4982/1010/1 5110/954/1 5013/954/1
f 5035/993/16 5131/992/16 5034/992/16
f 4983/1009/10 5111/955/10 5081/1009/10
f 4984/1012/1 5112/957/1 5015/957/1
f 5037/996/16 5133/994/16 5036/994/16
f 4985/1011/10 5113/959/10 5083/1011/10
f 4986/1014/1 5114/961/1 5017/961/1
f 5039/1000/16 5135/998/16 5038/998/16
f 4987/1013/10 5115/963/10 5085/1013/10
f 4988/1016/1 5116/965/1 5019/965/1
f 5041/1004/16 5137/1002/16 5040/1002/16
f 4989/1015/10 5117/967/10 5087/1015/10
f 4990/1018/1 5118/969/1 5021/969/1
f 5043/91/13 5076/8/13 4885/8/13
f 4991/1017/10 5119/971/10 5089/1017/10
f 4992/1020/1 5120/973/1 5023/973/1
f 5045/94/13 5140/196/13 5044/196/13
f 4993/1019/10 5121/975/10 5091/1019/10
f 4994/1022/1 5122/976/1 5025/976/1
f 5047/99/13 5142/200/13 5046/200/13
f 4995/1021/10 5123/978/10 5093/1021/10
f 4996/1024/1 5124/980/1 5027/980/1
f 5049/104/13 5144/202/13 5048/202/13
f 4997/1023/10 5125/982/10 5095/1023/10
f 4998/1026/1 5126/984/1 5029/984/1
f 5051/107/13 5146/204/13 5050/204/13
f 4999/1025/10 5127/985/10 5097/1025/10
f 5588/33/1 5076/8/1 5621/33/1
f 5000/1028/1 5128/987/1 5031/987/1
f 4884/950/1 5077/946/1 4886/946/1
f 5053/113/13 5148/205/13 5052/205/13
f 5001/1027/10 5129/989/10 5099/1027/10
f 3335/276/10 5414/277/10 5382/277/10
f 5002/1030/1 5130/991/1 5033/991/1
f 4886/946/16 5078/1006/16 5042/1006/16
f 5591/92/1 5140/196/1 5623/92/1
f 5055/118/13 5150/190/13 5054/190/13
f 5003/1029/10 5131/992/10 5101/1029/10
f 3337/278/10 5416/279/10 5384/279/10
f 5004/1032/1 5132/993/1 5035/993/1
f 5593/95/1 5142/200/1 5625/95/1
f 5057/121/13 5152/179/13 5056/179/13
f 5005/1031/10 5133/994/10 5103/1031/10
f 3339/280/10 5418/281/10 5386/281/10
f 5006/1034/1 5134/996/1 5037/996/1
f 5595/100/1 5144/202/1 5627/100/1
f 5059/126/13 5154/168/13 5058/168/13
f 5007/1033/10 5135/998/10 5105/1033/10
f 3341/282/10 5420/283/10 5388/283/10
f 5008/1036/1 5136/1000/1 5039/1000/1
f 5597/105/1 5146/204/1 5629/105/1
f 5061/131/13 5156/156/13 5060/156/13
f 5009/1035/10 5137/1002/10 5107/1035/10
f 3343/284/10 5422/285/10 5390/285/10
f 5010/1038/1 5138/1004/1 5041/1004/1
f 5599/108/1 5148/205/1 5631/271/1
f 5063/134/13 5158/143/13 5062/143/13
f 5011/1037/10 5078/1006/10 5074/1037/10
f 3345/286/10 5424/287/10 5392/287/10
f 5186/288/10 5562/289/10 5530/289/10
f 5461/290/1 5217/291/1 5493/290/1
f 5184/292/10 5560/293/10 5528/293/10
f 5459/294/1 5215/295/1 5491/296/1
f 5182/297/10 5558/298/10 5526/298/10
f 5457/299/1 5213/300/1 5489/301/1
f 5180/302/10 5556/303/10 5524/303/10
f 5455/304/1 5211/305/1 5487/306/1
f 5178/307/10 5554/308/10 5522/308/10
f 5453/309/1 5209/310/1 5485/311/1
f 5176/312/10 5552/313/10 5520/313/10
f 5450/314/1 5207/315/1 5483/316/1
f 5206/317/10 5582/318/10 5550/318/10
f 5481/319/1 5237/320/1 5513/321/1
f 5237/320/3 5514/322/3 5513/321/3
f 5235/323/3 5512/324/3 5511/325/3
f 5233/326/3 5510/327/3 5509/328/3
f 5231/329/3 5508/330/3 5507/331/3
f 5229/332/3 5506/333/3 5505/334/3
f 5227/335/3 5504/336/3 5503/337/3
f 5225/338/3 5502/339/3 5501/340/3
f 5223/341/3 5500/342/3 5499/343/3
f 5221/344/3 5498/345/3 5497/346/3
f 5219/347/3 5496/348/3 5495/349/3
f 5217/291/3 5494/350/3 5493/290/3
f 5215/295/3 5492/351/3 5491/296/3
f 5213/300/3 5490/352/3 5489/301/3
f 5211/305/3 5488/353/3 5487/306/3
f 5209/310/3 5486/354/3 5485/311/3
f 5207/315/3 5484/355/3 5483/316/3
f 5463/356/1 5219/347/1 5495/349/1
f 5188/357/10 5564/358/10 5532/358/10
f 5465/359/1 5221/344/1 5497/346/1
f 5190/360/10 5566/361/10 5534/361/10
f 5467/362/1 5223/341/1 5499/343/1
f 5192/363/10 5568/364/10 5536/364/10
f 5469/340/1 5225/338/1 5501/340/1
f 5194/365/10 5570/366/10 5538/366/10
f 5204/367/3 5481/319/3 5480/324/3
f 5202/368/3 5479/325/3 5478/369/3
f 5471/370/1 5227/335/1 5503/337/1
f 5200/371/3 5477/372/3 5476/373/3
f 5198/374/3 5475/375/3 5474/333/3
f 5196/376/10 5572/377/10 5540/377/10
f 5196/376/3 5473/378/3 5472/379/3
f 5194/365/3 5471/370/3 5470/380/3
f 5473/378/1 5229/332/1 5505/334/1
f 5192/363/3 5469/340/3 5468/381/3
f 5198/374/10 5574/382/10 5542/382/10
f 5190/360/3 5467/362/3 5466/383/3
f 5188/357/3 5465/359/3 5464/384/3
f 5475/375/1 5231/329/1 5507/331/1
f 5186/288/3 5463/356/3 5462/385/3
f 5200/371/10 5576/386/10 5544/386/10
f 5184/292/3 5461/290/3 5460/387/3
f 5182/297/3 5459/294/3 5458/352/3
f 5477/372/1 5233/326/1 5509/328/1
f 5180/302/3 5457/299/3 5456/353/3
f 5202/368/10 5578/388/10 5546/388/10
f 5178/307/3 5455/304/3 5454/354/3
f 5176/312/3 5453/309/3 5452/355/3
f 5479/325/1 5235/323/1 5511/325/1
f 5447/314/14 5174/315/14 5450/314/14
f 5206/317/3 2272/389/3 5482/322/3
f 3240/1076/11 5654/1075/11 5381/1075/11
f 5204/367/10 5580/390/10 5548/390/10
f 5171/1082/10 5446/1081/10 5448/1083/10
f 5172/394/3 5447/314/3 5446/395/3
f 5171/1082/15 5519/1084/15 5516/1085/15
f 5241/1086/15 5589/1079/15 5586/1078/15
f 5273/399/10 5650/148/10 5618/148/10
f 5271/400/10 5648/273/10 5616/145/10
f 5269/401/10 5646/272/10 5614/142/10
f 5267/402/10 5644/139/10 5612/139/10
f 5265/403/10 5642/135/10 5610/135/10
f 5263/404/10 5640/133/10 5608/133/10
f 5261/405/10 5638/128/10 5606/128/10
f 5259/406/10 5636/123/10 5604/123/10
f 5257/407/10 5634/120/10 5602/120/10
f 5275/408/10 5652/31/10 5620/31/10
f 5245/409/10 5622/93/10 5590/93/10
f 5247/410/10 5624/96/10 5592/96/10
f 5249/411/10 5626/101/10 5594/101/10
f 5251/412/10 5628/106/10 5596/106/10
f 5253/413/10 5630/109/10 5598/109/10
f 5255/414/10 5632/115/10 5600/115/10
f 5529/415/1 5286/416/1 5561/415/1
f 5527/417/1 5284/418/1 5559/417/1
f 5525/419/1 5282/420/1 5557/419/1
f 5523/421/1 5280/422/1 5555/421/1
f 5521/423/1 5278/424/1 5553/423/1
f 5518/425/1 5276/426/1 5551/425/1
f 5549/427/1 5306/428/1 5581/427/1
f 5306/428/3 5582/318/3 5581/427/3
f 5304/429/3 5580/390/3 5579/430/3
f 5302/431/3 5578/388/3 5577/432/3
f 5300/433/3 5576/386/3 5575/434/3
f 5298/435/3 5574/382/3 5573/436/3
f 5296/437/3 5572/377/3 5571/438/3
f 5294/439/3 5570/366/3 5569/440/3
f 5292/441/3 5568/364/3 5567/442/3
f 5290/443/3 5566/361/3 5565/444/3
f 5288/445/3 5564/358/3 5563/446/3
f 5286/416/3 5562/289/3 5561/415/3
f 5284/418/3 5560/293/3 5559/417/3
f 5282/420/3 5558/298/3 5557/419/3
f 5280/422/3 5556/303/3 5555/421/3
f 5278/424/3 5554/308/3 5553/423/3
f 5276/426/3 5552/313/3 5551/425/3
f 5531/446/1 5288/445/1 5563/446/1
f 5533/444/1 5290/443/1 5565/444/1
f 5535/442/1 5292/441/1 5567/442/1
f 5537/440/1 5294/439/1 5569/440/1
f 5273/399/3 5549/427/3 5548/390/3
f 5271/400/3 5547/430/3 5546/388/3
f 5539/438/1 5296/437/1 5571/438/1
f 5269/401/3 5545/432/3 5544/386/3
f 5267/402/3 5543/434/3 5542/382/3
f 5265/403/3 5541/436/3 5540/377/3
f 5263/404/3 5539/438/3 5538/366/3
f 5541/436/1 5298/435/1 5573/436/1
f 5261/405/3 5537/440/3 5536/364/3
f 5259/406/3 5535/442/3 5534/361/3
f 5257/407/3 5533/444/3 5532/358/3
f 5543/434/1 5300/433/1 5575/434/1
f 5255/414/3 5531/446/3 5530/289/3
f 5253/413/3 5529/415/3 5528/293/3
f 5251/412/3 5527/417/3 5526/298/3
f 5545/432/1 5302/431/1 5577/432/1
f 5249/411/3 5525/419/3 5524/303/3
f 5247/410/3 5523/421/3 5522/308/3
f 5245/409/3 5521/423/3 5520/313/3
f 5547/430/1 5304/429/1 5579/430/1
f 5515/425/14 5243/426/14 5518/425/14
f 5275/408/3 2341/447/3 5550/318/3
f 5242/1087/10 5519/1084/10 5517/1088/10
f 5241/1086/10 5583/1089/10 5516/1085/10
f 5239/451/3 5515/425/3 5583/452/3
f 5376/453/3 5377/454/3 5445/455/3
f 5309/1091/10 5445/1090/10 5378/1075/10
f 5310/1092/10 5381/1075/10 5379/1093/10
f 5343/460/3 2201/461/3 5412/275/3
f 5377/454/14 5311/462/14 5380/454/14
f 5409/463/1 5372/464/1 5441/465/1
f 5313/466/3 5383/467/3 5382/277/3
f 5315/468/3 5385/469/3 5384/279/3
f 5317/470/3 5387/471/3 5386/281/3
f 5407/472/1 5370/473/1 5439/474/1
f 5319/475/3 5389/476/3 5388/283/3
f 5321/477/3 5391/478/3 5390/285/3
f 5323/479/3 5393/480/3 5392/287/3
f 5405/481/1 5368/482/1 5437/483/1
f 5325/484/3 5395/485/3 5394/185/3
f 5327/486/3 5397/487/3 5396/174/3
f 5329/488/3 5399/489/3 5398/163/3
f 5403/490/1 5366/491/1 5435/492/1
f 5331/493/3 5401/494/3 5400/151/3
f 5333/495/3 5403/490/3 5402/137/3
f 5335/496/3 5405/481/3 5404/125/3
f 5337/497/3 5407/472/3 5406/112/3
f 5401/494/1 5364/498/1 5433/499/1
f 5339/500/3 5409/463/3 5408/98/3
f 5341/501/3 5411/502/3 5410/27/3
f 5399/489/1 5362/503/1 5431/504/1
f 5397/487/1 5360/505/1 5429/506/1
f 5395/485/1 5358/507/1 5427/508/1
f 5393/480/1 5356/509/1 5425/510/1
f 5344/462/3 5414/277/3 5413/454/3
f 5346/511/3 5416/279/3 5415/467/3
f 5348/512/3 5418/281/3 5417/469/3
f 5350/513/3 5420/283/3 5419/471/3
f 5352/514/3 5422/285/3 5421/476/3
f 5354/515/3 5424/287/3 5423/516/3
f 5356/509/3 5426/185/3 5425/510/3
f 5358/507/3 5428/174/3 5427/508/3
f 5360/505/3 5430/163/3 5429/506/3
f 5362/503/3 5432/150/3 5431/504/3
f 5364/498/3 5434/137/3 5433/499/3
f 5366/491/3 5436/125/3 5435/492/3
f 5368/482/3 5438/111/3 5437/483/3
f 5370/473/3 5440/98/3 5439/474/3
f 5372/464/3 5442/27/3 5441/465/3
f 5374/517/3 5444/275/3 5443/502/3
f 5411/502/1 5374/517/1 5443/502/1
f 5380/454/1 5344/462/1 5413/454/1
f 5383/467/1 5346/511/1 5415/467/1
f 5385/469/1 5348/512/1 5417/469/1
f 5387/471/1 5350/513/1 5419/471/1
f 5389/476/1 5352/514/1 5421/476/1
f 5391/478/1 5354/515/1 5423/516/1
f 5323/479/10 5494/350/10 5462/385/10
f 5321/477/10 5492/351/10 5460/387/10
f 5319/475/10 5490/352/10 5458/352/10
f 5317/470/10 5488/353/10 5456/353/10
f 5315/468/10 5486/354/10 5454/354/10
f 5313/466/10 5484/355/10 5452/355/10
f 5343/460/10 5514/322/10 5482/322/10
f 5325/484/10 5496/348/10 5464/384/10
f 5327/486/10 5498/345/10 5466/383/10
f 5329/488/10 5500/342/10 5468/381/10
f 5331/493/10 5502/339/10 5470/380/10
f 5333/495/10 5504/336/10 5472/379/10
f 5335/496/10 5506/333/10 5474/333/10
f 5337/497/10 5508/330/10 5476/373/10
f 5339/500/10 5510/327/10 5478/369/10
f 5341/501/10 5512/324/10 5480/324/10
f 5309/1091/15 5451/1083/15 5448/1083/15
f 3344/519/1 5423/516/1 3474/519/1
f 3342/520/1 5421/476/1 3472/520/1
f 3340/521/1 5419/471/1 3470/521/1
f 3338/522/1 5417/469/1 3468/522/1
f 3336/523/1 5415/467/1 3466/523/1
f 3236/524/1 5413/454/1 3462/524/1
f 3364/525/1 5443/502/1 3494/525/1
f 5443/502/3 3495/274/3 3494/525/3
f 5441/465/3 3493/26/3 3492/526/3
f 5439/474/3 3491/97/3 3490/527/3
f 5437/483/3 3489/110/3 3488/528/3
f 5435/492/3 3487/124/3 3486/529/3
f 5433/499/3 3485/136/3 3484/530/3
f 5431/504/3 3483/149/3 3482/531/3
f 5429/506/3 3481/162/3 3480/532/3
f 5427/508/3 3479/173/3 3478/533/3
f 5425/510/3 3477/184/3 3476/534/3
f 5423/516/3 3475/286/3 3474/519/3
f 5421/476/3 3473/284/3 3472/520/3
f 5419/471/3 3471/282/3 3470/521/3
f 5417/469/3 3469/280/3 3468/522/3
f 5415/467/3 3467/278/3 3466/523/3
f 5413/454/3 3465/276/3 3462/524/3
f 3346/534/1 5425/510/1 3476/534/1
f 3348/533/1 5427/508/1 3478/533/1
f 3350/532/1 5429/506/1 3480/532/1
f 3352/531/1 5431/504/1 3482/531/1
f 5410/27/3 3364/525/3 3363/26/3
f 5408/98/3 3362/526/3 3361/97/3
f 3354/530/1 5433/499/1 3484/530/1
f 5406/112/3 3360/527/3 3359/110/3
f 5404/125/3 3358/528/3 3357/124/3
f 5402/137/3 3356/529/3 3355/136/3
f 5400/151/3 3354/530/3 3353/149/3
f 3356/529/1 5435/492/1 3486/529/1
f 5398/163/3 3352/531/3 3351/162/3
f 5396/174/3 3350/532/3 3349/173/3
f 5394/185/3 3348/533/3 3347/184/3
f 3358/528/1 5437/483/1 3488/528/1
f 5392/287/3 3346/534/3 3345/286/3
f 5390/285/3 3344/519/3 3343/284/3
f 5388/283/3 3342/520/3 3341/282/3
f 3360/527/1 5439/474/1 3490/527/1
f 5386/281/3 3340/521/3 3339/280/3
f 5384/279/3 3338/522/3 3337/278/3
f 5382/277/3 3336/523/3 3335/276/3
f 3362/526/1 5441/465/1 3492/526/1
f 3229/524/14 5380/454/14 3236/524/14
f 5412/275/3 25/535/3 3365/274/3
f 5175/1095/2 5655/1094/2 5173/1094/2
f 5378/1075/10 3227/1096/10 3226/1076/10
f 5445/455/3 3229/524/3 3227/539/3
f 5392/287/10 5355/479/10 5323/479/10
f 5390/285/10 5353/477/10 5321/477/10
f 5388/283/10 5351/475/10 5319/475/10
f 5386/281/10 5349/470/10 5317/470/10
f 5384/279/10 5347/468/10 5315/468/10
f 5382/277/10 5345/466/10 5313/466/10
f 5412/275/10 5375/460/10 5343/460/10
f 5394/185/10 5357/484/10 5325/484/10
f 5396/174/10 5359/486/10 5327/486/10
f 5398/163/10 5361/488/10 5329/488/10
f 5400/151/10 5363/493/10 5331/493/10
f 5402/137/10 5365/495/10 5333/495/10
f 5404/125/10 5367/496/10 5335/496/10
f 5406/112/10 5369/497/10 5337/497/10
f 5408/98/10 5371/500/10 5339/500/10
f 5410/27/10 5373/501/10 5341/501/10
f 5378/1075/15 5312/1097/15 5309/1091/15
f 5448/1083/15 5175/1095/15 5171/1082/15
f 5480/324/10 5236/367/10 5204/367/10
f 5478/369/10 5234/368/10 5202/368/10
f 5476/373/10 5232/371/10 5200/371/10
f 5474/333/10 5230/374/10 5198/374/10
f 5472/379/10 5228/376/10 5196/376/10
f 5470/380/10 5226/365/10 5194/365/10
f 5468/381/10 5224/363/10 5192/363/10
f 5466/383/10 5222/541/10 5190/360/10
f 5464/384/10 5220/357/10 5188/357/10
f 5482/322/10 5238/317/10 5206/317/10
f 5452/355/10 5208/312/10 5176/312/10
f 5454/354/10 5210/307/10 5178/307/10
f 5456/353/10 5212/302/10 5180/302/10
f 5458/352/10 5214/297/10 5182/297/10
f 5460/387/10 5216/292/10 5184/292/10
f 5462/385/10 5218/288/10 5186/288/10
f 5446/395/3 5308/462/3 5376/453/3
f 5448/1083/10 5376/1098/10 5309/1091/10
f 5449/1099/10 5312/1097/10 5310/1092/10
f 5482/322/3 2131/544/3 5343/460/3
f 5308/462/14 5450/314/14 5311/462/14
f 5340/464/1 5511/325/1 5372/464/1
f 5452/355/3 5314/511/3 5313/466/3
f 5454/354/3 5316/512/3 5315/468/3
f 5456/353/3 5318/513/3 5317/470/3
f 5338/473/1 5509/328/1 5370/473/1
f 5458/352/3 5320/514/3 5319/475/3
f 5460/387/3 5322/515/3 5321/477/3
f 5462/385/3 5324/509/3 5323/479/3
f 5336/482/1 5507/331/1 5368/482/1
f 5464/384/3 5326/507/3 5325/484/3
f 5466/383/3 5328/505/3 5327/486/3
f 5468/381/3 5330/503/3 5329/488/3
f 5334/491/1 5505/334/1 5366/491/1
f 5470/380/3 5332/498/3 5331/493/3
f 5472/379/3 5334/491/3 5333/495/3
f 5474/333/3 5336/482/3 5335/496/3
f 5476/373/3 5338/473/3 5337/497/3
f 5332/498/1 5503/337/1 5364/498/1
f 5478/369/3 5340/464/3 5339/500/3
f 5480/324/3 5342/517/3 5341/501/3
f 5330/503/1 5501/340/1 5362/503/1
f 5328/505/1 5499/343/1 5360/505/1
f 5326/507/1 5497/346/1 5358/507/1
f 5324/509/1 5495/349/1 5356/509/1
f 5483/316/3 5345/466/3 5344/462/3
f 5485/311/3 5347/468/3 5346/511/3
f 5487/306/3 5349/470/3 5348/512/3
f 5489/301/3 5351/475/3 5350/513/3
f 5491/296/3 5353/477/3 5352/514/3
f 5493/290/3 5355/479/3 5354/515/3
f 5495/349/3 5357/484/3 5356/509/3
f 5497/346/3 5359/486/3 5358/507/3
f 5499/343/3 5361/488/3 5360/505/3
f 5501/340/3 5363/493/3 5362/503/3
f 5503/337/3 5365/495/3 5364/498/3
f 5505/334/3 5367/496/3 5366/491/3
f 5507/331/3 5369/497/3 5368/482/3
f 5509/328/3 5371/500/3 5370/473/3
f 5511/325/3 5373/501/3 5372/464/3
f 5513/321/3 5375/460/3 5374/517/3
f 5342/517/1 5513/321/1 5374/517/1
f 5311/462/1 5483/316/1 5344/462/1
f 5314/511/1 5485/311/1 5346/511/1
f 5316/512/1 5487/306/1 5348/512/1
f 5318/513/1 5489/301/1 5350/513/1
f 5320/514/1 5491/296/1 5352/514/1
f 5322/515/1 5493/290/1 5354/515/1
f 5583/452/3 5170/315/3 5172/394/3
f 5516/1085/10 5172/1100/10 5171/1082/10
f 5517/1088/10 5175/1095/10 5173/1094/10
f 5550/318/3 1992/546/3 5206/317/3
f 5170/315/14 5518/425/14 5174/315/14
f 5203/323/1 5579/430/1 5235/323/1
f 5520/313/3 5177/310/3 5176/312/3
f 5522/308/3 5179/305/3 5178/307/3
f 5524/303/3 5181/300/3 5180/302/3
f 5201/326/1 5577/432/1 5233/326/1
f 5526/298/3 5183/295/3 5182/297/3
f 5528/293/3 5185/291/3 5184/292/3
f 5530/289/3 5187/347/3 5186/288/3
f 5199/329/1 5575/434/1 5231/329/1
f 5532/358/3 5189/344/3 5188/357/3
f 5534/361/3 5191/341/3 5190/360/3
f 5536/364/3 5193/338/3 5192/363/3
f 5197/332/1 5573/436/1 5229/332/1
f 5538/366/3 5195/335/3 5194/365/3
f 5540/377/3 5197/332/3 5196/376/3
f 5542/382/3 5199/329/3 5198/374/3
f 5544/386/3 5201/326/3 5200/371/3
f 5195/335/1 5571/438/1 5227/335/1
f 5546/388/3 5203/323/3 5202/368/3
f 5548/390/3 5205/320/3 5204/367/3
f 5193/338/1 5569/440/1 5225/338/1
f 5191/341/1 5567/442/1 5223/341/1
f 5189/344/1 5565/444/1 5221/344/1
f 5187/347/1 5563/446/1 5219/347/1
f 5551/425/3 5208/312/3 5207/315/3
f 5553/423/3 5210/307/3 5209/310/3
f 5555/421/3 5212/302/3 5211/305/3
f 5557/419/3 5214/297/3 5213/300/3
f 5559/417/3 5216/292/3 5215/295/3
f 5561/415/3 5218/288/3 5217/291/3
f 5563/446/3 5220/357/3 5219/347/3
f 5565/444/3 5222/541/3 5221/344/3
f 5567/442/3 5224/363/3 5223/341/3
f 5569/440/3 5226/365/3 5225/338/3
f 5571/438/3 5228/376/3 5227/335/3
f 5573/436/3 5230/374/3 5229/332/3
f 5575/434/3 5232/371/3 5231/329/3
f 5577/432/3 5234/368/3 5233/326/3
f 5579/430/3 5236/367/3 5235/323/3
f 5581/427/3 5238/317/3 5237/320/3
f 5205/320/1 5581/427/1 5237/320/1
f 5174/315/1 5551/425/1 5207/315/1
f 5177/310/1 5553/423/1 5209/310/1
f 5179/305/1 5555/421/1 5211/305/1
f 5181/300/1 5557/419/1 5213/300/1
f 5183/295/1 5559/417/1 5215/295/1
f 5185/291/1 5561/415/1 5217/291/1
f 5516/1085/15 5244/1101/15 5241/1086/15
f 5548/390/10 5305/399/10 5273/399/10
f 5546/388/10 5303/400/10 5271/400/10
f 5544/386/10 5301/401/10 5269/401/10
f 5542/382/10 5299/402/10 5267/402/10
f 5540/377/10 5297/403/10 5265/403/10
f 5538/366/10 5295/404/10 5263/404/10
f 5536/364/10 5293/405/10 5261/405/10
f 5534/361/10 5291/406/10 5259/406/10
f 5532/358/10 5289/407/10 5257/407/10
f 5550/318/10 5307/408/10 5275/408/10
f 5520/313/10 5277/409/10 5245/409/10
f 5522/308/10 5279/410/10 5247/410/10
f 5524/303/10 5281/411/10 5249/411/10
f 5526/298/10 5283/412/10 5251/412/10
f 5528/293/10 5285/413/10 5253/413/10
f 5530/289/10 5287/414/10 5255/414/10
f 5600/115/10 5149/113/10 5053/113/10
f 5598/109/10 5147/107/10 5051/107/10
f 5596/106/10 5145/104/10 5049/104/10
f 5594/101/10 5143/99/10 5047/99/10
f 5592/96/10 5141/94/10 5045/94/10
f 5590/93/10 5139/91/10 5043/91/10
f 5620/31/10 5169/13/10 5073/13/10
f 5602/120/10 5151/118/10 5055/118/10
f 5604/123/10 5153/121/10 5057/121/10
f 5606/128/10 5155/126/10 5059/126/10
f 5608/133/10 5157/131/10 5061/131/10
f 5610/135/10 5159/134/10 5063/134/10
f 5612/139/10 5161/138/10 5065/138/10
f 5614/142/10 5163/141/10 5067/141/10
f 5616/145/10 5165/144/10 5069/144/10
f 5618/148/10 5167/146/10 5071/146/10
f 5586/1078/15 4887/1072/15 4881/1072/15
f 5254/416/1 5631/271/1 5286/416/1
f 5252/418/1 5629/105/1 5284/418/1
f 5250/420/1 5627/100/1 5282/420/1
f 5248/422/1 5625/95/1 5280/422/1
f 5246/424/1 5623/92/1 5278/424/1
f 5243/426/1 5621/33/1 5276/426/1
f 5274/428/1 5651/147/1 5306/428/1
f 5651/147/3 5307/408/3 5306/428/3
f 5649/89/3 5305/399/3 5304/429/3
f 5647/102/3 5303/400/3 5302/431/3
f 5645/116/3 5301/401/3 5300/433/3
f 5643/129/3 5299/402/3 5298/435/3
f 5641/132/3 5297/403/3 5296/437/3
f 5639/157/3 5295/404/3 5294/439/3
f 5637/122/3 5293/405/3 5292/441/3
f 5635/119/3 5291/406/3 5290/443/3
f 5633/191/3 5289/407/3 5288/445/3
f 5631/271/3 5287/414/3 5286/416/3
f 5629/105/3 5285/413/3 5284/418/3
f 5627/100/3 5283/412/3 5282/420/3
f 5625/95/3 5281/411/3 5280/422/3
f 5623/92/3 5279/410/3 5278/424/3
f 5621/33/3 5277/409/3 5276/426/3
f 5256/445/1 5633/191/1 5288/445/1
f 5258/443/1 5635/119/1 5290/443/1
f 5260/441/1 5637/122/1 5292/441/1
f 5262/548/1 5639/157/1 5294/439/1
f 5618/148/3 5274/428/3 5273/399/3
f 5616/145/3 5272/429/3 5271/400/3
f 5264/437/1 5641/132/1 5296/437/1
f 5614/142/3 5270/431/3 5269/401/3
f 5612/139/3 5268/433/3 5267/402/3
f 5610/135/3 5266/435/3 5265/403/3
f 5608/133/3 5264/437/3 5263/404/3
f 5266/435/1 5643/129/1 5298/435/1
f 5606/128/3 5262/548/3 5261/405/3
f 5604/123/3 5260/441/3 5259/406/3
f 5602/120/3 5258/443/3 5257/407/3
f 5268/433/1 5645/116/1 5300/433/1
f 5600/115/3 5256/445/3 5255/414/3
f 5598/109/3 5254/416/3 5253/413/3
f 5596/106/3 5252/418/3 5251/412/3
f 5270/431/1 5647/102/1 5302/431/1
f 5594/101/3 5250/420/3 5249/411/3
f 5592/96/3 5248/422/3 5247/410/3
f 5590/93/3 5246/424/3 5245/409/3
f 5272/429/1 5649/89/1 5304/429/1
f 5240/426/14 5588/33/14 5243/426/14
f 5620/31/3 2062/549/3 5275/408/3
f 5589/1079/2 5657/1080/2 5587/1080/2
f 5586/1078/10 5239/1102/10 5241/1086/10
f 5584/23/3 5240/426/3 5239/451/3
f 5655/1094/10 5662/1083/10 5661/1099/10
f 5653/1093/10 4072/1076/10 4071/1103/10
f 5657/1080/10 5660/1101/10 5658/1087/10
f 5244/1101/11 5659/1079/11 5589/1079/11
f 5381/1075/2 5653/1093/2 5379/1093/2
f 5449/1099/12 5662/1083/12 5451/1083/12
f 5242/1087/12 5660/1101/12 5244/1101/12
f 5451/1083/11 5656/1095/11 5175/1095/11
f 5667/1070/10 5665/1071/10 5669/1072/10
f 5665/944/12 5664/945/12 5666/946/12
f 5668/552/11 5663/553/11 5667/554/11
f 5666/946/9 5673/944/9 5665/944/9
f 5673/1071/7 5669/1072/7 5665/1071/7
f 5670/945/8 5666/946/8 5664/945/8
f 5668/552/5 5670/555/5 5664/555/5
f 5669/1072/6 5675/1070/6 5667/1070/6
f 5675/554/4 5668/552/4 5667/554/4
f 2498/556/11 5709/557/11 5771/558/11
f 5672/946/12 5679/947/12 5740/948/12
f 5833/558/4 2498/556/4 5771/558/4
f 4875/949/12 5672/946/12 4874/950/12
f 5674/1072/10 4875/1073/10 4876/1074/10
f 6105/1075/7 4089/1076/7 6103/1075/7
f 6307/559/11 5675/554/11 6306/560/11
f 5677/946/8 4874/950/8 5672/946/8
f 6306/1077/10 5674/1072/10 6308/1078/10
f 6166/561/10 4224/562/10 6134/561/10
f 6310/1079/10 4883/1074/10 5587/1080/10
f 3145/563/11 5833/558/11 6341/564/11
f 5740/948/9 5677/946/9 5672/946/9
f 6307/559/5 5676/552/5 5671/552/5
f 4876/1074/6 5678/1072/6 5674/1072/6
f 2497/951/9 5772/952/9 5710/953/9
f 5710/953/9 5773/954/9 5711/954/9
f 5711/954/9 5774/955/9 5712/956/9
f 5712/956/9 5775/957/9 5713/958/9
f 5713/958/9 5776/959/9 5714/960/9
f 5714/960/9 5777/961/9 5715/962/9
f 5715/962/9 5778/963/9 5716/964/9
f 5716/964/9 5779/965/9 5717/966/9
f 5717/966/9 5780/967/9 5718/968/9
f 5718/968/9 5781/969/9 5719/970/9
f 5719/970/9 5782/971/9 5720/972/9
f 5720/972/9 5783/973/9 5721/974/9
f 5721/974/9 5784/975/9 5722/975/9
f 5722/975/9 5785/976/9 5723/977/9
f 5723/977/9 5786/978/9 5724/979/9
f 5724/979/9 5787/980/9 5725/981/9
f 5725/981/9 5788/982/9 5726/983/9
f 5726/983/9 5789/984/9 5727/984/9
f 5727/984/9 5790/985/9 5728/986/9
f 5728/986/9 5791/987/9 5729/988/9
f 5729/988/9 5792/989/9 5730/990/9
f 5730/990/9 5793/991/9 5731/991/9
f 5731/991/9 5794/992/9 5732/992/9
f 5732/992/9 5795/993/9 5733/993/9
f 5733/993/9 5796/994/9 5734/995/9
f 5734/995/9 5797/996/9 5735/997/9
f 5735/997/9 5798/998/9 5736/999/9
f 5736/999/9 5799/1000/9 5737/1001/9
f 5737/1001/9 5800/1002/9 5738/1003/9
f 5738/1003/9 5801/1004/9 5739/1005/9
f 5739/1005/9 5802/1006/9 5740/948/9
f 6338/565/1 5894/566/1 5830/566/1
f 6312/567/11 5803/568/11 6311/569/11
f 5853/982/9 5789/984/9 5788/982/9
f 6314/570/11 5805/571/11 6313/572/11
f 6164/573/10 4222/574/10 6132/573/10
f 6316/575/11 5807/576/11 6315/577/11
f 6336/578/1 5892/579/1 5828/579/1
f 6318/580/11 5809/581/11 6317/582/11
f 5851/978/9 5787/980/9 5786/978/9
f 6320/583/11 5811/584/11 6319/585/11
f 6162/586/10 4220/587/10 6130/588/10
f 6322/589/11 5813/590/11 6321/591/11
f 6334/592/1 5890/593/1 5826/593/1
f 6324/594/11 5815/595/11 6323/596/11
f 5849/975/9 5785/976/9 5784/975/9
f 6326/597/11 5817/598/11 6325/599/11
f 6160/600/10 4218/601/10 6128/600/10
f 6328/602/11 5819/603/11 6327/604/11
f 6332/605/1 5888/606/1 5824/606/1
f 6330/607/11 5821/608/11 6329/609/11
f 5847/971/9 5783/973/9 5782/971/9
f 6332/605/11 5823/610/11 6331/611/11
f 6158/612/10 4216/613/10 6126/612/10
f 6334/592/11 5825/614/11 6333/615/11
f 5896/616/4 5833/558/4 5832/616/4
f 6336/578/11 5827/617/11 6335/618/11
f 6330/607/1 5886/619/1 5822/619/1
f 6338/565/11 5829/620/11 6337/621/11
f 5845/967/9 5781/969/9 5780/967/9
f 6340/622/11 5831/623/11 6339/624/11
f 6156/625/10 4214/626/10 6124/627/10
f 4981/1007/12 2504/951/12 1700/1008/12
f 5894/566/4 5831/623/4 5830/566/4
f 4983/1009/12 5773/954/12 4982/1010/12
f 6328/602/1 5884/628/1 5820/628/1
f 4985/1011/12 5775/957/12 4984/1012/12
f 5843/963/9 5779/965/9 5778/963/9
f 4987/1013/12 5777/961/12 4986/1014/12
f 6154/629/10 4212/630/10 6122/629/10
f 4989/1015/12 5779/965/12 4988/1016/12
f 5892/579/4 5829/620/4 5828/579/4
f 4991/1017/12 5781/969/12 4990/1018/12
f 6326/597/1 5882/631/1 5818/631/1
f 4993/1019/12 5783/973/12 4992/1020/12
f 5841/959/9 5777/961/9 5776/959/9
f 4995/1021/12 5785/976/12 4994/1022/12
f 6152/632/10 4210/633/10 6120/632/10
f 4997/1023/12 5787/980/12 4996/1024/12
f 5890/593/4 5827/617/4 5826/593/4
f 4999/1025/12 5789/984/12 4998/1026/12
f 6324/594/1 5880/634/1 5816/634/1
f 5001/1027/12 5791/987/12 5000/1028/12
f 5839/955/9 5775/957/9 5774/955/9
f 5003/1029/12 5793/991/12 5002/1030/12
f 6150/635/10 4208/636/10 6118/635/10
f 5005/1031/12 5795/993/12 5004/1032/12
f 5888/606/4 5825/614/4 5824/606/4
f 5007/1033/12 5797/996/12 5006/1034/12
f 6322/589/1 5878/637/1 5814/637/1
f 5009/1035/12 5799/1000/12 5008/1036/12
f 5837/952/9 5773/954/9 5772/952/9
f 5011/1037/12 5801/1004/12 5010/1038/12
f 5676/552/4 5741/568/4 5671/552/4
f 5803/568/4 5742/638/4 5741/568/4
f 5804/638/4 5743/639/4 5742/638/4
f 5805/571/4 5744/640/4 5743/639/4
f 5806/641/4 5745/642/4 5744/640/4
f 5807/576/4 5746/643/4 5745/642/4
f 5808/644/4 5747/581/4 5746/643/4
f 5809/581/4 5748/645/4 5747/581/4
f 5810/646/4 5749/584/4 5748/645/4
f 5811/584/4 5750/647/4 5749/584/4
f 5812/647/4 5751/590/4 5750/647/4
f 5813/590/4 5752/637/4 5751/590/4
f 5814/637/4 5753/595/4 5752/637/4
f 5815/595/4 5754/634/4 5753/595/4
f 5816/634/4 5755/598/4 5754/634/4
f 5817/598/4 5756/631/4 5755/598/4
f 5818/631/4 5757/603/4 5756/631/4
f 5819/603/4 5758/648/4 5757/603/4
f 5820/628/4 5759/608/4 5758/648/4
f 5821/608/4 5760/619/4 5759/608/4
f 5822/619/4 5761/610/4 5760/619/4
f 5823/610/4 5762/606/4 5761/610/4
f 5824/606/4 5763/614/4 5762/606/4
f 5825/614/4 5764/593/4 5763/614/4
f 5826/593/4 5765/649/4 5764/593/4
f 5827/617/4 5766/650/4 5765/649/4
f 5828/579/4 5767/651/4 5766/650/4
f 5829/620/4 5768/566/4 5767/651/4
f 5830/566/4 5769/652/4 5768/566/4
f 5831/623/4 5770/616/4 5769/652/4
f 5832/616/4 5771/558/4 5770/616/4
f 5710/953/12 2496/1039/12 2497/951/12
f 5711/954/12 5709/1040/12 5710/953/12
f 5712/956/12 5708/1041/12 5711/954/12
f 5713/958/12 5707/1042/12 5712/956/12
f 5714/960/12 5706/1043/12 5713/958/12
f 5715/962/12 5705/1044/12 5714/960/12
f 5716/964/12 5704/1045/12 5715/962/12
f 5717/966/12 5703/1046/12 5716/964/12
f 5718/968/12 5702/1047/12 5717/966/12
f 5719/970/12 5701/1048/12 5718/968/12
f 5720/972/12 5700/1049/12 5719/970/12
f 5721/974/12 5699/1050/12 5720/972/12
f 5722/975/12 5698/1051/12 5721/974/12
f 5723/977/12 5697/1052/12 5722/975/12
f 5724/979/12 5696/1053/12 5723/977/12
f 5725/981/12 5695/1054/12 5724/979/12
f 5726/983/12 5694/1055/12 5725/981/12
f 5727/984/12 5693/1056/12 5726/983/12
f 5728/986/12 5692/1057/12 5727/984/12
f 5729/988/12 5691/1058/12 5728/986/12
f 5730/990/12 5690/1059/12 5729/988/12
f 5731/991/12 5689/1060/12 5730/990/12
f 5732/992/12 5688/1061/12 5731/991/12
f 5733/993/12 5687/1062/12 5732/992/12
f 5734/995/12 5686/1063/12 5733/993/12
f 5734/995/12 5684/1064/12 5685/1065/12
f 5735/997/12 5683/1066/12 5684/1064/12
f 5736/999/12 5682/1067/12 5683/1066/12
f 5738/1003/12 5682/1067/12 5737/1001/12
f 5739/1005/12 5681/1068/12 5738/1003/12
f 5740/948/12 5680/1069/12 5739/1005/12
f 5741/568/11 5670/555/11 5671/552/11
f 5742/638/11 5679/654/11 5741/568/11
f 5743/639/11 5680/655/11 5742/638/11
f 5744/640/11 5681/656/11 5743/639/11
f 5745/642/11 5682/657/11 5744/640/11
f 5746/643/11 5683/658/11 5745/642/11
f 5747/581/11 5684/659/11 5746/643/11
f 5748/645/11 5685/660/11 5747/581/11
f 5749/584/11 5686/661/11 5748/645/11
f 5750/647/11 5687/662/11 5749/584/11
f 5751/590/11 5688/663/11 5750/647/11
f 5752/637/11 5689/664/11 5751/590/11
f 5753/595/11 5690/665/11 5752/637/11
f 5754/634/11 5691/666/11 5753/595/11
f 5755/598/11 5692/667/11 5754/634/11
f 5756/631/11 5693/668/11 5755/598/11
f 5757/603/11 5694/669/11 5756/631/11
f 5758/648/11 5695/670/11 5757/603/11
f 5759/608/11 5696/671/11 5758/648/11
f 5760/619/11 5697/672/11 5759/608/11
f 5761/610/11 5698/673/11 5760/619/11
f 5762/606/11 5699/674/11 5761/610/11
f 5763/614/11 5700/675/11 5762/606/11
f 5764/593/11 5701/676/11 5763/614/11
f 5765/649/11 5702/677/11 5764/593/11
f 5766/650/11 5703/678/11 5765/649/11
f 5767/651/11 5704/679/11 5766/650/11
f 5768/566/11 5705/680/11 5767/651/11
f 5769/652/11 5706/681/11 5768/566/11
f 5770/616/11 5707/682/11 5769/652/11
f 5771/558/11 5708/683/11 5770/616/11
f 5075/950/12 5836/1006/12 5074/1037/12
f 6343/569/11 5834/552/11 6342/684/11
f 6345/572/11 5868/638/11 6344/567/11
f 6347/577/11 5870/641/11 6346/570/11
f 6349/582/11 5872/644/11 6348/575/11
f 6351/585/11 5874/646/11 6350/580/11
f 6353/591/11 5876/647/11 6352/685/11
f 6355/596/11 5878/637/11 6354/686/11
f 6357/599/11 5880/634/11 6356/594/11
f 6359/604/11 5882/631/11 6358/597/11
f 6361/609/11 5884/628/11 6360/687/11
f 6363/611/11 5886/619/11 6362/607/11
f 6365/615/11 5888/606/11 6364/605/11
f 6367/688/11 5890/593/11 6366/592/11
f 6369/689/11 5892/579/11 6368/578/11
f 6371/624/11 5894/566/11 6370/565/11
f 6373/564/11 5896/616/11 6372/622/11
f 5080/1010/12 5837/952/12 5079/1007/12
f 5082/1012/12 5839/955/12 5081/1009/12
f 5084/1014/12 5841/959/12 5083/1011/12
f 5086/1016/12 5843/963/12 5085/1013/12
f 5088/1018/12 5845/967/12 5087/1015/12
f 5090/1020/12 5847/971/12 5089/1017/12
f 5092/1022/12 5849/975/12 5091/1019/12
f 5094/1024/12 5851/978/12 5093/1021/12
f 5096/1026/12 5853/982/12 5095/1023/12
f 5098/1028/12 5855/985/12 5097/1025/12
f 5100/1030/12 5857/989/12 5099/1027/12
f 5102/1032/12 5859/992/12 5101/1029/12
f 5104/1034/12 5861/994/12 5103/1031/12
f 5106/1036/12 5863/998/12 5105/1033/12
f 5108/1038/12 5865/1002/12 5107/1035/12
f 5855/985/9 5791/987/9 5790/985/9
f 6340/622/1 5896/616/1 5832/616/1
f 6168/690/10 4226/691/10 6136/690/10
f 5857/989/9 5793/991/9 5792/989/9
f 4981/1007/10 5837/952/10 5772/952/10
f 5838/954/1 4982/1010/1 5773/954/1
f 5859/992/9 5795/993/9 5794/992/9
f 4983/1009/10 5839/955/10 5774/955/10
f 5840/957/1 4984/1012/1 5775/957/1
f 5861/994/9 5797/996/9 5796/994/9
f 4985/1011/10 5841/959/10 5776/959/10
f 5842/961/1 4986/1014/1 5777/961/1
f 5863/998/9 5799/1000/9 5798/998/9
f 4987/1013/10 5843/963/10 5778/963/10
f 5844/965/1 4988/1016/1 5779/965/1
f 5865/1002/9 5801/1004/9 5800/1002/9
f 4989/1015/10 5845/967/10 5780/967/10
f 5846/969/1 4990/1018/1 5781/969/1
f 5834/552/4 5803/568/4 5676/552/4
f 4991/1017/10 5847/971/10 5782/971/10
f 5848/973/1 4992/1020/1 5783/973/1
f 5868/638/4 5805/571/4 5804/638/4
f 4993/1019/10 5849/975/10 5784/975/10
f 5850/976/1 4994/1022/1 5785/976/1
f 5870/641/4 5807/576/4 5806/641/4
f 4995/1021/10 5851/978/10 5786/978/10
f 5852/980/1 4996/1024/1 5787/980/1
f 5872/644/4 5809/581/4 5808/644/4
f 4997/1023/10 5853/982/10 5788/982/10
f 5854/984/1 4998/1026/1 5789/984/1
f 5874/646/4 5811/584/4 5810/646/4
f 4999/1025/10 5855/985/10 5790/985/10
f 6309/684/1 5834/552/1 5676/552/1
f 5856/987/1 5000/1028/1 5791/987/1
f 5835/946/1 4884/950/1 5677/946/1
f 5876/647/4 5813/590/4 5812/647/4
f 5001/1027/10 5857/989/10 5792/989/10
f 6138/692/10 4196/693/10 6106/692/10
f 5858/991/1 5002/1030/1 5793/991/1
f 5836/1006/9 5677/946/9 5802/1006/9
f 6312/567/1 5868/638/1 5804/638/1
f 5878/637/4 5815/595/4 5814/637/4
f 5003/1029/10 5859/992/10 5794/992/10
f 6140/694/10 4198/695/10 6108/694/10
f 5860/993/1 5004/1032/1 5795/993/1
f 6314/570/1 5870/641/1 5806/641/1
f 5880/634/4 5817/598/4 5816/634/4
f 5005/1031/10 5861/994/10 5796/994/10
f 6142/696/10 4200/697/10 6110/696/10
f 5862/996/1 5006/1034/1 5797/996/1
f 6316/575/1 5872/644/1 5808/644/1
f 5882/631/4 5819/603/4 5818/631/4
f 5007/1033/10 5863/998/10 5798/998/10
f 6144/698/10 4202/699/10 6112/698/10
f 5864/1000/1 5008/1036/1 5799/1000/1
f 6318/580/1 5874/646/1 5810/646/1
f 5884/628/4 5821/608/4 5820/628/4
f 5009/1035/10 5865/1002/10 5800/1002/10
f 6146/700/10 4204/701/10 6114/700/10
f 5866/1004/1 5010/1038/1 5801/1004/1
f 6320/583/1 5876/647/1 5812/647/1
f 5886/619/4 5823/610/4 5822/619/4
f 5011/1037/10 5836/1006/10 5802/1006/10
f 6148/702/10 4206/703/10 6116/702/10
f 6284/704/10 5913/705/10 6252/704/10
f 6184/706/1 5944/707/1 5912/707/1
f 6282/708/10 5911/709/10 6250/708/10
f 6182/710/1 5942/711/1 5910/711/1
f 6280/712/10 5909/713/10 6248/712/10
f 6180/714/1 5940/715/1 5908/715/1
f 6278/716/10 5907/717/10 6246/716/10
f 6178/718/1 5938/719/1 5906/719/1
f 6276/720/10 5905/721/10 6244/720/10
f 6176/722/1 5936/723/1 5904/723/1
f 6274/724/10 5903/725/10 6242/724/10
f 6173/726/1 5934/727/1 5901/727/1
f 6304/728/10 5933/729/10 6272/728/10
f 6204/730/1 5964/731/1 5932/731/1
f 6237/732/11 5964/731/11 6236/733/11
f 6235/734/11 5962/735/11 6234/736/11
f 6233/737/11 5960/738/11 6232/739/11
f 6231/740/11 5958/741/11 6230/742/11
f 6229/743/11 5956/744/11 6228/745/11
f 6227/746/11 5954/747/11 6226/748/11
f 6225/749/11 5952/750/11 6224/751/11
f 6223/752/11 5950/753/11 6222/754/11
f 6221/755/11 5948/756/11 6220/757/11
f 6219/758/11 5946/759/11 6218/760/11
f 6217/761/11 5944/707/11 6216/706/11
f 6215/762/11 5942/711/11 6214/763/11
f 6213/764/11 5940/715/11 6212/765/11
f 6211/766/11 5938/719/11 6210/767/11
f 6209/768/11 5936/723/11 6208/769/11
f 6207/770/11 5934/727/11 6206/771/11
f 6186/772/1 5946/759/1 5914/759/1
f 6286/773/10 5915/774/10 6254/773/10
f 6188/775/1 5948/756/1 5916/756/1
f 6288/776/10 5917/777/10 6256/776/10
f 6190/778/1 5950/753/1 5918/753/1
f 6290/779/10 5919/780/10 6258/779/10
f 6192/751/1 5952/750/1 5920/750/1
f 6292/781/10 5921/782/10 6260/781/10
f 6204/730/11 5931/783/11 6203/734/11
f 6202/736/11 5929/784/11 6201/785/11
f 6194/786/1 5954/747/1 5922/747/1
f 6200/787/11 5927/788/11 6199/789/11
f 6198/790/11 5925/791/11 6197/743/11
f 6294/792/10 5923/793/10 6262/792/10
f 6196/794/11 5923/793/11 6195/795/11
f 6194/786/11 5921/782/11 6193/796/11
f 6196/794/1 5956/744/1 5924/744/1
f 6192/751/11 5919/780/11 6191/797/11
f 6296/798/10 5925/791/10 6264/798/10
f 6190/778/11 5917/777/11 6189/799/11
f 6188/775/11 5915/774/11 6187/800/11
f 6198/790/1 5958/741/1 5926/741/1
f 6186/772/11 5913/705/11 6185/801/11
f 6298/802/10 5927/788/10 6266/802/10
f 6184/706/11 5911/709/11 6183/803/11
f 6182/710/11 5909/713/11 6181/764/11
f 6200/787/1 5960/738/1 5928/738/1
f 6180/714/11 5907/717/11 6179/766/11
f 6300/804/10 5929/784/10 6268/804/10
f 6178/718/11 5905/721/11 6177/768/11
f 6176/722/11 5903/725/11 6175/770/11
f 6202/736/1 5962/735/1 5930/735/1
f 6171/726/5 5901/727/5 5898/727/5
f 3007/805/11 5933/729/11 6205/732/11
f 6374/1075/3 4101/1076/3 6105/1075/3
f 6302/806/10 5931/783/10 6270/806/10
f 6170/1081/10 5899/1082/10 6172/1083/10
f 6171/726/11 5900/807/11 6170/808/11
f 6241/1084/7 5899/1082/7 6239/1085/7
f 6310/1079/7 5968/1086/7 6308/1078/7
f 6371/624/10 5999/809/10 6339/624/10
f 6369/689/10 5997/810/10 6337/621/10
f 6367/688/10 5995/811/10 6335/618/10
f 6365/615/10 5993/812/10 6333/615/10
f 6363/611/10 5991/813/10 6331/611/10
f 6361/609/10 5989/814/10 6329/609/10
f 6359/604/10 5987/815/10 6327/604/10
f 6357/599/10 5985/816/10 6325/599/10
f 6355/596/10 5983/817/10 6323/596/10
f 6373/564/10 6001/818/10 6341/564/10
f 6343/569/10 5971/819/10 6311/569/10
f 6345/572/10 5973/820/10 6313/572/10
f 6347/577/10 5975/821/10 6315/577/10
f 6349/582/10 5977/822/10 6317/582/10
f 6351/585/10 5979/823/10 6319/585/10
f 6353/591/10 5981/824/10 6321/591/10
f 6251/825/1 6012/826/1 5980/826/1
f 6249/827/1 6010/828/1 5978/828/1
f 6247/829/1 6008/830/1 5976/830/1
f 6245/831/1 6006/832/1 5974/832/1
f 6243/833/1 6004/834/1 5972/834/1
f 6240/835/1 6002/836/1 5969/836/1
f 6271/837/1 6032/838/1 6000/838/1
f 6304/728/11 6032/838/11 6303/837/11
f 6302/806/11 6030/839/11 6301/840/11
f 6300/804/11 6028/841/11 6299/842/11
f 6298/802/11 6026/843/11 6297/844/11
f 6296/798/11 6024/845/11 6295/846/11
f 6294/792/11 6022/847/11 6293/848/11
f 6292/781/11 6020/849/11 6291/850/11
f 6290/779/11 6018/851/11 6289/852/11
f 6288/776/11 6016/853/11 6287/854/11
f 6286/773/11 6014/855/11 6285/856/11
f 6284/704/11 6012/826/11 6283/825/11
f 6282/708/11 6010/828/11 6281/827/11
f 6280/712/11 6008/830/11 6279/829/11
f 6278/716/11 6006/832/11 6277/831/11
f 6276/720/11 6004/834/11 6275/833/11
f 6274/724/11 6002/836/11 6273/835/11
f 6253/856/1 6014/855/1 5982/855/1
f 6255/854/1 6016/853/1 5984/853/1
f 6257/852/1 6018/851/1 5986/851/1
f 6259/850/1 6020/849/1 5988/857/1
f 6271/837/11 5999/809/11 6270/806/11
f 6269/840/11 5997/810/11 6268/804/11
f 6261/848/1 6022/847/1 5990/847/1
f 6267/842/11 5995/811/11 6266/802/11
f 6265/844/11 5993/812/11 6264/798/11
f 6263/846/11 5991/813/11 6262/792/11
f 6261/848/11 5989/814/11 6260/781/11
f 6263/846/1 6024/845/1 5992/845/1
f 6259/850/11 5987/815/11 6258/779/11
f 6257/852/11 5985/816/11 6256/776/11
f 6255/854/11 5983/817/11 6254/773/11
f 6265/844/1 6026/843/1 5994/843/1
f 6253/856/11 5981/824/11 6252/704/11
f 6251/825/11 5979/823/11 6250/708/11
f 6249/827/11 5977/822/11 6248/712/11
f 6267/842/1 6028/841/1 5996/841/1
f 6247/829/11 5975/821/11 6246/716/11
f 6245/831/11 5973/820/11 6244/720/11
f 6243/833/11 5971/819/11 6242/724/11
f 6269/840/1 6030/839/1 5998/839/1
f 6238/835/5 5969/836/5 5967/836/5
f 3075/858/11 6001/818/11 6272/728/11
f 6241/1084/10 5242/1087/10 5517/1088/10
f 6305/1089/10 5968/1086/10 6239/1085/10
f 6238/835/11 5966/859/11 6305/860/11
f 6102/861/11 6101/862/11 6169/863/11
f 6169/1090/10 6035/1091/10 6103/1075/10
f 6105/1075/10 5310/1092/10 5379/1093/10
f 2937/864/11 6068/865/11 6136/690/11
f 6102/861/5 6036/866/5 6034/866/5
f 6133/867/1 6097/868/1 6065/868/1
f 6107/869/11 6038/870/11 6106/692/11
f 6109/871/11 6040/872/11 6108/694/11
f 6111/873/11 6042/874/11 6110/696/11
f 6131/875/1 6095/876/1 6063/876/1
f 6113/877/11 6044/878/11 6112/698/11
f 6115/879/11 6046/880/11 6114/700/11
f 6117/881/11 6048/882/11 6116/702/11
f 6129/883/1 6093/884/1 6061/884/1
f 6119/885/11 6050/886/11 6118/635/11
f 6121/887/11 6052/888/11 6120/632/11
f 6123/889/11 6054/890/11 6122/629/11
f 6127/891/1 6091/892/1 6059/892/1
f 6125/893/11 6056/894/11 6124/627/11
f 6127/891/11 6058/895/11 6126/612/11
f 6129/883/11 6060/896/11 6128/600/11
f 6131/875/11 6062/897/11 6130/588/11
f 6125/893/1 6089/898/1 6057/898/1
f 6133/867/11 6064/899/11 6132/573/11
f 6135/900/11 6066/901/11 6134/561/11
f 6123/889/1 6087/902/1 6055/902/1
f 6121/887/1 6085/903/1 6053/903/1
f 6119/885/1 6083/904/1 6051/904/1
f 6117/881/1 6081/905/1 6049/905/1
f 6138/692/11 6069/866/11 6137/861/11
f 6140/694/11 6071/906/11 6139/869/11
f 6142/696/11 6073/907/11 6141/871/11
f 6144/698/11 6075/908/11 6143/873/11
f 6146/700/11 6077/909/11 6145/877/11
f 6148/702/11 6079/910/11 6147/911/11
f 6150/635/11 6081/905/11 6149/912/11
f 6152/632/11 6083/904/11 6151/913/11
f 6154/629/11 6085/903/11 6153/914/11
f 6156/625/11 6087/902/11 6155/915/11
f 6158/612/11 6089/898/11 6157/916/11
f 6160/600/11 6091/892/11 6159/917/11
f 6162/586/11 6093/884/11 6161/918/11
f 6164/573/11 6095/876/11 6163/919/11
f 6166/561/11 6097/868/11 6165/920/11
f 6168/690/11 6099/921/11 6167/900/11
f 6135/900/1 6099/921/1 6067/921/1
f 6104/861/1 6069/866/1 6036/866/1
f 6107/869/1 6071/906/1 6039/906/1
f 6109/871/1 6073/907/1 6041/907/1
f 6111/873/1 6075/908/1 6043/908/1
f 6113/877/1 6077/909/1 6045/909/1
f 6115/879/1 6079/910/1 6047/910/1
f 6217/761/10 6048/882/10 6185/801/10
f 6215/762/10 6046/880/10 6183/803/10
f 6213/764/10 6044/878/10 6181/764/10
f 6211/766/10 6042/874/10 6179/766/10
f 6209/768/10 6040/872/10 6177/768/10
f 6207/770/10 6038/870/10 6175/770/10
f 6237/732/10 6068/865/10 6205/732/10
f 6219/758/10 6050/886/10 6187/800/10
f 6221/755/10 6052/888/10 6189/799/10
f 6223/752/10 6054/890/10 6191/797/10
f 6225/749/10 6056/894/10 6193/796/10
f 6227/746/10 6058/895/10 6195/795/10
f 6229/743/10 6060/896/10 6197/743/10
f 6231/740/10 6062/897/10 6199/789/10
f 6233/737/10 6064/899/10 6201/785/10
f 6235/734/10 6066/901/10 6203/734/10
f 6174/1083/7 6035/1091/7 6172/1083/7
f 4205/922/1 6147/911/1 6115/879/1
f 4203/923/1 6145/877/1 6113/877/1
f 4201/924/1 6143/873/1 6111/873/1
f 4199/925/1 6141/871/1 6109/871/1
f 4197/926/1 6139/869/1 6107/869/1
f 4098/927/1 6137/861/1 6104/861/1
f 4225/928/1 6167/900/1 6135/900/1
f 4323/691/11 6167/900/11 4322/928/11
f 4321/562/11 6165/920/11 4320/929/11
f 4319/574/11 6163/919/11 4318/930/11
f 4317/587/11 6161/918/11 4316/931/11
f 4315/601/11 6159/917/11 4314/932/11
f 4313/613/11 6157/916/11 4312/933/11
f 4311/626/11 6155/915/11 4310/934/11
f 4309/630/11 6153/914/11 4308/935/11
f 4307/633/11 6151/913/11 4306/936/11
f 4305/636/11 6149/912/11 4304/937/11
f 4303/703/11 6147/911/11 4302/922/11
f 4301/701/11 6145/877/11 4300/923/11
f 4299/699/11 6143/873/11 4298/924/11
f 4297/697/11 6141/871/11 4296/925/11
f 4295/695/11 6139/869/11 4294/926/11
f 4293/693/11 6137/861/11 4290/927/11
f 4207/937/1 6149/912/1 6117/881/1
f 4209/936/1 6151/913/1 6119/885/1
f 4211/935/1 6153/914/1 6121/887/1
f 4213/934/1 6155/915/1 6123/889/1
f 4225/928/11 6134/561/11 4224/562/11
f 4223/929/11 6132/573/11 4222/574/11
f 4215/933/1 6157/916/1 6125/893/1
f 4221/930/11 6130/588/11 4220/587/11
f 4219/931/11 6128/600/11 4218/601/11
f 4217/932/11 6126/612/11 4216/613/11
f 4215/933/11 6124/627/11 4214/626/11
f 4217/932/1 6159/917/1 6127/891/1
f 4213/934/11 6122/629/11 4212/630/11
f 4211/935/11 6120/632/11 4210/633/11
f 4209/936/11 6118/635/11 4208/636/11
f 4219/931/1 6161/918/1 6129/883/1
f 4207/937/11 6116/702/11 4206/703/11
f 4205/922/11 6114/700/11 4204/701/11
f 4203/923/11 6112/698/11 4202/699/11
f 4221/930/1 6163/919/1 6131/875/1
f 4201/924/11 6110/696/11 4200/697/11
f 4199/925/11 6108/694/11 4198/695/11
f 4197/926/11 6106/692/11 4196/693/11
f 4223/929/1 6165/920/1 6133/867/1
f 4092/927/5 6104/861/5 6102/861/5
f 901/938/11 6136/690/11 4226/691/11
f 5655/1094/2 5902/1095/2 5173/1094/2
f 4090/1096/10 6103/1075/10 4089/1076/10
f 4092/927/11 6169/863/11 4090/939/11
f 6080/882/10 6116/702/10 6048/882/10
f 6078/880/10 6114/700/10 6046/880/10
f 6076/878/10 6112/698/10 6044/878/10
f 6074/874/10 6110/696/10 6042/874/10
f 6072/872/10 6108/694/10 6040/872/10
f 6070/870/10 6106/692/10 6038/870/10
f 6100/865/10 6136/690/10 6068/865/10
f 6082/886/10 6118/635/10 6050/886/10
f 6084/888/10 6120/632/10 6052/888/10
f 6086/890/10 6122/629/10 6054/890/10
f 6088/894/10 6124/627/10 6056/894/10
f 6090/895/10 6126/612/10 6058/895/10
f 6092/896/10 6128/600/10 6060/896/10
f 6094/897/10 6130/588/10 6062/897/10
f 6096/899/10 6132/573/10 6064/899/10
f 6098/901/10 6134/561/10 6066/901/10
f 6037/1097/7 6103/1075/7 6035/1091/7
f 5902/1095/7 6172/1083/7 5899/1082/7
f 5963/783/10 6203/734/10 5931/783/10
f 5961/784/10 6201/785/10 5929/784/10
f 5959/788/10 6199/789/10 5927/788/10
f 5957/791/10 6197/743/10 5925/791/10
f 5955/793/10 6195/795/10 5923/793/10
f 5953/782/10 6193/796/10 5921/782/10
f 5951/780/10 6191/797/10 5919/780/10
f 5949/940/10 6189/799/10 5917/777/10
f 5947/774/10 6187/800/10 5915/774/10
f 5965/729/10 6205/732/10 5933/729/10
f 5935/725/10 6175/770/10 5903/725/10
f 5937/721/10 6177/768/10 5905/721/10
f 5939/717/10 6179/766/10 5907/717/10
f 5941/713/10 6181/764/10 5909/713/10
f 5943/709/10 6183/803/10 5911/709/10
f 5945/705/10 6185/801/10 5913/705/10
f 6034/866/11 6170/808/11 6101/862/11
f 6101/1098/10 6172/1083/10 6035/1091/10
f 6037/1097/10 5449/1099/10 5310/1092/10
f 2868/941/11 6205/732/11 6068/865/11
f 6034/866/5 6173/726/5 6171/726/5
f 6065/868/1 6234/736/1 6202/736/1
f 6039/906/11 6175/770/11 6038/870/11
f 6041/907/11 6177/768/11 6040/872/11
f 6043/908/11 6179/766/11 6042/874/11
f 6063/876/1 6232/739/1 6200/787/1
f 6045/909/11 6181/764/11 6044/878/11
f 6047/910/11 6183/803/11 6046/880/11
f 6049/905/11 6185/801/11 6048/882/11
f 6061/884/1 6230/742/1 6198/790/1
f 6051/904/11 6187/800/11 6050/886/11
f 6053/903/11 6189/799/11 6052/888/11
f 6055/902/11 6191/797/11 6054/890/11
f 6059/892/1 6228/745/1 6196/794/1
f 6057/898/11 6193/796/11 6056/894/11
f 6059/892/11 6195/795/11 6058/895/11
f 6061/884/11 6197/743/11 6060/896/11
f 6063/876/11 6199/789/11 6062/897/11
f 6057/898/1 6226/748/1 6194/786/1
f 6065/868/11 6201/785/11 6064/899/11
f 6067/921/11 6203/734/11 6066/901/11
f 6055/902/1 6224/751/1 6192/751/1
f 6053/903/1 6222/754/1 6190/778/1
f 6051/904/1 6220/757/1 6188/775/1
f 6049/905/1 6218/760/1 6186/772/1
f 6070/870/11 6206/771/11 6069/866/11
f 6072/872/11 6208/769/11 6071/906/11
f 6074/874/11 6210/767/11 6073/907/11
f 6076/878/11 6212/765/11 6075/908/11
f 6078/880/11 6214/763/11 6077/909/11
f 6080/882/11 6216/706/11 6079/910/11
f 6082/886/11 6218/760/11 6081/905/11
f 6084/888/11 6220/757/11 6083/904/11
f 6086/890/11 6222/754/11 6085/903/11
f 6088/894/11 6224/751/11 6087/902/11
f 6090/895/11 6226/748/11 6089/898/11
f 6092/896/11 6228/745/11 6091/892/11
f 6094/897/11 6230/742/11 6093/884/11
f 6096/899/11 6232/739/11 6095/876/11
f 6098/901/11 6234/736/11 6097/868/11
f 6100/865/11 6236/733/11 6099/921/11
f 6067/921/1 6236/733/1 6204/730/1
f 6036/866/1 6206/771/1 6173/726/1
f 6039/906/1 6208/769/1 6176/722/1
f 6041/907/1 6210/767/1 6178/718/1
f 6043/908/1 6212/765/1 6180/714/1
f 6045/909/1 6214/763/1 6182/710/1
f 6047/910/1 6216/706/1 6184/706/1
f 5898/727/11 6305/860/11 5900/807/11
f 5900/1100/10 6239/1085/10 5899/1082/10
f 5902/1095/10 5517/1088/10 5173/1094/10
f 2731/942/11 6272/728/11 5933/729/11
f 5898/727/5 6240/835/5 6238/835/5
f 5930/735/1 6301/840/1 6269/840/1
f 5904/723/11 6242/724/11 5903/725/11
f 5906/719/11 6244/720/11 5905/721/11
f 5908/715/11 6246/716/11 5907/717/11
f 5928/738/1 6299/842/1 6267/842/1
f 5910/711/11 6248/712/11 5909/713/11
f 5912/707/11 6250/708/11 5911/709/11
f 5914/759/11 6252/704/11 5913/705/11
f 5926/741/1 6297/844/1 6265/844/1
f 5916/756/11 6254/773/11 5915/774/11
f 5918/753/11 6256/776/11 5917/777/11
f 5920/750/11 6258/779/11 5919/780/11
f 5924/744/1 6295/846/1 6263/846/1
f 5922/747/11 6260/781/11 5921/782/11
f 5924/744/11 6262/792/11 5923/793/11
f 5926/741/11 6264/798/11 5925/791/11
f 5928/738/11 6266/802/11 5927/788/11
f 5922/747/1 6293/848/1 6261/848/1
f 5930/735/11 6268/804/11 5929/784/11
f 5932/731/11 6270/806/11 5931/783/11
f 5920/750/1 6291/850/1 6259/850/1
f 5918/753/1 6289/852/1 6257/852/1
f 5916/756/1 6287/854/1 6255/854/1
f 5914/759/1 6285/856/1 6253/856/1
f 5935/725/11 6273/835/11 5934/727/11
f 5937/721/11 6275/833/11 5936/723/11
f 5939/717/11 6277/831/11 5938/719/11
f 5941/713/11 6279/829/11 5940/715/11
f 5943/709/11 6281/827/11 5942/711/11
f 5945/705/11 6283/825/11 5944/707/11
f 5947/774/11 6285/856/11 5946/759/11
f 5949/940/11 6287/854/11 5948/756/11
f 5951/780/11 6289/852/11 5950/753/11
f 5953/782/11 6291/850/11 5952/750/11
f 5955/793/11 6293/848/11 5954/747/11
f 5957/791/11 6295/846/11 5956/744/11
f 5959/788/11 6297/844/11 5958/741/11
f 5961/784/11 6299/842/11 5960/738/11
f 5963/783/11 6301/840/11 5962/735/11
f 5965/729/11 6303/837/11 5964/731/11
f 5932/731/1 6303/837/1 6271/837/1
f 5901/727/1 6273/835/1 6240/835/1
f 5904/723/1 6275/833/1 6243/833/1
f 5906/719/1 6277/831/1 6245/831/1
f 5908/715/1 6279/829/1 6247/829/1
f 5910/711/1 6281/827/1 6249/827/1
f 5912/707/1 6283/825/1 6251/825/1
f 5970/1101/7 6239/1085/7 5968/1086/7
f 6031/809/10 6270/806/10 5999/809/10
f 6029/810/10 6268/804/10 5997/810/10
f 6027/811/10 6266/802/10 5995/811/10
f 6025/812/10 6264/798/10 5993/812/10
f 6023/813/10 6262/792/10 5991/813/10
f 6021/814/10 6260/781/10 5989/814/10
f 6019/815/10 6258/779/10 5987/815/10
f 6017/816/10 6256/776/10 5985/816/10
f 6015/817/10 6254/773/10 5983/817/10
f 6033/818/10 6272/728/10 6001/818/10
f 6003/819/10 6242/724/10 5971/819/10
f 6005/820/10 6244/720/10 5973/820/10
f 6007/821/10 6246/716/10 5975/821/10
f 6009/822/10 6248/712/10 5977/822/10
f 6011/823/10 6250/708/10 5979/823/10
f 6013/824/10 6252/704/10 5981/824/10
f 5877/590/10 6321/591/10 5813/590/10
f 5875/584/10 6319/585/10 5811/584/10
f 5873/581/10 6317/582/10 5809/581/10
f 5871/576/10 6315/577/10 5807/576/10
f 5869/571/10 6313/572/10 5805/571/10
f 5867/568/10 6311/569/10 5803/568/10
f 5897/558/10 6341/564/10 5833/558/10
f 5879/595/10 6323/596/10 5815/595/10
f 5881/598/10 6325/599/10 5817/598/10
f 5883/603/10 6327/604/10 5819/603/10
f 5885/608/10 6329/609/10 5821/608/10
f 5887/610/10 6331/611/10 5823/610/10
f 5889/614/10 6333/615/10 5825/614/10
f 5891/617/10 6335/618/10 5827/617/10
f 5893/620/10 6337/621/10 5829/620/10
f 5895/623/10 6339/624/10 5831/623/10
f 5678/1072/7 6308/1078/7 5674/1072/7
f 5980/826/1 6352/685/1 6320/583/1
f 5978/828/1 6350/580/1 6318/580/1
f 5976/830/1 6348/575/1 6316/575/1
f 5974/832/1 6346/570/1 6314/570/1
f 5972/834/1 6344/567/1 6312/567/1
f 5969/836/1 6342/684/1 6309/684/1
f 6000/838/1 6372/622/1 6340/622/1
f 6033/818/11 6372/622/11 6032/838/11
f 6031/809/11 6370/565/11 6030/839/11
f 6029/810/11 6368/578/11 6028/841/11
f 6027/811/11 6366/592/11 6026/843/11
f 6025/812/11 6364/605/11 6024/845/11
f 6023/813/11 6362/607/11 6022/847/11
f 6021/814/11 6360/687/11 6020/849/11
f 6019/815/11 6358/597/11 6018/851/11
f 6017/816/11 6356/594/11 6016/853/11
f 6015/817/11 6354/686/11 6014/855/11
f 6013/824/11 6352/685/11 6012/826/11
f 6011/823/11 6350/580/11 6010/828/11
f 6009/822/11 6348/575/11 6008/830/11
f 6007/821/11 6346/570/11 6006/832/11
f 6005/820/11 6344/567/11 6004/834/11
f 6003/819/11 6342/684/11 6002/836/11
f 5982/855/1 6354/686/1 6322/589/1
f 5984/853/1 6356/594/1 6324/594/1
f 5986/851/1 6358/597/1 6326/597/1
f 5988/857/1 6360/687/1 6328/602/1
f 6000/838/11 6339/624/11 5999/809/11
f 5998/839/11 6337/621/11 5997/810/11
f 5990/847/1 6362/607/1 6330/607/1
f 5996/841/11 6335/618/11 5995/811/11
f 5994/843/11 6333/615/11 5993/812/11
f 5992/845/11 6331/611/11 5991/813/11
f 5990/847/11 6329/609/11 5989/814/11
f 5992/845/1 6364/605/1 6332/605/1
f 5988/857/11 6327/604/11 5987/815/11
f 5986/851/11 6325/599/11 5985/816/11
f 5984/853/11 6323/596/11 5983/817/11
f 5994/843/1 6366/592/1 6334/592/1
f 5982/855/11 6321/591/11 5981/824/11
f 5980/826/11 6319/585/11 5979/823/11
f 5978/828/11 6317/582/11 5977/822/11
f 5996/841/1 6368/578/1 6336/578/1
f 5976/830/11 6315/577/11 5975/821/11
f 5974/832/11 6313/572/11 5973/820/11
f 5972/834/11 6311/569/11 5971/819/11
f 5998/839/1 6370/565/1 6338/565/1
f 5967/836/5 6309/684/5 6307/559/5
f 2800/943/11 6341/564/11 6001/818/11
f 5657/1080/2 6310/1079/2 5587/1080/2
f 5966/1102/10 6308/1078/10 5968/1086/10
f 5967/836/11 6306/560/11 5966/859/11
f 6378/1083/10 5655/1094/10 5661/1099/10
f 4861/1076/10 5653/1093/10 4071/1103/10
f 6377/1101/10 5657/1080/10 5658/1087/10
f 6376/1079/3 5970/1101/3 6310/1079/3
f 5653/1093/2 6105/1075/2 5379/1093/2
f 6378/1083/12 5449/1099/12 6174/1083/12
f 6377/1101/12 5242/1087/12 5970/1101/12
f 6375/1095/3 6174/1083/3 5902/1095/3
f 6380/1104/19 6381/1105/19 6379/1106/19
f 6382/1107/20 6383/1108/20 6381/1105/20
f 6384/1109/21 6385/1110/21 6383/1108/21
f 6386/1111/22 6387/1112/22 6385/1110/22
f 6388/1113/23 6389/1114/23 6387/1112/23
f 6390/1115/24 6391/1116/24 6389/1114/24
f 6392/1117/25 6393/1118/25 6391/1116/25
f 6394/1119/26 6395/1120/26 6393/1118/26
f 6396/1121/27 6397/1122/27 6395/1120/27
f 6398/1123/28 6399/1124/28 6397/1122/28
f 6400/1125/29 6401/1126/29 6399/1124/29
f 6402/1127/30 6403/1128/30 6401/1126/30
f 6404/1129/31 6405/1130/31 6403/1128/31
f 6406/1131/32 6407/1132/32 6405/1130/32
f 6408/1133/33 6409/1134/33 6407/1132/33
f 6410/1135/34 6411/1136/34 6409/1134/34
f 6412/1137/35 6413/1138/35 6411/1136/35
f 6414/1139/36 6415/1140/36 6413/1138/36
f 6416/1141/37 6417/1142/37 6415/1140/37
f 6418/1143/38 6419/1144/38 6417/1142/38
f 6420/1145/39 6421/1146/39 6419/1144/39
f 6422/1147/40 6423/1148/40 6421/1146/40
f 6424/1149/41 6425/1150/41 6423/1148/41
f 6426/1151/42 6427/1152/42 6425/1150/42
f 6428/1153/43 6429/1154/43 6427/1152/43
f 6430/1155/44 6431/1156/44 6429/1154/44
f 6432/1157/45 6433/1158/45 6431/1156/45
f 6434/1159/46 6435/1160/46 6433/1158/46
f 6436/1161/47 6437/1162/47 6435/1160/47
f 6438/1163/48 6439/1164/48 6437/1162/48
f 6388/1165/2 6386/1166/2 6404/1167/2
f 6440/1168/49 6441/1169/49 6439/1164/49
f 6442/1170/50 6379/1171/50 6441/1169/50
f 6437/1172/12 6439/1173/12 6417/1174/12
f 6444/1175/19 6445/1176/19 6443/1177/19
f 6446/1178/20 6447/1179/20 6445/1176/20
f 6448/1180/21 6449/1181/21 6447/1179/21
f 6450/1182/22 6451/1183/22 6449/1181/22
f 6452/1184/23 6453/1185/23 6451/1183/23
f 6454/1186/24 6455/1187/24 6453/1185/24
f 6456/1188/25 6457/1189/25 6455/1187/25
f 6458/1190/26 6459/1191/26 6457/1189/26
f 6460/1192/27 6461/1193/27 6459/1191/27
f 6462/1194/28 6463/1195/28 6461/1193/28
f 6464/1196/29 6465/1197/29 6463/1195/29
f 6466/1198/30 6467/1199/30 6465/1197/30
f 6468/1200/31 6469/1201/31 6467/1199/31
f 6470/1202/32 6471/1203/32 6469/1201/32
f 6472/1204/33 6473/1205/33 6471/1203/33
f 6474/1206/34 6475/1207/34 6473/1205/34
f 6476/1208/35 6477/1209/35 6475/1207/35
f 6478/1210/36 6479/1211/36 6477/1209/36
f 6480/1212/37 6481/1213/37 6479/1211/37
f 6482/1214/38 6483/1215/38 6481/1213/38
f 6484/1216/39 6485/1217/39 6483/1215/39
f 6486/1218/40 6487/1219/40 6485/1217/40
f 6488/1220/41 6489/1221/41 6487/1219/41
f 6490/1222/42 6491/1223/42 6489/1221/42
f 6492/1224/43 6493/1225/43 6491/1223/43
f 6494/1226/44 6495/1227/44 6493/1225/44
f 6496/1228/45 6497/1229/45 6495/1227/45
f 6498/1230/46 6499/1231/46 6497/1229/46
f 6500/1232/47 6501/1233/47 6499/1231/47
f 6502/1234/48 6503/1235/48 6501/1233/48
f 6452/1236/2 6450/1237/2 6468/1238/2
f 6504/1239/49 6505/1240/49 6503/1235/49
f 6506/1241/50 6443/1242/50 6505/1240/50
f 6501/1243/12 6503/1244/12 6481/1245/12
f 6508/1246/19 6509/1247/19 6507/1248/19
f 6510/1249/20 6511/1250/20 6509/1247/20
f 6512/1251/21 6513/1252/21 6511/1250/21
f 6514/1253/22 6515/1254/22 6513/1252/22
f 6516/1255/23 6517/1256/23 6515/1254/23
f 6518/1257/24 6519/1258/24 6517/1256/24
f 6520/1259/25 6521/1260/25 6519/1258/25
f 6522/1261/26 6523/1262/26 6521/1260/26
f 6524/1263/27 6525/1264/27 6523/1262/27
f 6526/1265/28 6527/1266/28 6525/1264/28
f 6528/1267/29 6529/1268/29 6527/1266/29
f 6530/1269/30 6531/1270/30 6529/1268/30
f 6532/1271/31 6533/1272/31 6531/1270/31
f 6534/1273/32 6535/1274/32 6533/1272/32
f 6536/1275/33 6537/1276/33 6535/1274/33
f 6538/1277/34 6539/1278/34 6537/1276/34
f 6540/1279/35 6541/1280/35 6539/1278/35
f 6542/1281/36 6543/1282/36 6541/1280/36
f 6544/1283/37 6545/1284/37 6543/1282/37
f 6546/1285/38 6547/1286/38 6545/1284/38
f 6548/1287/39 6549/1288/39 6547/1286/39
f 6550/1289/40 6551/1290/40 6549/1288/40
f 6552/1291/41 6553/1292/41 6551/1290/41
f 6554/1293/42 6555/1294/42 6553/1292/42
f 6556/1295/43 6557/1296/43 6555/1294/43
f 6558/1297/44 6559/1298/44 6557/1296/44
f 6560/1299/45 6561/1300/45 6559/1298/45
f 6562/1301/46 6563/1302/46 6561/1300/46
f 6564/1303/47 6565/1304/47 6563/1302/47
f 6566/1305/48 6567/1306/48 6565/1304/48
f 6516/1307/2 6514/1308/2 6532/1309/2
f 6568/1310/49 6569/1311/49 6567/1306/49
f 6570/1312/50 6507/1313/50 6569/1311/50
f 6565/1314/12 6567/1315/12 6545/1316/12
f 6572/1317/19 6573/1318/19 6571/1319/19
f 6574/1320/20 6575/1321/20 6573/1318/20
f 6576/1322/21 6577/1323/21 6575/1321/21
f 6578/1324/22 6579/1325/22 6577/1323/22
f 6580/1326/23 6581/1327/23 6579/1325/23
f 6582/1328/24 6583/1329/24 6581/1327/24
f 6584/1330/25 6585/1331/25 6583/1329/25
f 6586/1332/26 6587/1333/26 6585/1331/26
f 6588/1334/27 6589/1335/27 6587/1333/27
f 6590/1336/28 6591/1337/28 6589/1335/28
f 6592/1338/29 6593/1339/29 6591/1337/29
f 6594/1340/30 6595/1341/30 6593/1339/30
f 6596/1342/31 6597/1343/31 6595/1341/31
f 6598/1344/32 6599/1345/32 6597/1343/32
f 6600/1346/33 6601/1347/33 6599/1345/33
f 6602/1348/34 6603/1349/34 6601/1347/34
f 6604/1350/35 6605/1351/35 6603/1349/35
f 6606/1352/36 6607/1353/36 6605/1351/36
f 6608/1354/37 6609/1355/37 6607/1353/37
f 6610/1356/38 6611/1357/38 6609/1355/38
f 6612/1358/39 6613/1359/39 6611/1357/39
f 6614/1360/40 6615/1361/40 6613/1359/40
f 6616/1362/41 6617/1363/41 6615/1361/41
f 6618/1364/42 6619/1365/42 6617/1363/42
f 6620/1366/43 6621/1367/43 6619/1365/43
f 6622/1368/44 6623/1369/44 6621/1367/44
f 6624/1370/45 6625/1371/45 6623/1369/45
f 6626/1372/46 6627/1373/46 6625/1371/46
f 6628/1374/47 6629/1375/47 6627/1373/47
f 6630/1376/48 6631/1377/48 6629/1375/48
f 6580/1378/2 6578/1379/2 6596/1380/2
f 6632/1381/49 6633/1382/49 6631/1377/49
f 6634/1383/50 6571/1384/50 6633/1382/50
f 6629/1385/12 6631/1386/12 6609/1387/12
f 6636/1388/19 6637/1389/19 6635/1390/19
f 6638/1391/20 6639/1392/20 6637/1389/20
f 6640/1393/21 6641/1394/21 6639/1392/21
f 6642/1395/22 6643/1396/22 6641/1394/22
f 6644/1397/23 6645/1398/23 6643/1396/23
f 6646/1399/24 6647/1400/24 6645/1398/24
f 6648/1401/25 6649/1402/25 6647/1400/25
f 6650/1403/26 6651/1404/26 6649/1402/26
f 6652/1405/27 6653/1406/27 6651/1404/27
f 6654/1407/28 6655/1408/28 6653/1406/28
f 6656/1409/29 6657/1410/29 6655/1408/29
f 6658/1411/30 6659/1412/30 6657/1410/30
f 6660/1413/31 6661/1414/31 6659/1412/31
f 6662/1415/32 6663/1416/32 6661/1414/32
f 6664/1417/33 6665/1418/33 6663/1416/33
f 6666/1419/34 6667/1420/34 6665/1418/34
f 6668/1421/35 6669/1422/35 6667/1420/35
f 6670/1423/36 6671/1424/36 6669/1422/36
f 6672/1425/37 6673/1426/37 6671/1424/37
f 6674/1427/38 6675/1428/38 6673/1426/38
f 6676/1429/39 6677/1430/39 6675/1428/39
f 6678/1431/40 6679/1432/40 6677/1430/40
f 6680/1433/41 6681/1434/41 6679/1432/41
f 6682/1435/42 6683/1436/42 6681/1434/42
f 6684/1437/43 6685/1438/43 6683/1436/43
f 6686/1439/44 6687/1440/44 6685/1438/44
f 6688/1441/45 6689/1442/45 6687/1440/45
f 6690/1443/46 6691/1444/46 6689/1442/46
f 6692/1445/47 6693/1446/47 6691/1444/47
f 6694/1447/48 6695/1448/48 6693/1446/48
f 6644/1449/2 6642/1450/2 6660/1451/2
f 6696/1452/49 6697/1453/49 6695/1448/49
f 6698/1454/50 6635/1455/50 6697/1453/50
f 6693/1456/12 6695/1457/12 6673/1458/12
f 6700/1459/19 6701/1460/19 6699/1461/19
f 6702/1462/20 6703/1463/20 6701/1460/20
f 6704/1464/21 6705/1465/21 6703/1463/21
f 6706/1466/22 6707/1467/22 6705/1465/22
f 6708/1468/23 6709/1469/23 6707/1467/23
f 6710/1470/24 6711/1471/24 6709/1469/24
f 6712/1472/25 6713/1473/25 6711/1471/25
f 6714/1474/26 6715/1475/26 6713/1473/26
f 6716/1476/27 6717/1477/27 6715/1475/27
f 6718/1478/28 6719/1479/28 6717/1477/28
f 6720/1480/29 6721/1481/29 6719/1479/29
f 6722/1482/30 6723/1483/30 6721/1481/30
f 6724/1484/31 6725/1485/31 6723/1483/31
f 6726/1486/32 6727/1487/32 6725/1485/32
f 6728/1488/33 6729/1489/33 6727/1487/33
f 6730/1490/34 6731/1491/34 6729/1489/34
f 6732/1492/35 6733/1493/35 6731/1491/35
f 6734/1494/36 6735/1495/36 6733/1493/36
f 6736/1496/37 6737/1497/37 6735/1495/37
f 6738/1498/38 6739/1499/38 6737/1497/38
f 6740/1500/39 6741/1501/39 6739/1499/39
f 6742/1502/40 6743/1503/40 6741/1501/40
f 6744/1504/41 6745/1505/41 6743/1503/41
f 6746/1506/42 6747/1507/42 6745/1505/42
f 6748/1508/43 6749/1509/43 6747/1507/43
f 6750/1510/44 6751/1511/44 6749/1509/44
f 6752/1512/45 6753/1513/45 6751/1511/45
f 6754/1514/46 6755/1515/46 6753/1513/46
f 6756/1516/47 6757/1517/47 6755/1515/47
f 6758/1518/48 6759/1519/48 6757/1517/48
f 6708/1520/2 6706/1521/2 6724/1522/2
f 6760/1523/49 6761/1524/49 6759/1519/49
f 6762/1525/50 6699/1526/50 6761/1524/50
f 6757/1527/12 6759/1528/12 6737/1529/12
f 6764/1530/19 6765/1531/19 6763/1532/19
f 6766/1533/20 6767/1534/20 6765/1531/20
f 6768/1535/21 6769/1536/21 6767/1534/21
f 6770/1537/22 6771/1538/22 6769/1536/22
f 6772/1539/23 6773/1540/23 6771/1538/23
f 6774/1541/24 6775/1542/24 6773/1540/24
f 6776/1543/25 6777/1544/25 6775/1542/25
f 6778/1545/26 6779/1546/26 6777/1544/26
f 6780/1547/27 6781/1548/27 6779/1546/27
f 6782/1549/28 6783/1550/28 6781/1548/28
f 6784/1551/29 6785/1552/29 6783/1550/29
f 6786/1553/30 6787/1554/30 6785/1552/30
f 6788/1555/31 6789/1556/31 6787/1554/31
f 6790/1557/32 6791/1558/32 6789/1556/32
f 6792/1559/33 6793/1560/33 6791/1558/33
f 6794/1561/34 6795/1562/34 6793/1560/34
f 6796/1563/35 6797/1564/35 6795/1562/35
f 6798/1565/36 6799/1566/36 6797/1564/36
f 6800/1567/37 6801/1568/37 6799/1566/37
f 6802/1569/38 6803/1570/38 6801/1568/38
f 6804/1571/39 6805/1572/39 6803/1570/39
f 6806/1573/40 6807/1574/40 6805/1572/40
f 6808/1575/41 6809/1576/41 6807/1574/41
f 6810/1577/42 6811/1578/42 6809/1576/42
f 6812/1579/43 6813/1580/43 6811/1578/43
f 6814/1581/44 6815/1582/44 6813/1580/44
f 6816/1583/45 6817/1584/45 6815/1582/45
f 6818/1585/46 6819/1586/46 6817/1584/46
f 6820/1587/47 6821/1588/47 6819/1586/47
f 6822/1589/48 6823/1590/48 6821/1588/48
f 6772/1591/2 6770/1592/2 6788/1593/2
f 6824/1594/49 6825/1595/49 6823/1590/49
f 6826/1596/50 6763/1597/50 6825/1595/50
f 6821/1598/12 6823/1599/12 6801/1600/12
f 6828/1601/19 6829/1602/19 6827/1603/19
f 6830/1604/20 6831/1605/20 6829/1602/20
f 6832/1606/21 6833/1607/21 6831/1605/21
f 6834/1608/22 6835/1609/22 6833/1607/22
f 6836/1610/23 6837/1611/23 6835/1609/23
f 6838/1612/24 6839/1613/24 6837/1611/24
f 6840/1614/25 6841/1615/25 6839/1613/25
f 6842/1616/26 6843/1617/26 6841/1615/26
f 6844/1618/27 6845/1619/27 6843/1617/27
f 6846/1620/28 6847/1621/28 6845/1619/28
f 6848/1622/29 6849/1623/29 6847/1621/29
f 6850/1624/30 6851/1625/30 6849/1623/30
f 6852/1626/31 6853/1627/31 6851/1625/31
f 6854/1628/32 6855/1629/32 6853/1627/32
f 6856/1630/33 6857/1631/33 6855/1629/33
f 6858/1632/34 6859/1633/34 6857/1631/34
f 6860/1634/35 6861/1635/35 6859/1633/35
f 6862/1636/36 6863/1637/36 6861/1635/36
f 6864/1638/37 6865/1639/37 6863/1637/37
f 6866/1640/38 6867/1641/38 6865/1639/38
f 6868/1642/39 6869/1643/39 6867/1641/39
f 6870/1644/40 6871/1645/40 6869/1643/40
f 6872/1646/41 6873/1647/41 6871/1645/41
f 6874/1648/42 6875/1649/42 6873/1647/42
f 6876/1650/43 6877/1651/43 6875/1649/43
f 6878/1652/44 6879/1653/44 6877/1651/44
f 6880/1654/45 6881/1655/45 6879/1653/45
f 6882/1656/46 6883/1657/46 6881/1655/46
f 6884/1658/47 6885/1659/47 6883/1657/47
f 6886/1660/48 6887/1661/48 6885/1659/48
f 6836/1662/2 6834/1663/2 6852/1664/2
f 6888/1665/49 6889/1666/49 6887/1661/49
f 6890/1667/50 6827/1668/50 6889/1666/50
f 6885/1669/12 6887/1670/12 6865/1671/12
f 3/1/1 1/1672/1 5/2/1
f 2/4/2 1/1673/2 3/5/2
f 1/7/3 2/10/3 6/8/3
f 4/6/4 3/5/4 20/5/4
f 7/3/5 21/3/5 20/1/5
f 4/6/6 19/6/6 13/4/6
f 6/8/7 2/10/7 13/10/7
f 7/3/8 5/2/8 22/2/8
f 6/8/9 18/8/9 22/9/9
f 64/11/3 14/1674/3 17/12/3
f 34/14/2 13/4/2 19/6/2
f 17/12/9 28/12/9 250/13/9
f 19/6/2 20/5/2 9/16/2
f 9/18/1 20/1/1 21/3/1
f 11/20/5 32/20/5 594/21/5
f 22/9/3 18/8/3 800/22/3
f 8/17/6 29/17/6 31/6/6
f 21/3/1 22/2/1 799/24/1
f 155/26/1 285/26/1 655/27/1
f 23/19/1 33/3/1 805/28/1
f 250/13/3 28/12/3 803/30/3
f 95/15/4 19/6/4 31/6/4
f 800/22/7 18/8/7 30/8/7
f 10/19/8 21/3/8 33/3/8
f 16/34/4 65/36/4 189/35/4
f 65/36/4 66/37/4 190/37/4
f 66/37/4 67/39/4 191/38/4
f 67/39/4 68/41/4 192/40/4
f 68/41/4 69/43/4 193/42/4
f 69/43/4 70/45/4 194/44/4
f 70/45/4 71/47/4 195/46/4
f 71/47/4 72/49/4 196/48/4
f 72/49/4 73/51/4 197/50/4
f 73/51/4 74/53/4 198/52/4
f 74/53/4 75/55/4 199/54/4
f 75/55/4 76/57/4 200/56/4
f 76/57/4 77/58/4 201/58/4
f 77/58/4 78/60/4 202/59/4
f 78/60/4 79/62/4 203/61/4
f 79/62/4 80/64/4 204/63/4
f 80/64/4 81/66/4 205/65/4
f 81/66/4 82/67/4 206/67/4
f 82/67/4 83/69/4 207/68/4
f 83/69/4 84/71/4 208/70/4
f 84/71/4 85/73/4 209/72/4
f 85/73/4 86/74/4 210/74/4
f 86/74/4 87/75/4 211/75/4
f 87/75/4 88/76/4 212/76/4
f 88/76/4 89/78/4 213/77/4
f 89/78/4 90/80/4 214/79/4
f 90/80/4 91/82/4 215/81/4
f 91/82/4 92/84/4 216/83/4
f 92/84/4 93/86/4 217/85/4
f 93/86/4 94/88/4 218/87/4
f 94/88/4 95/15/4 219/32/4
f 833/89/10 247/90/10 375/90/10
f 220/91/3 221/196/3 807/92/3
f 206/67/4 335/67/4 334/65/4
f 222/94/3 223/200/3 809/95/3
f 153/97/1 283/97/1 653/98/1
f 224/99/3 225/202/3 811/100/3
f 831/102/10 245/103/10 373/103/10
f 226/104/3 227/204/3 813/105/3
f 204/63/4 333/63/4 332/61/4
f 228/107/3 229/205/3 815/108/3
f 151/110/1 281/110/1 651/111/1
f 230/113/3 231/190/3 817/114/3
f 829/116/10 243/117/10 371/117/10
f 232/118/3 233/179/3 819/119/3
f 202/59/4 331/59/4 330/58/4
f 234/121/3 235/168/3 821/122/3
f 149/124/1 279/124/1 649/125/1
f 236/126/3 237/156/3 823/127/3
f 827/129/10 241/130/10 369/130/10
f 238/131/3 239/143/3 825/132/3
f 200/56/4 329/56/4 328/54/4
f 240/134/3 241/130/3 827/129/3
f 147/136/1 277/136/1 647/137/1
f 242/138/3 243/117/3 829/116/3
f 250/13/9 378/13/9 377/140/9
f 244/141/3 245/103/3 831/102/3
f 825/132/10 239/143/10 367/143/10
f 246/144/3 247/90/3 833/89/3
f 198/52/4 327/52/4 326/50/4
f 248/146/3 249/140/3 835/147/3
f 145/149/1 275/149/1 645/150/1
f 26/34/2 189/35/2 158/152/2
f 248/146/9 376/146/9 375/90/9
f 190/37/2 191/38/2 160/154/2
f 823/127/10 237/156/10 365/156/10
f 192/40/2 193/42/2 162/158/2
f 196/48/4 325/48/4 324/46/4
f 194/44/2 195/46/2 164/160/2
f 143/162/1 273/162/1 643/163/1
f 196/48/2 197/50/2 166/164/2
f 246/144/9 374/144/9 373/103/9
f 198/52/2 199/54/2 168/166/2
f 821/122/10 235/168/10 363/168/10
f 200/56/2 201/58/2 170/169/2
f 194/44/4 323/44/4 322/42/4
f 202/59/2 203/61/2 172/171/2
f 141/173/1 271/173/1 641/174/1
f 204/63/2 205/65/2 174/175/2
f 244/141/9 372/141/9 371/117/9
f 206/67/2 207/68/2 176/177/2
f 819/119/10 233/179/10 361/179/10
f 208/70/2 209/72/2 178/180/2
f 192/40/4 321/40/4 320/38/4
f 210/74/2 211/75/2 180/182/2
f 139/184/1 269/184/1 639/185/1
f 212/76/2 213/77/2 182/186/2
f 242/138/9 370/138/9 369/130/9
f 214/79/2 215/81/2 184/188/2
f 817/114/10 231/190/10 359/190/10
f 216/83/2 217/85/2 186/192/2
f 190/37/4 319/37/4 318/35/4
f 218/87/2 219/32/2 188/194/2
f 96/91/9 220/91/9 30/8/9
f 97/196/9 221/196/9 220/91/9
f 98/197/9 222/94/9 221/196/9
f 99/198/9 223/200/9 222/94/9
f 100/199/9 224/99/9 223/200/9
f 101/201/9 225/202/9 224/99/9
f 102/104/9 226/104/9 225/202/9
f 103/203/9 227/204/9 226/104/9
f 104/107/9 228/107/9 227/204/9
f 105/205/9 229/205/9 228/107/9
f 106/113/9 230/113/9 229/205/9
f 107/190/9 231/190/9 230/113/9
f 108/118/9 232/118/9 231/190/9
f 109/179/9 233/179/9 232/118/9
f 110/121/9 234/121/9 233/179/9
f 111/168/9 235/168/9 234/121/9
f 112/126/9 236/126/9 235/168/9
f 113/206/9 237/156/9 236/126/9
f 114/131/9 238/131/9 237/156/9
f 115/143/9 239/143/9 238/131/9
f 116/134/9 240/134/9 239/143/9
f 117/130/9 241/130/9 240/134/9
f 118/138/9 242/138/9 241/130/9
f 119/117/9 243/117/9 242/138/9
f 120/207/9 244/141/9 243/117/9
f 121/208/9 245/103/9 244/141/9
f 122/209/9 246/144/9 245/103/9
f 123/90/9 247/90/9 246/144/9
f 124/210/9 248/146/9 247/90/9
f 125/140/9 249/140/9 248/146/9
f 126/13/9 250/13/9 249/140/9
f 14/211/2 64/212/2 65/36/2
f 64/212/2 63/213/2 66/37/2
f 63/213/2 62/214/2 67/39/2
f 62/214/2 61/215/2 68/41/2
f 61/215/2 60/216/2 69/43/2
f 60/216/2 59/217/2 70/45/2
f 59/217/2 58/218/2 71/47/2
f 58/218/2 57/219/2 72/49/2
f 57/219/2 56/220/2 73/51/2
f 56/220/2 55/221/2 74/53/2
f 55/221/2 54/222/2 75/55/2
f 54/222/2 53/223/2 76/57/2
f 53/223/2 52/224/2 77/58/2
f 52/224/2 51/225/2 78/60/2
f 51/225/2 50/226/2 79/62/2
f 50/226/2 49/227/2 80/64/2
f 49/227/2 48/228/2 81/66/2
f 48/228/2 47/229/2 82/67/2
f 47/229/2 46/230/2 83/69/2
f 46/230/2 45/231/2 84/71/2
f 45/231/2 44/232/2 85/73/2
f 44/232/2 43/233/2 86/74/2
f 43/233/2 42/234/2 87/75/2
f 42/234/2 41/235/2 88/76/2
f 41/235/2 40/653/2 89/78/2
f 89/78/2 40/653/2 39/236/2
f 90/80/2 39/236/2 38/237/2
f 91/82/2 38/237/2 37/238/2
f 37/238/2 36/239/2 93/86/2
f 36/239/2 35/240/2 94/88/2
f 35/240/2 34/14/2 95/15/2
f 13/10/3 34/241/3 96/91/3
f 34/241/3 35/242/3 97/196/3
f 35/242/3 36/243/3 98/197/3
f 36/243/3 37/244/3 99/198/3
f 37/244/3 38/245/3 100/199/3
f 38/245/3 39/246/3 101/201/3
f 39/246/3 40/247/3 102/104/3
f 40/247/3 41/248/3 103/203/3
f 41/248/3 42/249/3 104/107/3
f 42/249/3 43/250/3 105/205/3
f 43/250/3 44/251/3 106/113/3
f 44/251/3 45/252/3 107/190/3
f 45/252/3 46/253/3 108/118/3
f 46/253/3 47/254/3 109/179/3
f 47/254/3 48/255/3 110/121/3
f 48/255/3 49/256/3 111/168/3
f 49/256/3 50/257/3 112/126/3
f 50/257/3 51/258/3 113/206/3
f 51/258/3 52/259/3 114/131/3
f 52/259/3 53/260/3 115/143/3
f 53/260/3 54/261/3 116/134/3
f 54/261/3 55/262/3 117/130/3
f 55/262/3 56/263/3 118/138/3
f 56/263/3 57/264/3 119/117/3
f 57/264/3 58/265/3 120/207/3
f 58/265/3 59/266/3 121/208/3
f 59/266/3 60/267/3 122/209/3
f 60/267/3 61/268/3 123/90/3
f 61/268/3 62/269/3 124/210/3
f 62/269/3 63/270/3 125/140/3
f 63/270/3 64/11/3 126/13/3
f 256/32/2 255/6/2 252/17/2
f 253/8/3 348/91/3 838/93/3
f 349/196/3 350/94/3 840/96/3
f 351/200/3 352/99/3 842/101/3
f 353/202/3 354/104/3 844/106/3
f 355/204/3 356/107/3 846/109/3
f 357/205/3 358/113/3 848/115/3
f 359/190/3 360/118/3 850/120/3
f 361/179/3 362/121/3 852/123/3
f 363/168/3 364/126/3 854/128/3
f 365/156/3 366/131/3 856/133/3
f 367/143/3 368/134/3 858/135/3
f 369/130/3 370/138/3 860/139/3
f 371/117/3 372/141/3 862/272/3
f 373/103/3 374/144/3 864/273/3
f 375/90/3 376/146/3 866/148/3
f 377/140/3 378/13/3 868/31/3
f 318/35/2 319/37/2 289/155/2
f 320/38/2 321/40/2 291/159/2
f 322/42/2 323/44/2 293/161/2
f 324/46/2 325/48/2 295/165/2
f 326/50/2 327/52/2 297/167/2
f 328/54/2 329/56/2 299/170/2
f 330/58/2 331/59/2 301/172/2
f 332/61/2 333/63/2 303/176/2
f 334/65/2 335/67/2 305/178/2
f 336/68/2 337/70/2 307/181/2
f 338/72/2 339/74/2 309/183/2
f 340/75/2 341/76/2 311/187/2
f 342/77/2 343/79/2 313/189/2
f 344/81/2 345/83/2 315/193/2
f 346/85/2 347/87/2 317/195/2
f 208/70/4 337/70/4 336/68/4
f 835/147/10 249/140/10 377/140/10
f 157/274/1 287/274/1 657/275/1
f 210/74/4 339/74/4 338/72/4
f 158/152/1 189/35/1 318/35/1
f 159/155/10 289/155/10 319/37/10
f 212/76/4 341/76/4 340/75/4
f 160/154/1 191/38/1 320/38/1
f 161/159/10 291/159/10 321/40/10
f 214/79/4 343/79/4 342/77/4
f 162/158/1 193/42/1 322/42/1
f 163/161/10 293/161/10 323/44/10
f 216/83/4 345/83/4 344/81/4
f 164/160/1 195/46/1 324/46/1
f 165/165/10 295/165/10 325/48/10
f 218/87/4 347/87/4 346/85/4
f 166/164/1 197/50/1 326/50/1
f 167/167/10 297/167/10 327/52/10
f 220/91/9 348/91/9 253/8/9
f 168/166/1 199/54/1 328/54/1
f 169/170/10 299/170/10 329/56/10
f 222/94/9 350/94/9 349/196/9
f 170/169/1 201/58/1 330/58/1
f 171/172/10 301/172/10 331/59/10
f 224/99/9 352/99/9 351/200/9
f 172/171/1 203/61/1 332/61/1
f 173/176/10 303/176/10 333/63/10
f 226/104/9 354/104/9 353/202/9
f 174/175/1 205/65/1 334/65/1
f 175/178/10 305/178/10 335/67/10
f 228/107/9 356/107/9 355/204/9
f 176/177/1 207/68/1 336/68/1
f 804/33/10 30/8/10 253/8/10
f 177/181/10 307/181/10 337/70/10
f 29/17/10 252/17/10 255/6/10
f 230/113/9 358/113/9 357/205/9
f 178/180/1 209/72/1 338/72/1
f 127/276/1 257/276/1 627/277/1
f 179/183/10 309/183/10 339/74/10
f 31/6/4 255/6/4 256/32/4
f 807/92/10 221/196/10 349/196/10
f 232/118/9 360/118/9 359/190/9
f 180/182/1 211/75/1 340/75/1
f 129/278/1 259/278/1 629/279/1
f 181/187/10 311/187/10 341/76/10
f 809/95/10 223/200/10 351/200/10
f 234/121/9 362/121/9 361/179/9
f 182/186/1 213/77/1 342/77/1
f 131/280/1 261/280/1 631/281/1
f 183/189/10 313/189/10 343/79/10
f 811/100/10 225/202/10 353/202/10
f 236/126/9 364/126/9 363/168/9
f 184/188/1 215/81/1 344/81/1
f 133/282/1 263/282/1 633/283/1
f 185/193/10 315/193/10 345/83/10
f 813/105/10 227/204/10 355/204/10
f 238/131/9 366/131/9 365/156/9
f 186/192/1 217/85/1 346/85/1
f 135/284/1 265/284/1 635/285/1
f 187/195/10 317/195/10 347/87/10
f 815/108/10 229/205/10 357/205/10
f 240/134/9 368/134/9 367/143/9
f 188/194/1 219/32/1 256/32/1
f 137/286/1 267/286/1 637/287/1
f 396/288/1 428/288/1 777/289/1
f 675/290/10 395/291/10 427/291/10
f 394/292/1 426/292/1 775/293/1
f 673/294/10 393/295/10 425/295/10
f 392/297/1 424/297/1 773/298/1
f 671/299/10 391/300/10 423/300/10
f 390/302/1 422/302/1 771/303/1
f 669/304/10 389/305/10 421/305/10
f 388/307/1 420/307/1 769/308/1
f 667/309/10 387/310/10 419/310/10
f 386/312/1 418/312/1 767/313/1
f 664/314/10 384/315/10 417/315/10
f 416/317/1 448/317/1 797/318/1
f 695/319/10 415/320/10 447/320/10
f 447/320/3 448/317/3 728/322/3
f 445/323/3 446/367/3 726/324/3
f 443/326/3 444/368/3 724/327/3
f 441/329/3 442/371/3 722/330/3
f 439/332/3 440/374/3 720/333/3
f 437/335/3 438/376/3 718/336/3
f 435/338/3 436/365/3 716/339/3
f 433/341/3 434/363/3 714/342/3
f 431/344/3 432/541/3 712/345/3
f 429/347/3 430/357/3 710/348/3
f 427/291/3 428/288/3 708/350/3
f 425/295/3 426/292/3 706/351/3
f 423/300/3 424/297/3 704/352/3
f 421/305/3 422/302/3 702/353/3
f 419/310/3 420/307/3 700/354/3
f 417/315/3 418/312/3 698/355/3
f 677/356/10 397/347/10 429/347/10
f 398/357/1 430/357/1 779/358/1
f 679/359/10 399/344/10 431/344/10
f 400/360/1 432/541/1 781/361/1
f 681/362/10 401/341/10 433/341/10
f 402/363/1 434/363/1 783/364/1
f 683/340/10 403/338/10 435/338/10
f 404/365/1 436/365/1 785/366/1
f 414/367/3 415/320/3 695/319/3
f 412/368/3 413/323/3 693/325/3
f 685/370/10 405/335/10 437/335/10
f 410/371/3 411/326/3 691/372/3
f 408/374/3 409/329/3 689/375/3
f 406/376/1 438/376/1 787/377/1
f 406/376/3 407/332/3 687/378/3
f 404/365/3 405/335/3 685/370/3
f 687/378/10 407/332/10 439/332/10
f 402/363/3 403/338/3 683/340/3
f 408/374/1 440/374/1 789/382/1
f 400/360/3 401/341/3 681/362/3
f 398/357/3 399/344/3 679/359/3
f 689/375/10 409/329/10 441/329/10
f 396/288/3 397/347/3 677/356/3
f 410/371/1 442/371/1 791/386/1
f 394/292/3 395/291/3 675/290/3
f 392/297/3 393/295/3 673/294/3
f 691/372/10 411/326/10 443/326/10
f 390/302/3 391/300/3 671/299/3
f 412/368/1 444/368/1 793/388/1
f 388/307/3 389/305/3 669/304/3
f 386/312/3 387/310/3 667/309/3
f 693/325/10 413/323/10 445/323/10
f 660/314/7 379/315/7 384/315/7
f 416/317/3 383/546/3 663/389/3
f 32/20/11 871/20/11 872/21/11
f 414/367/1 446/367/1 795/390/1
f 380/391/1 381/545/1 659/392/1
f 381/394/3 379/315/3 660/314/3
f 380/391/5 385/536/5 734/396/5
f 451/398/5 455/547/5 805/28/5
f 484/399/1 516/399/1 866/148/1
f 482/400/1 514/400/1 864/273/1
f 480/401/1 512/401/1 862/272/1
f 478/402/1 510/402/1 860/139/1
f 476/403/1 508/403/1 858/135/1
f 474/404/1 506/404/1 856/133/1
f 472/405/1 504/405/1 854/128/1
f 470/406/1 502/406/1 852/123/1
f 468/407/1 500/407/1 850/120/1
f 486/408/1 518/408/1 868/31/1
f 456/409/1 488/409/1 838/93/1
f 458/410/1 490/410/1 840/96/1
f 460/411/1 492/411/1 842/101/1
f 462/412/1 494/412/1 844/106/1
f 464/413/1 496/413/1 846/109/1
f 466/414/1 498/414/1 848/115/1
f 744/415/10 465/416/10 497/416/10
f 742/417/10 463/418/10 495/418/10
f 740/419/10 461/420/10 493/420/10
f 738/421/10 459/422/10 491/422/10
f 736/423/10 457/424/10 489/424/10
f 733/425/10 454/426/10 487/426/10
f 764/427/10 485/428/10 517/428/10
f 517/428/3 518/408/3 797/318/3
f 515/429/3 516/399/3 795/390/3
f 513/431/3 514/400/3 793/388/3
f 511/433/3 512/401/3 791/386/3
f 509/435/3 510/402/3 789/382/3
f 507/437/3 508/403/3 787/377/3
f 505/439/3 506/404/3 785/366/3
f 503/441/3 504/405/3 783/364/3
f 501/443/3 502/406/3 781/361/3
f 499/445/3 500/407/3 779/358/3
f 497/416/3 498/414/3 777/289/3
f 495/418/3 496/413/3 775/293/3
f 493/420/3 494/412/3 773/298/3
f 491/422/3 492/411/3 771/303/3
f 489/424/3 490/410/3 769/308/3
f 487/426/3 488/409/3 767/313/3
f 746/446/10 467/445/10 499/445/10
f 748/444/10 469/443/10 501/443/10
f 750/442/10 471/441/10 503/441/10
f 752/440/10 473/548/10 505/439/10
f 484/399/3 485/428/3 764/427/3
f 482/400/3 483/429/3 762/430/3
f 754/438/10 475/437/10 507/437/10
f 480/401/3 481/431/3 760/432/3
f 478/402/3 479/433/3 758/434/3
f 476/403/3 477/435/3 756/436/3
f 474/404/3 475/437/3 754/438/3
f 756/436/10 477/435/10 509/435/10
f 472/405/3 473/548/3 752/440/3
f 470/406/3 471/441/3 750/442/3
f 468/407/3 469/443/3 748/444/3
f 758/434/10 479/433/10 511/433/10
f 466/414/3 467/445/3 746/446/3
f 464/413/3 465/416/3 744/415/3
f 462/412/3 463/418/3 742/417/3
f 760/432/10 481/431/10 513/431/10
f 460/411/3 461/420/3 740/419/3
f 458/410/3 459/422/3 738/421/3
f 456/409/3 457/424/3 736/423/3
f 762/430/10 483/429/10 515/429/10
f 729/425/7 450/426/7 454/426/7
f 486/408/3 453/549/3 732/447/3
f 452/448/1 455/547/1 734/396/1
f 451/398/1 449/550/1 798/450/1
f 449/451/3 450/426/3 729/425/3
f 588/453/3 519/462/3 589/454/3
f 520/456/1 588/542/1 658/457/1
f 521/458/1 524/540/1 594/21/1
f 555/460/3 522/544/3 592/461/3
f 589/454/7 519/462/7 523/462/7
f 622/463/10 552/464/10 584/464/10
f 525/466/3 526/511/3 596/467/3
f 527/468/3 528/512/3 598/469/3
f 529/470/3 530/513/3 600/471/3
f 620/472/10 550/473/10 582/473/10
f 531/475/3 532/514/3 602/476/3
f 533/477/3 534/515/3 604/478/3
f 535/479/3 536/509/3 606/480/3
f 618/481/10 548/482/10 580/482/10
f 537/484/3 538/507/3 608/485/3
f 539/486/3 540/505/3 610/487/3
f 541/488/3 542/503/3 612/489/3
f 616/490/10 546/491/10 578/491/10
f 543/493/3 544/498/3 614/494/3
f 545/495/3 546/491/3 616/490/3
f 547/496/3 548/482/3 618/481/3
f 549/497/3 550/473/3 620/472/3
f 614/494/10 544/498/10 576/498/10
f 551/500/3 552/464/3 622/463/3
f 553/501/3 554/517/3 624/502/3
f 612/489/10 542/503/10 574/503/10
f 610/487/10 540/505/10 572/505/10
f 608/485/10 538/507/10 570/507/10
f 606/480/10 536/509/10 568/509/10
f 556/462/3 557/466/3 627/277/3
f 558/511/3 559/468/3 629/279/3
f 560/512/3 561/470/3 631/281/3
f 562/513/3 563/475/3 633/283/3
f 564/514/3 565/477/3 635/285/3
f 566/515/3 567/479/3 637/287/3
f 568/509/3 569/484/3 639/185/3
f 570/507/3 571/486/3 641/174/3
f 572/505/3 573/488/3 643/163/3
f 574/503/3 575/493/3 645/150/3
f 576/498/3 577/495/3 647/137/3
f 578/491/3 579/496/3 649/125/3
f 580/482/3 581/497/3 651/111/3
f 582/473/3 583/500/3 653/98/3
f 584/464/3 585/501/3 655/27/3
f 586/517/3 587/460/3 657/275/3
f 624/502/10 554/517/10 586/517/10
f 593/454/10 523/462/10 556/462/10
f 596/467/10 526/511/10 558/511/10
f 598/469/10 528/512/10 560/512/10
f 600/471/10 530/513/10 562/513/10
f 602/476/10 532/514/10 564/514/10
f 604/478/10 534/515/10 566/515/10
f 535/479/1 567/479/1 708/350/1
f 533/477/1 565/477/1 706/351/1
f 531/475/1 563/475/1 704/352/1
f 529/470/1 561/470/1 702/353/1
f 527/468/1 559/468/1 700/354/1
f 525/466/1 557/466/1 698/355/1
f 555/460/1 587/460/1 728/322/1
f 537/484/1 569/484/1 710/348/1
f 539/486/1 571/486/1 712/345/1
f 541/488/1 573/488/1 714/342/1
f 543/493/1 575/493/1 716/339/1
f 545/495/1 577/495/1 718/336/1
f 547/496/1 579/496/1 720/333/1
f 549/497/1 581/497/1 722/330/1
f 551/500/1 583/500/1 724/327/1
f 553/501/1 585/501/1 726/324/1
f 520/456/5 524/540/5 665/518/5
f 136/519/10 604/478/10 636/516/10
f 134/520/10 602/476/10 634/476/10
f 132/521/10 600/471/10 632/471/10
f 130/522/10 598/469/10 630/469/10
f 128/523/10 596/467/10 628/467/10
f 24/524/10 593/454/10 626/454/10
f 156/525/10 624/502/10 656/502/10
f 656/502/3 657/275/3 287/274/3
f 654/465/3 655/27/3 285/26/3
f 652/474/3 653/98/3 283/97/3
f 650/483/3 651/111/3 281/110/3
f 648/492/3 649/125/3 279/124/3
f 646/499/3 647/137/3 277/136/3
f 644/504/3 645/150/3 275/149/3
f 642/506/3 643/163/3 273/162/3
f 640/508/3 641/174/3 271/173/3
f 638/510/3 639/185/3 269/184/3
f 636/516/3 637/287/3 267/286/3
f 634/476/3 635/285/3 265/284/3
f 632/471/3 633/283/3 263/282/3
f 630/469/3 631/281/3 261/280/3
f 628/467/3 629/279/3 259/278/3
f 626/454/3 627/277/3 257/276/3
f 138/534/10 606/480/10 638/510/10
f 140/533/10 608/485/10 640/508/10
f 142/532/10 610/487/10 642/506/10
f 144/531/10 612/489/10 644/504/10
f 623/27/3 624/502/3 156/525/3
f 621/98/3 622/463/3 154/526/3
f 146/530/10 614/494/10 646/499/10
f 619/112/3 620/472/3 152/527/3
f 617/125/3 618/481/3 150/528/3
f 615/137/3 616/490/3 148/529/3
f 613/151/3 614/494/3 146/530/3
f 148/529/10 616/490/10 648/492/10
f 611/163/3 612/489/3 144/531/3
f 609/174/3 610/487/3 142/532/3
f 607/185/3 608/485/3 140/533/3
f 150/528/10 618/481/10 650/483/10
f 605/287/3 606/480/3 138/534/3
f 603/285/3 604/478/3 136/519/3
f 601/283/3 602/476/3 134/520/3
f 152/527/10 620/472/10 652/474/10
f 599/281/3 600/471/3 132/521/3
f 597/279/3 598/469/3 130/522/3
f 595/277/3 596/467/3 128/523/3
f 154/526/10 622/463/10 654/465/10
f 15/524/7 589/454/7 593/454/7
f 625/275/3 592/461/3 25/535/3
f 385/536/12 874/536/12 873/537/12
f 590/21/1 658/457/1 12/538/1
f 658/455/3 589/454/3 15/524/3
f 605/287/1 637/287/1 567/479/1
f 603/285/1 635/285/1 565/477/1
f 601/283/1 633/283/1 563/475/1
f 599/281/1 631/281/1 561/470/1
f 597/279/1 629/279/1 559/468/1
f 595/277/1 627/277/1 557/466/1
f 625/275/1 657/275/1 587/460/1
f 607/185/1 639/185/1 569/484/1
f 609/174/1 641/174/1 571/486/1
f 611/163/1 643/163/1 573/488/1
f 613/151/1 645/150/1 575/493/1
f 615/137/1 647/137/1 577/495/1
f 617/125/1 649/125/1 579/496/1
f 619/112/1 651/111/1 581/497/1
f 621/98/1 653/98/1 583/500/1
f 623/27/1 655/27/1 585/501/1
f 590/21/5 594/21/5 524/540/5
f 661/393/5 665/518/5 385/536/5
f 694/324/1 726/324/1 446/367/1
f 692/369/1 724/327/1 444/368/1
f 690/373/1 722/330/1 442/371/1
f 688/333/1 720/333/1 440/374/1
f 686/379/1 718/336/1 438/376/1
f 684/380/1 716/339/1 436/365/1
f 682/381/1 714/342/1 434/363/1
f 680/383/1 712/345/1 432/541/1
f 678/384/1 710/348/1 430/357/1
f 696/322/1 728/322/1 448/317/1
f 666/355/1 698/355/1 418/312/1
f 668/354/1 700/354/1 420/307/1
f 670/353/1 702/353/1 422/302/1
f 672/352/1 704/352/1 424/297/1
f 674/387/1 706/351/1 426/292/1
f 676/385/1 708/350/1 428/288/1
f 659/395/3 660/314/3 519/462/3
f 661/393/1 659/392/1 588/542/1
f 662/543/1 665/518/1 524/540/1
f 696/322/3 663/389/3 522/544/3
f 519/462/7 660/314/7 664/314/7
f 552/464/10 693/325/10 725/325/10
f 666/355/3 667/309/3 526/511/3
f 668/354/3 669/304/3 528/512/3
f 670/353/3 671/299/3 530/513/3
f 550/473/10 691/372/10 723/328/10
f 672/352/3 673/294/3 532/514/3
f 674/387/3 675/290/3 534/515/3
f 676/385/3 677/356/3 536/509/3
f 548/482/10 689/375/10 721/331/10
f 678/384/3 679/359/3 538/507/3
f 680/383/3 681/362/3 540/505/3
f 682/381/3 683/340/3 542/503/3
f 546/491/10 687/378/10 719/334/10
f 684/380/3 685/370/3 544/498/3
f 686/379/3 687/378/3 546/491/3
f 688/333/3 689/375/3 548/482/3
f 690/373/3 691/372/3 550/473/3
f 544/498/10 685/370/10 717/337/10
f 692/369/3 693/325/3 552/464/3
f 694/324/3 695/319/3 554/517/3
f 542/503/10 683/340/10 715/340/10
f 540/505/10 681/362/10 713/343/10
f 538/507/10 679/359/10 711/346/10
f 536/509/10 677/356/10 709/349/10
f 697/316/3 698/355/3 557/466/3
f 699/311/3 700/354/3 559/468/3
f 701/306/3 702/353/3 561/470/3
f 703/301/3 704/352/3 563/475/3
f 705/296/3 706/351/3 565/477/3
f 707/290/3 708/350/3 567/479/3
f 709/349/3 710/348/3 569/484/3
f 711/346/3 712/345/3 571/486/3
f 713/343/3 714/342/3 573/488/3
f 715/340/3 716/339/3 575/493/3
f 717/337/3 718/336/3 577/495/3
f 719/334/3 720/333/3 579/496/3
f 721/331/3 722/330/3 581/497/3
f 723/328/3 724/327/3 583/500/3
f 725/325/3 726/324/3 585/501/3
f 727/321/3 728/322/3 587/460/3
f 554/517/10 695/319/10 727/321/10
f 523/462/10 664/314/10 697/316/10
f 526/511/10 667/309/10 699/311/10
f 528/512/10 669/304/10 701/306/10
f 530/513/10 671/299/10 703/301/10
f 532/514/10 673/294/10 705/296/10
f 534/515/10 675/290/10 707/290/10
f 798/452/3 729/425/3 379/315/3
f 730/397/1 798/450/1 381/545/1
f 731/449/1 734/396/1 385/536/1
f 765/318/3 732/447/3 383/546/3
f 379/315/7 729/425/7 733/425/7
f 413/323/10 762/430/10 794/430/10
f 735/313/3 736/423/3 387/310/3
f 737/308/3 738/421/3 389/305/3
f 739/303/3 740/419/3 391/300/3
f 411/326/10 760/432/10 792/432/10
f 741/298/3 742/417/3 393/295/3
f 743/293/3 744/415/3 395/291/3
f 745/289/3 746/446/3 397/347/3
f 409/329/10 758/434/10 790/434/10
f 747/358/3 748/444/3 399/344/3
f 749/361/3 750/442/3 401/341/3
f 751/364/3 752/440/3 403/338/3
f 407/332/10 756/436/10 788/436/10
f 753/366/3 754/438/3 405/335/3
f 755/377/3 756/436/3 407/332/3
f 757/382/3 758/434/3 409/329/3
f 759/386/3 760/432/3 411/326/3
f 405/335/10 754/438/10 786/438/10
f 761/388/3 762/430/3 413/323/3
f 763/390/3 764/427/3 415/320/3
f 403/338/10 752/440/10 784/440/10
f 401/341/10 750/442/10 782/442/10
f 399/344/10 748/444/10 780/444/10
f 397/347/10 746/446/10 778/446/10
f 766/425/3 767/313/3 418/312/3
f 768/423/3 769/308/3 420/307/3
f 770/421/3 771/303/3 422/302/3
f 772/419/3 773/298/3 424/297/3
f 774/417/3 775/293/3 426/292/3
f 776/415/3 777/289/3 428/288/3
f 778/446/3 779/358/3 430/357/3
f 780/444/3 781/361/3 432/541/3
f 782/442/3 783/364/3 434/363/3
f 784/440/3 785/366/3 436/365/3
f 786/438/3 787/377/3 438/376/3
f 788/436/3 789/382/3 440/374/3
f 790/434/3 791/386/3 442/371/3
f 792/432/3 793/388/3 444/368/3
f 794/430/3 795/390/3 446/367/3
f 796/427/3 797/318/3 448/317/3
f 415/320/10 764/427/10 796/427/10
f 384/315/10 733/425/10 766/425/10
f 387/310/10 736/423/10 768/423/10
f 389/305/10 738/421/10 770/421/10
f 391/300/10 740/419/10 772/419/10
f 393/295/10 742/417/10 774/417/10
f 395/291/10 744/415/10 776/415/10
f 730/397/5 734/396/5 455/547/5
f 763/390/1 795/390/1 516/399/1
f 761/388/1 793/388/1 514/400/1
f 759/386/1 791/386/1 512/401/1
f 757/382/1 789/382/1 510/402/1
f 755/377/1 787/377/1 508/403/1
f 753/366/1 785/366/1 506/404/1
f 751/364/1 783/364/1 504/405/1
f 749/361/1 781/361/1 502/406/1
f 747/358/1 779/358/1 500/407/1
f 765/318/1 797/318/1 518/408/1
f 735/313/1 767/313/1 488/409/1
f 737/308/1 769/308/1 490/410/1
f 739/303/1 771/303/1 492/411/1
f 741/298/1 773/298/1 494/412/1
f 743/293/1 775/293/1 496/413/1
f 745/289/1 777/289/1 498/414/1
f 816/115/1 848/115/1 358/113/1
f 814/109/1 846/109/1 356/107/1
f 812/106/1 844/106/1 354/104/1
f 810/101/1 842/101/1 352/99/1
f 808/96/1 840/96/1 350/94/1
f 806/93/1 838/93/1 348/91/1
f 836/31/1 868/31/1 378/13/1
f 818/120/1 850/120/1 360/118/1
f 820/123/1 852/123/1 362/121/1
f 822/128/1 854/128/1 364/126/1
f 824/133/1 856/133/1 366/131/1
f 826/135/1 858/135/1 368/134/1
f 828/139/1 860/139/1 370/138/1
f 830/142/1 862/272/1 372/141/1
f 832/145/1 864/273/1 374/144/1
f 834/148/1 866/148/1 376/146/1
f 801/25/5 805/28/5 33/3/5
f 465/416/10 815/108/10 847/271/10
f 463/418/10 813/105/10 845/105/10
f 461/420/10 811/100/10 843/100/10
f 459/422/10 809/95/10 841/95/10
f 457/424/10 807/92/10 839/92/10
f 454/426/10 804/33/10 837/33/10
f 485/428/10 835/147/10 867/147/10
f 867/147/3 868/31/3 518/408/3
f 865/89/3 866/148/3 516/399/3
f 863/102/3 864/273/3 514/400/3
f 861/116/3 862/272/3 512/401/3
f 859/129/3 860/139/3 510/402/3
f 857/132/3 858/135/3 508/403/3
f 855/157/3 856/133/3 506/404/3
f 853/122/3 854/128/3 504/405/3
f 851/119/3 852/123/3 502/406/3
f 849/191/3 850/120/3 500/407/3
f 847/271/3 848/115/3 498/414/3
f 845/105/3 846/109/3 496/413/3
f 843/100/3 844/106/3 494/412/3
f 841/95/3 842/101/3 492/411/3
f 839/92/3 840/96/3 490/410/3
f 837/33/3 838/93/3 488/409/3
f 467/445/10 817/114/10 849/191/10
f 469/443/10 819/119/10 851/119/10
f 471/441/10 821/122/10 853/122/10
f 473/548/10 823/127/10 855/157/10
f 834/148/3 835/147/3 485/428/3
f 832/145/3 833/89/3 483/429/3
f 475/437/10 825/132/10 857/132/10
f 830/142/3 831/102/3 481/431/3
f 828/139/3 829/116/3 479/433/3
f 826/135/3 827/129/3 477/435/3
f 824/133/3 825/132/3 475/437/3
f 477/435/10 827/129/10 859/129/10
f 822/128/3 823/127/3 473/548/3
f 820/123/3 821/122/3 471/441/3
f 818/120/3 819/119/3 469/443/3
f 479/433/10 829/116/10 861/116/10
f 816/115/3 817/114/3 467/445/3
f 814/109/3 815/108/3 465/416/3
f 812/106/3 813/105/3 463/418/3
f 481/431/10 831/102/10 863/102/10
f 810/101/3 811/100/3 461/420/3
f 808/96/3 809/95/3 459/422/3
f 806/93/3 807/92/3 457/424/3
f 483/429/10 833/89/10 865/89/10
f 450/426/7 800/22/7 804/33/7
f 836/31/3 803/30/3 453/549/3
f 805/28/12 877/28/12 875/29/12
f 801/25/1 799/24/1 449/550/1
f 799/23/3 800/22/3 450/426/3
f 873/537/1 874/536/1 880/518/1
f 869/459/1 872/21/1 871/20/1
f 875/29/1 877/28/1 878/547/1
f 455/547/11 878/547/11 877/28/11
f 594/21/12 872/21/12 869/459/12
f 662/543/2 879/543/2 880/518/2
f 452/448/2 876/448/2 878/547/2
f 665/518/11 880/518/11 874/536/11
f 885/2/1 881/1672/1 883/1/1
f 883/5/2 881/1673/2 882/4/2
f 886/552/11 882/555/11 881/553/11
f 884/6/13 896/6/13 897/5/13
f 897/1/14 898/3/14 887/3/14
f 890/4/6 896/6/6 884/6/6
f 886/552/15 895/552/15 890/555/15
f 887/3/8 898/3/8 899/2/8
f 899/554/16 895/552/16 886/552/16
f 894/556/11 891/1675/11 938/557/11
f 896/6/2 890/4/2 908/14/2
f 1093/558/16 903/556/16 894/556/16
f 9/16/2 897/5/2 896/6/2
f 898/3/1 897/1/1 9/18/1
f 1401/21/14 906/20/14 888/20/14
f 1605/559/11 895/552/11 899/554/11
f 905/6/6 29/17/6 8/17/6
f 1604/24/1 899/2/1 898/3/1
f 1462/561/1 1126/562/1 1029/562/1
f 1609/28/1 907/3/1 23/19/1
f 1607/563/11 903/556/11 1093/558/11
f 969/15/13 1062/32/13 905/6/13
f 1605/559/15 1608/684/15 904/552/15
f 10/19/8 23/19/8 907/3/8
f 893/34/13 902/34/13 1032/35/13
f 939/36/13 1032/35/13 1033/37/13
f 940/37/13 1033/37/13 1034/38/13
f 941/39/13 1034/38/13 1035/40/13
f 942/41/13 1035/40/13 1036/42/13
f 943/43/13 1036/42/13 1037/44/13
f 944/45/13 1037/44/13 1038/46/13
f 945/47/13 1038/46/13 1039/48/13
f 946/49/13 1039/48/13 1040/50/13
f 947/51/13 1040/50/13 1041/52/13
f 948/53/13 1041/52/13 1042/54/13
f 949/55/13 1042/54/13 1043/56/13
f 950/57/13 1043/56/13 1044/58/13
f 951/58/13 1044/58/13 1045/59/13
f 952/60/13 1045/59/13 1046/61/13
f 953/62/13 1046/61/13 1047/63/13
f 954/64/13 1047/63/13 1048/65/13
f 955/66/13 1048/65/13 1049/67/13
f 956/67/13 1049/67/13 1050/68/13
f 957/69/13 1050/68/13 1051/70/13
f 958/71/13 1051/70/13 1052/72/13
f 959/73/13 1052/72/13 1053/74/13
f 960/74/13 1053/74/13 1054/75/13
f 961/75/13 1054/75/13 1055/76/13
f 962/76/13 1055/76/13 1056/77/13
f 963/78/13 1056/77/13 1057/79/13
f 964/80/13 1057/79/13 1058/81/13
f 965/82/13 1058/81/13 1059/83/13
f 966/84/13 1059/83/13 1060/85/13
f 967/86/13 1060/85/13 1061/87/13
f 968/88/13 1061/87/13 1062/32/13
f 1637/565/10 1669/565/10 1186/566/10
f 1611/567/11 1064/638/11 1063/568/11
f 1145/65/13 1146/67/13 1049/67/13
f 1613/570/11 1066/641/11 1065/571/11
f 1460/573/1 1124/574/1 1027/574/1
f 1615/575/11 1068/644/11 1067/576/11
f 1635/578/10 1667/578/10 1184/579/10
f 1617/580/11 1070/646/11 1069/581/11
f 1143/61/13 1144/63/13 1047/63/13
f 1619/583/11 1072/647/11 1071/584/11
f 1458/586/1 1122/587/1 1025/587/1
f 1621/589/11 1074/637/11 1073/590/11
f 1633/592/10 1665/592/10 1182/593/10
f 1623/594/11 1076/634/11 1075/595/11
f 1141/58/13 1142/59/13 1045/59/13
f 1625/597/11 1078/631/11 1077/598/11
f 1456/600/1 1120/601/1 1023/601/1
f 1627/602/11 1080/628/11 1079/603/11
f 1631/605/10 1663/605/10 1180/606/10
f 1629/607/11 1082/619/11 1081/608/11
f 1139/54/13 1140/56/13 1043/56/13
f 1631/605/11 1084/606/11 1083/610/11
f 1454/612/1 1118/613/1 1021/613/1
f 1633/592/11 1086/593/11 1085/614/11
f 1188/616/16 1189/558/16 1093/558/16
f 1635/578/11 1088/579/11 1087/617/11
f 1629/607/10 1661/607/10 1178/619/10
f 1637/565/11 1090/566/11 1089/620/11
f 1137/50/13 1138/52/13 1041/52/13
f 1639/622/11 1092/616/11 1091/623/11
f 1452/625/1 1116/626/1 1019/626/1
f 158/152/2 1032/35/2 902/34/2
f 1186/566/16 1187/623/16 1091/623/16
f 160/154/2 1034/38/2 1033/37/2
f 1627/602/10 1659/687/10 1176/628/10
f 162/158/2 1036/42/2 1035/40/2
f 1135/46/13 1136/48/13 1039/48/13
f 164/160/2 1038/46/2 1037/44/2
f 1450/629/1 1114/630/1 1017/630/1
f 166/164/2 1040/50/2 1039/48/2
f 1184/579/16 1185/620/16 1089/620/16
f 168/166/2 1042/54/2 1041/52/2
f 1625/597/10 1657/597/10 1174/631/10
f 170/169/2 1044/58/2 1043/56/2
f 1133/42/13 1134/44/13 1037/44/13
f 172/171/2 1046/61/2 1045/59/2
f 1448/632/1 1112/633/1 1015/633/1
f 174/175/2 1048/65/2 1047/63/2
f 1182/593/16 1183/617/16 1087/617/16
f 176/177/2 1050/68/2 1049/67/2
f 1623/594/10 1655/594/10 1172/634/10
f 178/180/2 1052/72/2 1051/70/2
f 1131/38/13 1132/40/13 1035/40/13
f 180/182/2 1054/75/2 1053/74/2
f 1446/635/1 1110/636/1 1013/636/1
f 182/186/2 1056/77/2 1055/76/2
f 1180/606/16 1181/614/16 1085/614/16
f 184/188/2 1058/81/2 1057/79/2
f 1621/589/10 1653/686/10 1170/637/10
f 186/192/2 1060/85/2 1059/83/2
f 1129/35/13 1130/37/13 1033/37/13
f 188/194/2 1062/32/2 1061/87/2
f 904/552/16 1063/568/16 970/568/16
f 1063/568/16 1064/638/16 971/638/16
f 1064/638/16 1065/571/16 972/639/16
f 1065/571/16 1066/641/16 973/640/16
f 1066/641/16 1067/576/16 974/642/16
f 1067/576/16 1068/644/16 975/643/16
f 1068/644/16 1069/581/16 976/581/16
f 1069/581/16 1070/646/16 977/645/16
f 1070/646/16 1071/584/16 978/584/16
f 1071/584/16 1072/647/16 979/647/16
f 1072/647/16 1073/590/16 980/590/16
f 1073/590/16 1074/637/16 981/637/16
f 1074/637/16 1075/595/16 982/595/16
f 1075/595/16 1076/634/16 983/634/16
f 1076/634/16 1077/598/16 984/598/16
f 1077/598/16 1078/631/16 985/631/16
f 1078/631/16 1079/603/16 986/603/16
f 1079/603/16 1080/628/16 987/648/16
f 1080/628/16 1081/608/16 988/608/16
f 1081/608/16 1082/619/16 989/619/16
f 1082/619/16 1083/610/16 990/610/16
f 1083/610/16 1084/606/16 991/606/16
f 1084/606/16 1085/614/16 992/614/16
f 1085/614/16 1086/593/16 993/593/16
f 1086/593/16 1087/617/16 994/649/16
f 1087/617/16 1088/579/16 995/650/16
f 1088/579/16 1089/620/16 996/651/16
f 1089/620/16 1090/566/16 997/566/16
f 1090/566/16 1091/623/16 998/652/16
f 1091/623/16 1092/616/16 999/616/16
f 1092/616/16 1093/558/16 1000/558/16
f 939/36/2 938/212/2 891/211/2
f 940/37/2 937/213/2 938/212/2
f 941/39/2 936/214/2 937/213/2
f 942/41/2 935/215/2 936/214/2
f 943/43/2 934/216/2 935/215/2
f 944/45/2 933/217/2 934/216/2
f 945/47/2 932/218/2 933/217/2
f 946/49/2 931/219/2 932/218/2
f 947/51/2 930/220/2 931/219/2
f 948/53/2 929/221/2 930/220/2
f 949/55/2 928/222/2 929/221/2
f 950/57/2 927/223/2 928/222/2
f 951/58/2 926/224/2 927/223/2
f 952/60/2 925/225/2 926/224/2
f 953/62/2 924/226/2 925/225/2
f 954/64/2 923/227/2 924/226/2
f 955/66/2 922/228/2 923/227/2
f 956/67/2 921/229/2 922/228/2
f 957/69/2 920/230/2 921/229/2
f 958/71/2 919/231/2 920/230/2
f 959/73/2 918/232/2 919/231/2
f 960/74/2 917/233/2 918/232/2
f 961/75/2 916/234/2 917/233/2
f 962/76/2 915/235/2 916/234/2
f 963/78/2 914/653/2 915/235/2
f 963/78/2 964/80/2 913/236/2
f 964/80/2 965/82/2 912/237/2
f 965/82/2 966/84/2 911/238/2
f 967/86/2 910/239/2 911/238/2
f 968/88/2 909/240/2 910/239/2
f 969/15/2 908/14/2 909/240/2
f 970/568/11 908/654/11 890/555/11
f 971/638/11 909/655/11 908/654/11
f 972/639/11 910/656/11 909/655/11
f 973/640/11 911/657/11 910/656/11
f 974/642/11 912/658/11 911/657/11
f 975/643/11 913/659/11 912/658/11
f 976/581/11 914/660/11 913/659/11
f 977/645/11 915/661/11 914/660/11
f 978/584/11 916/662/11 915/661/11
f 979/647/11 917/663/11 916/662/11
f 980/590/11 918/664/11 917/663/11
f 981/637/11 919/665/11 918/664/11
f 982/595/11 920/666/11 919/665/11
f 983/634/11 921/667/11 920/666/11
f 984/598/11 922/668/11 921/667/11
f 985/631/11 923/669/11 922/668/11
f 986/603/11 924/670/11 923/669/11
f 987/648/11 925/671/11 924/670/11
f 988/608/11 926/672/11 925/671/11
f 989/619/11 927/673/11 926/672/11
f 990/610/11 928/674/11 927/673/11
f 991/606/11 929/675/11 928/674/11
f 992/614/11 930/676/11 929/675/11
f 993/593/11 931/677/11 930/676/11
f 994/649/11 932/678/11 931/677/11
f 995/650/11 933/679/11 932/678/11
f 996/651/11 934/680/11 933/679/11
f 997/566/11 935/681/11 934/680/11
f 998/652/11 936/682/11 935/681/11
f 999/616/11 937/683/11 936/682/11
f 1000/558/11 938/557/11 937/683/11
f 252/17/2 1096/6/2 1097/32/2
f 1642/569/11 1159/568/11 1094/552/11
f 1644/572/11 1161/571/11 1160/638/11
f 1646/577/11 1163/576/11 1162/641/11
f 1648/582/11 1165/581/11 1164/644/11
f 1650/585/11 1167/584/11 1166/646/11
f 1652/591/11 1169/590/11 1168/647/11
f 1654/596/11 1171/595/11 1170/637/11
f 1656/599/11 1173/598/11 1172/634/11
f 1658/604/11 1175/603/11 1174/631/11
f 1660/609/11 1177/608/11 1176/628/11
f 1662/611/11 1179/610/11 1178/619/11
f 1664/615/11 1181/614/11 1180/606/11
f 1666/688/11 1183/617/11 1182/593/11
f 1668/689/11 1185/620/11 1184/579/11
f 1670/624/11 1187/623/11 1186/566/11
f 1672/564/11 1189/558/11 1188/616/11
f 289/155/2 1130/37/2 1129/35/2
f 291/159/2 1132/40/2 1131/38/2
f 293/161/2 1134/44/2 1133/42/2
f 295/165/2 1136/48/2 1135/46/2
f 297/167/2 1138/52/2 1137/50/2
f 299/170/2 1140/56/2 1139/54/2
f 301/172/2 1142/59/2 1141/58/2
f 303/176/2 1144/63/2 1143/61/2
f 305/178/2 1146/67/2 1145/65/2
f 307/181/2 1148/70/2 1147/68/2
f 309/183/2 1150/74/2 1149/72/2
f 311/187/2 1152/76/2 1151/75/2
f 313/189/2 1154/79/2 1153/77/2
f 315/193/2 1156/83/2 1155/81/2
f 317/195/2 1158/87/2 1157/85/2
f 1147/68/13 1148/70/13 1051/70/13
f 1639/622/10 1671/622/10 1188/616/10
f 1464/690/1 1128/691/1 1031/691/1
f 1149/72/13 1150/74/13 1053/74/13
f 158/152/1 288/152/1 1129/35/1
f 1130/37/10 289/155/10 159/155/10
f 1151/75/13 1152/76/13 1055/76/13
f 160/154/1 290/154/1 1131/38/1
f 1132/40/10 291/159/10 161/159/10
f 1153/77/13 1154/79/13 1057/79/13
f 162/158/1 292/158/1 1133/42/1
f 1134/44/10 293/161/10 163/161/10
f 1155/81/13 1156/83/13 1059/83/13
f 164/160/1 294/160/1 1135/46/1
f 1136/48/10 295/165/10 165/165/10
f 1157/85/13 1158/87/13 1061/87/13
f 166/164/1 296/164/1 1137/50/1
f 1138/52/10 297/167/10 167/167/10
f 1094/552/16 1159/568/16 1063/568/16
f 168/166/1 298/166/1 1139/54/1
f 1140/56/10 299/170/10 169/170/10
f 1160/638/16 1161/571/16 1065/571/16
f 170/169/1 300/169/1 1141/58/1
f 1142/59/10 301/172/10 171/172/10
f 1162/641/16 1163/576/16 1067/576/16
f 172/171/1 302/171/1 1143/61/1
f 1144/63/10 303/176/10 173/176/10
f 1164/644/16 1165/581/16 1069/581/16
f 174/175/1 304/175/1 1145/65/1
f 1146/67/10 305/178/10 175/178/10
f 1166/646/16 1167/584/16 1071/584/16
f 176/177/1 306/177/1 1147/68/1
f 1608/684/10 1641/684/10 1094/552/10
f 1148/70/10 307/181/10 177/181/10
f 1096/6/10 252/17/10 29/17/10
f 1168/647/16 1169/590/16 1073/590/16
f 178/180/1 308/180/1 1149/72/1
f 1434/692/1 1098/693/1 1001/693/1
f 1150/74/10 309/183/10 179/183/10
f 1097/32/13 1096/6/13 905/6/13
f 1611/567/10 1643/567/10 1160/638/10
f 1170/637/16 1171/595/16 1075/595/16
f 180/182/1 310/182/1 1151/75/1
f 1436/694/1 1100/695/1 1003/695/1
f 1152/76/10 311/187/10 181/187/10
f 1613/570/10 1645/570/10 1162/641/10
f 1172/634/16 1173/598/16 1077/598/16
f 182/186/1 312/186/1 1153/77/1
f 1438/696/1 1102/697/1 1005/697/1
f 1154/79/10 313/189/10 183/189/10
f 1615/575/10 1647/575/10 1164/644/10
f 1174/631/16 1175/603/16 1079/603/16
f 184/188/1 314/188/1 1155/81/1
f 1440/698/1 1104/699/1 1007/699/1
f 1156/83/10 315/193/10 185/193/10
f 1617/580/10 1649/580/10 1166/646/10
f 1176/628/16 1177/608/16 1081/608/16
f 186/192/1 316/192/1 1157/85/1
f 1442/700/1 1106/701/1 1009/701/1
f 1158/87/10 317/195/10 187/195/10
f 1619/583/10 1651/685/10 1168/647/10
f 1178/619/16 1179/610/16 1083/610/16
f 188/194/1 251/194/1 1097/32/1
f 1444/702/1 1108/703/1 1011/703/1
f 1582/704/1 1238/705/1 1206/705/1
f 1481/706/10 1513/706/10 1237/707/10
f 1580/708/1 1236/709/1 1204/709/1
f 1479/710/10 1511/763/10 1235/711/10
f 1578/712/1 1234/713/1 1202/713/1
f 1477/714/10 1509/765/10 1233/715/10
f 1576/716/1 1232/717/1 1200/717/1
f 1475/718/10 1507/767/10 1231/719/10
f 1574/720/1 1230/721/1 1198/721/1
f 1473/722/10 1505/769/10 1229/723/10
f 1572/724/1 1228/725/1 1196/725/1
f 1470/726/10 1503/771/10 1227/727/10
f 1602/728/1 1258/729/1 1226/729/1
f 1501/730/10 1533/733/10 1257/731/10
f 1534/732/11 1258/729/11 1257/731/11
f 1532/734/11 1256/783/11 1255/735/11
f 1530/737/11 1254/784/11 1253/738/11
f 1528/740/11 1252/788/11 1251/741/11
f 1526/743/11 1250/791/11 1249/744/11
f 1524/746/11 1248/793/11 1247/747/11
f 1522/749/11 1246/782/11 1245/750/11
f 1520/752/11 1244/780/11 1243/753/11
f 1518/755/11 1242/940/11 1241/756/11
f 1516/758/11 1240/774/11 1239/759/11
f 1514/761/11 1238/705/11 1237/707/11
f 1512/762/11 1236/709/11 1235/711/11
f 1510/764/11 1234/713/11 1233/715/11
f 1508/766/11 1232/717/11 1231/719/11
f 1506/768/11 1230/721/11 1229/723/11
f 1504/770/11 1228/725/11 1227/727/11
f 1483/772/10 1515/760/10 1239/759/10
f 1584/773/1 1240/774/1 1208/774/1
f 1485/775/10 1517/757/10 1241/756/10
f 1586/776/1 1242/940/1 1210/777/1
f 1487/778/10 1519/754/10 1243/753/10
f 1588/779/1 1244/780/1 1212/780/1
f 1489/751/10 1521/751/10 1245/750/10
f 1590/781/1 1246/782/1 1214/782/1
f 1501/730/11 1225/731/11 1224/783/11
f 1499/736/11 1223/735/11 1222/784/11
f 1491/786/10 1523/748/10 1247/747/10
f 1497/787/11 1221/738/11 1220/788/11
f 1495/790/11 1219/741/11 1218/791/11
f 1592/792/1 1248/793/1 1216/793/1
f 1493/794/11 1217/744/11 1216/793/11
f 1491/786/11 1215/747/11 1214/782/11
f 1493/794/10 1525/745/10 1249/744/10
f 1489/751/11 1213/750/11 1212/780/11
f 1594/798/1 1250/791/1 1218/791/1
f 1487/778/11 1211/753/11 1210/777/11
f 1485/775/11 1209/756/11 1208/774/11
f 1495/790/10 1527/742/10 1251/741/10
f 1483/772/11 1207/759/11 1206/705/11
f 1596/802/1 1252/788/1 1220/788/1
f 1481/706/11 1205/707/11 1204/709/11
f 1479/710/11 1203/711/11 1202/713/11
f 1497/787/10 1529/739/10 1253/738/10
f 1477/714/11 1201/715/11 1200/717/11
f 1598/804/1 1254/784/1 1222/784/1
f 1475/718/11 1199/719/11 1198/721/11
f 1473/722/11 1197/723/11 1196/725/11
f 1499/736/10 1531/736/10 1255/735/10
f 1467/726/15 1470/726/15 1194/727/15
f 1469/805/11 1193/942/11 1226/729/11
f 1674/21/3 1673/20/3 906/20/3
f 1600/806/1 1256/783/1 1224/783/1
f 1466/392/1 1192/545/1 1191/391/1
f 1467/726/11 1190/727/11 1192/807/11
f 1539/396/14 1195/536/14 1191/391/14
f 1609/28/14 1264/547/14 1261/398/14
f 1670/624/1 1325/809/1 1293/809/1
f 1668/689/1 1323/810/1 1291/810/1
f 1666/688/1 1321/811/1 1289/811/1
f 1664/615/1 1319/812/1 1287/812/1
f 1662/611/1 1317/813/1 1285/813/1
f 1660/609/1 1315/814/1 1283/814/1
f 1658/604/1 1313/815/1 1281/815/1
f 1656/599/1 1311/816/1 1279/816/1
f 1654/596/1 1309/817/1 1277/817/1
f 1672/564/1 1327/818/1 1295/818/1
f 1642/569/1 1297/819/1 1265/819/1
f 1644/572/1 1299/820/1 1267/820/1
f 1646/577/1 1301/821/1 1269/821/1
f 1648/582/1 1303/822/1 1271/822/1
f 1650/585/1 1305/823/1 1273/823/1
f 1652/591/1 1307/824/1 1275/824/1
f 1549/825/10 1581/825/10 1306/826/10
f 1547/827/10 1579/827/10 1304/828/10
f 1545/829/10 1577/829/10 1302/830/10
f 1543/831/10 1575/831/10 1300/832/10
f 1541/833/10 1573/833/10 1298/834/10
f 1538/835/10 1571/835/10 1296/836/10
f 1569/837/10 1601/837/10 1326/838/10
f 1602/728/11 1327/818/11 1326/838/11
f 1600/806/11 1325/809/11 1324/839/11
f 1598/804/11 1323/810/11 1322/841/11
f 1596/802/11 1321/811/11 1320/843/11
f 1594/798/11 1319/812/11 1318/845/11
f 1592/792/11 1317/813/11 1316/847/11
f 1590/781/11 1315/814/11 1314/849/11
f 1588/779/11 1313/815/11 1312/851/11
f 1586/776/11 1311/816/11 1310/853/11
f 1584/773/11 1309/817/11 1308/855/11
f 1582/704/11 1307/824/11 1306/826/11
f 1580/708/11 1305/823/11 1304/828/11
f 1578/712/11 1303/822/11 1302/830/11
f 1576/716/11 1301/821/11 1300/832/11
f 1574/720/11 1299/820/11 1298/834/11
f 1572/724/11 1297/819/11 1296/836/11
f 1551/856/10 1583/856/10 1308/855/10
f 1553/854/10 1585/854/10 1310/853/10
f 1555/852/10 1587/852/10 1312/851/10
f 1557/850/10 1589/850/10 1314/849/10
f 1569/837/11 1294/838/11 1293/809/11
f 1567/840/11 1292/839/11 1291/810/11
f 1559/848/10 1591/848/10 1316/847/10
f 1565/842/11 1290/841/11 1289/811/11
f 1563/844/11 1288/843/11 1287/812/11
f 1561/846/11 1286/845/11 1285/813/11
f 1559/848/11 1284/847/11 1283/814/11
f 1561/846/10 1593/846/10 1318/845/10
f 1557/850/11 1282/857/11 1281/815/11
f 1555/852/11 1280/851/11 1279/816/11
f 1553/854/11 1278/853/11 1277/817/11
f 1563/844/10 1595/844/10 1320/843/10
f 1551/856/11 1276/855/11 1275/824/11
f 1549/825/11 1274/826/11 1273/823/11
f 1547/827/11 1272/828/11 1271/822/11
f 1565/842/10 1597/842/10 1322/841/10
f 1545/829/11 1270/830/11 1269/821/11
f 1543/831/11 1268/832/11 1267/820/11
f 1541/833/11 1266/834/11 1265/819/11
f 1567/840/10 1599/840/10 1324/839/10
f 1535/835/15 1538/835/15 1263/836/15
f 1537/858/11 1262/943/11 1295/818/11
f 1539/396/1 1264/547/1 452/448/1
f 1603/450/1 1259/550/1 1261/398/1
f 1535/835/11 1260/836/11 1259/859/11
f 1397/861/11 1328/866/11 1396/862/11
f 1465/457/1 1396/542/1 1329/456/1
f 1401/21/1 1332/540/1 521/458/1
f 1399/864/11 1330/941/11 1363/865/11
f 1397/861/15 1400/861/15 1331/866/15
f 1429/867/10 1461/920/10 1392/868/10
f 1403/869/11 1334/906/11 1333/870/11
f 1405/871/11 1336/907/11 1335/872/11
f 1407/873/11 1338/908/11 1337/874/11
f 1427/875/10 1459/919/10 1390/876/10
f 1409/877/11 1340/909/11 1339/878/11
f 1411/879/11 1342/910/11 1341/880/11
f 1413/881/11 1344/905/11 1343/882/11
f 1425/883/10 1457/918/10 1388/884/10
f 1415/885/11 1346/904/11 1345/886/11
f 1417/887/11 1348/903/11 1347/888/11
f 1419/889/11 1350/902/11 1349/890/11
f 1423/891/10 1455/917/10 1386/892/10
f 1421/893/11 1352/898/11 1351/894/11
f 1423/891/11 1354/892/11 1353/895/11
f 1425/883/11 1356/884/11 1355/896/11
f 1427/875/11 1358/876/11 1357/897/11
f 1421/893/10 1453/916/10 1384/898/10
f 1429/867/11 1360/868/11 1359/899/11
f 1431/900/11 1362/921/11 1361/901/11
f 1419/889/10 1451/915/10 1382/902/10
f 1417/887/10 1449/914/10 1380/903/10
f 1415/885/10 1447/913/10 1378/904/10
f 1413/881/10 1445/912/10 1376/905/10
f 1434/692/11 1365/870/11 1364/866/11
f 1436/694/11 1367/872/11 1366/906/11
f 1438/696/11 1369/874/11 1368/907/11
f 1440/698/11 1371/878/11 1370/908/11
f 1442/700/11 1373/880/11 1372/909/11
f 1444/702/11 1375/882/11 1374/910/11
f 1446/635/11 1377/886/11 1376/905/11
f 1448/632/11 1379/888/11 1378/904/11
f 1450/629/11 1381/890/11 1380/903/11
f 1452/625/11 1383/894/11 1382/902/11
f 1454/612/11 1385/895/11 1384/898/11
f 1456/600/11 1387/896/11 1386/892/11
f 1458/586/11 1389/897/11 1388/884/11
f 1460/573/11 1391/899/11 1390/876/11
f 1462/561/11 1393/901/11 1392/868/11
f 1464/690/11 1395/865/11 1394/921/11
f 1431/900/10 1463/900/10 1394/921/10
f 1400/861/10 1433/861/10 1364/866/10
f 1403/869/10 1435/869/10 1366/906/10
f 1405/871/10 1437/871/10 1368/907/10
f 1407/873/10 1439/873/10 1370/908/10
f 1409/877/10 1441/877/10 1372/909/10
f 1411/879/10 1443/911/10 1374/910/10
f 1514/761/1 1375/882/1 1343/882/1
f 1512/762/1 1373/880/1 1341/880/1
f 1510/764/1 1371/878/1 1339/878/1
f 1508/766/1 1369/874/1 1337/874/1
f 1506/768/1 1367/872/1 1335/872/1
f 1504/770/1 1365/870/1 1333/870/1
f 1534/732/1 1395/865/1 1363/865/1
f 1516/758/1 1377/886/1 1345/886/1
f 1518/755/1 1379/888/1 1347/888/1
f 1520/752/1 1381/890/1 1349/890/1
f 1522/749/1 1383/894/1 1351/894/1
f 1524/746/1 1385/895/1 1353/895/1
f 1526/743/1 1387/896/1 1355/896/1
f 1528/740/1 1389/897/1 1357/897/1
f 1530/737/1 1391/899/1 1359/899/1
f 1532/734/1 1393/901/1 1361/901/1
f 1471/518/14 1332/540/14 1329/456/14
f 1010/922/10 1107/922/10 1443/911/10
f 1008/923/10 1105/923/10 1441/877/10
f 1006/924/10 1103/924/10 1439/873/10
f 1004/925/10 1101/925/10 1437/871/10
f 1002/926/10 1099/926/10 1435/869/10
f 900/927/10 1095/927/10 1433/861/10
f 1030/928/10 1127/928/10 1463/900/10
f 1128/691/11 1464/690/11 1463/900/11
f 1126/562/11 1462/561/11 1461/920/11
f 1124/574/11 1460/573/11 1459/919/11
f 1122/587/11 1458/586/11 1457/918/11
f 1120/601/11 1456/600/11 1455/917/11
f 1118/613/11 1454/612/11 1453/916/11
f 1116/626/11 1452/625/11 1451/915/11
f 1114/630/11 1450/629/11 1449/914/11
f 1112/633/11 1448/632/11 1447/913/11
f 1110/636/11 1446/635/11 1445/912/11
f 1108/703/11 1444/702/11 1443/911/11
f 1106/701/11 1442/700/11 1441/877/11
f 1104/699/11 1440/698/11 1439/873/11
f 1102/697/11 1438/696/11 1437/871/11
f 1100/695/11 1436/694/11 1435/869/11
f 1098/693/11 1434/692/11 1433/861/11
f 1012/937/10 1109/937/10 1445/912/10
f 1014/936/10 1111/936/10 1447/913/10
f 1016/935/10 1113/935/10 1449/914/10
f 1018/934/10 1115/934/10 1451/915/10
f 1030/928/11 1431/900/11 1430/561/11
f 1028/929/11 1429/867/11 1428/573/11
f 1020/933/10 1117/933/10 1453/916/10
f 1026/930/11 1427/875/11 1426/588/11
f 1024/931/11 1425/883/11 1424/600/11
f 1022/932/11 1423/891/11 1422/612/11
f 1020/933/11 1421/893/11 1420/627/11
f 1022/932/10 1119/932/10 1455/917/10
f 1018/934/11 1419/889/11 1418/629/11
f 1016/935/11 1417/887/11 1416/632/11
f 1014/936/11 1415/885/11 1414/635/11
f 1024/931/10 1121/931/10 1457/918/10
f 1012/937/11 1413/881/11 1412/702/11
f 1010/922/11 1411/879/11 1410/700/11
f 1008/923/11 1409/877/11 1408/698/11
f 1026/930/10 1123/930/10 1459/919/10
f 1006/924/11 1407/873/11 1406/696/11
f 1004/925/11 1405/871/11 1404/694/11
f 1002/926/11 1403/869/11 1402/692/11
f 1028/929/10 1125/929/10 1461/920/10
f 892/927/15 900/927/15 1400/861/15
f 901/938/11 1399/864/11 1432/690/11
f 873/537/12 1675/536/12 1195/536/12
f 889/538/1 1465/457/1 1398/21/1
f 892/927/11 1397/861/11 1465/863/11
f 1375/882/1 1444/702/1 1412/702/1
f 1373/880/1 1442/700/1 1410/700/1
f 1371/878/1 1440/698/1 1408/698/1
f 1369/874/1 1438/696/1 1406/696/1
f 1367/872/1 1436/694/1 1404/694/1
f 1365/870/1 1434/692/1 1402/692/1
f 1395/865/1 1464/690/1 1432/690/1
f 1377/886/1 1446/635/1 1414/635/1
f 1379/888/1 1448/632/1 1416/632/1
f 1381/890/1 1450/629/1 1418/629/1
f 1383/894/1 1452/625/1 1420/627/1
f 1385/895/1 1454/612/1 1422/612/1
f 1387/896/1 1456/600/1 1424/600/1
f 1389/897/1 1458/586/1 1426/588/1
f 1391/899/1 1460/573/1 1428/573/1
f 1393/901/1 1462/561/1 1430/561/1
f 1332/540/14 1401/21/14 1398/21/14
f 1195/536/14 1471/518/14 1468/393/14
f 1256/783/1 1532/734/1 1500/734/1
f 1254/784/1 1530/737/1 1498/785/1
f 1252/788/1 1528/740/1 1496/789/1
f 1250/791/1 1526/743/1 1494/743/1
f 1248/793/1 1524/746/1 1492/795/1
f 1246/782/1 1522/749/1 1490/796/1
f 1244/780/1 1520/752/1 1488/797/1
f 1242/940/1 1518/755/1 1486/799/1
f 1240/774/1 1516/758/1 1484/800/1
f 1258/729/1 1534/732/1 1502/732/1
f 1228/725/1 1504/770/1 1472/770/1
f 1230/721/1 1506/768/1 1474/768/1
f 1232/717/1 1508/766/1 1476/766/1
f 1234/713/1 1510/764/1 1478/764/1
f 1236/709/1 1512/762/1 1480/803/1
f 1238/705/1 1514/761/1 1482/801/1
f 1328/866/11 1467/726/11 1466/808/11
f 1396/542/1 1466/392/1 1468/393/1
f 1332/540/1 1471/518/1 662/543/1
f 1330/941/11 1469/805/11 1502/732/11
f 1328/866/15 1331/866/15 1470/726/15
f 1360/868/10 1392/868/10 1531/736/10
f 1334/906/11 1473/722/11 1472/770/11
f 1336/907/11 1475/718/11 1474/768/11
f 1338/908/11 1477/714/11 1476/766/11
f 1358/876/10 1390/876/10 1529/739/10
f 1340/909/11 1479/710/11 1478/764/11
f 1342/910/11 1481/706/11 1480/803/11
f 1344/905/11 1483/772/11 1482/801/11
f 1356/884/10 1388/884/10 1527/742/10
f 1346/904/11 1485/775/11 1484/800/11
f 1348/903/11 1487/778/11 1486/799/11
f 1350/902/11 1489/751/11 1488/797/11
f 1354/892/10 1386/892/10 1525/745/10
f 1352/898/11 1491/786/11 1490/796/11
f 1354/892/11 1493/794/11 1492/795/11
f 1356/884/11 1495/790/11 1494/743/11
f 1358/876/11 1497/787/11 1496/789/11
f 1352/898/10 1384/898/10 1523/748/10
f 1360/868/11 1499/736/11 1498/785/11
f 1362/921/11 1501/730/11 1500/734/11
f 1350/902/10 1382/902/10 1521/751/10
f 1348/903/10 1380/903/10 1519/754/10
f 1346/904/10 1378/904/10 1517/757/10
f 1344/905/10 1376/905/10 1515/760/10
f 1365/870/11 1504/770/11 1503/771/11
f 1367/872/11 1506/768/11 1505/769/11
f 1369/874/11 1508/766/11 1507/767/11
f 1371/878/11 1510/764/11 1509/765/11
f 1373/880/11 1512/762/11 1511/763/11
f 1375/882/11 1514/761/11 1513/706/11
f 1377/886/11 1516/758/11 1515/760/11
f 1379/888/11 1518/755/11 1517/757/11
f 1381/890/11 1520/752/11 1519/754/11
f 1383/894/11 1522/749/11 1521/751/11
f 1385/895/11 1524/746/11 1523/748/11
f 1387/896/11 1526/743/11 1525/745/11
f 1389/897/11 1528/740/11 1527/742/11
f 1391/899/11 1530/737/11 1529/739/11
f 1393/901/11 1532/734/11 1531/736/11
f 1395/865/11 1534/732/11 1533/733/11
f 1362/921/10 1394/921/10 1533/733/10
f 1331/866/10 1364/866/10 1503/771/10
f 1334/906/10 1366/906/10 1505/769/10
f 1336/907/10 1368/907/10 1507/767/10
f 1338/908/10 1370/908/10 1509/765/10
f 1340/909/10 1372/909/10 1511/763/10
f 1342/910/10 1374/910/10 1513/706/10
f 1190/727/11 1535/835/11 1603/860/11
f 1192/545/1 1603/450/1 1536/397/1
f 1195/536/1 1539/396/1 731/449/1
f 1193/942/11 1537/858/11 1570/728/11
f 1190/727/15 1194/727/15 1538/835/15
f 1223/735/10 1255/735/10 1599/840/10
f 1197/723/11 1541/833/11 1540/724/11
f 1199/719/11 1543/831/11 1542/720/11
f 1201/715/11 1545/829/11 1544/716/11
f 1221/738/10 1253/738/10 1597/842/10
f 1203/711/11 1547/827/11 1546/712/11
f 1205/707/11 1549/825/11 1548/708/11
f 1207/759/11 1551/856/11 1550/704/11
f 1219/741/10 1251/741/10 1595/844/10
f 1209/756/11 1553/854/11 1552/773/11
f 1211/753/11 1555/852/11 1554/776/11
f 1213/750/11 1557/850/11 1556/779/11
f 1217/744/10 1249/744/10 1593/846/10
f 1215/747/11 1559/848/11 1558/781/11
f 1217/744/11 1561/846/11 1560/792/11
f 1219/741/11 1563/844/11 1562/798/11
f 1221/738/11 1565/842/11 1564/802/11
f 1215/747/10 1247/747/10 1591/848/10
f 1223/735/11 1567/840/11 1566/804/11
f 1225/731/11 1569/837/11 1568/806/11
f 1213/750/10 1245/750/10 1589/850/10
f 1211/753/10 1243/753/10 1587/852/10
f 1209/756/10 1241/756/10 1585/854/10
f 1207/759/10 1239/759/10 1583/856/10
f 1228/725/11 1572/724/11 1571/835/11
f 1230/721/11 1574/720/11 1573/833/11
f 1232/717/11 1576/716/11 1575/831/11
f 1234/713/11 1578/712/11 1577/829/11
f 1236/709/11 1580/708/11 1579/827/11
f 1238/705/11 1582/704/11 1581/825/11
f 1240/774/11 1584/773/11 1583/856/11
f 1242/940/11 1586/776/11 1585/854/11
f 1244/780/11 1588/779/11 1587/852/11
f 1246/782/11 1590/781/11 1589/850/11
f 1248/793/11 1592/792/11 1591/848/11
f 1250/791/11 1594/798/11 1593/846/11
f 1252/788/11 1596/802/11 1595/844/11
f 1254/784/11 1598/804/11 1597/842/11
f 1256/783/11 1600/806/11 1599/840/11
f 1258/729/11 1602/728/11 1601/837/11
f 1225/731/10 1257/731/10 1601/837/10
f 1194/727/10 1227/727/10 1571/835/10
f 1197/723/10 1229/723/10 1573/833/10
f 1199/719/10 1231/719/10 1575/831/10
f 1201/715/10 1233/715/10 1577/829/10
f 1203/711/10 1235/711/10 1579/827/10
f 1205/707/10 1237/707/10 1581/825/10
f 1264/547/14 1539/396/14 1536/397/14
f 1325/809/1 1600/806/1 1568/806/1
f 1323/810/1 1598/804/1 1566/804/1
f 1321/811/1 1596/802/1 1564/802/1
f 1319/812/1 1594/798/1 1562/798/1
f 1317/813/1 1592/792/1 1560/792/1
f 1315/814/1 1590/781/1 1558/781/1
f 1313/815/1 1588/779/1 1556/779/1
f 1311/816/1 1586/776/1 1554/776/1
f 1309/817/1 1584/773/1 1552/773/1
f 1327/818/1 1602/728/1 1570/728/1
f 1297/819/1 1572/724/1 1540/724/1
f 1299/820/1 1574/720/1 1542/720/1
f 1301/821/1 1576/716/1 1544/716/1
f 1303/822/1 1578/712/1 1546/712/1
f 1305/823/1 1580/708/1 1548/708/1
f 1307/824/1 1582/704/1 1550/704/1
f 1169/590/1 1652/591/1 1620/591/1
f 1167/584/1 1650/585/1 1618/585/1
f 1165/581/1 1648/582/1 1616/582/1
f 1163/576/1 1646/577/1 1614/577/1
f 1161/571/1 1644/572/1 1612/572/1
f 1159/568/1 1642/569/1 1610/569/1
f 1189/558/1 1672/564/1 1640/564/1
f 1171/595/1 1654/596/1 1622/596/1
f 1173/598/1 1656/599/1 1624/599/1
f 1175/603/1 1658/604/1 1626/604/1
f 1177/608/1 1660/609/1 1628/609/1
f 1179/610/1 1662/611/1 1630/611/1
f 1181/614/1 1664/615/1 1632/615/1
f 1183/617/1 1666/688/1 1634/618/1
f 1185/620/1 1668/689/1 1636/621/1
f 1187/623/1 1670/624/1 1638/624/1
f 907/3/14 1609/28/14 1606/25/14
f 1274/826/10 1306/826/10 1651/685/10
f 1272/828/10 1304/828/10 1649/580/10
f 1270/830/10 1302/830/10 1647/575/10
f 1268/832/10 1300/832/10 1645/570/10
f 1266/834/10 1298/834/10 1643/567/10
f 1263/836/10 1296/836/10 1641/684/10
f 1294/838/10 1326/838/10 1671/622/10
f 1327/818/11 1672/564/11 1671/622/11
f 1325/809/11 1670/624/11 1669/565/11
f 1323/810/11 1668/689/11 1667/578/11
f 1321/811/11 1666/688/11 1665/592/11
f 1319/812/11 1664/615/11 1663/605/11
f 1317/813/11 1662/611/11 1661/607/11
f 1315/814/11 1660/609/11 1659/687/11
f 1313/815/11 1658/604/11 1657/597/11
f 1311/816/11 1656/599/11 1655/594/11
f 1309/817/11 1654/596/11 1653/686/11
f 1307/824/11 1652/591/11 1651/685/11
f 1305/823/11 1650/585/11 1649/580/11
f 1303/822/11 1648/582/11 1647/575/11
f 1301/821/11 1646/577/11 1645/570/11
f 1299/820/11 1644/572/11 1643/567/11
f 1297/819/11 1642/569/11 1641/684/11
f 1276/855/10 1308/855/10 1653/686/10
f 1278/853/10 1310/853/10 1655/594/10
f 1280/851/10 1312/851/10 1657/597/10
f 1282/857/10 1314/849/10 1659/687/10
f 1294/838/11 1639/622/11 1638/624/11
f 1292/839/11 1637/565/11 1636/621/11
f 1284/847/10 1316/847/10 1661/607/10
f 1290/841/11 1635/578/11 1634/618/11
f 1288/843/11 1633/592/11 1632/615/11
f 1286/845/11 1631/605/11 1630/611/11
f 1284/847/11 1629/607/11 1628/609/11
f 1286/845/10 1318/845/10 1663/605/10
f 1282/857/11 1627/602/11 1626/604/11
f 1280/851/11 1625/597/11 1624/599/11
f 1278/853/11 1623/594/11 1622/596/11
f 1288/843/10 1320/843/10 1665/592/10
f 1276/855/11 1621/589/11 1620/591/11
f 1274/826/11 1619/583/11 1618/585/11
f 1272/828/11 1617/580/11 1616/582/11
f 1290/841/10 1322/841/10 1667/578/10
f 1270/830/11 1615/575/11 1614/577/11
f 1268/832/11 1613/570/11 1612/572/11
f 1266/834/11 1611/567/11 1610/569/11
f 1292/839/10 1324/839/10 1669/565/10
f 1260/836/15 1263/836/15 1608/684/15
f 1262/943/11 1607/563/11 1640/564/11
f 875/29/12 1676/28/12 1609/28/12
f 1259/550/1 1604/24/1 1606/25/1
f 1260/836/11 1605/559/11 1604/560/11
f 1678/518/1 1675/536/1 873/537/1
f 1673/20/1 1674/21/1 869/459/1
f 1677/547/1 1676/28/1 875/29/1
f 1676/28/3 1677/547/3 1264/547/3
f 869/459/12 1674/21/12 1401/21/12
f 1678/518/2 879/543/2 662/543/2
f 1677/547/2 876/448/2 452/448/2
f 1675/536/3 1678/518/3 1471/518/3
f 1683/2/1 1679/1672/1 1681/1/1
f 1681/944/12 1679/1676/12 1680/945/12
f 1684/8/3 1680/10/3 1679/7/3
f 1682/946/16 1694/946/16 1695/944/16
f 1695/1/5 1696/3/5 1685/3/5
f 1689/945/17 1694/946/17 1682/946/17
f 1684/8/7 1693/8/7 1689/10/7
f 1685/3/18 1696/3/18 1697/2/18
f 1697/9/13 1693/8/13 1684/8/13
f 1692/12/3 1690/1674/3 1736/11/3
f 1694/946/12 1689/945/12 1706/947/12
f 1891/13/13 1701/12/13 1692/12/13
f 1687/949/12 1695/944/12 1694/946/12
f 1696/3/1 1695/1/1 1687/18/1
f 2203/21/5 32/20/5 11/20/5
f 2409/22/3 1693/8/3 1697/9/3
f 1704/946/17 1702/950/17 1686/950/17
f 2408/24/1 1697/2/1 1696/3/1
f 2264/27/1 285/26/1 155/26/1
f 2414/28/1 1705/3/1 1698/19/1
f 2412/30/3 1701/12/3 1891/13/3
f 1767/948/16 1860/1006/16 1704/946/16
f 2409/22/7 2413/33/7 1703/8/7
f 1688/19/18 1698/19/18 1705/3/18
f 1691/951/16 1699/951/16 1830/952/16
f 1737/953/16 1830/952/16 1831/954/16
f 1738/954/16 1831/954/16 1832/955/16
f 1739/956/16 1832/955/16 1833/957/16
f 1740/958/16 1833/957/16 1834/959/16
f 1741/960/16 1834/959/16 1835/961/16
f 1742/962/16 1835/961/16 1836/963/16
f 1743/964/16 1836/963/16 1837/965/16
f 1744/966/16 1837/965/16 1838/967/16
f 1745/968/16 1838/967/16 1839/969/16
f 1746/970/16 1839/969/16 1840/971/16
f 1747/972/16 1840/971/16 1841/973/16
f 1748/974/16 1841/973/16 1842/975/16
f 1749/975/16 1842/975/16 1843/976/16
f 1750/977/16 1843/976/16 1844/978/16
f 1751/979/16 1844/978/16 1845/980/16
f 1752/981/16 1845/980/16 1846/982/16
f 1753/983/16 1846/982/16 1847/984/16
f 1754/984/16 1847/984/16 1848/985/16
f 1755/986/16 1848/985/16 1849/987/16
f 1756/988/16 1849/987/16 1850/989/16
f 1757/990/16 1850/989/16 1851/991/16
f 1758/991/16 1851/991/16 1852/992/16
f 1759/992/16 1852/992/16 1853/993/16
f 1760/993/16 1853/993/16 1854/994/16
f 1761/995/16 1854/994/16 1855/996/16
f 1762/997/16 1855/996/16 1856/998/16
f 1763/999/16 1856/998/16 1857/1000/16
f 1764/1001/16 1857/1000/16 1858/1002/16
f 1765/1003/16 1858/1002/16 1859/1004/16
f 1766/1005/16 1859/1004/16 1860/1006/16
f 2442/89/10 2474/89/10 1984/90/10
f 2416/92/3 1862/196/3 1861/91/3
f 1943/982/16 1944/984/16 1847/984/16
f 2418/95/3 1864/200/3 1863/94/3
f 2262/98/1 283/97/1 153/97/1
f 2420/100/3 1866/202/3 1865/99/3
f 2440/102/10 2472/102/10 1982/103/10
f 2422/105/3 1868/204/3 1867/104/3
f 1941/978/16 1942/980/16 1845/980/16
f 2424/108/3 1870/205/3 1869/107/3
f 2260/111/1 281/110/1 151/110/1
f 2426/114/3 1872/190/3 1871/113/3
f 2438/116/10 2470/116/10 1980/117/10
f 2428/119/3 1874/179/3 1873/118/3
f 1939/975/16 1940/976/16 1843/976/16
f 2430/122/3 1876/168/3 1875/121/3
f 2258/125/1 279/124/1 149/124/1
f 2432/127/3 1878/156/3 1877/126/3
f 2436/129/10 2468/129/10 1978/130/10
f 2434/132/3 1880/143/3 1879/131/3
f 1937/971/16 1938/973/16 1841/973/16
f 2436/129/3 1882/130/3 1881/134/3
f 2256/137/1 277/136/1 147/136/1
f 2438/116/3 1884/117/3 1883/138/3
f 1986/140/13 1987/13/13 1891/13/13
f 2440/102/3 1886/103/3 1885/141/3
f 2434/132/10 2466/132/10 1976/143/10
f 2442/89/3 1888/90/3 1887/144/3
f 1935/967/16 1936/969/16 1839/969/16
f 2444/147/3 1890/140/3 1889/146/3
f 2254/150/1 275/149/1 145/149/1
f 1799/1007/12 1830/952/12 1699/951/12
f 1984/90/13 1985/146/13 1889/146/13
f 1801/1009/12 1832/955/12 1831/954/12
f 2432/127/10 2464/157/10 1974/156/10
f 1803/1011/12 1834/959/12 1833/957/12
f 1933/963/16 1934/965/16 1837/965/16
f 1805/1013/12 1836/963/12 1835/961/12
f 2252/163/1 273/162/1 143/162/1
f 1807/1015/12 1838/967/12 1837/965/12
f 1982/103/13 1983/144/13 1887/144/13
f 1809/1017/12 1840/971/12 1839/969/12
f 2430/122/10 2462/122/10 1972/168/10
f 1811/1019/12 1842/975/12 1841/973/12
f 1931/959/16 1932/961/16 1835/961/16
f 1813/1021/12 1844/978/12 1843/976/12
f 2250/174/1 271/173/1 141/173/1
f 1815/1023/12 1846/982/12 1845/980/12
f 1980/117/13 1981/141/13 1885/141/13
f 1817/1025/12 1848/985/12 1847/984/12
f 2428/119/10 2460/119/10 1970/179/10
f 1819/1027/12 1850/989/12 1849/987/12
f 1929/955/16 1930/957/16 1833/957/16
f 1821/1029/12 1852/992/12 1851/991/12
f 2248/185/1 269/184/1 139/184/1
f 1823/1031/12 1854/994/12 1853/993/12
f 1978/130/13 1979/138/13 1883/138/13
f 1825/1033/12 1856/998/12 1855/996/12
f 2426/114/10 2458/191/10 1968/190/10
f 1827/1035/12 1858/1002/12 1857/1000/12
f 1927/952/16 1928/954/16 1831/954/16
f 1829/1037/12 1860/1006/12 1859/1004/12
f 1703/8/13 1861/91/13 1768/91/13
f 1861/91/13 1862/196/13 1769/196/13
f 1862/196/13 1863/94/13 1770/197/13
f 1863/94/13 1864/200/13 1771/198/13
f 1864/200/13 1865/99/13 1772/199/13
f 1865/99/13 1866/202/13 1773/201/13
f 1866/202/13 1867/104/13 1774/104/13
f 1867/104/13 1868/204/13 1775/203/13
f 1868/204/13 1869/107/13 1776/107/13
f 1869/107/13 1870/205/13 1777/205/13
f 1870/205/13 1871/113/13 1778/113/13
f 1871/113/13 1872/190/13 1779/190/13
f 1872/190/13 1873/118/13 1780/118/13
f 1873/118/13 1874/179/13 1781/179/13
f 1874/179/13 1875/121/13 1782/121/13
f 1875/121/13 1876/168/13 1783/168/13
f 1876/168/13 1877/126/13 1784/126/13
f 1877/126/13 1878/156/13 1785/206/13
f 1878/156/13 1879/131/13 1786/131/13
f 1879/131/13 1880/143/13 1787/143/13
f 1880/143/13 1881/134/13 1788/134/13
f 1881/134/13 1882/130/13 1789/130/13
f 1882/130/13 1883/138/13 1790/138/13
f 1883/138/13 1884/117/13 1791/117/13
f 1884/117/13 1885/141/13 1792/207/13
f 1885/141/13 1886/103/13 1793/208/13
f 1886/103/13 1887/144/13 1794/209/13
f 1887/144/13 1888/90/13 1795/90/13
f 1888/90/13 1889/146/13 1796/210/13
f 1889/146/13 1890/140/13 1797/140/13
f 1890/140/13 1891/13/13 1798/13/13
f 1737/953/12 1736/1040/12 1690/1039/12
f 1738/954/12 1735/1041/12 1736/1040/12
f 1739/956/12 1734/1042/12 1735/1041/12
f 1740/958/12 1733/1043/12 1734/1042/12
f 1741/960/12 1732/1044/12 1733/1043/12
f 1742/962/12 1731/1045/12 1732/1044/12
f 1743/964/12 1730/1046/12 1731/1045/12
f 1744/966/12 1729/1047/12 1730/1046/12
f 1745/968/12 1728/1048/12 1729/1047/12
f 1746/970/12 1727/1049/12 1728/1048/12
f 1747/972/12 1726/1050/12 1727/1049/12
f 1748/974/12 1725/1051/12 1726/1050/12
f 1749/975/12 1724/1052/12 1725/1051/12
f 1750/977/12 1723/1053/12 1724/1052/12
f 1751/979/12 1722/1054/12 1723/1053/12
f 1752/981/12 1721/1055/12 1722/1054/12
f 1753/983/12 1720/1056/12 1721/1055/12
f 1754/984/12 1719/1057/12 1720/1056/12
f 1755/986/12 1718/1058/12 1719/1057/12
f 1756/988/12 1717/1059/12 1718/1058/12
f 1757/990/12 1716/1060/12 1717/1059/12
f 1758/991/12 1715/1061/12 1716/1060/12
f 1759/992/12 1714/1062/12 1715/1061/12
f 1760/993/12 1713/1063/12 1714/1062/12
f 1761/995/12 1712/1065/12 1713/1063/12
f 1761/995/12 1762/997/12 1711/1064/12
f 1762/997/12 1763/999/12 1710/1066/12
f 1763/999/12 1764/1001/12 1709/1067/12
f 1765/1003/12 1708/1068/12 1709/1067/12
f 1766/1005/12 1707/1069/12 1708/1068/12
f 1767/948/12 1706/947/12 1707/1069/12
f 1768/91/3 1706/241/3 1689/10/3
f 1769/196/3 1707/242/3 1706/241/3
f 1770/197/3 1708/243/3 1707/242/3
f 1771/198/3 1709/244/3 1708/243/3
f 1772/199/3 1710/245/3 1709/244/3
f 1773/201/3 1711/246/3 1710/245/3
f 1774/104/3 1712/247/3 1711/246/3
f 1775/203/3 1713/248/3 1712/247/3
f 1776/107/3 1714/249/3 1713/248/3
f 1777/205/3 1715/250/3 1714/249/3
f 1778/113/3 1716/251/3 1715/250/3
f 1779/190/3 1717/252/3 1716/251/3
f 1780/118/3 1718/253/3 1717/252/3
f 1781/179/3 1719/254/3 1718/253/3
f 1782/121/3 1720/255/3 1719/254/3
f 1783/168/3 1721/256/3 1720/255/3
f 1784/126/3 1722/257/3 1721/256/3
f 1785/206/3 1723/258/3 1722/257/3
f 1786/131/3 1724/259/3 1723/258/3
f 1787/143/3 1725/260/3 1724/259/3
f 1788/134/3 1726/261/3 1725/260/3
f 1789/130/3 1727/262/3 1726/261/3
f 1790/138/3 1728/263/3 1727/262/3
f 1791/117/3 1729/264/3 1728/263/3
f 1792/207/3 1730/265/3 1729/264/3
f 1793/208/3 1731/266/3 1730/265/3
f 1794/209/3 1732/267/3 1731/266/3
f 1795/90/3 1733/268/3 1732/267/3
f 1796/210/3 1734/269/3 1733/268/3
f 1797/140/3 1735/270/3 1734/269/3
f 1798/13/3 1736/11/3 1735/270/3
f 1893/950/12 1895/946/12 1896/1006/12
f 2447/93/3 1957/91/3 1894/8/3
f 2449/96/3 1959/94/3 1958/196/3
f 2451/101/3 1961/99/3 1960/200/3
f 2453/106/3 1963/104/3 1962/202/3
f 2455/109/3 1965/107/3 1964/204/3
f 2457/115/3 1967/113/3 1966/205/3
f 2459/120/3 1969/118/3 1968/190/3
f 2461/123/3 1971/121/3 1970/179/3
f 2463/128/3 1973/126/3 1972/168/3
f 2465/133/3 1975/131/3 1974/156/3
f 2467/135/3 1977/134/3 1976/143/3
f 2469/139/3 1979/138/3 1978/130/3
f 2471/272/3 1981/141/3 1980/117/3
f 2473/273/3 1983/144/3 1982/103/3
f 2475/148/3 1985/146/3 1984/90/3
f 2477/31/3 1987/13/3 1986/140/3
f 1898/1010/12 1928/954/12 1927/952/12
f 1900/1012/12 1930/957/12 1929/955/12
f 1902/1014/12 1932/961/12 1931/959/12
f 1904/1016/12 1934/965/12 1933/963/12
f 1906/1018/12 1936/969/12 1935/967/12
f 1908/1020/12 1938/973/12 1937/971/12
f 1910/1022/12 1940/976/12 1939/975/12
f 1912/1024/12 1942/980/12 1941/978/12
f 1914/1026/12 1944/984/12 1943/982/12
f 1916/1028/12 1946/987/12 1945/985/12
f 1918/1030/12 1948/991/12 1947/989/12
f 1920/1032/12 1950/993/12 1949/992/12
f 1922/1034/12 1952/996/12 1951/994/12
f 1924/1036/12 1954/1000/12 1953/998/12
f 1926/1038/12 1956/1004/12 1955/1002/12
f 1945/985/16 1946/987/16 1849/987/16
f 2444/147/10 2476/147/10 1986/140/10
f 2266/275/1 287/274/1 157/274/1
f 1947/989/16 1948/991/16 1851/991/16
f 1799/1007/1 1897/1007/1 1927/952/1
f 1928/954/10 1898/1010/10 1800/1010/10
f 1949/992/16 1950/993/16 1853/993/16
f 1801/1009/1 1899/1009/1 1929/955/1
f 1930/957/10 1900/1012/10 1802/1012/10
f 1951/994/16 1952/996/16 1855/996/16
f 1803/1011/1 1901/1011/1 1931/959/1
f 1932/961/10 1902/1014/10 1804/1014/10
f 1953/998/16 1954/1000/16 1857/1000/16
f 1805/1013/1 1903/1013/1 1933/963/1
f 1934/965/10 1904/1016/10 1806/1016/10
f 1955/1002/16 1956/1004/16 1859/1004/16
f 1807/1015/1 1905/1015/1 1935/967/1
f 1936/969/10 1906/1018/10 1808/1018/10
f 1894/8/13 1957/91/13 1861/91/13
f 1809/1017/1 1907/1017/1 1937/971/1
f 1938/973/10 1908/1020/10 1810/1020/10
f 1958/196/13 1959/94/13 1863/94/13
f 1811/1019/1 1909/1019/1 1939/975/1
f 1940/976/10 1910/1022/10 1812/1022/10
f 1960/200/13 1961/99/13 1865/99/13
f 1813/1021/1 1911/1021/1 1941/978/1
f 1942/980/10 1912/1024/10 1814/1024/10
f 1962/202/13 1963/104/13 1867/104/13
f 1815/1023/1 1913/1023/1 1943/982/1
f 1944/984/10 1914/1026/10 1816/1026/10
f 1964/204/13 1965/107/13 1869/107/13
f 1817/1025/1 1915/1025/1 1945/985/1
f 2413/33/10 2446/33/10 1894/8/10
f 1946/987/10 1916/1028/10 1818/1028/10
f 1895/946/10 1893/950/10 1702/950/10
f 1966/205/13 1967/113/13 1871/113/13
f 1819/1027/1 1917/1027/1 1947/989/1
f 2236/277/1 257/276/1 127/276/1
f 1948/991/10 1918/1030/10 1820/1030/10
f 1896/1006/16 1895/946/16 1704/946/16
f 2416/92/10 2448/92/10 1958/196/10
f 1968/190/13 1969/118/13 1873/118/13
f 1821/1029/1 1919/1029/1 1949/992/1
f 2238/279/1 259/278/1 129/278/1
f 1950/993/10 1920/1032/10 1822/1032/10
f 2418/95/10 2450/95/10 1960/200/10
f 1970/179/13 1971/121/13 1875/121/13
f 1823/1031/1 1921/1031/1 1951/994/1
f 2240/281/1 261/280/1 131/280/1
f 1952/996/10 1922/1034/10 1824/1034/10
f 2420/100/10 2452/100/10 1962/202/10
f 1972/168/13 1973/126/13 1877/126/13
f 1825/1033/1 1923/1033/1 1953/998/1
f 2242/283/1 263/282/1 133/282/1
f 1954/1000/10 1924/1036/10 1826/1036/10
f 2422/105/10 2454/105/10 1964/204/10
f 1974/156/13 1975/131/13 1879/131/13
f 1827/1035/1 1925/1035/1 1955/1002/1
f 2244/285/1 265/284/1 135/284/1
f 1956/1004/10 1926/1038/10 1828/1038/10
f 2424/108/10 2456/271/10 1966/205/10
f 1976/143/13 1977/134/13 1881/134/13
f 1829/1037/1 1892/1037/1 1896/1006/1
f 2246/287/1 267/286/1 137/286/1
f 2386/289/1 2037/288/1 2005/288/1
f 2284/290/10 2316/290/10 2036/291/10
f 2384/293/1 2035/292/1 2003/292/1
f 2282/294/10 2314/296/10 2034/295/10
f 2382/298/1 2033/297/1 2001/297/1
f 2280/299/10 2312/301/10 2032/300/10
f 2380/303/1 2031/302/1 1999/302/1
f 2278/304/10 2310/306/10 2030/305/10
f 2378/308/1 2029/307/1 1997/307/1
f 2276/309/10 2308/311/10 2028/310/10
f 2376/313/1 2027/312/1 1995/312/1
f 2273/314/10 2306/316/10 2026/315/10
f 2406/318/1 2057/317/1 2025/317/1
f 2304/319/10 2336/321/10 2056/320/10
f 2337/322/3 2057/317/3 2056/320/3
f 2335/324/3 2055/367/3 2054/323/3
f 2333/327/3 2053/368/3 2052/326/3
f 2331/330/3 2051/371/3 2050/329/3
f 2329/333/3 2049/374/3 2048/332/3
f 2327/336/3 2047/376/3 2046/335/3
f 2325/339/3 2045/365/3 2044/338/3
f 2323/342/3 2043/363/3 2042/341/3
f 2321/345/3 2041/541/3 2040/344/3
f 2319/348/3 2039/357/3 2038/347/3
f 2317/350/3 2037/288/3 2036/291/3
f 2315/351/3 2035/292/3 2034/295/3
f 2313/352/3 2033/297/3 2032/300/3
f 2311/353/3 2031/302/3 2030/305/3
f 2309/354/3 2029/307/3 2028/310/3
f 2307/355/3 2027/312/3 2026/315/3
f 2286/356/10 2318/349/10 2038/347/10
f 2388/358/1 2039/357/1 2007/357/1
f 2288/359/10 2320/346/10 2040/344/10
f 2390/361/1 2041/541/1 2009/360/1
f 2290/362/10 2322/343/10 2042/341/10
f 2392/364/1 2043/363/1 2011/363/1
f 2292/340/10 2324/340/10 2044/338/10
f 2394/366/1 2045/365/1 2013/365/1
f 2304/319/3 2024/320/3 2023/367/3
f 2302/325/3 2022/323/3 2021/368/3
f 2294/370/10 2326/337/10 2046/335/10
f 2300/372/3 2020/326/3 2019/371/3
f 2298/375/3 2018/329/3 2017/374/3
f 2396/377/1 2047/376/1 2015/376/1
f 2296/378/3 2016/332/3 2015/376/3
f 2294/370/3 2014/335/3 2013/365/3
f 2296/378/10 2328/334/10 2048/332/10
f 2292/340/3 2012/338/3 2011/363/3
f 2398/382/1 2049/374/1 2017/374/1
f 2290/362/3 2010/341/3 2009/360/3
f 2288/359/3 2008/344/3 2007/357/3
f 2298/375/10 2330/331/10 2050/329/10
f 2286/356/3 2006/347/3 2005/288/3
f 2400/386/1 2051/371/1 2019/371/1
f 2284/290/3 2004/291/3 2003/292/3
f 2282/294/3 2002/295/3 2001/297/3
f 2300/372/10 2332/328/10 2052/326/10
f 2280/299/3 2000/300/3 1999/302/3
f 2402/388/1 2053/368/1 2021/368/1
f 2278/304/3 1998/305/3 1997/307/3
f 2276/309/3 1996/310/3 1995/312/3
f 2302/325/10 2334/325/10 2054/323/10
f 2269/314/7 2273/314/7 1993/315/7
f 2272/389/3 1992/546/3 2025/317/3
f 2479/21/11 871/20/11 32/20/11
f 2404/390/1 2055/367/1 2023/367/1
f 2268/392/1 1990/545/1 1989/391/1
f 2269/314/3 1988/315/3 1990/394/3
f 2343/396/5 1994/536/5 1989/391/5
f 2414/28/5 2064/547/5 2060/398/5
f 2475/148/1 2125/399/1 2093/399/1
f 2473/273/1 2123/400/1 2091/400/1
f 2471/272/1 2121/401/1 2089/401/1
f 2469/139/1 2119/402/1 2087/402/1
f 2467/135/1 2117/403/1 2085/403/1
f 2465/133/1 2115/404/1 2083/404/1
f 2463/128/1 2113/405/1 2081/405/1
f 2461/123/1 2111/406/1 2079/406/1
f 2459/120/1 2109/407/1 2077/407/1
f 2477/31/1 2127/408/1 2095/408/1
f 2447/93/1 2097/409/1 2065/409/1
f 2449/96/1 2099/410/1 2067/410/1
f 2451/101/1 2101/411/1 2069/411/1
f 2453/106/1 2103/412/1 2071/412/1
f 2455/109/1 2105/413/1 2073/413/1
f 2457/115/1 2107/414/1 2075/414/1
f 2353/415/10 2385/415/10 2106/416/10
f 2351/417/10 2383/417/10 2104/418/10
f 2349/419/10 2381/419/10 2102/420/10
f 2347/421/10 2379/421/10 2100/422/10
f 2345/423/10 2377/423/10 2098/424/10
f 2342/425/10 2375/425/10 2096/426/10
f 2373/427/10 2405/427/10 2126/428/10
f 2406/318/3 2127/408/3 2126/428/3
f 2404/390/3 2125/399/3 2124/429/3
f 2402/388/3 2123/400/3 2122/431/3
f 2400/386/3 2121/401/3 2120/433/3
f 2398/382/3 2119/402/3 2118/435/3
f 2396/377/3 2117/403/3 2116/437/3
f 2394/366/3 2115/404/3 2114/439/3
f 2392/364/3 2113/405/3 2112/441/3
f 2390/361/3 2111/406/3 2110/443/3
f 2388/358/3 2109/407/3 2108/445/3
f 2386/289/3 2107/414/3 2106/416/3
f 2384/293/3 2105/413/3 2104/418/3
f 2382/298/3 2103/412/3 2102/420/3
f 2380/303/3 2101/411/3 2100/422/3
f 2378/308/3 2099/410/3 2098/424/3
f 2376/313/3 2097/409/3 2096/426/3
f 2355/446/10 2387/446/10 2108/445/10
f 2357/444/10 2389/444/10 2110/443/10
f 2359/442/10 2391/442/10 2112/441/10
f 2361/440/10 2393/440/10 2114/439/10
f 2373/427/3 2094/428/3 2093/399/3
f 2371/430/3 2092/429/3 2091/400/3
f 2363/438/10 2395/438/10 2116/437/10
f 2369/432/3 2090/431/3 2089/401/3
f 2367/434/3 2088/433/3 2087/402/3
f 2365/436/3 2086/435/3 2085/403/3
f 2363/438/3 2084/437/3 2083/404/3
f 2365/436/10 2397/436/10 2118/435/10
f 2361/440/3 2082/548/3 2081/405/3
f 2359/442/3 2080/441/3 2079/406/3
f 2357/444/3 2078/443/3 2077/407/3
f 2367/434/10 2399/434/10 2120/433/10
f 2355/446/3 2076/445/3 2075/414/3
f 2353/415/3 2074/416/3 2073/413/3
f 2351/417/3 2072/418/3 2071/412/3
f 2369/432/10 2401/432/10 2122/431/10
f 2349/419/3 2070/420/3 2069/411/3
f 2347/421/3 2068/422/3 2067/410/3
f 2345/423/3 2066/424/3 2065/409/3
f 2371/430/10 2403/430/10 2124/429/10
f 2338/425/7 2342/425/7 2063/426/7
f 2341/447/3 2062/549/3 2095/408/3
f 2343/396/1 2064/547/1 2061/448/1
f 2407/450/1 2058/550/1 2060/398/1
f 2338/425/3 2059/426/3 2058/451/3
f 2198/454/3 2128/462/3 2197/453/3
f 2267/457/1 2197/542/1 2129/456/1
f 2203/21/1 2133/540/1 2130/458/1
f 2201/461/3 2131/544/3 2164/460/3
f 2198/454/7 2202/454/7 2132/462/7
f 2231/463/10 2263/465/10 2193/464/10
f 2205/467/3 2135/511/3 2134/466/3
f 2207/469/3 2137/512/3 2136/468/3
f 2209/471/3 2139/513/3 2138/470/3
f 2229/472/10 2261/474/10 2191/473/10
f 2211/476/3 2141/514/3 2140/475/3
f 2213/478/3 2143/515/3 2142/477/3
f 2215/480/3 2145/509/3 2144/479/3
f 2227/481/10 2259/483/10 2189/482/10
f 2217/485/3 2147/507/3 2146/484/3
f 2219/487/3 2149/505/3 2148/486/3
f 2221/489/3 2151/503/3 2150/488/3
f 2225/490/10 2257/492/10 2187/491/10
f 2223/494/3 2153/498/3 2152/493/3
f 2225/490/3 2155/491/3 2154/495/3
f 2227/481/3 2157/482/3 2156/496/3
f 2229/472/3 2159/473/3 2158/497/3
f 2223/494/10 2255/499/10 2185/498/10
f 2231/463/3 2161/464/3 2160/500/3
f 2233/502/3 2163/517/3 2162/501/3
f 2221/489/10 2253/504/10 2183/503/10
f 2219/487/10 2251/506/10 2181/505/10
f 2217/485/10 2249/508/10 2179/507/10
f 2215/480/10 2247/510/10 2177/509/10
f 2236/277/3 2166/466/3 2165/462/3
f 2238/279/3 2168/468/3 2167/511/3
f 2240/281/3 2170/470/3 2169/512/3
f 2242/283/3 2172/475/3 2171/513/3
f 2244/285/3 2174/477/3 2173/514/3
f 2246/287/3 2176/479/3 2175/515/3
f 2248/185/3 2178/484/3 2177/509/3
f 2250/174/3 2180/486/3 2179/507/3
f 2252/163/3 2182/488/3 2181/505/3
f 2254/150/3 2184/493/3 2183/503/3
f 2256/137/3 2186/495/3 2185/498/3
f 2258/125/3 2188/496/3 2187/491/3
f 2260/111/3 2190/497/3 2189/482/3
f 2262/98/3 2192/500/3 2191/473/3
f 2264/27/3 2194/501/3 2193/464/3
f 2266/275/3 2196/460/3 2195/517/3
f 2233/502/10 2265/502/10 2195/517/10
f 2202/454/10 2235/454/10 2165/462/10
f 2205/467/10 2237/467/10 2167/511/10
f 2207/469/10 2239/469/10 2169/512/10
f 2209/471/10 2241/471/10 2171/513/10
f 2211/476/10 2243/476/10 2173/514/10
f 2213/478/10 2245/516/10 2175/515/10
f 2317/350/1 2176/479/1 2144/479/1
f 2315/351/1 2174/477/1 2142/477/1
f 2313/352/1 2172/475/1 2140/475/1
f 2311/353/1 2170/470/1 2138/470/1
f 2309/354/1 2168/468/1 2136/468/1
f 2307/355/1 2166/466/1 2134/466/1
f 2337/322/1 2196/460/1 2164/460/1
f 2319/348/1 2178/484/1 2146/484/1
f 2321/345/1 2180/486/1 2148/486/1
f 2323/342/1 2182/488/1 2150/488/1
f 2325/339/1 2184/493/1 2152/493/1
f 2327/336/1 2186/495/1 2154/495/1
f 2329/333/1 2188/496/1 2156/496/1
f 2331/330/1 2190/497/1 2158/497/1
f 2333/327/1 2192/500/1 2160/500/1
f 2335/324/1 2194/501/1 2162/501/1
f 2274/518/5 2133/540/5 2129/456/5
f 136/519/10 266/519/10 2245/516/10
f 134/520/10 264/520/10 2243/476/10
f 132/521/10 262/521/10 2241/471/10
f 130/522/10 260/522/10 2239/469/10
f 128/523/10 258/523/10 2237/467/10
f 24/524/10 254/524/10 2235/454/10
f 156/525/10 286/525/10 2265/502/10
f 287/274/3 2266/275/3 2265/502/3
f 285/26/3 2264/27/3 2263/465/3
f 283/97/3 2262/98/3 2261/474/3
f 281/110/3 2260/111/3 2259/483/3
f 279/124/3 2258/125/3 2257/492/3
f 277/136/3 2256/137/3 2255/499/3
f 275/149/3 2254/150/3 2253/504/3
f 273/162/3 2252/163/3 2251/506/3
f 271/173/3 2250/174/3 2249/508/3
f 269/184/3 2248/185/3 2247/510/3
f 267/286/3 2246/287/3 2245/516/3
f 265/284/3 2244/285/3 2243/476/3
f 263/282/3 2242/283/3 2241/471/3
f 261/280/3 2240/281/3 2239/469/3
f 259/278/3 2238/279/3 2237/467/3
f 257/276/3 2236/277/3 2235/454/3
f 138/534/10 268/534/10 2247/510/10
f 140/533/10 270/533/10 2249/508/10
f 142/532/10 272/532/10 2251/506/10
f 144/531/10 274/531/10 2253/504/10
f 156/525/3 2233/502/3 2232/27/3
f 154/526/3 2231/463/3 2230/98/3
f 146/530/10 276/530/10 2255/499/10
f 152/527/3 2229/472/3 2228/112/3
f 150/528/3 2227/481/3 2226/125/3
f 148/529/3 2225/490/3 2224/137/3
f 146/530/3 2223/494/3 2222/151/3
f 148/529/10 278/529/10 2257/492/10
f 144/531/3 2221/489/3 2220/163/3
f 142/532/3 2219/487/3 2218/174/3
f 140/533/3 2217/485/3 2216/185/3
f 150/528/10 280/528/10 2259/483/10
f 138/534/3 2215/480/3 2214/287/3
f 136/519/3 2213/478/3 2212/285/3
f 134/520/3 2211/476/3 2210/283/3
f 152/527/10 282/527/10 2261/474/10
f 132/521/3 2209/471/3 2208/281/3
f 130/522/3 2207/469/3 2206/279/3
f 128/523/3 2205/467/3 2204/277/3
f 154/526/10 284/526/10 2263/465/10
f 15/524/7 24/524/7 2202/454/7
f 25/535/3 2201/461/3 2234/275/3
f 2480/537/2 2481/536/2 1994/536/2
f 12/538/1 2267/457/1 2199/21/1
f 15/524/3 2198/454/3 2267/455/3
f 2176/479/1 2246/287/1 2214/287/1
f 2174/477/1 2244/285/1 2212/285/1
f 2172/475/1 2242/283/1 2210/283/1
f 2170/470/1 2240/281/1 2208/281/1
f 2168/468/1 2238/279/1 2206/279/1
f 2166/466/1 2236/277/1 2204/277/1
f 2196/460/1 2266/275/1 2234/275/1
f 2178/484/1 2248/185/1 2216/185/1
f 2180/486/1 2250/174/1 2218/174/1
f 2182/488/1 2252/163/1 2220/163/1
f 2184/493/1 2254/150/1 2222/151/1
f 2186/495/1 2256/137/1 2224/137/1
f 2188/496/1 2258/125/1 2226/125/1
f 2190/497/1 2260/111/1 2228/112/1
f 2192/500/1 2262/98/1 2230/98/1
f 2194/501/1 2264/27/1 2232/27/1
f 2133/540/5 2203/21/5 2199/21/5
f 1994/536/5 2274/518/5 2270/393/5
f 2055/367/1 2335/324/1 2303/324/1
f 2053/368/1 2333/327/1 2301/369/1
f 2051/371/1 2331/330/1 2299/373/1
f 2049/374/1 2329/333/1 2297/333/1
f 2047/376/1 2327/336/1 2295/379/1
f 2045/365/1 2325/339/1 2293/380/1
f 2043/363/1 2323/342/1 2291/381/1
f 2041/541/1 2321/345/1 2289/383/1
f 2039/357/1 2319/348/1 2287/384/1
f 2057/317/1 2337/322/1 2305/322/1
f 2027/312/1 2307/355/1 2275/355/1
f 2029/307/1 2309/354/1 2277/354/1
f 2031/302/1 2311/353/1 2279/353/1
f 2033/297/1 2313/352/1 2281/352/1
f 2035/292/1 2315/351/1 2283/387/1
f 2037/288/1 2317/350/1 2285/385/1
f 2128/462/3 2269/314/3 2268/395/3
f 2197/542/1 2268/392/1 2270/393/1
f 2133/540/1 2274/518/1 2271/543/1
f 2131/544/3 2272/389/3 2305/322/3
f 2128/462/7 2132/462/7 2273/314/7
f 2161/464/10 2193/464/10 2334/325/10
f 2135/511/3 2276/309/3 2275/355/3
f 2137/512/3 2278/304/3 2277/354/3
f 2139/513/3 2280/299/3 2279/353/3
f 2159/473/10 2191/473/10 2332/328/10
f 2141/514/3 2282/294/3 2281/352/3
f 2143/515/3 2284/290/3 2283/387/3
f 2145/509/3 2286/356/3 2285/385/3
f 2157/482/10 2189/482/10 2330/331/10
f 2147/507/3 2288/359/3 2287/384/3
f 2149/505/3 2290/362/3 2289/383/3
f 2151/503/3 2292/340/3 2291/381/3
f 2155/491/10 2187/491/10 2328/334/10
f 2153/498/3 2294/370/3 2293/380/3
f 2155/491/3 2296/378/3 2295/379/3
f 2157/482/3 2298/375/3 2297/333/3
f 2159/473/3 2300/372/3 2299/373/3
f 2153/498/10 2185/498/10 2326/337/10
f 2161/464/3 2302/325/3 2301/369/3
f 2163/517/3 2304/319/3 2303/324/3
f 2151/503/10 2183/503/10 2324/340/10
f 2149/505/10 2181/505/10 2322/343/10
f 2147/507/10 2179/507/10 2320/346/10
f 2145/509/10 2177/509/10 2318/349/10
f 2166/466/3 2307/355/3 2306/316/3
f 2168/468/3 2309/354/3 2308/311/3
f 2170/470/3 2311/353/3 2310/306/3
f 2172/475/3 2313/352/3 2312/301/3
f 2174/477/3 2315/351/3 2314/296/3
f 2176/479/3 2317/350/3 2316/290/3
f 2178/484/3 2319/348/3 2318/349/3
f 2180/486/3 2321/345/3 2320/346/3
f 2182/488/3 2323/342/3 2322/343/3
f 2184/493/3 2325/339/3 2324/340/3
f 2186/495/3 2327/336/3 2326/337/3
f 2188/496/3 2329/333/3 2328/334/3
f 2190/497/3 2331/330/3 2330/331/3
f 2192/500/3 2333/327/3 2332/328/3
f 2194/501/3 2335/324/3 2334/325/3
f 2196/460/3 2337/322/3 2336/321/3
f 2163/517/10 2195/517/10 2336/321/10
f 2132/462/10 2165/462/10 2306/316/10
f 2135/511/10 2167/511/10 2308/311/10
f 2137/512/10 2169/512/10 2310/306/10
f 2139/513/10 2171/513/10 2312/301/10
f 2141/514/10 2173/514/10 2314/296/10
f 2143/515/10 2175/515/10 2316/290/10
f 1988/315/3 2338/425/3 2407/452/3
f 1990/545/1 2407/450/1 2339/397/1
f 1994/536/1 2343/396/1 2340/449/1
f 1992/546/3 2341/447/3 2374/318/3
f 1988/315/7 1993/315/7 2342/425/7
f 2022/323/10 2054/323/10 2403/430/10
f 1996/310/3 2345/423/3 2344/313/3
f 1998/305/3 2347/421/3 2346/308/3
f 2000/300/3 2349/419/3 2348/303/3
f 2020/326/10 2052/326/10 2401/432/10
f 2002/295/3 2351/417/3 2350/298/3
f 2004/291/3 2353/415/3 2352/293/3
f 2006/347/3 2355/446/3 2354/289/3
f 2018/329/10 2050/329/10 2399/434/10
f 2008/344/3 2357/444/3 2356/358/3
f 2010/341/3 2359/442/3 2358/361/3
f 2012/338/3 2361/440/3 2360/364/3
f 2016/332/10 2048/332/10 2397/436/10
f 2014/335/3 2363/438/3 2362/366/3
f 2016/332/3 2365/436/3 2364/377/3
f 2018/329/3 2367/434/3 2366/382/3
f 2020/326/3 2369/432/3 2368/386/3
f 2014/335/10 2046/335/10 2395/438/10
f 2022/323/3 2371/430/3 2370/388/3
f 2024/320/3 2373/427/3 2372/390/3
f 2012/338/10 2044/338/10 2393/440/10
f 2010/341/10 2042/341/10 2391/442/10
f 2008/344/10 2040/344/10 2389/444/10
f 2006/347/10 2038/347/10 2387/446/10
f 2027/312/3 2376/313/3 2375/425/3
f 2029/307/3 2378/308/3 2377/423/3
f 2031/302/3 2380/303/3 2379/421/3
f 2033/297/3 2382/298/3 2381/419/3
f 2035/292/3 2384/293/3 2383/417/3
f 2037/288/3 2386/289/3 2385/415/3
f 2039/357/3 2388/358/3 2387/446/3
f 2041/541/3 2390/361/3 2389/444/3
f 2043/363/3 2392/364/3 2391/442/3
f 2045/365/3 2394/366/3 2393/440/3
f 2047/376/3 2396/377/3 2395/438/3
f 2049/374/3 2398/382/3 2397/436/3
f 2051/371/3 2400/386/3 2399/434/3
f 2053/368/3 2402/388/3 2401/432/3
f 2055/367/3 2404/390/3 2403/430/3
f 2057/317/3 2406/318/3 2405/427/3
f 2024/320/10 2056/320/10 2405/427/10
f 1993/315/10 2026/315/10 2375/425/10
f 1996/310/10 2028/310/10 2377/423/10
f 1998/305/10 2030/305/10 2379/421/10
f 2000/300/10 2032/300/10 2381/419/10
f 2002/295/10 2034/295/10 2383/417/10
f 2004/291/10 2036/291/10 2385/415/10
f 2064/547/5 2343/396/5 2339/397/5
f 2125/399/1 2404/390/1 2372/390/1
f 2123/400/1 2402/388/1 2370/388/1
f 2121/401/1 2400/386/1 2368/386/1
f 2119/402/1 2398/382/1 2366/382/1
f 2117/403/1 2396/377/1 2364/377/1
f 2115/404/1 2394/366/1 2362/366/1
f 2113/405/1 2392/364/1 2360/364/1
f 2111/406/1 2390/361/1 2358/361/1
f 2109/407/1 2388/358/1 2356/358/1
f 2127/408/1 2406/318/1 2374/318/1
f 2097/409/1 2376/313/1 2344/313/1
f 2099/410/1 2378/308/1 2346/308/1
f 2101/411/1 2380/303/1 2348/303/1
f 2103/412/1 2382/298/1 2350/298/1
f 2105/413/1 2384/293/1 2352/293/1
f 2107/414/1 2386/289/1 2354/289/1
f 1967/113/1 2457/115/1 2425/115/1
f 1965/107/1 2455/109/1 2423/109/1
f 1963/104/1 2453/106/1 2421/106/1
f 1961/99/1 2451/101/1 2419/101/1
f 1959/94/1 2449/96/1 2417/96/1
f 1957/91/1 2447/93/1 2415/93/1
f 1987/13/1 2477/31/1 2445/31/1
f 1969/118/1 2459/120/1 2427/120/1
f 1971/121/1 2461/123/1 2429/123/1
f 1973/126/1 2463/128/1 2431/128/1
f 1975/131/1 2465/133/1 2433/133/1
f 1977/134/1 2467/135/1 2435/135/1
f 1979/138/1 2469/139/1 2437/139/1
f 1981/141/1 2471/272/1 2439/142/1
f 1983/144/1 2473/273/1 2441/145/1
f 1985/146/1 2475/148/1 2443/148/1
f 1705/3/5 2414/28/5 2410/25/5
f 2074/416/10 2106/416/10 2456/271/10
f 2072/418/10 2104/418/10 2454/105/10
f 2070/420/10 2102/420/10 2452/100/10
f 2068/422/10 2100/422/10 2450/95/10
f 2066/424/10 2098/424/10 2448/92/10
f 2063/426/10 2096/426/10 2446/33/10
f 2094/428/10 2126/428/10 2476/147/10
f 2127/408/3 2477/31/3 2476/147/3
f 2125/399/3 2475/148/3 2474/89/3
f 2123/400/3 2473/273/3 2472/102/3
f 2121/401/3 2471/272/3 2470/116/3
f 2119/402/3 2469/139/3 2468/129/3
f 2117/403/3 2467/135/3 2466/132/3
f 2115/404/3 2465/133/3 2464/157/3
f 2113/405/3 2463/128/3 2462/122/3
f 2111/406/3 2461/123/3 2460/119/3
f 2109/407/3 2459/120/3 2458/191/3
f 2107/414/3 2457/115/3 2456/271/3
f 2105/413/3 2455/109/3 2454/105/3
f 2103/412/3 2453/106/3 2452/100/3
f 2101/411/3 2451/101/3 2450/95/3
f 2099/410/3 2449/96/3 2448/92/3
f 2097/409/3 2447/93/3 2446/33/3
f 2076/445/10 2108/445/10 2458/191/10
f 2078/443/10 2110/443/10 2460/119/10
f 2080/441/10 2112/441/10 2462/122/10
f 2082/548/10 2114/439/10 2464/157/10
f 2094/428/3 2444/147/3 2443/148/3
f 2092/429/3 2442/89/3 2441/145/3
f 2084/437/10 2116/437/10 2466/132/10
f 2090/431/3 2440/102/3 2439/142/3
f 2088/433/3 2438/116/3 2437/139/3
f 2086/435/3 2436/129/3 2435/135/3
f 2084/437/3 2434/132/3 2433/133/3
f 2086/435/10 2118/435/10 2468/129/10
f 2082/548/3 2432/127/3 2431/128/3
f 2080/441/3 2430/122/3 2429/123/3
f 2078/443/3 2428/119/3 2427/120/3
f 2088/433/10 2120/433/10 2470/116/10
f 2076/445/3 2426/114/3 2425/115/3
f 2074/416/3 2424/108/3 2423/109/3
f 2072/418/3 2422/105/3 2421/106/3
f 2090/431/10 2122/431/10 2472/102/10
f 2070/420/3 2420/100/3 2419/101/3
f 2068/422/3 2418/95/3 2417/96/3
f 2066/424/3 2416/92/3 2415/93/3
f 2092/429/10 2124/429/10 2474/89/10
f 2059/426/7 2063/426/7 2413/33/7
f 2062/549/3 2412/30/3 2445/31/3
f 2482/29/2 2484/28/2 2414/28/2
f 2058/550/1 2408/24/1 2410/25/1
f 2059/426/3 2409/22/3 2408/23/3
f 2487/518/1 2481/536/1 2480/537/1
f 871/20/1 2479/21/1 2478/459/1
f 2485/547/1 2484/28/1 2482/29/1
f 2484/28/11 2485/547/11 2064/547/11
f 2478/459/2 2479/21/2 2203/21/2
f 2487/518/12 2486/543/12 2271/543/12
f 2485/547/12 2483/448/12 2061/448/12
f 2481/536/11 2487/518/11 2274/518/11
f 2490/1/1 2488/1672/1 2492/2/1
f 2489/945/12 2488/1676/12 2490/944/12
f 2488/553/11 2489/555/11 2493/552/11
f 2491/946/9 2490/944/9 2501/944/9
f 2494/3/14 2502/3/14 2501/1/14
f 2491/946/17 2500/946/17 2495/945/17
f 2493/552/15 2489/555/15 2495/555/15
f 2494/3/18 2492/2/18 2503/2/18
f 2493/552/4 2499/552/4 2503/554/4
f 2539/557/11 2496/1675/11 2498/556/11
f 2509/947/12 2495/945/12 2500/946/12
f 2498/556/4 2505/556/4 2663/558/4
f 2500/946/12 2501/944/12 1687/949/12
f 1687/18/1 2501/1/1 2502/3/1
f 888/20/14 906/20/14 2939/21/14
f 2503/554/11 2499/552/11 3143/559/11
f 1686/950/17 1702/950/17 2507/946/17
f 2502/3/1 2503/2/1 3142/24/1
f 1029/562/1 1126/562/1 3000/561/1
f 1698/19/1 2508/3/1 3147/28/1
f 2663/558/11 2505/556/11 3145/563/11
f 2570/948/9 2500/946/9 2507/946/9
f 3143/559/15 2499/552/15 2506/552/15
f 1688/19/18 2502/3/18 2508/3/18
f 2497/951/9 2540/953/9 2602/952/9
f 2540/953/9 2541/954/9 2603/954/9
f 2541/954/9 2542/956/9 2604/955/9
f 2542/956/9 2543/958/9 2605/957/9
f 2543/958/9 2544/960/9 2606/959/9
f 2544/960/9 2545/962/9 2607/961/9
f 2545/962/9 2546/964/9 2608/963/9
f 2546/964/9 2547/966/9 2609/965/9
f 2547/966/9 2548/968/9 2610/967/9
f 2548/968/9 2549/970/9 2611/969/9
f 2549/970/9 2550/972/9 2612/971/9
f 2550/972/9 2551/974/9 2613/973/9
f 2551/974/9 2552/975/9 2614/975/9
f 2552/975/9 2553/977/9 2615/976/9
f 2553/977/9 2554/979/9 2616/978/9
f 2554/979/9 2555/981/9 2617/980/9
f 2555/981/9 2556/983/9 2618/982/9
f 2556/983/9 2557/984/9 2619/984/9
f 2557/984/9 2558/986/9 2620/985/9
f 2558/986/9 2559/988/9 2621/987/9
f 2559/988/9 2560/990/9 2622/989/9
f 2560/990/9 2561/991/9 2623/991/9
f 2561/991/9 2562/992/9 2624/992/9
f 2562/992/9 2563/993/9 2625/993/9
f 2563/993/9 2564/995/9 2626/994/9
f 2564/995/9 2565/997/9 2627/996/9
f 2565/997/9 2566/999/9 2628/998/9
f 2566/999/9 2567/1001/9 2629/1000/9
f 2567/1001/9 2568/1003/9 2630/1002/9
f 2568/1003/9 2569/1005/9 2631/1004/9
f 2569/1005/9 2570/948/9 2632/1006/9
f 3175/565/10 2660/566/10 2724/566/10
f 2633/568/11 2634/638/11 3149/567/11
f 2619/984/9 2684/984/9 2683/982/9
f 2635/571/11 2636/641/11 3151/570/11
f 1027/574/1 1124/574/1 2998/573/1
f 2637/576/11 2638/644/11 3153/575/11
f 3173/578/10 2658/579/10 2722/579/10
f 2639/581/11 2640/646/11 3155/580/11
f 2617/980/9 2682/980/9 2681/978/9
f 2641/584/11 2642/647/11 3157/583/11
f 1025/587/1 1122/587/1 2996/586/1
f 2643/590/11 2644/637/11 3159/589/11
f 3171/592/10 2656/593/10 2720/593/10
f 2645/595/11 2646/634/11 3161/594/11
f 2615/976/9 2680/976/9 2679/975/9
f 2647/598/11 2648/631/11 3163/597/11
f 1023/601/1 1120/601/1 2994/600/1
f 2649/603/11 2650/628/11 3165/602/11
f 3169/605/10 2654/606/10 2718/606/10
f 2651/608/11 2652/619/11 3167/607/11
f 2613/973/9 2678/973/9 2677/971/9
f 2653/610/11 2654/606/11 3169/605/11
f 1021/613/1 1118/613/1 2992/612/1
f 2655/614/11 2656/593/11 3171/592/11
f 2663/558/4 2727/558/4 2726/616/4
f 2657/617/11 2658/579/11 3173/578/11
f 3167/607/10 2652/619/10 2716/619/10
f 2659/620/11 2660/566/11 3175/565/11
f 2611/969/9 2676/969/9 2675/967/9
f 2661/623/11 2662/616/11 3177/622/11
f 1019/626/1 1116/626/1 2990/625/1
f 2504/951/12 2602/952/12 1799/1007/12
f 2661/623/4 2725/623/4 2724/566/4
f 2603/954/12 2604/955/12 1801/1009/12
f 3165/602/10 2650/628/10 2714/628/10
f 2605/957/12 2606/959/12 1803/1011/12
f 2609/965/9 2674/965/9 2673/963/9
f 2607/961/12 2608/963/12 1805/1013/12
f 1017/630/1 1114/630/1 2988/629/1
f 2609/965/12 2610/967/12 1807/1015/12
f 2659/620/4 2723/620/4 2722/579/4
f 2611/969/12 2612/971/12 1809/1017/12
f 3163/597/10 2648/631/10 2712/631/10
f 2613/973/12 2614/975/12 1811/1019/12
f 2607/961/9 2672/961/9 2671/959/9
f 2615/976/12 2616/978/12 1813/1021/12
f 1015/633/1 1112/633/1 2986/632/1
f 2617/980/12 2618/982/12 1815/1023/12
f 2657/617/4 2721/617/4 2720/593/4
f 2619/984/12 2620/985/12 1817/1025/12
f 3161/594/10 2646/634/10 2710/634/10
f 2621/987/12 2622/989/12 1819/1027/12
f 2605/957/9 2670/957/9 2669/955/9
f 2623/991/12 2624/992/12 1821/1029/12
f 1013/636/1 1110/636/1 2984/635/1
f 2625/993/12 2626/994/12 1823/1031/12
f 2655/614/4 2719/614/4 2718/606/4
f 2627/996/12 2628/998/12 1825/1033/12
f 3159/589/10 2644/637/10 2708/637/10
f 2629/1000/12 2630/1002/12 1827/1035/12
f 2603/954/9 2668/954/9 2667/952/9
f 2631/1004/12 2632/1006/12 1829/1037/12
f 2571/568/4 2633/568/4 2506/552/4
f 2572/638/4 2634/638/4 2633/568/4
f 2573/639/4 2635/571/4 2634/638/4
f 2574/640/4 2636/641/4 2635/571/4
f 2575/642/4 2637/576/4 2636/641/4
f 2576/643/4 2638/644/4 2637/576/4
f 2577/581/4 2639/581/4 2638/644/4
f 2578/645/4 2640/646/4 2639/581/4
f 2579/584/4 2641/584/4 2640/646/4
f 2580/647/4 2642/647/4 2641/584/4
f 2581/590/4 2643/590/4 2642/647/4
f 2582/637/4 2644/637/4 2643/590/4
f 2583/595/4 2645/595/4 2644/637/4
f 2584/634/4 2646/634/4 2645/595/4
f 2585/598/4 2647/598/4 2646/634/4
f 2586/631/4 2648/631/4 2647/598/4
f 2587/603/4 2649/603/4 2648/631/4
f 2588/648/4 2650/628/4 2649/603/4
f 2589/608/4 2651/608/4 2650/628/4
f 2590/619/4 2652/619/4 2651/608/4
f 2591/610/4 2653/610/4 2652/619/4
f 2592/606/4 2654/606/4 2653/610/4
f 2593/614/4 2655/614/4 2654/606/4
f 2594/593/4 2656/593/4 2655/614/4
f 2595/649/4 2657/617/4 2656/593/4
f 2596/650/4 2658/579/4 2657/617/4
f 2597/651/4 2659/620/4 2658/579/4
f 2598/566/4 2660/566/4 2659/620/4
f 2599/652/4 2661/623/4 2660/566/4
f 2600/616/4 2662/616/4 2661/623/4
f 2601/558/4 2663/558/4 2662/616/4
f 2496/1039/12 2539/1040/12 2540/953/12
f 2539/1040/12 2538/1041/12 2541/954/12
f 2538/1041/12 2537/1042/12 2542/956/12
f 2537/1042/12 2536/1043/12 2543/958/12
f 2536/1043/12 2535/1044/12 2544/960/12
f 2535/1044/12 2534/1045/12 2545/962/12
f 2534/1045/12 2533/1046/12 2546/964/12
f 2533/1046/12 2532/1047/12 2547/966/12
f 2532/1047/12 2531/1048/12 2548/968/12
f 2531/1048/12 2530/1049/12 2549/970/12
f 2530/1049/12 2529/1050/12 2550/972/12
f 2529/1050/12 2528/1051/12 2551/974/12
f 2528/1051/12 2527/1052/12 2552/975/12
f 2527/1052/12 2526/1053/12 2553/977/12
f 2526/1053/12 2525/1054/12 2554/979/12
f 2525/1054/12 2524/1055/12 2555/981/12
f 2524/1055/12 2523/1056/12 2556/983/12
f 2523/1056/12 2522/1057/12 2557/984/12
f 2522/1057/12 2521/1058/12 2558/986/12
f 2521/1058/12 2520/1059/12 2559/988/12
f 2520/1059/12 2519/1060/12 2560/990/12
f 2519/1060/12 2518/1061/12 2561/991/12
f 2518/1061/12 2517/1062/12 2562/992/12
f 2517/1062/12 2516/1063/12 2563/993/12
f 2516/1063/12 2515/1065/12 2564/995/12
f 2564/995/12 2515/1065/12 2514/1064/12
f 2565/997/12 2514/1064/12 2513/1066/12
f 2566/999/12 2513/1066/12 2512/1067/12
f 2512/1067/12 2511/1068/12 2568/1003/12
f 2511/1068/12 2510/1069/12 2569/1005/12
f 2510/1069/12 2509/947/12 2570/948/12
f 2495/555/11 2509/654/11 2571/568/11
f 2509/654/11 2510/655/11 2572/638/11
f 2510/655/11 2511/656/11 2573/639/11
f 2511/656/11 2512/657/11 2574/640/11
f 2512/657/11 2513/658/11 2575/642/11
f 2513/658/11 2514/659/11 2576/643/11
f 2514/659/11 2515/660/11 2577/581/11
f 2515/660/11 2516/661/11 2578/645/11
f 2516/661/11 2517/662/11 2579/584/11
f 2517/662/11 2518/663/11 2580/647/11
f 2518/663/11 2519/664/11 2581/590/11
f 2519/664/11 2520/665/11 2582/637/11
f 2520/665/11 2521/666/11 2583/595/11
f 2521/666/11 2522/667/11 2584/634/11
f 2522/667/11 2523/668/11 2585/598/11
f 2523/668/11 2524/669/11 2586/631/11
f 2524/669/11 2525/670/11 2587/603/11
f 2525/670/11 2526/671/11 2588/648/11
f 2526/671/11 2527/672/11 2589/608/11
f 2527/672/11 2528/673/11 2590/619/11
f 2528/673/11 2529/674/11 2591/610/11
f 2529/674/11 2530/675/11 2592/606/11
f 2530/675/11 2531/676/11 2593/614/11
f 2531/676/11 2532/677/11 2594/593/11
f 2532/677/11 2533/678/11 2595/649/11
f 2533/678/11 2534/679/11 2596/650/11
f 2534/679/11 2535/680/11 2597/651/11
f 2535/680/11 2536/681/11 2598/566/11
f 2536/681/11 2537/682/11 2599/652/11
f 2537/682/11 2538/683/11 2600/616/11
f 2538/683/11 2539/557/11 2601/558/11
f 2666/1006/12 2665/946/12 1893/950/12
f 2664/552/11 2697/568/11 3180/569/11
f 2698/638/11 2699/571/11 3182/572/11
f 2700/641/11 2701/576/11 3184/577/11
f 2702/644/11 2703/581/11 3186/582/11
f 2704/646/11 2705/584/11 3188/585/11
f 2706/647/11 2707/590/11 3190/591/11
f 2708/637/11 2709/595/11 3192/596/11
f 2710/634/11 2711/598/11 3194/599/11
f 2712/631/11 2713/603/11 3196/604/11
f 2714/628/11 2715/608/11 3198/609/11
f 2716/619/11 2717/610/11 3200/611/11
f 2718/606/11 2719/614/11 3202/615/11
f 2720/593/11 2721/617/11 3204/688/11
f 2722/579/11 2723/620/11 3206/689/11
f 2724/566/11 2725/623/11 3208/624/11
f 2726/616/11 2727/558/11 3210/564/11
f 2667/952/12 2668/954/12 1898/1010/12
f 2669/955/12 2670/957/12 1900/1012/12
f 2671/959/12 2672/961/12 1902/1014/12
f 2673/963/12 2674/965/12 1904/1016/12
f 2675/967/12 2676/969/12 1906/1018/12
f 2677/971/12 2678/973/12 1908/1020/12
f 2679/975/12 2680/976/12 1910/1022/12
f 2681/978/12 2682/980/12 1912/1024/12
f 2683/982/12 2684/984/12 1914/1026/12
f 2685/985/12 2686/987/12 1916/1028/12
f 2687/989/12 2688/991/12 1918/1030/12
f 2689/992/12 2690/993/12 1920/1032/12
f 2691/994/12 2692/996/12 1922/1034/12
f 2693/998/12 2694/1000/12 1924/1036/12
f 2695/1002/12 2696/1004/12 1926/1038/12
f 2621/987/9 2686/987/9 2685/985/9
f 3177/622/10 2662/616/10 2726/616/10
f 1031/691/1 1128/691/1 3002/690/1
f 2623/991/9 2688/991/9 2687/989/9
f 1799/1007/1 2602/952/1 2667/952/1
f 1800/1010/10 1898/1010/10 2668/954/10
f 2625/993/9 2690/993/9 2689/992/9
f 1801/1009/1 2604/955/1 2669/955/1
f 1802/1012/10 1900/1012/10 2670/957/10
f 2627/996/9 2692/996/9 2691/994/9
f 1803/1011/1 2606/959/1 2671/959/1
f 1804/1014/10 1902/1014/10 2672/961/10
f 2629/1000/9 2694/1000/9 2693/998/9
f 1805/1013/1 2608/963/1 2673/963/1
f 1806/1016/10 1904/1016/10 2674/965/10
f 2631/1004/9 2696/1004/9 2695/1002/9
f 1807/1015/1 2610/967/1 2675/967/1
f 1808/1018/10 1906/1018/10 2676/969/10
f 2633/568/4 2697/568/4 2664/552/4
f 1809/1017/1 2612/971/1 2677/971/1
f 1810/1020/10 1908/1020/10 2678/973/10
f 2635/571/4 2699/571/4 2698/638/4
f 1811/1019/1 2614/975/1 2679/975/1
f 1812/1022/10 1910/1022/10 2680/976/10
f 2637/576/4 2701/576/4 2700/641/4
f 1813/1021/1 2616/978/1 2681/978/1
f 1814/1024/10 1912/1024/10 2682/980/10
f 2639/581/4 2703/581/4 2702/644/4
f 1815/1023/1 2618/982/1 2683/982/1
f 1816/1026/10 1914/1026/10 2684/984/10
f 2641/584/4 2705/584/4 2704/646/4
f 1817/1025/1 2620/985/1 2685/985/1
f 3146/684/10 2506/552/10 2664/552/10
f 1818/1028/10 1916/1028/10 2686/987/10
f 1702/950/10 1893/950/10 2665/946/10
f 2643/590/4 2707/590/4 2706/647/4
f 1819/1027/1 2622/989/1 2687/989/1
f 1001/693/1 1098/693/1 2972/692/1
f 1820/1030/10 1918/1030/10 2688/991/10
f 2507/946/9 2665/946/9 2666/1006/9
f 3149/567/10 2634/638/10 2698/638/10
f 2645/595/4 2709/595/4 2708/637/4
f 1821/1029/1 2624/992/1 2689/992/1
f 1003/695/1 1100/695/1 2974/694/1
f 1822/1032/10 1920/1032/10 2690/993/10
f 3151/570/10 2636/641/10 2700/641/10
f 2647/598/4 2711/598/4 2710/634/4
f 1823/1031/1 2626/994/1 2691/994/1
f 1005/697/1 1102/697/1 2976/696/1
f 1824/1034/10 1922/1034/10 2692/996/10
f 3153/575/10 2638/644/10 2702/644/10
f 2649/603/4 2713/603/4 2712/631/4
f 1825/1033/1 2628/998/1 2693/998/1
f 1007/699/1 1104/699/1 2978/698/1
f 1826/1036/10 1924/1036/10 2694/1000/10
f 3155/580/10 2640/646/10 2704/646/10
f 2651/608/4 2715/608/4 2714/628/4
f 1827/1035/1 2630/1002/1 2695/1002/1
f 1009/701/1 1106/701/1 2980/700/1
f 1828/1038/10 1926/1038/10 2696/1004/10
f 3157/583/10 2642/647/10 2706/647/10
f 2653/610/4 2717/610/4 2716/619/4
f 1829/1037/1 2632/1006/1 2666/1006/1
f 1011/703/1 1108/703/1 2982/702/1
f 2744/705/1 2776/705/1 3120/704/1
f 3019/706/10 2743/707/10 2775/707/10
f 2742/709/1 2774/709/1 3118/708/1
f 3017/710/10 2741/711/10 2773/711/10
f 2740/713/1 2772/713/1 3116/712/1
f 3015/714/10 2739/715/10 2771/715/10
f 2738/717/1 2770/717/1 3114/716/1
f 3013/718/10 2737/719/10 2769/719/10
f 2736/721/1 2768/721/1 3112/720/1
f 3011/722/10 2735/723/10 2767/723/10
f 2734/725/1 2766/725/1 3110/724/1
f 3008/726/10 2732/727/10 2765/727/10
f 2764/729/1 2796/729/1 3140/728/1
f 3039/730/10 2763/731/10 2795/731/10
f 2795/731/11 2796/729/11 3072/732/11
f 2793/735/11 2794/783/11 3070/734/11
f 2791/738/11 2792/784/11 3068/737/11
f 2789/741/11 2790/788/11 3066/740/11
f 2787/744/11 2788/791/11 3064/743/11
f 2785/747/11 2786/793/11 3062/746/11
f 2783/750/11 2784/782/11 3060/749/11
f 2781/753/11 2782/780/11 3058/752/11
f 2779/756/11 2780/940/11 3056/755/11
f 2777/759/11 2778/774/11 3054/758/11
f 2775/707/11 2776/705/11 3052/761/11
f 2773/711/11 2774/709/11 3050/762/11
f 2771/715/11 2772/713/11 3048/764/11
f 2769/719/11 2770/717/11 3046/766/11
f 2767/723/11 2768/721/11 3044/768/11
f 2765/727/11 2766/725/11 3042/770/11
f 3021/772/10 2745/759/10 2777/759/10
f 2746/774/1 2778/774/1 3122/773/1
f 3023/775/10 2747/756/10 2779/756/10
f 2748/777/1 2780/940/1 3124/776/1
f 3025/778/10 2749/753/10 2781/753/10
f 2750/780/1 2782/780/1 3126/779/1
f 3027/751/10 2751/750/10 2783/750/10
f 2752/782/1 2784/782/1 3128/781/1
f 2762/783/11 2763/731/11 3039/730/11
f 2760/784/11 2761/735/11 3037/736/11
f 3029/786/10 2753/747/10 2785/747/10
f 2758/788/11 2759/738/11 3035/787/11
f 2756/791/11 2757/741/11 3033/790/11
f 2754/793/1 2786/793/1 3130/792/1
f 2754/793/11 2755/744/11 3031/794/11
f 2752/782/11 2753/747/11 3029/786/11
f 3031/794/10 2755/744/10 2787/744/10
f 2750/780/11 2751/750/11 3027/751/11
f 2756/791/1 2788/791/1 3132/798/1
f 2748/777/11 2749/753/11 3025/778/11
f 2746/774/11 2747/756/11 3023/775/11
f 3033/790/10 2757/741/10 2789/741/10
f 2744/705/11 2745/759/11 3021/772/11
f 2758/788/1 2790/788/1 3134/802/1
f 2742/709/11 2743/707/11 3019/706/11
f 2740/713/11 2741/711/11 3017/710/11
f 3035/787/10 2759/738/10 2791/738/10
f 2738/717/11 2739/715/11 3015/714/11
f 2760/784/1 2792/784/1 3136/804/1
f 2736/721/11 2737/719/11 3013/718/11
f 2734/725/11 2735/723/11 3011/722/11
f 3037/736/10 2761/735/10 2793/735/10
f 3005/726/15 2728/727/15 2732/727/15
f 2764/729/11 2731/942/11 3007/805/11
f 906/20/3 1673/20/3 3211/21/3
f 2762/783/1 2794/783/1 3138/806/1
f 2729/391/1 2730/545/1 3004/392/1
f 2730/807/11 2728/727/11 3005/726/11
f 2729/391/14 2733/536/14 3077/396/14
f 2799/398/14 2802/547/14 3147/28/14
f 2831/809/1 2863/809/1 3208/624/1
f 2829/810/1 2861/810/1 3206/689/1
f 2827/811/1 2859/811/1 3204/688/1
f 2825/812/1 2857/812/1 3202/615/1
f 2823/813/1 2855/813/1 3200/611/1
f 2821/814/1 2853/814/1 3198/609/1
f 2819/815/1 2851/815/1 3196/604/1
f 2817/816/1 2849/816/1 3194/599/1
f 2815/817/1 2847/817/1 3192/596/1
f 2833/818/1 2865/818/1 3210/564/1
f 2803/819/1 2835/819/1 3180/569/1
f 2805/820/1 2837/820/1 3182/572/1
f 2807/821/1 2839/821/1 3184/577/1
f 2809/822/1 2841/822/1 3186/582/1
f 2811/823/1 2843/823/1 3188/585/1
f 2813/824/1 2845/824/1 3190/591/1
f 3087/825/10 2812/826/10 2844/826/10
f 3085/827/10 2810/828/10 2842/828/10
f 3083/829/10 2808/830/10 2840/830/10
f 3081/831/10 2806/832/10 2838/832/10
f 3079/833/10 2804/834/10 2836/834/10
f 3076/835/10 2801/836/10 2834/836/10
f 3107/837/10 2832/838/10 2864/838/10
f 2864/838/11 2865/818/11 3140/728/11
f 2862/839/11 2863/809/11 3138/806/11
f 2860/841/11 2861/810/11 3136/804/11
f 2858/843/11 2859/811/11 3134/802/11
f 2856/845/11 2857/812/11 3132/798/11
f 2854/847/11 2855/813/11 3130/792/11
f 2852/849/11 2853/814/11 3128/781/11
f 2850/851/11 2851/815/11 3126/779/11
f 2848/853/11 2849/816/11 3124/776/11
f 2846/855/11 2847/817/11 3122/773/11
f 2844/826/11 2845/824/11 3120/704/11
f 2842/828/11 2843/823/11 3118/708/11
f 2840/830/11 2841/822/11 3116/712/11
f 2838/832/11 2839/821/11 3114/716/11
f 2836/834/11 2837/820/11 3112/720/11
f 2834/836/11 2835/819/11 3110/724/11
f 3089/856/10 2814/855/10 2846/855/10
f 3091/854/10 2816/853/10 2848/853/10
f 3093/852/10 2818/851/10 2850/851/10
f 3095/850/10 2820/857/10 2852/849/10
f 2831/809/11 2832/838/11 3107/837/11
f 2829/810/11 2830/839/11 3105/840/11
f 3097/848/10 2822/847/10 2854/847/10
f 2827/811/11 2828/841/11 3103/842/11
f 2825/812/11 2826/843/11 3101/844/11
f 2823/813/11 2824/845/11 3099/846/11
f 2821/814/11 2822/847/11 3097/848/11
f 3099/846/10 2824/845/10 2856/845/10
f 2819/815/11 2820/857/11 3095/850/11
f 2817/816/11 2818/851/11 3093/852/11
f 2815/817/11 2816/853/11 3091/854/11
f 3101/844/10 2826/843/10 2858/843/10
f 2813/824/11 2814/855/11 3089/856/11
f 2811/823/11 2812/826/11 3087/825/11
f 2809/822/11 2810/828/11 3085/827/11
f 3103/842/10 2828/841/10 2860/841/10
f 2807/821/11 2808/830/11 3083/829/11
f 2805/820/11 2806/832/11 3081/831/11
f 2803/819/11 2804/834/11 3079/833/11
f 3105/840/10 2830/839/10 2862/839/10
f 3073/835/15 2798/836/15 2801/836/15
f 2833/818/11 2800/943/11 3075/858/11
f 2061/448/1 2802/547/1 3077/396/1
f 2799/398/1 2797/550/1 3141/450/1
f 2797/859/11 2798/836/11 3073/835/11
f 2934/862/11 2866/866/11 2935/861/11
f 2867/456/1 2934/542/1 3003/457/1
f 2130/458/1 2870/540/1 2939/21/1
f 2901/865/11 2868/941/11 2937/864/11
f 2935/861/15 2866/866/15 2869/866/15
f 2967/867/10 2898/868/10 2930/868/10
f 2871/870/11 2872/906/11 2941/869/11
f 2873/872/11 2874/907/11 2943/871/11
f 2875/874/11 2876/908/11 2945/873/11
f 2965/875/10 2896/876/10 2928/876/10
f 2877/878/11 2878/909/11 2947/877/11
f 2879/880/11 2880/910/11 2949/879/11
f 2881/882/11 2882/905/11 2951/881/11
f 2963/883/10 2894/884/10 2926/884/10
f 2883/886/11 2884/904/11 2953/885/11
f 2885/888/11 2886/903/11 2955/887/11
f 2887/890/11 2888/902/11 2957/889/11
f 2961/891/10 2892/892/10 2924/892/10
f 2889/894/11 2890/898/11 2959/893/11
f 2891/895/11 2892/892/11 2961/891/11
f 2893/896/11 2894/884/11 2963/883/11
f 2895/897/11 2896/876/11 2965/875/11
f 2959/893/10 2890/898/10 2922/898/10
f 2897/899/11 2898/868/11 2967/867/11
f 2899/901/11 2900/921/11 2969/900/11
f 2957/889/10 2888/902/10 2920/902/10
f 2955/887/10 2886/903/10 2918/903/10
f 2953/885/10 2884/904/10 2916/904/10
f 2951/881/10 2882/905/10 2914/905/10
f 2902/866/11 2903/870/11 2972/692/11
f 2904/906/11 2905/872/11 2974/694/11
f 2906/907/11 2907/874/11 2976/696/11
f 2908/908/11 2909/878/11 2978/698/11
f 2910/909/11 2911/880/11 2980/700/11
f 2912/910/11 2913/882/11 2982/702/11
f 2914/905/11 2915/886/11 2984/635/11
f 2916/904/11 2917/888/11 2986/632/11
f 2918/903/11 2919/890/11 2988/629/11
f 2920/902/11 2921/894/11 2990/625/11
f 2922/898/11 2923/895/11 2992/612/11
f 2924/892/11 2925/896/11 2994/600/11
f 2926/884/11 2927/897/11 2996/586/11
f 2928/876/11 2929/899/11 2998/573/11
f 2930/868/11 2931/901/11 3000/561/11
f 2932/921/11 2933/865/11 3002/690/11
f 2969/900/10 2900/921/10 2932/921/10
f 2938/861/10 2869/866/10 2902/866/10
f 2941/869/10 2872/906/10 2904/906/10
f 2943/871/10 2874/907/10 2906/907/10
f 2945/873/10 2876/908/10 2908/908/10
f 2947/877/10 2878/909/10 2910/909/10
f 2949/879/10 2880/910/10 2912/910/10
f 2881/882/1 2913/882/1 3052/761/1
f 2879/880/1 2911/880/1 3050/762/1
f 2877/878/1 2909/878/1 3048/764/1
f 2875/874/1 2907/874/1 3046/766/1
f 2873/872/1 2905/872/1 3044/768/1
f 2871/870/1 2903/870/1 3042/770/1
f 2901/865/1 2933/865/1 3072/732/1
f 2883/886/1 2915/886/1 3054/758/1
f 2885/888/1 2917/888/1 3056/755/1
f 2887/890/1 2919/890/1 3058/752/1
f 2889/894/1 2921/894/1 3060/749/1
f 2891/895/1 2923/895/1 3062/746/1
f 2893/896/1 2925/896/1 3064/743/1
f 2895/897/1 2927/897/1 3066/740/1
f 2897/899/1 2929/899/1 3068/737/1
f 2899/901/1 2931/901/1 3070/734/1
f 2867/456/14 2870/540/14 3009/518/14
f 1010/922/10 2949/879/10 2981/911/10
f 1008/923/10 2947/877/10 2979/877/10
f 1006/924/10 2945/873/10 2977/873/10
f 1004/925/10 2943/871/10 2975/871/10
f 1002/926/10 2941/869/10 2973/869/10
f 900/927/10 2938/861/10 2971/861/10
f 1030/928/10 2969/900/10 3001/900/10
f 3001/900/11 3002/690/11 1128/691/11
f 2999/920/11 3000/561/11 1126/562/11
f 2997/919/11 2998/573/11 1124/574/11
f 2995/918/11 2996/586/11 1122/587/11
f 2993/917/11 2994/600/11 1120/601/11
f 2991/916/11 2992/612/11 1118/613/11
f 2989/915/11 2990/625/11 1116/626/11
f 2987/914/11 2988/629/11 1114/630/11
f 2985/913/11 2986/632/11 1112/633/11
f 2983/912/11 2984/635/11 1110/636/11
f 2981/911/11 2982/702/11 1108/703/11
f 2979/877/11 2980/700/11 1106/701/11
f 2977/873/11 2978/698/11 1104/699/11
f 2975/871/11 2976/696/11 1102/697/11
f 2973/869/11 2974/694/11 1100/695/11
f 2971/861/11 2972/692/11 1098/693/11
f 1012/937/10 2951/881/10 2983/912/10
f 1014/936/10 2953/885/10 2985/913/10
f 1016/935/10 2955/887/10 2987/914/10
f 1018/934/10 2957/889/10 2989/915/10
f 2968/561/11 2969/900/11 1030/928/11
f 2966/573/11 2967/867/11 1028/929/11
f 1020/933/10 2959/893/10 2991/916/10
f 2964/588/11 2965/875/11 1026/930/11
f 2962/600/11 2963/883/11 1024/931/11
f 2960/612/11 2961/891/11 1022/932/11
f 2958/627/11 2959/893/11 1020/933/11
f 1022/932/10 2961/891/10 2993/917/10
f 2956/629/11 2957/889/11 1018/934/11
f 2954/632/11 2955/887/11 1016/935/11
f 2952/635/11 2953/885/11 1014/936/11
f 1024/931/10 2963/883/10 2995/918/10
f 2950/702/11 2951/881/11 1012/937/11
f 2948/700/11 2949/879/11 1010/922/11
f 2946/698/11 2947/877/11 1008/923/11
f 1026/930/10 2965/875/10 2997/919/10
f 2944/696/11 2945/873/11 1006/924/11
f 2942/694/11 2943/871/11 1004/925/11
f 2940/692/11 2941/869/11 1002/926/11
f 1028/929/10 2967/867/10 2999/920/10
f 892/927/15 2935/861/15 2938/861/15
f 2970/690/11 2937/864/11 901/938/11
f 2733/536/2 3212/536/2 2480/537/2
f 2936/21/1 3003/457/1 889/538/1
f 3003/863/11 2935/861/11 892/927/11
f 2950/702/1 2982/702/1 2913/882/1
f 2948/700/1 2980/700/1 2911/880/1
f 2946/698/1 2978/698/1 2909/878/1
f 2944/696/1 2976/696/1 2907/874/1
f 2942/694/1 2974/694/1 2905/872/1
f 2940/692/1 2972/692/1 2903/870/1
f 2970/690/1 3002/690/1 2933/865/1
f 2952/635/1 2984/635/1 2915/886/1
f 2954/632/1 2986/632/1 2917/888/1
f 2956/629/1 2988/629/1 2919/890/1
f 2958/627/1 2990/625/1 2921/894/1
f 2960/612/1 2992/612/1 2923/895/1
f 2962/600/1 2994/600/1 2925/896/1
f 2964/588/1 2996/586/1 2927/897/1
f 2966/573/1 2998/573/1 2929/899/1
f 2968/561/1 3000/561/1 2931/901/1
f 2936/21/14 2939/21/14 2870/540/14
f 3006/393/14 3009/518/14 2733/536/14
f 3038/734/1 3070/734/1 2794/783/1
f 3036/785/1 3068/737/1 2792/784/1
f 3034/789/1 3066/740/1 2790/788/1
f 3032/743/1 3064/743/1 2788/791/1
f 3030/795/1 3062/746/1 2786/793/1
f 3028/796/1 3060/749/1 2784/782/1
f 3026/797/1 3058/752/1 2782/780/1
f 3024/799/1 3056/755/1 2780/940/1
f 3022/800/1 3054/758/1 2778/774/1
f 3040/732/1 3072/732/1 2796/729/1
f 3010/770/1 3042/770/1 2766/725/1
f 3012/768/1 3044/768/1 2768/721/1
f 3014/766/1 3046/766/1 2770/717/1
f 3016/764/1 3048/764/1 2772/713/1
f 3018/803/1 3050/762/1 2774/709/1
f 3020/801/1 3052/761/1 2776/705/1
f 3004/808/11 3005/726/11 2866/866/11
f 3006/393/1 3004/392/1 2934/542/1
f 2271/543/1 3009/518/1 2870/540/1
f 3040/732/11 3007/805/11 2868/941/11
f 2866/866/15 3005/726/15 3008/726/15
f 2898/868/10 3037/736/10 3069/736/10
f 3010/770/11 3011/722/11 2872/906/11
f 3012/768/11 3013/718/11 2874/907/11
f 3014/766/11 3015/714/11 2876/908/11
f 2896/876/10 3035/787/10 3067/739/10
f 3016/764/11 3017/710/11 2878/909/11
f 3018/803/11 3019/706/11 2880/910/11
f 3020/801/11 3021/772/11 2882/905/11
f 2894/884/10 3033/790/10 3065/742/10
f 3022/800/11 3023/775/11 2884/904/11
f 3024/799/11 3025/778/11 2886/903/11
f 3026/797/11 3027/751/11 2888/902/11
f 2892/892/10 3031/794/10 3063/745/10
f 3028/796/11 3029/786/11 2890/898/11
f 3030/795/11 3031/794/11 2892/892/11
f 3032/743/11 3033/790/11 2894/884/11
f 3034/789/11 3035/787/11 2896/876/11
f 2890/898/10 3029/786/10 3061/748/10
f 3036/785/11 3037/736/11 2898/868/11
f 3038/734/11 3039/730/11 2900/921/11
f 2888/902/10 3027/751/10 3059/751/10
f 2886/903/10 3025/778/10 3057/754/10
f 2884/904/10 3023/775/10 3055/757/10
f 2882/905/10 3021/772/10 3053/760/10
f 3041/771/11 3042/770/11 2903/870/11
f 3043/769/11 3044/768/11 2905/872/11
f 3045/767/11 3046/766/11 2907/874/11
f 3047/765/11 3048/764/11 2909/878/11
f 3049/763/11 3050/762/11 2911/880/11
f 3051/706/11 3052/761/11 2913/882/11
f 3053/760/11 3054/758/11 2915/886/11
f 3055/757/11 3056/755/11 2917/888/11
f 3057/754/11 3058/752/11 2919/890/11
f 3059/751/11 3060/749/11 2921/894/11
f 3061/748/11 3062/746/11 2923/895/11
f 3063/745/11 3064/743/11 2925/896/11
f 3065/742/11 3066/740/11 2927/897/11
f 3067/739/11 3068/737/11 2929/899/11
f 3069/736/11 3070/734/11 2931/901/11
f 3071/733/11 3072/732/11 2933/865/11
f 2900/921/10 3039/730/10 3071/733/10
f 2869/866/10 3008/726/10 3041/771/10
f 2872/906/10 3011/722/10 3043/769/10
f 2874/907/10 3013/718/10 3045/767/10
f 2876/908/10 3015/714/10 3047/765/10
f 2878/909/10 3017/710/10 3049/763/10
f 2880/910/10 3019/706/10 3051/706/10
f 3141/860/11 3073/835/11 2728/727/11
f 3074/397/1 3141/450/1 2730/545/1
f 2340/449/1 3077/396/1 2733/536/1
f 3108/728/11 3075/858/11 2731/942/11
f 2728/727/15 3073/835/15 3076/835/15
f 2761/735/10 3105/840/10 3137/840/10
f 3078/724/11 3079/833/11 2735/723/11
f 3080/720/11 3081/831/11 2737/719/11
f 3082/716/11 3083/829/11 2739/715/11
f 2759/738/10 3103/842/10 3135/842/10
f 3084/712/11 3085/827/11 2741/711/11
f 3086/708/11 3087/825/11 2743/707/11
f 3088/704/11 3089/856/11 2745/759/11
f 2757/741/10 3101/844/10 3133/844/10
f 3090/773/11 3091/854/11 2747/756/11
f 3092/776/11 3093/852/11 2749/753/11
f 3094/779/11 3095/850/11 2751/750/11
f 2755/744/10 3099/846/10 3131/846/10
f 3096/781/11 3097/848/11 2753/747/11
f 3098/792/11 3099/846/11 2755/744/11
f 3100/798/11 3101/844/11 2757/741/11
f 3102/802/11 3103/842/11 2759/738/11
f 2753/747/10 3097/848/10 3129/848/10
f 3104/804/11 3105/840/11 2761/735/11
f 3106/806/11 3107/837/11 2763/731/11
f 2751/750/10 3095/850/10 3127/850/10
f 2749/753/10 3093/852/10 3125/852/10
f 2747/756/10 3091/854/10 3123/854/10
f 2745/759/10 3089/856/10 3121/856/10
f 3109/835/11 3110/724/11 2766/725/11
f 3111/833/11 3112/720/11 2768/721/11
f 3113/831/11 3114/716/11 2770/717/11
f 3115/829/11 3116/712/11 2772/713/11
f 3117/827/11 3118/708/11 2774/709/11
f 3119/825/11 3120/704/11 2776/705/11
f 3121/856/11 3122/773/11 2778/774/11
f 3123/854/11 3124/776/11 2780/940/11
f 3125/852/11 3126/779/11 2782/780/11
f 3127/850/11 3128/781/11 2784/782/11
f 3129/848/11 3130/792/11 2786/793/11
f 3131/846/11 3132/798/11 2788/791/11
f 3133/844/11 3134/802/11 2790/788/11
f 3135/842/11 3136/804/11 2792/784/11
f 3137/840/11 3138/806/11 2794/783/11
f 3139/837/11 3140/728/11 2796/729/11
f 2763/731/10 3107/837/10 3139/837/10
f 2732/727/10 3076/835/10 3109/835/10
f 2735/723/10 3079/833/10 3111/833/10
f 2737/719/10 3081/831/10 3113/831/10
f 2739/715/10 3083/829/10 3115/829/10
f 2741/711/10 3085/827/10 3117/827/10
f 2743/707/10 3087/825/10 3119/825/10
f 3074/397/14 3077/396/14 2802/547/14
f 3106/806/1 3138/806/1 2863/809/1
f 3104/804/1 3136/804/1 2861/810/1
f 3102/802/1 3134/802/1 2859/811/1
f 3100/798/1 3132/798/1 2857/812/1
f 3098/792/1 3130/792/1 2855/813/1
f 3096/781/1 3128/781/1 2853/814/1
f 3094/779/1 3126/779/1 2851/815/1
f 3092/776/1 3124/776/1 2849/816/1
f 3090/773/1 3122/773/1 2847/817/1
f 3108/728/1 3140/728/1 2865/818/1
f 3078/724/1 3110/724/1 2835/819/1
f 3080/720/1 3112/720/1 2837/820/1
f 3082/716/1 3114/716/1 2839/821/1
f 3084/712/1 3116/712/1 2841/822/1
f 3086/708/1 3118/708/1 2843/823/1
f 3088/704/1 3120/704/1 2845/824/1
f 3158/591/1 3190/591/1 2707/590/1
f 3156/585/1 3188/585/1 2705/584/1
f 3154/582/1 3186/582/1 2703/581/1
f 3152/577/1 3184/577/1 2701/576/1
f 3150/572/1 3182/572/1 2699/571/1
f 3148/569/1 3180/569/1 2697/568/1
f 3178/564/1 3210/564/1 2727/558/1
f 3160/596/1 3192/596/1 2709/595/1
f 3162/599/1 3194/599/1 2711/598/1
f 3164/604/1 3196/604/1 2713/603/1
f 3166/609/1 3198/609/1 2715/608/1
f 3168/611/1 3200/611/1 2717/610/1
f 3170/615/1 3202/615/1 2719/614/1
f 3172/618/1 3204/688/1 2721/617/1
f 3174/621/1 3206/689/1 2723/620/1
f 3176/624/1 3208/624/1 2725/623/1
f 3144/25/14 3147/28/14 2508/3/14
f 2812/826/10 3157/583/10 3189/685/10
f 2810/828/10 3155/580/10 3187/580/10
f 2808/830/10 3153/575/10 3185/575/10
f 2806/832/10 3151/570/10 3183/570/10
f 2804/834/10 3149/567/10 3181/567/10
f 2801/836/10 3146/684/10 3179/684/10
f 2832/838/10 3177/622/10 3209/622/10
f 3209/622/11 3210/564/11 2865/818/11
f 3207/565/11 3208/624/11 2863/809/11
f 3205/578/11 3206/689/11 2861/810/11
f 3203/592/11 3204/688/11 2859/811/11
f 3201/605/11 3202/615/11 2857/812/11
f 3199/607/11 3200/611/11 2855/813/11
f 3197/687/11 3198/609/11 2853/814/11
f 3195/597/11 3196/604/11 2851/815/11
f 3193/594/11 3194/599/11 2849/816/11
f 3191/686/11 3192/596/11 2847/817/11
f 3189/685/11 3190/591/11 2845/824/11
f 3187/580/11 3188/585/11 2843/823/11
f 3185/575/11 3186/582/11 2841/822/11
f 3183/570/11 3184/577/11 2839/821/11
f 3181/567/11 3182/572/11 2837/820/11
f 3179/684/11 3180/569/11 2835/819/11
f 2814/855/10 3159/589/10 3191/686/10
f 2816/853/10 3161/594/10 3193/594/10
f 2818/851/10 3163/597/10 3195/597/10
f 2820/857/10 3165/602/10 3197/687/10
f 3176/624/11 3177/622/11 2832/838/11
f 3174/621/11 3175/565/11 2830/839/11
f 2822/847/10 3167/607/10 3199/607/10
f 3172/618/11 3173/578/11 2828/841/11
f 3170/615/11 3171/592/11 2826/843/11
f 3168/611/11 3169/605/11 2824/845/11
f 3166/609/11 3167/607/11 2822/847/11
f 2824/845/10 3169/605/10 3201/605/10
f 3164/604/11 3165/602/11 2820/857/11
f 3162/599/11 3163/597/11 2818/851/11
f 3160/596/11 3161/594/11 2816/853/11
f 2826/843/10 3171/592/10 3203/592/10
f 3158/591/11 3159/589/11 2814/855/11
f 3156/585/11 3157/583/11 2812/826/11
f 3154/582/11 3155/580/11 2810/828/11
f 2828/841/10 3173/578/10 3205/578/10
f 3152/577/11 3153/575/11 2808/830/11
f 3150/572/11 3151/570/11 2806/832/11
f 3148/569/11 3149/567/11 2804/834/11
f 2830/839/10 3175/565/10 3207/565/10
f 2798/836/15 3143/559/15 3146/684/15
f 3178/564/11 3145/563/11 2800/943/11
f 3147/28/2 3213/28/2 2482/29/2
f 3144/25/1 3142/24/1 2797/550/1
f 3142/560/11 3143/559/11 2798/836/11
f 2480/537/1 3212/536/1 3215/518/1
f 2478/459/1 3211/21/1 1673/20/1
f 2482/29/1 3213/28/1 3214/547/1
f 2802/547/3 3214/547/3 3213/28/3
f 2939/21/2 3211/21/2 2478/459/2
f 2271/543/12 2486/543/12 3215/518/12
f 2061/448/12 2483/448/12 3214/547/12
f 3009/518/3 3215/518/3 3212/536/3
f 3220/1070/10 3216/1677/10 3218/1071/10
f 3218/5/2 3216/1673/2 3217/4/2
f 3221/8/3 3217/10/3 3216/7/3
f 3219/6/4 3231/6/4 3232/5/4
f 3232/1071/15 3233/1072/15 3222/1072/15
f 3228/4/18 3231/6/18 3219/6/18
f 3221/8/14 3230/8/14 3228/10/14
f 3222/1072/17 3233/1072/17 3234/1070/17
f 3234/9/9 3230/8/9 3221/8/9
f 17/12/3 14/1674/3 3272/11/3
f 3231/6/2 3228/4/2 3242/14/2
f 3458/13/9 28/12/9 17/12/9
f 3224/16/2 3232/5/2 3231/6/2
f 3233/1072/10 3232/1071/10 3224/1073/10
f 3798/1075/15 3240/1076/15 3226/1076/15
f 4002/22/3 3230/8/3 3234/9/3
f 3239/6/18 3237/17/18 3223/17/18
f 4001/1077/10 3234/1070/10 3233/1072/10
f 3859/27/10 3493/26/10 3363/26/10
f 4006/1079/10 3241/1072/10 3235/1074/10
f 803/30/3 28/12/3 3458/13/3
f 3303/15/4 3427/32/4 3239/6/4
f 4002/22/14 4005/33/14 3238/8/14
f 3225/1074/17 3235/1074/17 3241/1072/17
f 16/34/4 26/34/4 3397/35/4
f 3273/36/4 3397/35/4 3398/37/4
f 3274/37/4 3398/37/4 3399/38/4
f 3275/39/4 3399/38/4 3400/40/4
f 3276/41/4 3400/40/4 3401/42/4
f 3277/43/4 3401/42/4 3402/44/4
f 3278/45/4 3402/44/4 3403/46/4
f 3279/47/4 3403/46/4 3404/48/4
f 3280/49/4 3404/48/4 3405/50/4
f 3281/51/4 3405/50/4 3406/52/4
f 3282/53/4 3406/52/4 3407/54/4
f 3283/55/4 3407/54/4 3408/56/4
f 3284/57/4 3408/56/4 3409/58/4
f 3285/58/4 3409/58/4 3410/59/4
f 3286/60/4 3410/59/4 3411/61/4
f 3287/62/4 3411/61/4 3412/63/4
f 3288/64/4 3412/63/4 3413/65/4
f 3289/66/4 3413/65/4 3414/67/4
f 3290/67/4 3414/67/4 3415/68/4
f 3291/69/4 3415/68/4 3416/70/4
f 3292/71/4 3416/70/4 3417/72/4
f 3293/73/4 3417/72/4 3418/74/4
f 3294/74/4 3418/74/4 3419/75/4
f 3295/75/4 3419/75/4 3420/76/4
f 3296/76/4 3420/76/4 3421/77/4
f 3297/78/4 3421/77/4 3422/79/4
f 3298/80/4 3422/79/4 3423/81/4
f 3299/82/4 3423/81/4 3424/83/4
f 3300/84/4 3424/83/4 3425/85/4
f 3301/86/4 3425/85/4 3426/87/4
f 3302/88/4 3426/87/4 3427/32/4
f 4034/89/1 4066/89/1 3583/90/1
f 4008/92/3 3429/196/3 3428/91/3
f 3542/65/4 3543/67/4 3414/67/4
f 4010/95/3 3431/200/3 3430/94/3
f 3857/98/10 3491/97/10 3361/97/10
f 4012/100/3 3433/202/3 3432/99/3
f 4032/102/1 4064/102/1 3581/103/1
f 4014/105/3 3435/204/3 3434/104/3
f 3540/61/4 3541/63/4 3412/63/4
f 4016/108/3 3437/205/3 3436/107/3
f 3855/111/10 3489/110/10 3359/110/10
f 4018/114/3 3439/190/3 3438/113/3
f 4030/116/1 4062/116/1 3579/117/1
f 4020/119/3 3441/179/3 3440/118/3
f 3538/58/4 3539/59/4 3410/59/4
f 4022/122/3 3443/168/3 3442/121/3
f 3853/125/10 3487/124/10 3357/124/10
f 4024/127/3 3445/156/3 3444/126/3
f 4028/129/1 4060/129/1 3577/130/1
f 4026/132/3 3447/143/3 3446/131/3
f 3536/54/4 3537/56/4 3408/56/4
f 4028/129/3 3449/130/3 3448/134/3
f 3851/137/10 3485/136/10 3355/136/10
f 4030/116/3 3451/117/3 3450/138/3
f 3585/140/9 3586/13/9 3458/13/9
f 4032/102/3 3453/103/3 3452/141/3
f 4026/132/1 4058/132/1 3575/143/1
f 4034/89/3 3455/90/3 3454/144/3
f 3534/50/4 3535/52/4 3406/52/4
f 4036/147/3 3457/140/3 3456/146/3
f 3849/150/10 3483/149/10 3353/149/10
f 3366/152/2 3397/35/2 26/34/2
f 3583/90/9 3584/146/9 3456/146/9
f 3368/154/2 3399/38/2 3398/37/2
f 4024/127/1 4056/157/1 3573/156/1
f 3370/158/2 3401/42/2 3400/40/2
f 3532/46/4 3533/48/4 3404/48/4
f 3372/160/2 3403/46/2 3402/44/2
f 3847/163/10 3481/162/10 3351/162/10
f 3374/164/2 3405/50/2 3404/48/2
f 3581/103/9 3582/144/9 3454/144/9
f 3376/166/2 3407/54/2 3406/52/2
f 4022/122/1 4054/122/1 3571/168/1
f 3378/169/2 3409/58/2 3408/56/2
f 3530/42/4 3531/44/4 3402/44/4
f 3380/171/2 3411/61/2 3410/59/2
f 3845/174/10 3479/173/10 3349/173/10
f 3382/175/2 3413/65/2 3412/63/2
f 3579/117/9 3580/141/9 3452/141/9
f 3384/177/2 3415/68/2 3414/67/2
f 4020/119/1 4052/119/1 3569/179/1
f 3386/180/2 3417/72/2 3416/70/2
f 3528/38/4 3529/40/4 3400/40/4
f 3388/182/2 3419/75/2 3418/74/2
f 3843/185/10 3477/184/10 3347/184/10
f 3390/186/2 3421/77/2 3420/76/2
f 3577/130/9 3578/138/9 3450/138/9
f 3392/188/2 3423/81/2 3422/79/2
f 4018/114/1 4050/191/1 3567/190/1
f 3394/192/2 3425/85/2 3424/83/2
f 3526/35/4 3527/37/4 3398/37/4
f 3396/194/2 3427/32/2 3426/87/2
f 3238/8/9 3428/91/9 3304/91/9
f 3428/91/9 3429/196/9 3305/196/9
f 3429/196/9 3430/94/9 3306/197/9
f 3430/94/9 3431/200/9 3307/198/9
f 3431/200/9 3432/99/9 3308/199/9
f 3432/99/9 3433/202/9 3309/201/9
f 3433/202/9 3434/104/9 3310/104/9
f 3434/104/9 3435/204/9 3311/203/9
f 3435/204/9 3436/107/9 3312/107/9
f 3436/107/9 3437/205/9 3313/205/9
f 3437/205/9 3438/113/9 3314/113/9
f 3438/113/9 3439/190/9 3315/190/9
f 3439/190/9 3440/118/9 3316/118/9
f 3440/118/9 3441/179/9 3317/179/9
f 3441/179/9 3442/121/9 3318/121/9
f 3442/121/9 3443/168/9 3319/168/9
f 3443/168/9 3444/126/9 3320/126/9
f 3444/126/9 3445/156/9 3321/206/9
f 3445/156/9 3446/131/9 3322/131/9
f 3446/131/9 3447/143/9 3323/143/9
f 3447/143/9 3448/134/9 3324/134/9
f 3448/134/9 3449/130/9 3325/130/9
f 3449/130/9 3450/138/9 3326/138/9
f 3450/138/9 3451/117/9 3327/117/9
f 3451/117/9 3452/141/9 3328/207/9
f 3452/141/9 3453/103/9 3329/208/9
f 3453/103/9 3454/144/9 3330/209/9
f 3454/144/9 3455/90/9 3331/90/9
f 3455/90/9 3456/146/9 3332/210/9
f 3456/146/9 3457/140/9 3333/140/9
f 3457/140/9 3458/13/9 3334/13/9
f 3273/36/2 3272/212/2 14/211/2
f 3274/37/2 3271/213/2 3272/212/2
f 3275/39/2 3270/214/2 3271/213/2
f 3276/41/2 3269/215/2 3270/214/2
f 3277/43/2 3268/216/2 3269/215/2
f 3278/45/2 3267/217/2 3268/216/2
f 3279/47/2 3266/218/2 3267/217/2
f 3280/49/2 3265/219/2 3266/218/2
f 3281/51/2 3264/220/2 3265/219/2
f 3282/53/2 3263/221/2 3264/220/2
f 3283/55/2 3262/222/2 3263/221/2
f 3284/57/2 3261/223/2 3262/222/2
f 3285/58/2 3260/224/2 3261/223/2
f 3286/60/2 3259/225/2 3260/224/2
f 3287/62/2 3258/226/2 3259/225/2
f 3288/64/2 3257/227/2 3258/226/2
f 3289/66/2 3256/228/2 3257/227/2
f 3290/67/2 3255/229/2 3256/228/2
f 3291/69/2 3254/230/2 3255/229/2
f 3292/71/2 3253/231/2 3254/230/2
f 3293/73/2 3252/232/2 3253/231/2
f 3294/74/2 3251/233/2 3252/232/2
f 3295/75/2 3250/234/2 3251/233/2
f 3296/76/2 3249/235/2 3250/234/2
f 3297/78/2 3248/653/2 3249/235/2
f 3297/78/2 3298/80/2 3247/236/2
f 3298/80/2 3299/82/2 3246/237/2
f 3299/82/2 3300/84/2 3245/238/2
f 3301/86/2 3244/239/2 3245/238/2
f 3302/88/2 3243/240/2 3244/239/2
f 3303/15/2 3242/14/2 3243/240/2
f 3304/91/3 3242/241/3 3228/10/3
f 3305/196/3 3243/242/3 3242/241/3
f 3306/197/3 3244/243/3 3243/242/3
f 3307/198/3 3245/244/3 3244/243/3
f 3308/199/3 3246/245/3 3245/244/3
f 3309/201/3 3247/246/3 3246/245/3
f 3310/104/3 3248/247/3 3247/246/3
f 3311/203/3 3249/248/3 3248/247/3
f 3312/107/3 3250/249/3 3249/248/3
f 3313/205/3 3251/250/3 3250/249/3
f 3314/113/3 3252/251/3 3251/250/3
f 3315/190/3 3253/252/3 3252/251/3
f 3316/118/3 3254/253/3 3253/252/3
f 3317/179/3 3255/254/3 3254/253/3
f 3318/121/3 3256/255/3 3255/254/3
f 3319/168/3 3257/256/3 3256/255/3
f 3320/126/3 3258/257/3 3257/256/3
f 3321/206/3 3259/258/3 3258/257/3
f 3322/131/3 3260/259/3 3259/258/3
f 3323/143/3 3261/260/3 3260/259/3
f 3324/134/3 3262/261/3 3261/260/3
f 3325/130/3 3263/262/3 3262/261/3
f 3326/138/3 3264/263/3 3263/262/3
f 3327/117/3 3265/264/3 3264/263/3
f 3328/207/3 3266/265/3 3265/264/3
f 3329/208/3 3267/266/3 3266/265/3
f 3330/209/3 3268/267/3 3267/266/3
f 3331/90/3 3269/268/3 3268/267/3
f 3332/210/3 3270/269/3 3269/268/3
f 3333/140/3 3271/270/3 3270/269/3
f 3334/13/3 3272/11/3 3271/270/3
f 3460/17/2 3463/6/2 3464/32/2
f 4039/93/3 3556/91/3 3461/8/3
f 4041/96/3 3558/94/3 3557/196/3
f 4043/101/3 3560/99/3 3559/200/3
f 4045/106/3 3562/104/3 3561/202/3
f 4047/109/3 3564/107/3 3563/204/3
f 4049/115/3 3566/113/3 3565/205/3
f 4051/120/3 3568/118/3 3567/190/3
f 4053/123/3 3570/121/3 3569/179/3
f 4055/128/3 3572/126/3 3571/168/3
f 4057/133/3 3574/131/3 3573/156/3
f 4059/135/3 3576/134/3 3575/143/3
f 4061/139/3 3578/138/3 3577/130/3
f 4063/272/3 3580/141/3 3579/117/3
f 4065/273/3 3582/144/3 3581/103/3
f 4067/148/3 3584/146/3 3583/90/3
f 4069/31/3 3586/13/3 3585/140/3
f 3497/155/2 3527/37/2 3526/35/2
f 3499/159/2 3529/40/2 3528/38/2
f 3501/161/2 3531/44/2 3530/42/2
f 3503/165/2 3533/48/2 3532/46/2
f 3505/167/2 3535/52/2 3534/50/2
f 3507/170/2 3537/56/2 3536/54/2
f 3509/172/2 3539/59/2 3538/58/2
f 3511/176/2 3541/63/2 3540/61/2
f 3513/178/2 3543/67/2 3542/65/2
f 3515/181/2 3545/70/2 3544/68/2
f 3517/183/2 3547/74/2 3546/72/2
f 3519/187/2 3549/76/2 3548/75/2
f 3521/189/2 3551/79/2 3550/77/2
f 3523/193/2 3553/83/2 3552/81/2
f 3525/195/2 3555/87/2 3554/85/2
f 3544/68/4 3545/70/4 3416/70/4
f 4036/147/1 4068/147/1 3585/140/1
f 3861/275/10 3495/274/10 3365/274/10
f 3546/72/4 3547/74/4 3418/74/4
f 3366/152/10 3496/152/10 3526/35/10
f 3527/37/1 3497/155/1 3367/155/1
f 3548/75/4 3549/76/4 3420/76/4
f 3368/154/10 3498/154/10 3528/38/10
f 3529/40/1 3499/159/1 3369/159/1
f 3550/77/4 3551/79/4 3422/79/4
f 3370/158/10 3500/158/10 3530/42/10
f 3531/44/1 3501/161/1 3371/161/1
f 3552/81/4 3553/83/4 3424/83/4
f 3372/160/10 3502/160/10 3532/46/10
f 3533/48/1 3503/165/1 3373/165/1
f 3554/85/4 3555/87/4 3426/87/4
f 3374/164/10 3504/164/10 3534/50/10
f 3535/52/1 3505/167/1 3375/167/1
f 3461/8/9 3556/91/9 3428/91/9
f 3376/166/10 3506/166/10 3536/54/10
f 3537/56/1 3507/170/1 3377/170/1
f 3557/196/9 3558/94/9 3430/94/9
f 3378/169/10 3508/169/10 3538/58/10
f 3539/59/1 3509/172/1 3379/172/1
f 3559/200/9 3560/99/9 3432/99/9
f 3380/171/10 3510/171/10 3540/61/10
f 3541/63/1 3511/176/1 3381/176/1
f 3561/202/9 3562/104/9 3434/104/9
f 3382/175/10 3512/175/10 3542/65/10
f 3543/67/1 3513/178/1 3383/178/1
f 3563/204/9 3564/107/9 3436/107/9
f 3384/177/10 3514/177/10 3544/68/10
f 4005/33/1 4038/33/1 3461/8/1
f 3545/70/1 3515/181/1 3385/181/1
f 3463/6/1 3460/17/1 3237/17/1
f 3565/205/9 3566/113/9 3438/113/9
f 3386/180/10 3516/180/10 3546/72/10
f 3831/277/10 3465/276/10 3335/276/10
f 3547/74/1 3517/183/1 3387/183/1
f 3464/32/4 3463/6/4 3239/6/4
f 4008/92/1 4040/92/1 3557/196/1
f 3567/190/9 3568/118/9 3440/118/9
f 3388/182/10 3518/182/10 3548/75/10
f 3833/279/10 3467/278/10 3337/278/10
f 3549/76/1 3519/187/1 3389/187/1
f 4010/95/1 4042/95/1 3559/200/1
f 3569/179/9 3570/121/9 3442/121/9
f 3390/186/10 3520/186/10 3550/77/10
f 3835/281/10 3469/280/10 3339/280/10
f 3551/79/1 3521/189/1 3391/189/1
f 4012/100/1 4044/100/1 3561/202/1
f 3571/168/9 3572/126/9 3444/126/9
f 3392/188/10 3522/188/10 3552/81/10
f 3837/283/10 3471/282/10 3341/282/10
f 3553/83/1 3523/193/1 3393/193/1
f 4014/105/1 4046/105/1 3563/204/1
f 3573/156/9 3574/131/9 3446/131/9
f 3394/192/10 3524/192/10 3554/85/10
f 3839/285/10 3473/284/10 3343/284/10
f 3555/87/1 3525/195/1 3395/195/1
f 4016/108/1 4048/271/1 3565/205/1
f 3575/143/9 3576/134/9 3448/134/9
f 3396/194/10 3459/194/10 3464/32/10
f 3841/287/10 3475/286/10 3345/286/10
f 3979/289/10 3635/288/10 3603/288/10
f 3878/290/1 3910/290/1 3634/291/1
f 3977/293/10 3633/292/10 3601/292/10
f 3876/294/1 3908/296/1 3632/295/1
f 3975/298/10 3631/297/10 3599/297/10
f 3874/299/1 3906/301/1 3630/300/1
f 3973/303/10 3629/302/10 3597/302/10
f 3872/304/1 3904/306/1 3628/305/1
f 3971/308/10 3627/307/10 3595/307/10
f 3870/309/1 3902/311/1 3626/310/1
f 3969/313/10 3625/312/10 3593/312/10
f 3867/314/1 3900/316/1 3624/315/1
f 3999/318/10 3655/317/10 3623/317/10
f 3898/319/1 3930/321/1 3654/320/1
f 3931/322/3 3655/317/3 3654/320/3
f 3929/324/3 3653/367/3 3652/323/3
f 3927/327/3 3651/368/3 3650/326/3
f 3925/330/3 3649/371/3 3648/329/3
f 3923/333/3 3647/374/3 3646/332/3
f 3921/336/3 3645/376/3 3644/335/3
f 3919/339/3 3643/365/3 3642/338/3
f 3917/342/3 3641/363/3 3640/341/3
f 3915/345/3 3639/541/3 3638/344/3
f 3913/348/3 3637/357/3 3636/347/3
f 3911/350/3 3635/288/3 3634/291/3
f 3909/351/3 3633/292/3 3632/295/3
f 3907/352/3 3631/297/3 3630/300/3
f 3905/353/3 3629/302/3 3628/305/3
f 3903/354/3 3627/307/3 3626/310/3
f 3901/355/3 3625/312/3 3624/315/3
f 3880/356/1 3912/349/1 3636/347/1
f 3981/358/10 3637/357/10 3605/357/10
f 3882/359/1 3914/346/1 3638/344/1
f 3983/361/10 3639/541/10 3607/360/10
f 3884/362/1 3916/343/1 3640/341/1
f 3985/364/10 3641/363/10 3609/363/10
f 3886/340/1 3918/340/1 3642/338/1
f 3987/366/10 3643/365/10 3611/365/10
f 3898/319/3 3622/320/3 3621/367/3
f 3896/325/3 3620/323/3 3619/368/3
f 3888/370/1 3920/337/1 3644/335/1
f 3894/372/3 3618/326/3 3617/371/3
f 3892/375/3 3616/329/3 3615/374/3
f 3989/377/10 3645/376/10 3613/376/10
f 3890/378/3 3614/332/3 3613/376/3
f 3888/370/3 3612/335/3 3611/365/3
f 3890/378/1 3922/334/1 3646/332/1
f 3886/340/3 3610/338/3 3609/363/3
f 3991/382/10 3647/374/10 3615/374/10
f 3884/362/3 3608/341/3 3607/360/3
f 3882/359/3 3606/344/3 3605/357/3
f 3892/375/1 3924/331/1 3648/329/1
f 3880/356/3 3604/347/3 3603/288/3
f 3993/386/10 3649/371/10 3617/371/10
f 3878/290/3 3602/291/3 3601/292/3
f 3876/294/3 3600/295/3 3599/297/3
f 3894/372/1 3926/328/1 3650/326/1
f 3874/299/3 3598/300/3 3597/302/3
f 3995/388/10 3651/368/10 3619/368/10
f 3872/304/3 3596/305/3 3595/307/3
f 3870/309/3 3594/310/3 3593/312/3
f 3896/325/1 3928/325/1 3652/323/1
f 3864/314/14 3867/314/14 3591/315/14
f 663/389/3 383/546/3 3623/317/3
f 4073/1075/11 4072/1076/11 3240/1076/11
f 3997/390/10 3653/367/10 3621/367/10
f 3863/1081/10 3589/1100/10 3588/1082/10
f 3864/314/3 3587/315/3 3589/394/3
f 3936/1084/15 3592/1095/15 3588/1082/15
f 4006/1079/15 3661/1101/15 3658/1086/15
f 4067/148/10 3722/399/10 3690/399/10
f 4065/273/10 3720/400/10 3688/400/10
f 4063/272/10 3718/401/10 3686/401/10
f 4061/139/10 3716/402/10 3684/402/10
f 4059/135/10 3714/403/10 3682/403/10
f 4057/133/10 3712/404/10 3680/404/10
f 4055/128/10 3710/405/10 3678/405/10
f 4053/123/10 3708/406/10 3676/406/10
f 4051/120/10 3706/407/10 3674/407/10
f 4069/31/10 3724/408/10 3692/408/10
f 4039/93/10 3694/409/10 3662/409/10
f 4041/96/10 3696/410/10 3664/410/10
f 4043/101/10 3698/411/10 3666/411/10
f 4045/106/10 3700/412/10 3668/412/10
f 4047/109/10 3702/413/10 3670/413/10
f 4049/115/10 3704/414/10 3672/414/10
f 3946/415/1 3978/415/1 3703/416/1
f 3944/417/1 3976/417/1 3701/418/1
f 3942/419/1 3974/419/1 3699/420/1
f 3940/421/1 3972/421/1 3697/422/1
f 3938/423/1 3970/423/1 3695/424/1
f 3935/425/1 3968/425/1 3693/426/1
f 3966/427/1 3998/427/1 3723/428/1
f 3999/318/3 3724/408/3 3723/428/3
f 3997/390/3 3722/399/3 3721/429/3
f 3995/388/3 3720/400/3 3719/431/3
f 3993/386/3 3718/401/3 3717/433/3
f 3991/382/3 3716/402/3 3715/435/3
f 3989/377/3 3714/403/3 3713/437/3
f 3987/366/3 3712/404/3 3711/439/3
f 3985/364/3 3710/405/3 3709/441/3
f 3983/361/3 3708/406/3 3707/443/3
f 3981/358/3 3706/407/3 3705/445/3
f 3979/289/3 3704/414/3 3703/416/3
f 3977/293/3 3702/413/3 3701/418/3
f 3975/298/3 3700/412/3 3699/420/3
f 3973/303/3 3698/411/3 3697/422/3
f 3971/308/3 3696/410/3 3695/424/3
f 3969/313/3 3694/409/3 3693/426/3
f 3948/446/1 3980/446/1 3705/445/1
f 3950/444/1 3982/444/1 3707/443/1
f 3952/442/1 3984/442/1 3709/441/1
f 3954/440/1 3986/440/1 3711/439/1
f 3966/427/3 3691/428/3 3690/399/3
f 3964/430/3 3689/429/3 3688/400/3
f 3956/438/1 3988/438/1 3713/437/1
f 3962/432/3 3687/431/3 3686/401/3
f 3960/434/3 3685/433/3 3684/402/3
f 3958/436/3 3683/435/3 3682/403/3
f 3956/438/3 3681/437/3 3680/404/3
f 3958/436/1 3990/436/1 3715/435/1
f 3954/440/3 3679/548/3 3678/405/3
f 3952/442/3 3677/441/3 3676/406/3
f 3950/444/3 3675/443/3 3674/407/3
f 3960/434/1 3992/434/1 3717/433/1
f 3948/446/3 3673/445/3 3672/414/3
f 3946/415/3 3671/416/3 3670/413/3
f 3944/417/3 3669/418/3 3668/412/3
f 3962/432/1 3994/432/1 3719/431/1
f 3942/419/3 3667/420/3 3666/411/3
f 3940/421/3 3665/422/3 3664/410/3
f 3938/423/3 3663/424/3 3662/409/3
f 3964/430/1 3996/430/1 3721/429/1
f 3932/425/14 3935/425/14 3660/426/14
f 732/447/3 453/549/3 3692/408/3
f 3936/1084/10 3661/1101/10 3659/1087/10
f 4000/1089/10 3656/1102/10 3658/1086/10
f 3932/425/3 3657/426/3 3656/451/3
f 3794/454/3 3725/462/3 3793/453/3
f 3862/1090/10 3793/1098/10 3726/1091/10
f 3798/1075/10 3729/1097/10 3727/1092/10
f 592/461/3 522/544/3 3760/460/3
f 3794/454/14 3797/454/14 3728/462/14
f 3826/463/1 3858/465/1 3789/464/1
f 3800/467/3 3731/511/3 3730/466/3
f 3802/469/3 3733/512/3 3732/468/3
f 3804/471/3 3735/513/3 3734/470/3
f 3824/472/1 3856/474/1 3787/473/1
f 3806/476/3 3737/514/3 3736/475/3
f 3808/478/3 3739/515/3 3738/477/3
f 3810/480/3 3741/509/3 3740/479/3
f 3822/481/1 3854/483/1 3785/482/1
f 3812/485/3 3743/507/3 3742/484/3
f 3814/487/3 3745/505/3 3744/486/3
f 3816/489/3 3747/503/3 3746/488/3
f 3820/490/1 3852/492/1 3783/491/1
f 3818/494/3 3749/498/3 3748/493/3
f 3820/490/3 3751/491/3 3750/495/3
f 3822/481/3 3753/482/3 3752/496/3
f 3824/472/3 3755/473/3 3754/497/3
f 3818/494/1 3850/499/1 3781/498/1
f 3826/463/3 3757/464/3 3756/500/3
f 3828/502/3 3759/517/3 3758/501/3
f 3816/489/1 3848/504/1 3779/503/1
f 3814/487/1 3846/506/1 3777/505/1
f 3812/485/1 3844/508/1 3775/507/1
f 3810/480/1 3842/510/1 3773/509/1
f 3831/277/3 3762/466/3 3761/462/3
f 3833/279/3 3764/468/3 3763/511/3
f 3835/281/3 3766/470/3 3765/512/3
f 3837/283/3 3768/475/3 3767/513/3
f 3839/285/3 3770/477/3 3769/514/3
f 3841/287/3 3772/479/3 3771/515/3
f 3843/185/3 3774/484/3 3773/509/3
f 3845/174/3 3776/486/3 3775/507/3
f 3847/163/3 3778/488/3 3777/505/3
f 3849/150/3 3780/493/3 3779/503/3
f 3851/137/3 3782/495/3 3781/498/3
f 3853/125/3 3784/496/3 3783/491/3
f 3855/111/3 3786/497/3 3785/482/3
f 3857/98/3 3788/500/3 3787/473/3
f 3859/27/3 3790/501/3 3789/464/3
f 3861/275/3 3792/460/3 3791/517/3
f 3828/502/1 3860/502/1 3791/517/1
f 3797/454/1 3830/454/1 3761/462/1
f 3800/467/1 3832/467/1 3763/511/1
f 3802/469/1 3834/469/1 3765/512/1
f 3804/471/1 3836/471/1 3767/513/1
f 3806/476/1 3838/476/1 3769/514/1
f 3808/478/1 3840/516/1 3771/515/1
f 3911/350/10 3772/479/10 3740/479/10
f 3909/351/10 3770/477/10 3738/477/10
f 3907/352/10 3768/475/10 3736/475/10
f 3905/353/10 3766/470/10 3734/470/10
f 3903/354/10 3764/468/10 3732/468/10
f 3901/355/10 3762/466/10 3730/466/10
f 3931/322/10 3792/460/10 3760/460/10
f 3913/348/10 3774/484/10 3742/484/10
f 3915/345/10 3776/486/10 3744/486/10
f 3917/342/10 3778/488/10 3746/488/10
f 3919/339/10 3780/493/10 3748/493/10
f 3921/336/10 3782/495/10 3750/495/10
f 3923/333/10 3784/496/10 3752/496/10
f 3925/330/10 3786/497/10 3754/497/10
f 3927/327/10 3788/500/10 3756/500/10
f 3929/324/10 3790/501/10 3758/501/10
f 3868/1083/15 3729/1097/15 3726/1091/15
f 3344/519/1 3474/519/1 3840/516/1
f 3342/520/1 3472/520/1 3838/476/1
f 3340/521/1 3470/521/1 3836/471/1
f 3338/522/1 3468/522/1 3834/469/1
f 3336/523/1 3466/523/1 3832/467/1
f 3236/524/1 3462/524/1 3830/454/1
f 3364/525/1 3494/525/1 3860/502/1
f 3495/274/3 3861/275/3 3860/502/3
f 3493/26/3 3859/27/3 3858/465/3
f 3491/97/3 3857/98/3 3856/474/3
f 3489/110/3 3855/111/3 3854/483/3
f 3487/124/3 3853/125/3 3852/492/3
f 3485/136/3 3851/137/3 3850/499/3
f 3483/149/3 3849/150/3 3848/504/3
f 3481/162/3 3847/163/3 3846/506/3
f 3479/173/3 3845/174/3 3844/508/3
f 3477/184/3 3843/185/3 3842/510/3
f 3475/286/3 3841/287/3 3840/516/3
f 3473/284/3 3839/285/3 3838/476/3
f 3471/282/3 3837/283/3 3836/471/3
f 3469/280/3 3835/281/3 3834/469/3
f 3467/278/3 3833/279/3 3832/467/3
f 3465/276/3 3831/277/3 3830/454/3
f 3346/534/1 3476/534/1 3842/510/1
f 3348/533/1 3478/533/1 3844/508/1
f 3350/532/1 3480/532/1 3846/506/1
f 3352/531/1 3482/531/1 3848/504/1
f 3364/525/3 3828/502/3 3827/27/3
f 3362/526/3 3826/463/3 3825/98/3
f 3354/530/1 3484/530/1 3850/499/1
f 3360/527/3 3824/472/3 3823/112/3
f 3358/528/3 3822/481/3 3821/125/3
f 3356/529/3 3820/490/3 3819/137/3
f 3354/530/3 3818/494/3 3817/151/3
f 3356/529/1 3486/529/1 3852/492/1
f 3352/531/3 3816/489/3 3815/163/3
f 3350/532/3 3814/487/3 3813/174/3
f 3348/533/3 3812/485/3 3811/185/3
f 3358/528/1 3488/528/1 3854/483/1
f 3346/534/3 3810/480/3 3809/287/3
f 3344/519/3 3808/478/3 3807/285/3
f 3342/520/3 3806/476/3 3805/283/3
f 3360/527/1 3490/527/1 3856/474/1
f 3340/521/3 3804/471/3 3803/281/3
f 3338/522/3 3802/469/3 3801/279/3
f 3336/523/3 3800/467/3 3799/277/3
f 3362/526/1 3492/526/1 3858/465/1
f 3229/524/14 3236/524/14 3797/454/14
f 25/535/3 592/461/3 3829/275/3
f 4074/1094/12 4075/1095/12 3592/1095/12
f 3227/1096/10 3862/1090/10 3795/1075/10
f 3229/524/3 3794/454/3 3862/455/3
f 3772/479/10 3841/287/10 3809/287/10
f 3770/477/10 3839/285/10 3807/285/10
f 3768/475/10 3837/283/10 3805/283/10
f 3766/470/10 3835/281/10 3803/281/10
f 3764/468/10 3833/279/10 3801/279/10
f 3762/466/10 3831/277/10 3799/277/10
f 3792/460/10 3861/275/10 3829/275/10
f 3774/484/10 3843/185/10 3811/185/10
f 3776/486/10 3845/174/10 3813/174/10
f 3778/488/10 3847/163/10 3815/163/10
f 3780/493/10 3849/150/10 3817/151/10
f 3782/495/10 3851/137/10 3819/137/10
f 3784/496/10 3853/125/10 3821/125/10
f 3786/497/10 3855/111/10 3823/112/10
f 3788/500/10 3857/98/10 3825/98/10
f 3790/501/10 3859/27/10 3827/27/10
f 3729/1097/15 3798/1075/15 3795/1075/15
f 3592/1095/15 3868/1083/15 3865/1083/15
f 3653/367/10 3929/324/10 3897/324/10
f 3651/368/10 3927/327/10 3895/369/10
f 3649/371/10 3925/330/10 3893/373/10
f 3647/374/10 3923/333/10 3891/333/10
f 3645/376/10 3921/336/10 3889/379/10
f 3643/365/10 3919/339/10 3887/380/10
f 3641/363/10 3917/342/10 3885/381/10
f 3639/541/10 3915/345/10 3883/383/10
f 3637/357/10 3913/348/10 3881/384/10
f 3655/317/10 3931/322/10 3899/322/10
f 3625/312/10 3901/355/10 3869/355/10
f 3627/307/10 3903/354/10 3871/354/10
f 3629/302/10 3905/353/10 3873/353/10
f 3631/297/10 3907/352/10 3875/352/10
f 3633/292/10 3909/351/10 3877/387/10
f 3635/288/10 3911/350/10 3879/385/10
f 3725/462/3 3864/314/3 3863/395/3
f 3793/1098/10 3863/1081/10 3865/1083/10
f 3729/1097/10 3868/1083/10 3866/1099/10
f 522/544/3 663/389/3 3899/322/3
f 3725/462/14 3728/462/14 3867/314/14
f 3757/464/1 3789/464/1 3928/325/1
f 3731/511/3 3870/309/3 3869/355/3
f 3733/512/3 3872/304/3 3871/354/3
f 3735/513/3 3874/299/3 3873/353/3
f 3755/473/1 3787/473/1 3926/328/1
f 3737/514/3 3876/294/3 3875/352/3
f 3739/515/3 3878/290/3 3877/387/3
f 3741/509/3 3880/356/3 3879/385/3
f 3753/482/1 3785/482/1 3924/331/1
f 3743/507/3 3882/359/3 3881/384/3
f 3745/505/3 3884/362/3 3883/383/3
f 3747/503/3 3886/340/3 3885/381/3
f 3751/491/1 3783/491/1 3922/334/1
f 3749/498/3 3888/370/3 3887/380/3
f 3751/491/3 3890/378/3 3889/379/3
f 3753/482/3 3892/375/3 3891/333/3
f 3755/473/3 3894/372/3 3893/373/3
f 3749/498/1 3781/498/1 3920/337/1
f 3757/464/3 3896/325/3 3895/369/3
f 3759/517/3 3898/319/3 3897/324/3
f 3747/503/1 3779/503/1 3918/340/1
f 3745/505/1 3777/505/1 3916/343/1
f 3743/507/1 3775/507/1 3914/346/1
f 3741/509/1 3773/509/1 3912/349/1
f 3762/466/3 3901/355/3 3900/316/3
f 3764/468/3 3903/354/3 3902/311/3
f 3766/470/3 3905/353/3 3904/306/3
f 3768/475/3 3907/352/3 3906/301/3
f 3770/477/3 3909/351/3 3908/296/3
f 3772/479/3 3911/350/3 3910/290/3
f 3774/484/3 3913/348/3 3912/349/3
f 3776/486/3 3915/345/3 3914/346/3
f 3778/488/3 3917/342/3 3916/343/3
f 3780/493/3 3919/339/3 3918/340/3
f 3782/495/3 3921/336/3 3920/337/3
f 3784/496/3 3923/333/3 3922/334/3
f 3786/497/3 3925/330/3 3924/331/3
f 3788/500/3 3927/327/3 3926/328/3
f 3790/501/3 3929/324/3 3928/325/3
f 3792/460/3 3931/322/3 3930/321/3
f 3759/517/1 3791/517/1 3930/321/1
f 3728/462/1 3761/462/1 3900/316/1
f 3731/511/1 3763/511/1 3902/311/1
f 3733/512/1 3765/512/1 3904/306/1
f 3735/513/1 3767/513/1 3906/301/1
f 3737/514/1 3769/514/1 3908/296/1
f 3739/515/1 3771/515/1 3910/290/1
f 3587/315/3 3932/425/3 4000/452/3
f 3589/1100/10 4000/1089/10 3933/1085/10
f 3592/1095/10 3936/1084/10 3934/1088/10
f 383/546/3 732/447/3 3967/318/3
f 3587/315/14 3591/315/14 3935/425/14
f 3620/323/1 3652/323/1 3996/430/1
f 3594/310/3 3938/423/3 3937/313/3
f 3596/305/3 3940/421/3 3939/308/3
f 3598/300/3 3942/419/3 3941/303/3
f 3618/326/1 3650/326/1 3994/432/1
f 3600/295/3 3944/417/3 3943/298/3
f 3602/291/3 3946/415/3 3945/293/3
f 3604/347/3 3948/446/3 3947/289/3
f 3616/329/1 3648/329/1 3992/434/1
f 3606/344/3 3950/444/3 3949/358/3
f 3608/341/3 3952/442/3 3951/361/3
f 3610/338/3 3954/440/3 3953/364/3
f 3614/332/1 3646/332/1 3990/436/1
f 3612/335/3 3956/438/3 3955/366/3
f 3614/332/3 3958/436/3 3957/377/3
f 3616/329/3 3960/434/3 3959/382/3
f 3618/326/3 3962/432/3 3961/386/3
f 3612/335/1 3644/335/1 3988/438/1
f 3620/323/3 3964/430/3 3963/388/3
f 3622/320/3 3966/427/3 3965/390/3
f 3610/338/1 3642/338/1 3986/440/1
f 3608/341/1 3640/341/1 3984/442/1
f 3606/344/1 3638/344/1 3982/444/1
f 3604/347/1 3636/347/1 3980/446/1
f 3625/312/3 3969/313/3 3968/425/3
f 3627/307/3 3971/308/3 3970/423/3
f 3629/302/3 3973/303/3 3972/421/3
f 3631/297/3 3975/298/3 3974/419/3
f 3633/292/3 3977/293/3 3976/417/3
f 3635/288/3 3979/289/3 3978/415/3
f 3637/357/3 3981/358/3 3980/446/3
f 3639/541/3 3983/361/3 3982/444/3
f 3641/363/3 3985/364/3 3984/442/3
f 3643/365/3 3987/366/3 3986/440/3
f 3645/376/3 3989/377/3 3988/438/3
f 3647/374/3 3991/382/3 3990/436/3
f 3649/371/3 3993/386/3 3992/434/3
f 3651/368/3 3995/388/3 3994/432/3
f 3653/367/3 3997/390/3 3996/430/3
f 3655/317/3 3999/318/3 3998/427/3
f 3622/320/1 3654/320/1 3998/427/1
f 3591/315/1 3624/315/1 3968/425/1
f 3594/310/1 3626/310/1 3970/423/1
f 3596/305/1 3628/305/1 3972/421/1
f 3598/300/1 3630/300/1 3974/419/1
f 3600/295/1 3632/295/1 3976/417/1
f 3602/291/1 3634/291/1 3978/415/1
f 3661/1101/15 3936/1084/15 3933/1085/15
f 3722/399/10 3997/390/10 3965/390/10
f 3720/400/10 3995/388/10 3963/388/10
f 3718/401/10 3993/386/10 3961/386/10
f 3716/402/10 3991/382/10 3959/382/10
f 3714/403/10 3989/377/10 3957/377/10
f 3712/404/10 3987/366/10 3955/366/10
f 3710/405/10 3985/364/10 3953/364/10
f 3708/406/10 3983/361/10 3951/361/10
f 3706/407/10 3981/358/10 3949/358/10
f 3724/408/10 3999/318/10 3967/318/10
f 3694/409/10 3969/313/10 3937/313/10
f 3696/410/10 3971/308/10 3939/308/10
f 3698/411/10 3973/303/10 3941/303/10
f 3700/412/10 3975/298/10 3943/298/10
f 3702/413/10 3977/293/10 3945/293/10
f 3704/414/10 3979/289/10 3947/289/10
f 3566/113/10 4049/115/10 4017/115/10
f 3564/107/10 4047/109/10 4015/109/10
f 3562/104/10 4045/106/10 4013/106/10
f 3560/99/10 4043/101/10 4011/101/10
f 3558/94/10 4041/96/10 4009/96/10
f 3556/91/10 4039/93/10 4007/93/10
f 3586/13/10 4069/31/10 4037/31/10
f 3568/118/10 4051/120/10 4019/120/10
f 3570/121/10 4053/123/10 4021/123/10
f 3572/126/10 4055/128/10 4023/128/10
f 3574/131/10 4057/133/10 4025/133/10
f 3576/134/10 4059/135/10 4027/135/10
f 3578/138/10 4061/139/10 4029/139/10
f 3580/141/10 4063/272/10 4031/142/10
f 3582/144/10 4065/273/10 4033/145/10
f 3584/146/10 4067/148/10 4035/148/10
f 3241/1072/15 4006/1079/15 4003/1078/15
f 3671/416/1 3703/416/1 4048/271/1
f 3669/418/1 3701/418/1 4046/105/1
f 3667/420/1 3699/420/1 4044/100/1
f 3665/422/1 3697/422/1 4042/95/1
f 3663/424/1 3695/424/1 4040/92/1
f 3660/426/1 3693/426/1 4038/33/1
f 3691/428/1 3723/428/1 4068/147/1
f 3724/408/3 4069/31/3 4068/147/3
f 3722/399/3 4067/148/3 4066/89/3
f 3720/400/3 4065/273/3 4064/102/3
f 3718/401/3 4063/272/3 4062/116/3
f 3716/402/3 4061/139/3 4060/129/3
f 3714/403/3 4059/135/3 4058/132/3
f 3712/404/3 4057/133/3 4056/157/3
f 3710/405/3 4055/128/3 4054/122/3
f 3708/406/3 4053/123/3 4052/119/3
f 3706/407/3 4051/120/3 4050/191/3
f 3704/414/3 4049/115/3 4048/271/3
f 3702/413/3 4047/109/3 4046/105/3
f 3700/412/3 4045/106/3 4044/100/3
f 3698/411/3 4043/101/3 4042/95/3
f 3696/410/3 4041/96/3 4040/92/3
f 3694/409/3 4039/93/3 4038/33/3
f 3673/445/1 3705/445/1 4050/191/1
f 3675/443/1 3707/443/1 4052/119/1
f 3677/441/1 3709/441/1 4054/122/1
f 3679/548/1 3711/439/1 4056/157/1
f 3691/428/3 4036/147/3 4035/148/3
f 3689/429/3 4034/89/3 4033/145/3
f 3681/437/1 3713/437/1 4058/132/1
f 3687/431/3 4032/102/3 4031/142/3
f 3685/433/3 4030/116/3 4029/139/3
f 3683/435/3 4028/129/3 4027/135/3
f 3681/437/3 4026/132/3 4025/133/3
f 3683/435/1 3715/435/1 4060/129/1
f 3679/548/3 4024/127/3 4023/128/3
f 3677/441/3 4022/122/3 4021/123/3
f 3675/443/3 4020/119/3 4019/120/3
f 3685/433/1 3717/433/1 4062/116/1
f 3673/445/3 4018/114/3 4017/115/3
f 3671/416/3 4016/108/3 4015/109/3
f 3669/418/3 4014/105/3 4013/106/3
f 3687/431/1 3719/431/1 4064/102/1
f 3667/420/3 4012/100/3 4011/101/3
f 3665/422/3 4010/95/3 4009/96/3
f 3663/424/3 4008/92/3 4007/93/3
f 3689/429/1 3721/429/1 4066/89/1
f 3657/426/14 3660/426/14 4005/33/14
f 453/549/3 803/30/3 4037/31/3
f 4076/1080/12 4078/1079/12 4006/1079/12
f 3656/1102/10 4001/1077/10 4003/1078/10
f 3657/426/3 4002/22/3 4001/23/3
f 4081/1083/10 4075/1095/10 4074/1094/10
f 4072/1076/10 4073/1075/10 4070/1093/10
f 4079/1101/10 4078/1079/10 4076/1080/10
f 4078/1079/11 4079/1101/11 3661/1101/11
f 4070/1093/12 4073/1075/12 3798/1075/12
f 4081/1083/2 4080/1099/2 3866/1099/2
f 4079/1101/2 4077/1087/2 3659/1087/2
f 4075/1095/11 4081/1083/11 3868/1083/11
f 4084/1071/10 4082/1677/10 4086/1070/10
f 4083/4/2 4082/1673/2 4084/5/2
f 4082/553/11 4083/555/11 4087/552/11
f 4085/6/13 4084/5/13 4095/5/13
f 4088/1072/7 4096/1072/7 4095/1071/7
f 4085/6/18 4094/6/18 4091/4/18
f 4087/552/5 4083/555/5 4091/555/5
f 4088/1072/17 4086/1070/17 4097/1070/17
f 4087/552/16 4093/552/16 4097/554/16
f 4133/557/11 891/1675/11 894/556/11
f 4103/14/2 4091/4/2 4094/6/2
f 894/556/16 903/556/16 4288/558/16
f 4094/6/2 4095/5/2 3224/16/2
f 3224/1073/10 4095/1071/10 4096/1072/10
f 4089/1076/7 4101/1076/7 4592/1075/7
f 4097/554/11 4093/552/11 4794/559/11
f 3223/17/18 3237/17/18 4100/6/18
f 4096/1072/10 4097/1070/10 4793/1077/10
f 4224/562/10 4321/562/10 4653/561/10
f 3235/1074/10 4102/1072/10 4797/1079/10
f 4288/558/11 903/556/11 1607/563/11
f 4164/15/13 4094/6/13 4100/6/13
f 4794/559/5 4093/552/5 4099/552/5
f 3225/1074/17 4096/1072/17 4102/1072/17
f 893/34/13 4134/36/13 4227/35/13
f 4134/36/13 4135/37/13 4228/37/13
f 4135/37/13 4136/39/13 4229/38/13
f 4136/39/13 4137/41/13 4230/40/13
f 4137/41/13 4138/43/13 4231/42/13
f 4138/43/13 4139/45/13 4232/44/13
f 4139/45/13 4140/47/13 4233/46/13
f 4140/47/13 4141/49/13 4234/48/13
f 4141/49/13 4142/51/13 4235/50/13
f 4142/51/13 4143/53/13 4236/52/13
f 4143/53/13 4144/55/13 4237/54/13
f 4144/55/13 4145/57/13 4238/56/13
f 4145/57/13 4146/58/13 4239/58/13
f 4146/58/13 4147/60/13 4240/59/13
f 4147/60/13 4148/62/13 4241/61/13
f 4148/62/13 4149/64/13 4242/63/13
f 4149/64/13 4150/66/13 4243/65/13
f 4150/66/13 4151/67/13 4244/67/13
f 4151/67/13 4152/69/13 4245/68/13
f 4152/69/13 4153/71/13 4246/70/13
f 4153/71/13 4154/73/13 4247/72/13
f 4154/73/13 4155/74/13 4248/74/13
f 4155/74/13 4156/75/13 4249/75/13
f 4156/75/13 4157/76/13 4250/76/13
f 4157/76/13 4158/78/13 4251/77/13
f 4158/78/13 4159/80/13 4252/79/13
f 4159/80/13 4160/82/13 4253/81/13
f 4160/82/13 4161/84/13 4254/83/13
f 4161/84/13 4162/86/13 4255/85/13
f 4162/86/13 4163/88/13 4256/87/13
f 4163/88/13 4164/15/13 4257/32/13
f 4825/565/1 4285/566/1 4381/566/1
f 4258/568/11 4259/638/11 4799/567/11
f 4244/67/13 4341/67/13 4340/65/13
f 4260/571/11 4261/641/11 4801/570/11
f 4222/574/10 4319/574/10 4651/573/10
f 4262/576/11 4263/644/11 4803/575/11
f 4823/578/1 4283/579/1 4379/579/1
f 4264/581/11 4265/646/11 4805/580/11
f 4242/63/13 4339/63/13 4338/61/13
f 4266/584/11 4267/647/11 4807/583/11
f 4220/587/10 4317/587/10 4649/586/10
f 4268/590/11 4269/637/11 4809/589/11
f 4821/592/1 4281/593/1 4377/593/1
f 4270/595/11 4271/634/11 4811/594/11
f 4240/59/13 4337/59/13 4336/58/13
f 4272/598/11 4273/631/11 4813/597/11
f 4218/601/10 4315/601/10 4647/600/10
f 4274/603/11 4275/628/11 4815/602/11
f 4819/605/1 4279/606/1 4375/606/1
f 4276/608/11 4277/619/11 4817/607/11
f 4238/56/13 4335/56/13 4334/54/13
f 4278/610/11 4279/606/11 4819/605/11
f 4216/613/10 4313/613/10 4645/612/10
f 4280/614/11 4281/593/11 4821/592/11
f 4288/558/16 4384/558/16 4383/616/16
f 4282/617/11 4283/579/11 4823/578/11
f 4817/607/1 4277/619/1 4373/619/1
f 4284/620/11 4285/566/11 4825/565/11
f 4236/52/13 4333/52/13 4332/50/13
f 4286/623/11 4287/616/11 4827/622/11
f 4214/626/10 4311/626/10 4643/625/10
f 902/34/2 4227/35/2 3366/152/2
f 4286/623/16 4382/623/16 4381/566/16
f 4228/37/2 4229/38/2 3368/154/2
f 4815/602/1 4275/628/1 4371/628/1
f 4230/40/2 4231/42/2 3370/158/2
f 4234/48/13 4331/48/13 4330/46/13
f 4232/44/2 4233/46/2 3372/160/2
f 4212/630/10 4309/630/10 4641/629/10
f 4234/48/2 4235/50/2 3374/164/2
f 4284/620/16 4380/620/16 4379/579/16
f 4236/52/2 4237/54/2 3376/166/2
f 4813/597/1 4273/631/1 4369/631/1
f 4238/56/2 4239/58/2 3378/169/2
f 4232/44/13 4329/44/13 4328/42/13
f 4240/59/2 4241/61/2 3380/171/2
f 4210/633/10 4307/633/10 4639/632/10
f 4242/63/2 4243/65/2 3382/175/2
f 4282/617/16 4378/617/16 4377/593/16
f 4244/67/2 4245/68/2 3384/177/2
f 4811/594/1 4271/634/1 4367/634/1
f 4246/70/2 4247/72/2 3386/180/2
f 4230/40/13 4327/40/13 4326/38/13
f 4248/74/2 4249/75/2 3388/182/2
f 4208/636/10 4305/636/10 4637/635/10
f 4250/76/2 4251/77/2 3390/186/2
f 4280/614/16 4376/614/16 4375/606/16
f 4252/79/2 4253/81/2 3392/188/2
f 4809/589/1 4269/637/1 4365/637/1
f 4254/83/2 4255/85/2 3394/192/2
f 4228/37/13 4325/37/13 4324/35/13
f 4256/87/2 4257/32/2 3396/194/2
f 4165/568/16 4258/568/16 4099/552/16
f 4166/638/16 4259/638/16 4258/568/16
f 4167/639/16 4260/571/16 4259/638/16
f 4168/640/16 4261/641/16 4260/571/16
f 4169/642/16 4262/576/16 4261/641/16
f 4170/643/16 4263/644/16 4262/576/16
f 4171/581/16 4264/581/16 4263/644/16
f 4172/645/16 4265/646/16 4264/581/16
f 4173/584/16 4266/584/16 4265/646/16
f 4174/647/16 4267/647/16 4266/584/16
f 4175/590/16 4268/590/16 4267/647/16
f 4176/637/16 4269/637/16 4268/590/16
f 4177/595/16 4270/595/16 4269/637/16
f 4178/634/16 4271/634/16 4270/595/16
f 4179/598/16 4272/598/16 4271/634/16
f 4180/631/16 4273/631/16 4272/598/16
f 4181/603/16 4274/603/16 4273/631/16
f 4182/648/16 4275/628/16 4274/603/16
f 4183/608/16 4276/608/16 4275/628/16
f 4184/619/16 4277/619/16 4276/608/16
f 4185/610/16 4278/610/16 4277/619/16
f 4186/606/16 4279/606/16 4278/610/16
f 4187/614/16 4280/614/16 4279/606/16
f 4188/593/16 4281/593/16 4280/614/16
f 4189/649/16 4282/617/16 4281/593/16
f 4190/650/16 4283/579/16 4282/617/16
f 4191/651/16 4284/620/16 4283/579/16
f 4192/566/16 4285/566/16 4284/620/16
f 4193/652/16 4286/623/16 4285/566/16
f 4194/616/16 4287/616/16 4286/623/16
f 4195/558/16 4288/558/16 4287/616/16
f 891/211/2 4133/212/2 4134/36/2
f 4133/212/2 4132/213/2 4135/37/2
f 4132/213/2 4131/214/2 4136/39/2
f 4131/214/2 4130/215/2 4137/41/2
f 4130/215/2 4129/216/2 4138/43/2
f 4129/216/2 4128/217/2 4139/45/2
f 4128/217/2 4127/218/2 4140/47/2
f 4127/218/2 4126/219/2 4141/49/2
f 4126/219/2 4125/220/2 4142/51/2
f 4125/220/2 4124/221/2 4143/53/2
f 4124/221/2 4123/222/2 4144/55/2
f 4123/222/2 4122/223/2 4145/57/2
f 4122/223/2 4121/224/2 4146/58/2
f 4121/224/2 4120/225/2 4147/60/2
f 4120/225/2 4119/226/2 4148/62/2
f 4119/226/2 4118/227/2 4149/64/2
f 4118/227/2 4117/228/2 4150/66/2
f 4117/228/2 4116/229/2 4151/67/2
f 4116/229/2 4115/230/2 4152/69/2
f 4115/230/2 4114/231/2 4153/71/2
f 4114/231/2 4113/232/2 4154/73/2
f 4113/232/2 4112/233/2 4155/74/2
f 4112/233/2 4111/234/2 4156/75/2
f 4111/234/2 4110/235/2 4157/76/2
f 4110/235/2 4109/653/2 4158/78/2
f 4158/78/2 4109/653/2 4108/236/2
f 4159/80/2 4108/236/2 4107/237/2
f 4160/82/2 4107/237/2 4106/238/2
f 4106/238/2 4105/239/2 4162/86/2
f 4105/239/2 4104/240/2 4163/88/2
f 4104/240/2 4103/14/2 4164/15/2
f 4091/555/11 4103/654/11 4165/568/11
f 4103/654/11 4104/655/11 4166/638/11
f 4104/655/11 4105/656/11 4167/639/11
f 4105/656/11 4106/657/11 4168/640/11
f 4106/657/11 4107/658/11 4169/642/11
f 4107/658/11 4108/659/11 4170/643/11
f 4108/659/11 4109/660/11 4171/581/11
f 4109/660/11 4110/661/11 4172/645/11
f 4110/661/11 4111/662/11 4173/584/11
f 4111/662/11 4112/663/11 4174/647/11
f 4112/663/11 4113/664/11 4175/590/11
f 4113/664/11 4114/665/11 4176/637/11
f 4114/665/11 4115/666/11 4177/595/11
f 4115/666/11 4116/667/11 4178/634/11
f 4116/667/11 4117/668/11 4179/598/11
f 4117/668/11 4118/669/11 4180/631/11
f 4118/669/11 4119/670/11 4181/603/11
f 4119/670/11 4120/671/11 4182/648/11
f 4120/671/11 4121/672/11 4183/608/11
f 4121/672/11 4122/673/11 4184/619/11
f 4122/673/11 4123/674/11 4185/610/11
f 4123/674/11 4124/675/11 4186/606/11
f 4124/675/11 4125/676/11 4187/614/11
f 4125/676/11 4126/677/11 4188/593/11
f 4126/677/11 4127/678/11 4189/649/11
f 4127/678/11 4128/679/11 4190/650/11
f 4128/679/11 4129/680/11 4191/651/11
f 4129/680/11 4130/681/11 4192/566/11
f 4130/681/11 4131/682/11 4193/652/11
f 4131/682/11 4132/683/11 4194/616/11
f 4132/683/11 4133/557/11 4195/558/11
f 4292/32/2 4291/6/2 3460/17/2
f 4289/552/11 4354/568/11 4830/569/11
f 4355/638/11 4356/571/11 4832/572/11
f 4357/641/11 4358/576/11 4834/577/11
f 4359/644/11 4360/581/11 4836/582/11
f 4361/646/11 4362/584/11 4838/585/11
f 4363/647/11 4364/590/11 4840/591/11
f 4365/637/11 4366/595/11 4842/596/11
f 4367/634/11 4368/598/11 4844/599/11
f 4369/631/11 4370/603/11 4846/604/11
f 4371/628/11 4372/608/11 4848/609/11
f 4373/619/11 4374/610/11 4850/611/11
f 4375/606/11 4376/614/11 4852/615/11
f 4377/593/11 4378/617/11 4854/688/11
f 4379/579/11 4380/620/11 4856/689/11
f 4381/566/11 4382/623/11 4858/624/11
f 4383/616/11 4384/558/11 4860/564/11
f 4324/35/2 4325/37/2 3497/155/2
f 4326/38/2 4327/40/2 3499/159/2
f 4328/42/2 4329/44/2 3501/161/2
f 4330/46/2 4331/48/2 3503/165/2
f 4332/50/2 4333/52/2 3505/167/2
f 4334/54/2 4335/56/2 3507/170/2
f 4336/58/2 4337/59/2 3509/172/2
f 4338/61/2 4339/63/2 3511/176/2
f 4340/65/2 4341/67/2 3513/178/2
f 4342/68/2 4343/70/2 3515/181/2
f 4344/72/2 4345/74/2 3517/183/2
f 4346/75/2 4347/76/2 3519/187/2
f 4348/77/2 4349/79/2 3521/189/2
f 4350/81/2 4351/83/2 3523/193/2
f 4352/85/2 4353/87/2 3525/195/2
f 4246/70/13 4343/70/13 4342/68/13
f 4827/622/1 4287/616/1 4383/616/1
f 4226/691/10 4323/691/10 4655/690/10
f 4248/74/13 4345/74/13 4344/72/13
f 3366/152/10 4227/35/10 4324/35/10
f 3367/155/1 3497/155/1 4325/37/1
f 4250/76/13 4347/76/13 4346/75/13
f 3368/154/10 4229/38/10 4326/38/10
f 3369/159/1 3499/159/1 4327/40/1
f 4252/79/13 4349/79/13 4348/77/13
f 3370/158/10 4231/42/10 4328/42/10
f 3371/161/1 3501/161/1 4329/44/1
f 4254/83/13 4351/83/13 4350/81/13
f 3372/160/10 4233/46/10 4330/46/10
f 3373/165/1 3503/165/1 4331/48/1
f 4256/87/13 4353/87/13 4352/85/13
f 3374/164/10 4235/50/10 4332/50/10
f 3375/167/1 3505/167/1 4333/52/1
f 4258/568/16 4354/568/16 4289/552/16
f 3376/166/10 4237/54/10 4334/54/10
f 3377/170/1 3507/170/1 4335/56/1
f 4260/571/16 4356/571/16 4355/638/16
f 3378/169/10 4239/58/10 4336/58/10
f 3379/172/1 3509/172/1 4337/59/1
f 4262/576/16 4358/576/16 4357/641/16
f 3380/171/10 4241/61/10 4338/61/10
f 3381/176/1 3511/176/1 4339/63/1
f 4264/581/16 4360/581/16 4359/644/16
f 3382/175/10 4243/65/10 4340/65/10
f 3383/178/1 3513/178/1 4341/67/1
f 4266/584/16 4362/584/16 4361/646/16
f 3384/177/10 4245/68/10 4342/68/10
f 4796/684/1 4099/552/1 4289/552/1
f 3385/181/1 3515/181/1 4343/70/1
f 3237/17/1 3460/17/1 4291/6/1
f 4268/590/16 4364/590/16 4363/647/16
f 3386/180/10 4247/72/10 4344/72/10
f 4196/693/10 4293/693/10 4625/692/10
f 3387/183/1 3517/183/1 4345/74/1
f 4100/6/13 4291/6/13 4292/32/13
f 4799/567/1 4259/638/1 4355/638/1
f 4270/595/16 4366/595/16 4365/637/16
f 3388/182/10 4249/75/10 4346/75/10
f 4198/695/10 4295/695/10 4627/694/10
f 3389/187/1 3519/187/1 4347/76/1
f 4801/570/1 4261/641/1 4357/641/1
f 4272/598/16 4368/598/16 4367/634/16
f 3390/186/10 4251/77/10 4348/77/10
f 4200/697/10 4297/697/10 4629/696/10
f 3391/189/1 3521/189/1 4349/79/1
f 4803/575/1 4263/644/1 4359/644/1
f 4274/603/16 4370/603/16 4369/631/16
f 3392/188/10 4253/81/10 4350/81/10
f 4202/699/10 4299/699/10 4631/698/10
f 3393/193/1 3523/193/1 4351/83/1
f 4805/580/1 4265/646/1 4361/646/1
f 4276/608/16 4372/608/16 4371/628/16
f 3394/192/10 4255/85/10 4352/85/10
f 4204/701/10 4301/701/10 4633/700/10
f 3395/195/1 3525/195/1 4353/87/1
f 4807/583/1 4267/647/1 4363/647/1
f 4278/610/16 4374/610/16 4373/619/16
f 3396/194/10 4257/32/10 4292/32/10
f 4206/703/10 4303/703/10 4635/702/10
f 4400/705/10 4432/705/10 4771/704/10
f 4671/706/1 4399/707/1 4431/707/1
f 4398/709/10 4430/709/10 4769/708/10
f 4669/710/1 4397/711/1 4429/711/1
f 4396/713/10 4428/713/10 4767/712/10
f 4667/714/1 4395/715/1 4427/715/1
f 4394/717/10 4426/717/10 4765/716/10
f 4665/718/1 4393/719/1 4425/719/1
f 4392/721/10 4424/721/10 4763/720/10
f 4663/722/1 4391/723/1 4423/723/1
f 4390/725/10 4422/725/10 4761/724/10
f 4660/726/1 4388/727/1 4421/727/1
f 4420/729/10 4452/729/10 4791/728/10
f 4691/730/1 4419/731/1 4451/731/1
f 4451/731/11 4452/729/11 4724/732/11
f 4449/735/11 4450/783/11 4722/734/11
f 4447/738/11 4448/784/11 4720/737/11
f 4445/741/11 4446/788/11 4718/740/11
f 4443/744/11 4444/791/11 4716/743/11
f 4441/747/11 4442/793/11 4714/746/11
f 4439/750/11 4440/782/11 4712/749/11
f 4437/753/11 4438/780/11 4710/752/11
f 4435/756/11 4436/940/11 4708/755/11
f 4433/759/11 4434/774/11 4706/758/11
f 4431/707/11 4432/705/11 4704/761/11
f 4429/711/11 4430/709/11 4702/762/11
f 4427/715/11 4428/713/11 4700/764/11
f 4425/719/11 4426/717/11 4698/766/11
f 4423/723/11 4424/721/11 4696/768/11
f 4421/727/11 4422/725/11 4694/770/11
f 4673/772/1 4401/759/1 4433/759/1
f 4402/774/10 4434/774/10 4773/773/10
f 4675/775/1 4403/756/1 4435/756/1
f 4404/777/10 4436/940/10 4775/776/10
f 4677/778/1 4405/753/1 4437/753/1
f 4406/780/10 4438/780/10 4777/779/10
f 4679/751/1 4407/750/1 4439/750/1
f 4408/782/10 4440/782/10 4779/781/10
f 4418/783/11 4419/731/11 4691/730/11
f 4416/784/11 4417/735/11 4689/736/11
f 4681/786/1 4409/747/1 4441/747/1
f 4414/788/11 4415/738/11 4687/787/11
f 4412/791/11 4413/741/11 4685/790/11
f 4410/793/10 4442/793/10 4781/792/10
f 4410/793/11 4411/744/11 4683/794/11
f 4408/782/11 4409/747/11 4681/786/11
f 4683/794/1 4411/744/1 4443/744/1
f 4406/780/11 4407/750/11 4679/751/11
f 4412/791/10 4444/791/10 4783/798/10
f 4404/777/11 4405/753/11 4677/778/11
f 4402/774/11 4403/756/11 4675/775/11
f 4685/790/1 4413/741/1 4445/741/1
f 4400/705/11 4401/759/11 4673/772/11
f 4414/788/10 4446/788/10 4785/802/10
f 4398/709/11 4399/707/11 4671/706/11
f 4396/713/11 4397/711/11 4669/710/11
f 4687/787/1 4415/738/1 4447/738/1
f 4394/717/11 4395/715/11 4667/714/11
f 4416/784/10 4448/784/10 4787/804/10
f 4392/721/11 4393/719/11 4665/718/11
f 4390/725/11 4391/723/11 4663/722/11
f 4689/736/1 4417/735/1 4449/735/1
f 4658/726/5 4385/727/5 4388/727/5
f 4420/729/11 1193/942/11 1469/805/11
f 4101/1076/3 4861/1076/3 4862/1075/3
f 4418/783/10 4450/783/10 4789/806/10
f 4386/1082/10 4387/1100/10 4657/1081/10
f 4387/807/11 4385/727/11 4658/726/11
f 4386/1082/7 4389/1095/7 4728/1084/7
f 4455/1086/7 4457/1101/7 4797/1079/7
f 4486/809/10 4518/809/10 4858/624/10
f 4484/810/10 4516/810/10 4856/689/10
f 4482/811/10 4514/811/10 4854/688/10
f 4480/812/10 4512/812/10 4852/615/10
f 4478/813/10 4510/813/10 4850/611/10
f 4476/814/10 4508/814/10 4848/609/10
f 4474/815/10 4506/815/10 4846/604/10
f 4472/816/10 4504/816/10 4844/599/10
f 4470/817/10 4502/817/10 4842/596/10
f 4488/818/10 4520/818/10 4860/564/10
f 4458/819/10 4490/819/10 4830/569/10
f 4460/820/10 4492/820/10 4832/572/10
f 4462/821/10 4494/821/10 4834/577/10
f 4464/822/10 4496/822/10 4836/582/10
f 4466/823/10 4498/823/10 4838/585/10
f 4468/824/10 4500/824/10 4840/591/10
f 4738/825/1 4467/826/1 4499/826/1
f 4736/827/1 4465/828/1 4497/828/1
f 4734/829/1 4463/830/1 4495/830/1
f 4732/831/1 4461/832/1 4493/832/1
f 4730/833/1 4459/834/1 4491/834/1
f 4727/835/1 4456/836/1 4489/836/1
f 4758/837/1 4487/838/1 4519/838/1
f 4519/838/11 4520/818/11 4791/728/11
f 4517/839/11 4518/809/11 4789/806/11
f 4515/841/11 4516/810/11 4787/804/11
f 4513/843/11 4514/811/11 4785/802/11
f 4511/845/11 4512/812/11 4783/798/11
f 4509/847/11 4510/813/11 4781/792/11
f 4507/849/11 4508/814/11 4779/781/11
f 4505/851/11 4506/815/11 4777/779/11
f 4503/853/11 4504/816/11 4775/776/11
f 4501/855/11 4502/817/11 4773/773/11
f 4499/826/11 4500/824/11 4771/704/11
f 4497/828/11 4498/823/11 4769/708/11
f 4495/830/11 4496/822/11 4767/712/11
f 4493/832/11 4494/821/11 4765/716/11
f 4491/834/11 4492/820/11 4763/720/11
f 4489/836/11 4490/819/11 4761/724/11
f 4740/856/1 4469/855/1 4501/855/1
f 4742/854/1 4471/853/1 4503/853/1
f 4744/852/1 4473/851/1 4505/851/1
f 4746/850/1 4475/857/1 4507/849/1
f 4486/809/11 4487/838/11 4758/837/11
f 4484/810/11 4485/839/11 4756/840/11
f 4748/848/1 4477/847/1 4509/847/1
f 4482/811/11 4483/841/11 4754/842/11
f 4480/812/11 4481/843/11 4752/844/11
f 4478/813/11 4479/845/11 4750/846/11
f 4476/814/11 4477/847/11 4748/848/11
f 4750/846/1 4479/845/1 4511/845/1
f 4474/815/11 4475/857/11 4746/850/11
f 4472/816/11 4473/851/11 4744/852/11
f 4470/817/11 4471/853/11 4742/854/11
f 4752/844/1 4481/843/1 4513/843/1
f 4468/824/11 4469/855/11 4740/856/11
f 4466/823/11 4467/826/11 4738/825/11
f 4464/822/11 4465/828/11 4736/827/11
f 4754/842/1 4483/841/1 4515/841/1
f 4462/821/11 4463/830/11 4734/829/11
f 4460/820/11 4461/832/11 4732/831/11
f 4458/819/11 4459/834/11 4730/833/11
f 4756/840/1 4485/839/1 4517/839/1
f 4725/835/5 4454/836/5 4456/836/5
f 4488/818/11 1262/943/11 1537/858/11
f 3659/1087/10 4457/1101/10 4728/1084/10
f 4455/1086/10 4453/1102/10 4792/1089/10
f 4453/859/11 4454/836/11 4725/835/11
f 4588/862/11 4521/866/11 4589/861/11
f 4522/1091/10 4588/1098/10 4656/1090/10
f 3727/1092/10 4524/1097/10 4592/1075/10
f 4555/865/11 1330/941/11 1399/864/11
f 4589/861/5 4521/866/5 4523/866/5
f 4620/867/1 4552/868/1 4584/868/1
f 4525/870/11 4526/906/11 4594/869/11
f 4527/872/11 4528/907/11 4596/871/11
f 4529/874/11 4530/908/11 4598/873/11
f 4618/875/1 4550/876/1 4582/876/1
f 4531/878/11 4532/909/11 4600/877/11
f 4533/880/11 4534/910/11 4602/879/11
f 4535/882/11 4536/905/11 4604/881/11
f 4616/883/1 4548/884/1 4580/884/1
f 4537/886/11 4538/904/11 4606/885/11
f 4539/888/11 4540/903/11 4608/887/11
f 4541/890/11 4542/902/11 4610/889/11
f 4614/891/1 4546/892/1 4578/892/1
f 4543/894/11 4544/898/11 4612/893/11
f 4545/895/11 4546/892/11 4614/891/11
f 4547/896/11 4548/884/11 4616/883/11
f 4549/897/11 4550/876/11 4618/875/11
f 4612/893/1 4544/898/1 4576/898/1
f 4551/899/11 4552/868/11 4620/867/11
f 4553/901/11 4554/921/11 4622/900/11
f 4610/889/1 4542/902/1 4574/902/1
f 4608/887/1 4540/903/1 4572/903/1
f 4606/885/1 4538/904/1 4570/904/1
f 4604/881/1 4536/905/1 4568/905/1
f 4556/866/11 4557/870/11 4625/692/11
f 4558/906/11 4559/872/11 4627/694/11
f 4560/907/11 4561/874/11 4629/696/11
f 4562/908/11 4563/878/11 4631/698/11
f 4564/909/11 4565/880/11 4633/700/11
f 4566/910/11 4567/882/11 4635/702/11
f 4568/905/11 4569/886/11 4637/635/11
f 4570/904/11 4571/888/11 4639/632/11
f 4572/903/11 4573/890/11 4641/629/11
f 4574/902/11 4575/894/11 4643/625/11
f 4576/898/11 4577/895/11 4645/612/11
f 4578/892/11 4579/896/11 4647/600/11
f 4580/884/11 4581/897/11 4649/586/11
f 4582/876/11 4583/899/11 4651/573/11
f 4584/868/11 4585/901/11 4653/561/11
f 4586/921/11 4587/865/11 4655/690/11
f 4622/900/1 4554/921/1 4586/921/1
f 4591/861/1 4523/866/1 4556/866/1
f 4594/869/1 4526/906/1 4558/906/1
f 4596/871/1 4528/907/1 4560/907/1
f 4598/873/1 4530/908/1 4562/908/1
f 4600/877/1 4532/909/1 4564/909/1
f 4602/879/1 4534/910/1 4566/910/1
f 4535/882/10 4567/882/10 4704/761/10
f 4533/880/10 4565/880/10 4702/762/10
f 4531/878/10 4563/878/10 4700/764/10
f 4529/874/10 4561/874/10 4698/766/10
f 4527/872/10 4559/872/10 4696/768/10
f 4525/870/10 4557/870/10 4694/770/10
f 4555/865/10 4587/865/10 4724/732/10
f 4537/886/10 4569/886/10 4706/758/10
f 4539/888/10 4571/888/10 4708/755/10
f 4541/890/10 4573/890/10 4710/752/10
f 4543/894/10 4575/894/10 4712/749/10
f 4545/895/10 4577/895/10 4714/746/10
f 4547/896/10 4579/896/10 4716/743/10
f 4549/897/10 4581/897/10 4718/740/10
f 4551/899/10 4583/899/10 4720/737/10
f 4553/901/10 4585/901/10 4722/734/10
f 4522/1091/7 4524/1097/7 4661/1083/7
f 4205/922/1 4602/879/1 4634/911/1
f 4203/923/1 4600/877/1 4632/877/1
f 4201/924/1 4598/873/1 4630/873/1
f 4199/925/1 4596/871/1 4628/871/1
f 4197/926/1 4594/869/1 4626/869/1
f 4098/927/1 4591/861/1 4624/861/1
f 4225/928/1 4622/900/1 4654/900/1
f 4654/900/11 4655/690/11 4323/691/11
f 4652/920/11 4653/561/11 4321/562/11
f 4650/919/11 4651/573/11 4319/574/11
f 4648/918/11 4649/586/11 4317/587/11
f 4646/917/11 4647/600/11 4315/601/11
f 4644/916/11 4645/612/11 4313/613/11
f 4642/915/11 4643/625/11 4311/626/11
f 4640/914/11 4641/629/11 4309/630/11
f 4638/913/11 4639/632/11 4307/633/11
f 4636/912/11 4637/635/11 4305/636/11
f 4634/911/11 4635/702/11 4303/703/11
f 4632/877/11 4633/700/11 4301/701/11
f 4630/873/11 4631/698/11 4299/699/11
f 4628/871/11 4629/696/11 4297/697/11
f 4626/869/11 4627/694/11 4295/695/11
f 4624/861/11 4625/692/11 4293/693/11
f 4207/937/1 4604/881/1 4636/912/1
f 4209/936/1 4606/885/1 4638/913/1
f 4211/935/1 4608/887/1 4640/914/1
f 4213/934/1 4610/889/1 4642/915/1
f 4621/561/11 4622/900/11 4225/928/11
f 4619/573/11 4620/867/11 4223/929/11
f 4215/933/1 4612/893/1 4644/916/1
f 4617/588/11 4618/875/11 4221/930/11
f 4615/600/11 4616/883/11 4219/931/11
f 4613/612/11 4614/891/11 4217/932/11
f 4611/627/11 4612/893/11 4215/933/11
f 4217/932/1 4614/891/1 4646/917/1
f 4609/629/11 4610/889/11 4213/934/11
f 4607/632/11 4608/887/11 4211/935/11
f 4605/635/11 4606/885/11 4209/936/11
f 4219/931/1 4616/883/1 4648/918/1
f 4603/702/11 4604/881/11 4207/937/11
f 4601/700/11 4602/879/11 4205/922/11
f 4599/698/11 4600/877/11 4203/923/11
f 4221/930/1 4618/875/1 4650/919/1
f 4597/696/11 4598/873/11 4201/924/11
f 4595/694/11 4596/871/11 4199/925/11
f 4593/692/11 4594/869/11 4197/926/11
f 4223/929/1 4620/867/1 4652/920/1
f 4092/927/5 4589/861/5 4591/861/5
f 4623/690/11 1399/864/11 901/938/11
f 4389/1095/12 4863/1095/12 4074/1094/12
f 4590/1075/10 4656/1090/10 4090/1096/10
f 4656/863/11 4589/861/11 4092/927/11
f 4603/702/10 4635/702/10 4567/882/10
f 4601/700/10 4633/700/10 4565/880/10
f 4599/698/10 4631/698/10 4563/878/10
f 4597/696/10 4629/696/10 4561/874/10
f 4595/694/10 4627/694/10 4559/872/10
f 4593/692/10 4625/692/10 4557/870/10
f 4623/690/10 4655/690/10 4587/865/10
f 4605/635/10 4637/635/10 4569/886/10
f 4607/632/10 4639/632/10 4571/888/10
f 4609/629/10 4641/629/10 4573/890/10
f 4611/627/10 4643/625/10 4575/894/10
f 4613/612/10 4645/612/10 4577/895/10
f 4615/600/10 4647/600/10 4579/896/10
f 4617/588/10 4649/586/10 4581/897/10
f 4619/573/10 4651/573/10 4583/899/10
f 4621/561/10 4653/561/10 4585/901/10
f 4590/1075/7 4592/1075/7 4524/1097/7
f 4659/1083/7 4661/1083/7 4389/1095/7
f 4690/734/10 4722/734/10 4450/783/10
f 4688/785/10 4720/737/10 4448/784/10
f 4686/789/10 4718/740/10 4446/788/10
f 4684/743/10 4716/743/10 4444/791/10
f 4682/795/10 4714/746/10 4442/793/10
f 4680/796/10 4712/749/10 4440/782/10
f 4678/797/10 4710/752/10 4438/780/10
f 4676/799/10 4708/755/10 4436/940/10
f 4674/800/10 4706/758/10 4434/774/10
f 4692/732/10 4724/732/10 4452/729/10
f 4662/770/10 4694/770/10 4422/725/10
f 4664/768/10 4696/768/10 4424/721/10
f 4666/766/10 4698/766/10 4426/717/10
f 4668/764/10 4700/764/10 4428/713/10
f 4670/803/10 4702/762/10 4430/709/10
f 4672/801/10 4704/761/10 4432/705/10
f 4657/808/11 4658/726/11 4521/866/11
f 4659/1083/10 4657/1081/10 4588/1098/10
f 3866/1099/10 4661/1083/10 4524/1097/10
f 4692/732/11 1469/805/11 1330/941/11
f 4521/866/5 4658/726/5 4660/726/5
f 4552/868/1 4689/736/1 4721/736/1
f 4662/770/11 4663/722/11 4526/906/11
f 4664/768/11 4665/718/11 4528/907/11
f 4666/766/11 4667/714/11 4530/908/11
f 4550/876/1 4687/787/1 4719/739/1
f 4668/764/11 4669/710/11 4532/909/11
f 4670/803/11 4671/706/11 4534/910/11
f 4672/801/11 4673/772/11 4536/905/11
f 4548/884/1 4685/790/1 4717/742/1
f 4674/800/11 4675/775/11 4538/904/11
f 4676/799/11 4677/778/11 4540/903/11
f 4678/797/11 4679/751/11 4542/902/11
f 4546/892/1 4683/794/1 4715/745/1
f 4680/796/11 4681/786/11 4544/898/11
f 4682/795/11 4683/794/11 4546/892/11
f 4684/743/11 4685/790/11 4548/884/11
f 4686/789/11 4687/787/11 4550/876/11
f 4544/898/1 4681/786/1 4713/748/1
f 4688/785/11 4689/736/11 4552/868/11
f 4690/734/11 4691/730/11 4554/921/11
f 4542/902/1 4679/751/1 4711/751/1
f 4540/903/1 4677/778/1 4709/754/1
f 4538/904/1 4675/775/1 4707/757/1
f 4536/905/1 4673/772/1 4705/760/1
f 4693/771/11 4694/770/11 4557/870/11
f 4695/769/11 4696/768/11 4559/872/11
f 4697/767/11 4698/766/11 4561/874/11
f 4699/765/11 4700/764/11 4563/878/11
f 4701/763/11 4702/762/11 4565/880/11
f 4703/706/11 4704/761/11 4567/882/11
f 4705/760/11 4706/758/11 4569/886/11
f 4707/757/11 4708/755/11 4571/888/11
f 4709/754/11 4710/752/11 4573/890/11
f 4711/751/11 4712/749/11 4575/894/11
f 4713/748/11 4714/746/11 4577/895/11
f 4715/745/11 4716/743/11 4579/896/11
f 4717/742/11 4718/740/11 4581/897/11
f 4719/739/11 4720/737/11 4583/899/11
f 4721/736/11 4722/734/11 4585/901/11
f 4723/733/11 4724/732/11 4587/865/11
f 4554/921/1 4691/730/1 4723/733/1
f 4523/866/1 4660/726/1 4693/771/1
f 4526/906/1 4663/722/1 4695/769/1
f 4528/907/1 4665/718/1 4697/767/1
f 4530/908/1 4667/714/1 4699/765/1
f 4532/909/1 4669/710/1 4701/763/1
f 4534/910/1 4671/706/1 4703/706/1
f 4792/860/11 4725/835/11 4385/727/11
f 4726/1085/10 4792/1089/10 4387/1100/10
f 3934/1088/10 4728/1084/10 4389/1095/10
f 4759/728/11 1537/858/11 1193/942/11
f 4385/727/5 4725/835/5 4727/835/5
f 4417/735/1 4756/840/1 4788/840/1
f 4729/724/11 4730/833/11 4391/723/11
f 4731/720/11 4732/831/11 4393/719/11
f 4733/716/11 4734/829/11 4395/715/11
f 4415/738/1 4754/842/1 4786/842/1
f 4735/712/11 4736/827/11 4397/711/11
f 4737/708/11 4738/825/11 4399/707/11
f 4739/704/11 4740/856/11 4401/759/11
f 4413/741/1 4752/844/1 4784/844/1
f 4741/773/11 4742/854/11 4403/756/11
f 4743/776/11 4744/852/11 4405/753/11
f 4745/779/11 4746/850/11 4407/750/11
f 4411/744/1 4750/846/1 4782/846/1
f 4747/781/11 4748/848/11 4409/747/11
f 4749/792/11 4750/846/11 4411/744/11
f 4751/798/11 4752/844/11 4413/741/11
f 4753/802/11 4754/842/11 4415/738/11
f 4409/747/1 4748/848/1 4780/848/1
f 4755/804/11 4756/840/11 4417/735/11
f 4757/806/11 4758/837/11 4419/731/11
f 4407/750/1 4746/850/1 4778/850/1
f 4405/753/1 4744/852/1 4776/852/1
f 4403/756/1 4742/854/1 4774/854/1
f 4401/759/1 4740/856/1 4772/856/1
f 4760/835/11 4761/724/11 4422/725/11
f 4762/833/11 4763/720/11 4424/721/11
f 4764/831/11 4765/716/11 4426/717/11
f 4766/829/11 4767/712/11 4428/713/11
f 4768/827/11 4769/708/11 4430/709/11
f 4770/825/11 4771/704/11 4432/705/11
f 4772/856/11 4773/773/11 4434/774/11
f 4774/854/11 4775/776/11 4436/940/11
f 4776/852/11 4777/779/11 4438/780/11
f 4778/850/11 4779/781/11 4440/782/11
f 4780/848/11 4781/792/11 4442/793/11
f 4782/846/11 4783/798/11 4444/791/11
f 4784/844/11 4785/802/11 4446/788/11
f 4786/842/11 4787/804/11 4448/784/11
f 4788/840/11 4789/806/11 4450/783/11
f 4790/837/11 4791/728/11 4452/729/11
f 4419/731/1 4758/837/1 4790/837/1
f 4388/727/1 4727/835/1 4760/835/1
f 4391/723/1 4730/833/1 4762/833/1
f 4393/719/1 4732/831/1 4764/831/1
f 4395/715/1 4734/829/1 4766/829/1
f 4397/711/1 4736/827/1 4768/827/1
f 4399/707/1 4738/825/1 4770/825/1
f 4726/1085/7 4728/1084/7 4457/1101/7
f 4757/806/10 4789/806/10 4518/809/10
f 4755/804/10 4787/804/10 4516/810/10
f 4753/802/10 4785/802/10 4514/811/10
f 4751/798/10 4783/798/10 4512/812/10
f 4749/792/10 4781/792/10 4510/813/10
f 4747/781/10 4779/781/10 4508/814/10
f 4745/779/10 4777/779/10 4506/815/10
f 4743/776/10 4775/776/10 4504/816/10
f 4741/773/10 4773/773/10 4502/817/10
f 4759/728/10 4791/728/10 4520/818/10
f 4729/724/10 4761/724/10 4490/819/10
f 4731/720/10 4763/720/10 4492/820/10
f 4733/716/10 4765/716/10 4494/821/10
f 4735/712/10 4767/712/10 4496/822/10
f 4737/708/10 4769/708/10 4498/823/10
f 4739/704/10 4771/704/10 4500/824/10
f 4808/591/10 4840/591/10 4364/590/10
f 4806/585/10 4838/585/10 4362/584/10
f 4804/582/10 4836/582/10 4360/581/10
f 4802/577/10 4834/577/10 4358/576/10
f 4800/572/10 4832/572/10 4356/571/10
f 4798/569/10 4830/569/10 4354/568/10
f 4828/564/10 4860/564/10 4384/558/10
f 4810/596/10 4842/596/10 4366/595/10
f 4812/599/10 4844/599/10 4368/598/10
f 4814/604/10 4846/604/10 4370/603/10
f 4816/609/10 4848/609/10 4372/608/10
f 4818/611/10 4850/611/10 4374/610/10
f 4820/615/10 4852/615/10 4376/614/10
f 4822/618/10 4854/688/10 4378/617/10
f 4824/621/10 4856/689/10 4380/620/10
f 4826/624/10 4858/624/10 4382/623/10
f 4795/1078/7 4797/1079/7 4102/1072/7
f 4467/826/1 4807/583/1 4839/685/1
f 4465/828/1 4805/580/1 4837/580/1
f 4463/830/1 4803/575/1 4835/575/1
f 4461/832/1 4801/570/1 4833/570/1
f 4459/834/1 4799/567/1 4831/567/1
f 4456/836/1 4796/684/1 4829/684/1
f 4487/838/1 4827/622/1 4859/622/1
f 4859/622/11 4860/564/11 4520/818/11
f 4857/565/11 4858/624/11 4518/809/11
f 4855/578/11 4856/689/11 4516/810/11
f 4853/592/11 4854/688/11 4514/811/11
f 4851/605/11 4852/615/11 4512/812/11
f 4849/607/11 4850/611/11 4510/813/11
f 4847/687/11 4848/609/11 4508/814/11
f 4845/597/11 4846/604/11 4506/815/11
f 4843/594/11 4844/599/11 4504/816/11
f 4841/686/11 4842/596/11 4502/817/11
f 4839/685/11 4840/591/11 4500/824/11
f 4837/580/11 4838/585/11 4498/823/11
f 4835/575/11 4836/582/11 4496/822/11
f 4833/570/11 4834/577/11 4494/821/11
f 4831/567/11 4832/572/11 4492/820/11
f 4829/684/11 4830/569/11 4490/819/11
f 4469/855/1 4809/589/1 4841/686/1
f 4471/853/1 4811/594/1 4843/594/1
f 4473/851/1 4813/597/1 4845/597/1
f 4475/857/1 4815/602/1 4847/687/1
f 4826/624/11 4827/622/11 4487/838/11
f 4824/621/11 4825/565/11 4485/839/11
f 4477/847/1 4817/607/1 4849/607/1
f 4822/618/11 4823/578/11 4483/841/11
f 4820/615/11 4821/592/11 4481/843/11
f 4818/611/11 4819/605/11 4479/845/11
f 4816/609/11 4817/607/11 4477/847/11
f 4479/845/1 4819/605/1 4851/605/1
f 4814/604/11 4815/602/11 4475/857/11
f 4812/599/11 4813/597/11 4473/851/11
f 4810/596/11 4811/594/11 4471/853/11
f 4481/843/1 4821/592/1 4853/592/1
f 4808/591/11 4809/589/11 4469/855/11
f 4806/585/11 4807/583/11 4467/826/11
f 4804/582/11 4805/580/11 4465/828/11
f 4483/841/1 4823/578/1 4855/578/1
f 4802/577/11 4803/575/11 4463/830/11
f 4800/572/11 4801/570/11 4461/832/11
f 4798/569/11 4799/567/11 4459/834/11
f 4485/839/1 4825/565/1 4857/565/1
f 4454/836/5 4794/559/5 4796/684/5
f 4828/564/11 1607/563/11 1262/943/11
f 4797/1079/12 4864/1079/12 4076/1080/12
f 4795/1078/10 4793/1077/10 4453/1102/10
f 4793/560/11 4794/559/11 4454/836/11
f 4074/1094/10 4863/1095/10 4866/1083/10
f 4070/1093/10 4862/1075/10 4861/1076/10
f 4076/1080/10 4864/1079/10 4865/1101/10
f 4457/1101/3 4865/1101/3 4864/1079/3
f 4592/1075/12 4862/1075/12 4070/1093/12
f 3866/1099/2 4080/1099/2 4866/1083/2
f 3659/1087/2 4077/1087/2 4865/1101/2
f 4661/1083/3 4866/1083/3 4863/1095/3
f 4869/1071/10 4867/1677/10 4871/1070/10
f 4868/945/12 4867/1676/12 4869/944/12
f 4867/7/3 4868/10/3 4872/8/3
f 4870/946/16 4869/944/16 4880/944/16
f 4873/1072/15 4881/1072/15 4880/1071/15
f 4870/946/8 4879/946/8 4877/945/8
f 4872/8/14 4868/10/14 4877/10/14
f 4873/1072/6 4871/1070/6 4882/1070/6
f 4872/8/13 4878/8/13 4882/9/13
f 4918/11/3 1690/1674/3 1692/12/3
f 4888/947/12 4877/945/12 4879/946/12
f 1692/12/13 1701/12/13 5073/13/13
f 4879/946/12 4880/944/12 4875/949/12
f 4875/1073/10 4880/1071/10 4881/1072/10
f 3226/1076/15 3240/1076/15 5381/1075/15
f 4882/9/3 4878/8/3 5585/22/3
f 4874/950/8 4884/950/8 4886/946/8
f 4881/1072/10 4882/1070/10 5584/1077/10
f 3363/26/10 3493/26/10 5442/27/10
f 4883/1074/10 4887/1072/10 5589/1079/10
f 5073/13/3 1701/12/3 2412/30/3
f 4949/948/16 4879/946/16 4886/946/16
f 5585/22/14 4878/8/14 4885/8/14
f 4876/1074/6 4881/1072/6 4887/1072/6
f 1691/951/16 4919/953/16 5012/952/16
f 4919/953/16 4920/954/16 5013/954/16
f 4920/954/16 4921/956/16 5014/955/16
f 4921/956/16 4922/958/16 5015/957/16
f 4922/958/16 4923/960/16 5016/959/16
f 4923/960/16 4924/962/16 5017/961/16
f 4924/962/16 4925/964/16 5018/963/16
f 4925/964/16 4926/966/16 5019/965/16
f 4926/966/16 4927/968/16 5020/967/16
f 4927/968/16 4928/970/16 5021/969/16
f 4928/970/16 4929/972/16 5022/971/16
f 4929/972/16 4930/974/16 5023/973/16
f 4930/974/16 4931/975/16 5024/975/16
f 4931/975/16 4932/977/16 5025/976/16
f 4932/977/16 4933/979/16 5026/978/16
f 4933/979/16 4934/981/16 5027/980/16
f 4934/981/16 4935/983/16 5028/982/16
f 4935/983/16 4936/984/16 5029/984/16
f 4936/984/16 4937/986/16 5030/985/16
f 4937/986/16 4938/988/16 5031/987/16
f 4938/988/16 4939/990/16 5032/989/16
f 4939/990/16 4940/991/16 5033/991/16
f 4940/991/16 4941/992/16 5034/992/16
f 4941/992/16 4942/993/16 5035/993/16
f 4942/993/16 4943/995/16 5036/994/16
f 4943/995/16 4944/997/16 5037/996/16
f 4944/997/16 4945/999/16 5038/998/16
f 4945/999/16 4946/1001/16 5039/1000/16
f 4946/1001/16 4947/1003/16 5040/1002/16
f 4947/1003/16 4948/1005/16 5041/1004/16
f 4948/1005/16 4949/948/16 5042/1006/16
f 5617/89/1 5070/90/1 5166/90/1
f 5043/91/3 5044/196/3 5591/92/3
f 5029/984/16 5126/984/16 5125/982/16
f 5045/94/3 5046/200/3 5593/95/3
f 3361/97/10 3491/97/10 5440/98/10
f 5047/99/3 5048/202/3 5595/100/3
f 5615/102/1 5068/103/1 5164/103/1
f 5049/104/3 5050/204/3 5597/105/3
f 5027/980/16 5124/980/16 5123/978/16
f 5051/107/3 5052/205/3 5599/108/3
f 3359/110/10 3489/110/10 5438/111/10
f 5053/113/3 5054/190/3 5601/114/3
f 5613/116/1 5066/117/1 5162/117/1
f 5055/118/3 5056/179/3 5603/119/3
f 5025/976/16 5122/976/16 5121/975/16
f 5057/121/3 5058/168/3 5605/122/3
f 3357/124/10 3487/124/10 5436/125/10
f 5059/126/3 5060/156/3 5607/127/3
f 5611/129/1 5064/130/1 5160/130/1
f 5061/131/3 5062/143/3 5609/132/3
f 5023/973/16 5120/973/16 5119/971/16
f 5063/134/3 5064/130/3 5611/129/3
f 3355/136/10 3485/136/10 5434/137/10
f 5065/138/3 5066/117/3 5613/116/3
f 5073/13/13 5169/13/13 5168/140/13
f 5067/141/3 5068/103/3 5615/102/3
f 5609/132/1 5062/143/1 5158/143/1
f 5069/144/3 5070/90/3 5617/89/3
f 5021/969/16 5118/969/16 5117/967/16
f 5071/146/3 5072/140/3 5619/147/3
f 3353/149/10 3483/149/10 5432/150/10
f 1699/951/12 5012/952/12 4981/1007/12
f 5071/146/13 5167/146/13 5166/90/13
f 5013/954/12 5014/955/12 4983/1009/12
f 5607/127/1 5060/156/1 5156/156/1
f 5015/957/12 5016/959/12 4985/1011/12
f 5019/965/16 5116/965/16 5115/963/16
f 5017/961/12 5018/963/12 4987/1013/12
f 3351/162/10 3481/162/10 5430/163/10
f 5019/965/12 5020/967/12 4989/1015/12
f 5069/144/13 5165/144/13 5164/103/13
f 5021/969/12 5022/971/12 4991/1017/12
f 5605/122/1 5058/168/1 5154/168/1
f 5023/973/12 5024/975/12 4993/1019/12
f 5017/961/16 5114/961/16 5113/959/16
f 5025/976/12 5026/978/12 4995/1021/12
f 3349/173/10 3479/173/10 5428/174/10
f 5027/980/12 5028/982/12 4997/1023/12
f 5067/141/13 5163/141/13 5162/117/13
f 5029/984/12 5030/985/12 4999/1025/12
f 5603/119/1 5056/179/1 5152/179/1
f 5031/987/12 5032/989/12 5001/1027/12
f 5015/957/16 5112/957/16 5111/955/16
f 5033/991/12 5034/992/12 5003/1029/12
f 3347/184/10 3477/184/10 5426/185/10
f 5035/993/12 5036/994/12 5005/1031/12
f 5065/138/13 5161/138/13 5160/130/13
f 5037/996/12 5038/998/12 5007/1033/12
f 5601/114/1 5054/190/1 5150/190/1
f 5039/1000/12 5040/1002/12 5009/1035/12
f 5013/954/16 5110/954/16 5109/952/16
f 5041/1004/12 5042/1006/12 5011/1037/12
f 4950/91/13 5043/91/13 4885/8/13
f 4951/196/13 5044/196/13 5043/91/13
f 4952/197/13 5045/94/13 5044/196/13
f 4953/198/13 5046/200/13 5045/94/13
f 4954/199/13 5047/99/13 5046/200/13
f 4955/201/13 5048/202/13 5047/99/13
f 4956/104/13 5049/104/13 5048/202/13
f 4957/203/13 5050/204/13 5049/104/13
f 4958/107/13 5051/107/13 5050/204/13
f 4959/205/13 5052/205/13 5051/107/13
f 4960/113/13 5053/113/13 5052/205/13
f 4961/190/13 5054/190/13 5053/113/13
f 4962/118/13 5055/118/13 5054/190/13
f 4963/179/13 5056/179/13 5055/118/13
f 4964/121/13 5057/121/13 5056/179/13
f 4965/168/13 5058/168/13 5057/121/13
f 4966/126/13 5059/126/13 5058/168/13
f 4967/206/13 5060/156/13 5059/126/13
f 4968/131/13 5061/131/13 5060/156/13
f 4969/143/13 5062/143/13 5061/131/13
f 4970/134/13 5063/134/13 5062/143/13
f 4971/130/13 5064/130/13 5063/134/13
f 4972/138/13 5065/138/13 5064/130/13
f 4973/117/13 5066/117/13 5065/138/13
f 4974/207/13 5067/141/13 5066/117/13
f 4975/208/13 5068/103/13 5067/141/13
f 4976/209/13 5069/144/13 5068/103/13
f 4977/90/13 5070/90/13 5069/144/13
f 4978/210/13 5071/146/13 5070/90/13
f 4979/140/13 5072/140/13 5071/146/13
f 4980/13/13 5073/13/13 5072/140/13
f 1690/1039/12 4918/1040/12 4919/953/12
f 4918/1040/12 4917/1041/12 4920/954/12
f 4917/1041/12 4916/1042/12 4921/956/12
f 4916/1042/12 4915/1043/12 4922/958/12
f 4915/1043/12 4914/1044/12 4923/960/12
f 4914/1044/12 4913/1045/12 4924/962/12
f 4913/1045/12 4912/1046/12 4925/964/12
f 4912/1046/12 4911/1047/12 4926/966/12
f 4911/1047/12 4910/1048/12 4927/968/12
f 4910/1048/12 4909/1049/12 4928/970/12
f 4909/1049/12 4908/1050/12 4929/972/12
f 4908/1050/12 4907/1051/12 4930/974/12
f 4907/1051/12 4906/1052/12 4931/975/12
f 4906/1052/12 4905/1053/12 4932/977/12
f 4905/1053/12 4904/1054/12 4933/979/12
f 4904/1054/12 4903/1055/12 4934/981/12
f 4903/1055/12 4902/1056/12 4935/983/12
f 4902/1056/12 4901/1057/12 4936/984/12
f 4901/1057/12 4900/1058/12 4937/986/12
f 4900/1058/12 4899/1059/12 4938/988/12
f 4899/1059/12 4898/1060/12 4939/990/12
f 4898/1060/12 4897/1061/12 4940/991/12
f 4897/1061/12 4896/1062/12 4941/992/12
f 4896/1062/12 4895/1063/12 4942/993/12
f 4895/1063/12 4894/1065/12 4943/995/12
f 4943/995/12 4894/1065/12 4893/1064/12
f 4944/997/12 4893/1064/12 4892/1066/12
f 4945/999/12 4892/1066/12 4891/1067/12
f 4891/1067/12 4890/1068/12 4947/1003/12
f 4890/1068/12 4889/1069/12 4948/1005/12
f 4889/1069/12 4888/947/12 4949/948/12
f 4877/10/3 4888/241/3 4950/91/3
f 4888/241/3 4889/242/3 4951/196/3
f 4889/242/3 4890/243/3 4952/197/3
f 4890/243/3 4891/244/3 4953/198/3
f 4891/244/3 4892/245/3 4954/199/3
f 4892/245/3 4893/246/3 4955/201/3
f 4893/246/3 4894/247/3 4956/104/3
f 4894/247/3 4895/248/3 4957/203/3
f 4895/248/3 4896/249/3 4958/107/3
f 4896/249/3 4897/250/3 4959/205/3
f 4897/250/3 4898/251/3 4960/113/3
f 4898/251/3 4899/252/3 4961/190/3
f 4899/252/3 4900/253/3 4962/118/3
f 4900/253/3 4901/254/3 4963/179/3
f 4901/254/3 4902/255/3 4964/121/3
f 4902/255/3 4903/256/3 4965/168/3
f 4903/256/3 4904/257/3 4966/126/3
f 4904/257/3 4905/258/3 4967/206/3
f 4905/258/3 4906/259/3 4968/131/3
f 4906/259/3 4907/260/3 4969/143/3
f 4907/260/3 4908/261/3 4970/134/3
f 4908/261/3 4909/262/3 4971/130/3
f 4909/262/3 4910/263/3 4972/138/3
f 4910/263/3 4911/264/3 4973/117/3
f 4911/264/3 4912/265/3 4974/207/3
f 4912/265/3 4913/266/3 4975/208/3
f 4913/266/3 4914/267/3 4976/209/3
f 4914/267/3 4915/268/3 4977/90/3
f 4915/268/3 4916/269/3 4978/210/3
f 4916/269/3 4917/270/3 4979/140/3
f 4917/270/3 4918/11/3 4980/13/3
f 5078/1006/12 5077/946/12 5075/950/12
f 5076/8/3 5139/91/3 5622/93/3
f 5140/196/3 5141/94/3 5624/96/3
f 5142/200/3 5143/99/3 5626/101/3
f 5144/202/3 5145/104/3 5628/106/3
f 5146/204/3 5147/107/3 5630/109/3
f 5148/205/3 5149/113/3 5632/115/3
f 5150/190/3 5151/118/3 5634/120/3
f 5152/179/3 5153/121/3 5636/123/3
f 5154/168/3 5155/126/3 5638/128/3
f 5156/156/3 5157/131/3 5640/133/3
f 5158/143/3 5159/134/3 5642/135/3
f 5160/130/3 5161/138/3 5644/139/3
f 5162/117/3 5163/141/3 5646/272/3
f 5164/103/3 5165/144/3 5648/273/3
f 5166/90/3 5167/146/3 5650/148/3
f 5168/140/3 5169/13/3 5652/31/3
f 5109/952/12 5110/954/12 5080/1010/12
f 5111/955/12 5112/957/12 5082/1012/12
f 5113/959/12 5114/961/12 5084/1014/12
f 5115/963/12 5116/965/12 5086/1016/12
f 5117/967/12 5118/969/12 5088/1018/12
f 5119/971/12 5120/973/12 5090/1020/12
f 5121/975/12 5122/976/12 5092/1022/12
f 5123/978/12 5124/980/12 5094/1024/12
f 5125/982/12 5126/984/12 5096/1026/12
f 5127/985/12 5128/987/12 5098/1028/12
f 5129/989/12 5130/991/12 5100/1030/12
f 5131/992/12 5132/993/12 5102/1032/12
f 5133/994/12 5134/996/12 5104/1034/12
f 5135/998/12 5136/1000/12 5106/1036/12
f 5137/1002/12 5138/1004/12 5108/1038/12
f 5031/987/16 5128/987/16 5127/985/16
f 5619/147/1 5072/140/1 5168/140/1
f 3365/274/10 3495/274/10 5444/275/10
f 5033/991/16 5130/991/16 5129/989/16
f 4981/1007/10 5012/952/10 5109/952/10
f 4982/1010/1 5080/1010/1 5110/954/1
f 5035/993/16 5132/993/16 5131/992/16
f 4983/1009/10 5014/955/10 5111/955/10
f 4984/1012/1 5082/1012/1 5112/957/1
f 5037/996/16 5134/996/16 5133/994/16
f 4985/1011/10 5016/959/10 5113/959/10
f 4986/1014/1 5084/1014/1 5114/961/1
f 5039/1000/16 5136/1000/16 5135/998/16
f 4987/1013/10 5018/963/10 5115/963/10
f 4988/1016/1 5086/1016/1 5116/965/1
f 5041/1004/16 5138/1004/16 5137/1002/16
f 4989/1015/10 5020/967/10 5117/967/10
f 4990/1018/1 5088/1018/1 5118/969/1
f 5043/91/13 5139/91/13 5076/8/13
f 4991/1017/10 5022/971/10 5119/971/10
f 4992/1020/1 5090/1020/1 5120/973/1
f 5045/94/13 5141/94/13 5140/196/13
f 4993/1019/10 5024/975/10 5121/975/10
f 4994/1022/1 5092/1022/1 5122/976/1
f 5047/99/13 5143/99/13 5142/200/13
f 4995/1021/10 5026/978/10 5123/978/10
f 4996/1024/1 5094/1024/1 5124/980/1
f 5049/104/13 5145/104/13 5144/202/13
f 4997/1023/10 5028/982/10 5125/982/10
f 4998/1026/1 5096/1026/1 5126/984/1
f 5051/107/13 5147/107/13 5146/204/13
f 4999/1025/10 5030/985/10 5127/985/10
f 5588/33/1 4885/8/1 5076/8/1
f 5000/1028/1 5098/1028/1 5128/987/1
f 4884/950/1 5075/950/1 5077/946/1
f 5053/113/13 5149/113/13 5148/205/13
f 5001/1027/10 5032/989/10 5129/989/10
f 3335/276/10 3465/276/10 5414/277/10
f 5002/1030/1 5100/1030/1 5130/991/1
f 4886/946/16 5077/946/16 5078/1006/16
f 5591/92/1 5044/196/1 5140/196/1
f 5055/118/13 5151/118/13 5150/190/13
f 5003/1029/10 5034/992/10 5131/992/10
f 3337/278/10 3467/278/10 5416/279/10
f 5004/1032/1 5102/1032/1 5132/993/1
f 5593/95/1 5046/200/1 5142/200/1
f 5057/121/13 5153/121/13 5152/179/13
f 5005/1031/10 5036/994/10 5133/994/10
f 3339/280/10 3469/280/10 5418/281/10
f 5006/1034/1 5104/1034/1 5134/996/1
f 5595/100/1 5048/202/1 5144/202/1
f 5059/126/13 5155/126/13 5154/168/13
f 5007/1033/10 5038/998/10 5135/998/10
f 3341/282/10 3471/282/10 5420/283/10
f 5008/1036/1 5106/1036/1 5136/1000/1
f 5597/105/1 5050/204/1 5146/204/1
f 5061/131/13 5157/131/13 5156/156/13
f 5009/1035/10 5040/1002/10 5137/1002/10
f 3343/284/10 3473/284/10 5422/285/10
f 5010/1038/1 5108/1038/1 5138/1004/1
f 5599/108/1 5052/205/1 5148/205/1
f 5063/134/13 5159/134/13 5158/143/13
f 5011/1037/10 5042/1006/10 5078/1006/10
f 3345/286/10 3475/286/10 5424/287/10
f 5186/288/10 5218/288/10 5562/289/10
f 5461/290/1 5185/291/1 5217/291/1
f 5184/292/10 5216/292/10 5560/293/10
f 5459/294/1 5183/295/1 5215/295/1
f 5182/297/10 5214/297/10 5558/298/10
f 5457/299/1 5181/300/1 5213/300/1
f 5180/302/10 5212/302/10 5556/303/10
f 5455/304/1 5179/305/1 5211/305/1
f 5178/307/10 5210/307/10 5554/308/10
f 5453/309/1 5177/310/1 5209/310/1
f 5176/312/10 5208/312/10 5552/313/10
f 5450/314/1 5174/315/1 5207/315/1
f 5206/317/10 5238/317/10 5582/318/10
f 5481/319/1 5205/320/1 5237/320/1
f 5237/320/3 5238/317/3 5514/322/3
f 5235/323/3 5236/367/3 5512/324/3
f 5233/326/3 5234/368/3 5510/327/3
f 5231/329/3 5232/371/3 5508/330/3
f 5229/332/3 5230/374/3 5506/333/3
f 5227/335/3 5228/376/3 5504/336/3
f 5225/338/3 5226/365/3 5502/339/3
f 5223/341/3 5224/363/3 5500/342/3
f 5221/344/3 5222/541/3 5498/345/3
f 5219/347/3 5220/357/3 5496/348/3
f 5217/291/3 5218/288/3 5494/350/3
f 5215/295/3 5216/292/3 5492/351/3
f 5213/300/3 5214/297/3 5490/352/3
f 5211/305/3 5212/302/3 5488/353/3
f 5209/310/3 5210/307/3 5486/354/3
f 5207/315/3 5208/312/3 5484/355/3
f 5463/356/1 5187/347/1 5219/347/1
f 5188/357/10 5220/357/10 5564/358/10
f 5465/359/1 5189/344/1 5221/344/1
f 5190/360/10 5222/541/10 5566/361/10
f 5467/362/1 5191/341/1 5223/341/1
f 5192/363/10 5224/363/10 5568/364/10
f 5469/340/1 5193/338/1 5225/338/1
f 5194/365/10 5226/365/10 5570/366/10
f 5204/367/3 5205/320/3 5481/319/3
f 5202/368/3 5203/323/3 5479/325/3
f 5471/370/1 5195/335/1 5227/335/1
f 5200/371/3 5201/326/3 5477/372/3
f 5198/374/3 5199/329/3 5475/375/3
f 5196/376/10 5228/376/10 5572/377/10
f 5196/376/3 5197/332/3 5473/378/3
f 5194/365/3 5195/335/3 5471/370/3
f 5473/378/1 5197/332/1 5229/332/1
f 5192/363/3 5193/338/3 5469/340/3
f 5198/374/10 5230/374/10 5574/382/10
f 5190/360/3 5191/341/3 5467/362/3
f 5188/357/3 5189/344/3 5465/359/3
f 5475/375/1 5199/329/1 5231/329/1
f 5186/288/3 5187/347/3 5463/356/3
f 5200/371/10 5232/371/10 5576/386/10
f 5184/292/3 5185/291/3 5461/290/3
f 5182/297/3 5183/295/3 5459/294/3
f 5477/372/1 5201/326/1 5233/326/1
f 5180/302/3 5181/300/3 5457/299/3
f 5202/368/10 5234/368/10 5578/388/10
f 5178/307/3 5179/305/3 5455/304/3
f 5176/312/3 5177/310/3 5453/309/3
f 5479/325/1 5203/323/1 5235/323/1
f 5447/314/14 5170/315/14 5174/315/14
f 5206/317/3 1992/546/3 2272/389/3
f 3240/1076/11 4072/1076/11 5654/1075/11
f 5204/367/10 5236/367/10 5580/390/10
f 5171/1082/10 5172/1100/10 5446/1081/10
f 5172/394/3 5170/315/3 5447/314/3
f 5171/1082/15 5175/1095/15 5519/1084/15
f 5241/1086/15 5244/1101/15 5589/1079/15
f 5273/399/10 5305/399/10 5650/148/10
f 5271/400/10 5303/400/10 5648/273/10
f 5269/401/10 5301/401/10 5646/272/10
f 5267/402/10 5299/402/10 5644/139/10
f 5265/403/10 5297/403/10 5642/135/10
f 5263/404/10 5295/404/10 5640/133/10
f 5261/405/10 5293/405/10 5638/128/10
f 5259/406/10 5291/406/10 5636/123/10
f 5257/407/10 5289/407/10 5634/120/10
f 5275/408/10 5307/408/10 5652/31/10
f 5245/409/10 5277/409/10 5622/93/10
f 5247/410/10 5279/410/10 5624/96/10
f 5249/411/10 5281/411/10 5626/101/10
f 5251/412/10 5283/412/10 5628/106/10
f 5253/413/10 5285/413/10 5630/109/10
f 5255/414/10 5287/414/10 5632/115/10
f 5529/415/1 5254/416/1 5286/416/1
f 5527/417/1 5252/418/1 5284/418/1
f 5525/419/1 5250/420/1 5282/420/1
f 5523/421/1 5248/422/1 5280/422/1
f 5521/423/1 5246/424/1 5278/424/1
f 5518/425/1 5243/426/1 5276/426/1
f 5549/427/1 5274/428/1 5306/428/1
f 5306/428/3 5307/408/3 5582/318/3
f 5304/429/3 5305/399/3 5580/390/3
f 5302/431/3 5303/400/3 5578/388/3
f 5300/433/3 5301/401/3 5576/386/3
f 5298/435/3 5299/402/3 5574/382/3
f 5296/437/3 5297/403/3 5572/377/3
f 5294/439/3 5295/404/3 5570/366/3
f 5292/441/3 5293/405/3 5568/364/3
f 5290/443/3 5291/406/3 5566/361/3
f 5288/445/3 5289/407/3 5564/358/3
f 5286/416/3 5287/414/3 5562/289/3
f 5284/418/3 5285/413/3 5560/293/3
f 5282/420/3 5283/412/3 5558/298/3
f 5280/422/3 5281/411/3 5556/303/3
f 5278/424/3 5279/410/3 5554/308/3
f 5276/426/3 5277/409/3 5552/313/3
f 5531/446/1 5256/445/1 5288/445/1
f 5533/444/1 5258/443/1 5290/443/1
f 5535/442/1 5260/441/1 5292/441/1
f 5537/440/1 5262/548/1 5294/439/1
f 5273/399/3 5274/428/3 5549/427/3
f 5271/400/3 5272/429/3 5547/430/3
f 5539/438/1 5264/437/1 5296/437/1
f 5269/401/3 5270/431/3 5545/432/3
f 5267/402/3 5268/433/3 5543/434/3
f 5265/403/3 5266/435/3 5541/436/3
f 5263/404/3 5264/437/3 5539/438/3
f 5541/436/1 5266/435/1 5298/435/1
f 5261/405/3 5262/548/3 5537/440/3
f 5259/406/3 5260/441/3 5535/442/3
f 5257/407/3 5258/443/3 5533/444/3
f 5543/434/1 5268/433/1 5300/433/1
f 5255/414/3 5256/445/3 5531/446/3
f 5253/413/3 5254/416/3 5529/415/3
f 5251/412/3 5252/418/3 5527/417/3
f 5545/432/1 5270/431/1 5302/431/1
f 5249/411/3 5250/420/3 5525/419/3
f 5247/410/3 5248/422/3 5523/421/3
f 5245/409/3 5246/424/3 5521/423/3
f 5547/430/1 5272/429/1 5304/429/1
f 5515/425/14 5240/426/14 5243/426/14
f 5275/408/3 2062/549/3 2341/447/3
f 5242/1087/10 5244/1101/10 5519/1084/10
f 5241/1086/10 5239/1102/10 5583/1089/10
f 5239/451/3 5240/426/3 5515/425/3
f 5376/453/3 5308/462/3 5377/454/3
f 5309/1091/10 5376/1098/10 5445/1090/10
f 5310/1092/10 5312/1097/10 5381/1075/10
f 5343/460/3 2131/544/3 2201/461/3
f 5377/454/14 5308/462/14 5311/462/14
f 5409/463/1 5340/464/1 5372/464/1
f 5313/466/3 5314/511/3 5383/467/3
f 5315/468/3 5316/512/3 5385/469/3
f 5317/470/3 5318/513/3 5387/471/3
f 5407/472/1 5338/473/1 5370/473/1
f 5319/475/3 5320/514/3 5389/476/3
f 5321/477/3 5322/515/3 5391/478/3
f 5323/479/3 5324/509/3 5393/480/3
f 5405/481/1 5336/482/1 5368/482/1
f 5325/484/3 5326/507/3 5395/485/3
f 5327/486/3 5328/505/3 5397/487/3
f 5329/488/3 5330/503/3 5399/489/3
f 5403/490/1 5334/491/1 5366/491/1
f 5331/493/3 5332/498/3 5401/494/3
f 5333/495/3 5334/491/3 5403/490/3
f 5335/496/3 5336/482/3 5405/481/3
f 5337/497/3 5338/473/3 5407/472/3
f 5401/494/1 5332/498/1 5364/498/1
f 5339/500/3 5340/464/3 5409/463/3
f 5341/501/3 5342/517/3 5411/502/3
f 5399/489/1 5330/503/1 5362/503/1
f 5397/487/1 5328/505/1 5360/505/1
f 5395/485/1 5326/507/1 5358/507/1
f 5393/480/1 5324/509/1 5356/509/1
f 5344/462/3 5345/466/3 5414/277/3
f 5346/511/3 5347/468/3 5416/279/3
f 5348/512/3 5349/470/3 5418/281/3
f 5350/513/3 5351/475/3 5420/283/3
f 5352/514/3 5353/477/3 5422/285/3
f 5354/515/3 5355/479/3 5424/287/3
f 5356/509/3 5357/484/3 5426/185/3
f 5358/507/3 5359/486/3 5428/174/3
f 5360/505/3 5361/488/3 5430/163/3
f 5362/503/3 5363/493/3 5432/150/3
f 5364/498/3 5365/495/3 5434/137/3
f 5366/491/3 5367/496/3 5436/125/3
f 5368/482/3 5369/497/3 5438/111/3
f 5370/473/3 5371/500/3 5440/98/3
f 5372/464/3 5373/501/3 5442/27/3
f 5374/517/3 5375/460/3 5444/275/3
f 5411/502/1 5342/517/1 5374/517/1
f 5380/454/1 5311/462/1 5344/462/1
f 5383/467/1 5314/511/1 5346/511/1
f 5385/469/1 5316/512/1 5348/512/1
f 5387/471/1 5318/513/1 5350/513/1
f 5389/476/1 5320/514/1 5352/514/1
f 5391/478/1 5322/515/1 5354/515/1
f 5323/479/10 5355/479/10 5494/350/10
f 5321/477/10 5353/477/10 5492/351/10
f 5319/475/10 5351/475/10 5490/352/10
f 5317/470/10 5349/470/10 5488/353/10
f 5315/468/10 5347/468/10 5486/354/10
f 5313/466/10 5345/466/10 5484/355/10
f 5343/460/10 5375/460/10 5514/322/10
f 5325/484/10 5357/484/10 5496/348/10
f 5327/486/10 5359/486/10 5498/345/10
f 5329/488/10 5361/488/10 5500/342/10
f 5331/493/10 5363/493/10 5502/339/10
f 5333/495/10 5365/495/10 5504/336/10
f 5335/496/10 5367/496/10 5506/333/10
f 5337/497/10 5369/497/10 5508/330/10
f 5339/500/10 5371/500/10 5510/327/10
f 5341/501/10 5373/501/10 5512/324/10
f 5309/1091/15 5312/1097/15 5451/1083/15
f 3344/519/1 5391/478/1 5423/516/1
f 3342/520/1 5389/476/1 5421/476/1
f 3340/521/1 5387/471/1 5419/471/1
f 3338/522/1 5385/469/1 5417/469/1
f 3336/523/1 5383/467/1 5415/467/1
f 3236/524/1 5380/454/1 5413/454/1
f 3364/525/1 5411/502/1 5443/502/1
f 5443/502/3 5444/275/3 3495/274/3
f 5441/465/3 5442/27/3 3493/26/3
f 5439/474/3 5440/98/3 3491/97/3
f 5437/483/3 5438/111/3 3489/110/3
f 5435/492/3 5436/125/3 3487/124/3
f 5433/499/3 5434/137/3 3485/136/3
f 5431/504/3 5432/150/3 3483/149/3
f 5429/506/3 5430/163/3 3481/162/3
f 5427/508/3 5428/174/3 3479/173/3
f 5425/510/3 5426/185/3 3477/184/3
f 5423/516/3 5424/287/3 3475/286/3
f 5421/476/3 5422/285/3 3473/284/3
f 5419/471/3 5420/283/3 3471/282/3
f 5417/469/3 5418/281/3 3469/280/3
f 5415/467/3 5416/279/3 3467/278/3
f 5413/454/3 5414/277/3 3465/276/3
f 3346/534/1 5393/480/1 5425/510/1
f 3348/533/1 5395/485/1 5427/508/1
f 3350/532/1 5397/487/1 5429/506/1
f 3352/531/1 5399/489/1 5431/504/1
f 5410/27/3 5411/502/3 3364/525/3
f 5408/98/3 5409/463/3 3362/526/3
f 3354/530/1 5401/494/1 5433/499/1
f 5406/112/3 5407/472/3 3360/527/3
f 5404/125/3 5405/481/3 3358/528/3
f 5402/137/3 5403/490/3 3356/529/3
f 5400/151/3 5401/494/3 3354/530/3
f 3356/529/1 5403/490/1 5435/492/1
f 5398/163/3 5399/489/3 3352/531/3
f 5396/174/3 5397/487/3 3350/532/3
f 5394/185/3 5395/485/3 3348/533/3
f 3358/528/1 5405/481/1 5437/483/1
f 5392/287/3 5393/480/3 3346/534/3
f 5390/285/3 5391/478/3 3344/519/3
f 5388/283/3 5389/476/3 3342/520/3
f 3360/527/1 5407/472/1 5439/474/1
f 5386/281/3 5387/471/3 3340/521/3
f 5384/279/3 5385/469/3 3338/522/3
f 5382/277/3 5383/467/3 3336/523/3
f 3362/526/1 5409/463/1 5441/465/1
f 3229/524/14 5377/454/14 5380/454/14
f 5412/275/3 2201/461/3 25/535/3
f 5175/1095/2 5656/1095/2 5655/1094/2
f 5378/1075/10 5445/1090/10 3227/1096/10
f 5445/455/3 5377/454/3 3229/524/3
f 5392/287/10 5424/287/10 5355/479/10
f 5390/285/10 5422/285/10 5353/477/10
f 5388/283/10 5420/283/10 5351/475/10
f 5386/281/10 5418/281/10 5349/470/10
f 5384/279/10 5416/279/10 5347/468/10
f 5382/277/10 5414/277/10 5345/466/10
f 5412/275/10 5444/275/10 5375/460/10
f 5394/185/10 5426/185/10 5357/484/10
f 5396/174/10 5428/174/10 5359/486/10
f 5398/163/10 5430/163/10 5361/488/10
f 5400/151/10 5432/150/10 5363/493/10
f 5402/137/10 5434/137/10 5365/495/10
f 5404/125/10 5436/125/10 5367/496/10
f 5406/112/10 5438/111/10 5369/497/10
f 5408/98/10 5440/98/10 5371/500/10
f 5410/27/10 5442/27/10 5373/501/10
f 5378/1075/15 5381/1075/15 5312/1097/15
f 5448/1083/15 5451/1083/15 5175/1095/15
f 5480/324/10 5512/324/10 5236/367/10
f 5478/369/10 5510/327/10 5234/368/10
f 5476/373/10 5508/330/10 5232/371/10
f 5474/333/10 5506/333/10 5230/374/10
f 5472/379/10 5504/336/10 5228/376/10
f 5470/380/10 5502/339/10 5226/365/10
f 5468/381/10 5500/342/10 5224/363/10
f 5466/383/10 5498/345/10 5222/541/10
f 5464/384/10 5496/348/10 5220/357/10
f 5482/322/10 5514/322/10 5238/317/10
f 5452/355/10 5484/355/10 5208/312/10
f 5454/354/10 5486/354/10 5210/307/10
f 5456/353/10 5488/353/10 5212/302/10
f 5458/352/10 5490/352/10 5214/297/10
f 5460/387/10 5492/351/10 5216/292/10
f 5462/385/10 5494/350/10 5218/288/10
f 5446/395/3 5447/314/3 5308/462/3
f 5448/1083/10 5446/1081/10 5376/1098/10
f 5449/1099/10 5451/1083/10 5312/1097/10
f 5482/322/3 2272/389/3 2131/544/3
f 5308/462/14 5447/314/14 5450/314/14
f 5340/464/1 5479/325/1 5511/325/1
f 5452/355/3 5453/309/3 5314/511/3
f 5454/354/3 5455/304/3 5316/512/3
f 5456/353/3 5457/299/3 5318/513/3
f 5338/473/1 5477/372/1 5509/328/1
f 5458/352/3 5459/294/3 5320/514/3
f 5460/387/3 5461/290/3 5322/515/3
f 5462/385/3 5463/356/3 5324/509/3
f 5336/482/1 5475/375/1 5507/331/1
f 5464/384/3 5465/359/3 5326/507/3
f 5466/383/3 5467/362/3 5328/505/3
f 5468/381/3 5469/340/3 5330/503/3
f 5334/491/1 5473/378/1 5505/334/1
f 5470/380/3 5471/370/3 5332/498/3
f 5472/379/3 5473/378/3 5334/491/3
f 5474/333/3 5475/375/3 5336/482/3
f 5476/373/3 5477/372/3 5338/473/3
f 5332/498/1 5471/370/1 5503/337/1
f 5478/369/3 5479/325/3 5340/464/3
f 5480/324/3 5481/319/3 5342/517/3
f 5330/503/1 5469/340/1 5501/340/1
f 5328/505/1 5467/362/1 5499/343/1
f 5326/507/1 5465/359/1 5497/346/1
f 5324/509/1 5463/356/1 5495/349/1
f 5483/316/3 5484/355/3 5345/466/3
f 5485/311/3 5486/354/3 5347/468/3
f 5487/306/3 5488/353/3 5349/470/3
f 5489/301/3 5490/352/3 5351/475/3
f 5491/296/3 5492/351/3 5353/477/3
f 5493/290/3 5494/350/3 5355/479/3
f 5495/349/3 5496/348/3 5357/484/3
f 5497/346/3 5498/345/3 5359/486/3
f 5499/343/3 5500/342/3 5361/488/3
f 5501/340/3 5502/339/3 5363/493/3
f 5503/337/3 5504/336/3 5365/495/3
f 5505/334/3 5506/333/3 5367/496/3
f 5507/331/3 5508/330/3 5369/497/3
f 5509/328/3 5510/327/3 5371/500/3
f 5511/325/3 5512/324/3 5373/501/3
f 5513/321/3 5514/322/3 5375/460/3
f 5342/517/1 5481/319/1 5513/321/1
f 5311/462/1 5450/314/1 5483/316/1
f 5314/511/1 5453/309/1 5485/311/1
f 5316/512/1 5455/304/1 5487/306/1
f 5318/513/1 5457/299/1 5489/301/1
f 5320/514/1 5459/294/1 5491/296/1
f 5322/515/1 5461/290/1 5493/290/1
f 5583/452/3 5515/425/3 5170/315/3
f 5516/1085/10 5583/1089/10 5172/1100/10
f 5517/1088/10 5519/1084/10 5175/1095/10
f 5550/318/3 2341/447/3 1992/546/3
f 5170/315/14 5515/425/14 5518/425/14
f 5203/323/1 5547/430/1 5579/430/1
f 5520/313/3 5521/423/3 5177/310/3
f 5522/308/3 5523/421/3 5179/305/3
f 5524/303/3 5525/419/3 5181/300/3
f 5201/326/1 5545/432/1 5577/432/1
f 5526/298/3 5527/417/3 5183/295/3
f 5528/293/3 5529/415/3 5185/291/3
f 5530/289/3 5531/446/3 5187/347/3
f 5199/329/1 5543/434/1 5575/434/1
f 5532/358/3 5533/444/3 5189/344/3
f 5534/361/3 5535/442/3 5191/341/3
f 5536/364/3 5537/440/3 5193/338/3
f 5197/332/1 5541/436/1 5573/436/1
f 5538/366/3 5539/438/3 5195/335/3
f 5540/377/3 5541/436/3 5197/332/3
f 5542/382/3 5543/434/3 5199/329/3
f 5544/386/3 5545/432/3 5201/326/3
f 5195/335/1 5539/438/1 5571/438/1
f 5546/388/3 5547/430/3 5203/323/3
f 5548/390/3 5549/427/3 5205/320/3
f 5193/338/1 5537/440/1 5569/440/1
f 5191/341/1 5535/442/1 5567/442/1
f 5189/344/1 5533/444/1 5565/444/1
f 5187/347/1 5531/446/1 5563/446/1
f 5551/425/3 5552/313/3 5208/312/3
f 5553/423/3 5554/308/3 5210/307/3
f 5555/421/3 5556/303/3 5212/302/3
f 5557/419/3 5558/298/3 5214/297/3
f 5559/417/3 5560/293/3 5216/292/3
f 5561/415/3 5562/289/3 5218/288/3
f 5563/446/3 5564/358/3 5220/357/3
f 5565/444/3 5566/361/3 5222/541/3
f 5567/442/3 5568/364/3 5224/363/3
f 5569/440/3 5570/366/3 5226/365/3
f 5571/438/3 5572/377/3 5228/376/3
f 5573/436/3 5574/382/3 5230/374/3
f 5575/434/3 5576/386/3 5232/371/3
f 5577/432/3 5578/388/3 5234/368/3
f 5579/430/3 5580/390/3 5236/367/3
f 5581/427/3 5582/318/3 5238/317/3
f 5205/320/1 5549/427/1 5581/427/1
f 5174/315/1 5518/425/1 5551/425/1
f 5177/310/1 5521/423/1 5553/423/1
f 5179/305/1 5523/421/1 5555/421/1
f 5181/300/1 5525/419/1 5557/419/1
f 5183/295/1 5527/417/1 5559/417/1
f 5185/291/1 5529/415/1 5561/415/1
f 5516/1085/15 5519/1084/15 5244/1101/15
f 5548/390/10 5580/390/10 5305/399/10
f 5546/388/10 5578/388/10 5303/400/10
f 5544/386/10 5576/386/10 5301/401/10
f 5542/382/10 5574/382/10 5299/402/10
f 5540/377/10 5572/377/10 5297/403/10
f 5538/366/10 5570/366/10 5295/404/10
f 5536/364/10 5568/364/10 5293/405/10
f 5534/361/10 5566/361/10 5291/406/10
f 5532/358/10 5564/358/10 5289/407/10
f 5550/318/10 5582/318/10 5307/408/10
f 5520/313/10 5552/313/10 5277/409/10
f 5522/308/10 5554/308/10 5279/410/10
f 5524/303/10 5556/303/10 5281/411/10
f 5526/298/10 5558/298/10 5283/412/10
f 5528/293/10 5560/293/10 5285/413/10
f 5530/289/10 5562/289/10 5287/414/10
f 5600/115/10 5632/115/10 5149/113/10
f 5598/109/10 5630/109/10 5147/107/10
f 5596/106/10 5628/106/10 5145/104/10
f 5594/101/10 5626/101/10 5143/99/10
f 5592/96/10 5624/96/10 5141/94/10
f 5590/93/10 5622/93/10 5139/91/10
f 5620/31/10 5652/31/10 5169/13/10
f 5602/120/10 5634/120/10 5151/118/10
f 5604/123/10 5636/123/10 5153/121/10
f 5606/128/10 5638/128/10 5155/126/10
f 5608/133/10 5640/133/10 5157/131/10
f 5610/135/10 5642/135/10 5159/134/10
f 5612/139/10 5644/139/10 5161/138/10
f 5614/142/10 5646/272/10 5163/141/10
f 5616/145/10 5648/273/10 5165/144/10
f 5618/148/10 5650/148/10 5167/146/10
f 5586/1078/15 5589/1079/15 4887/1072/15
f 5254/416/1 5599/108/1 5631/271/1
f 5252/418/1 5597/105/1 5629/105/1
f 5250/420/1 5595/100/1 5627/100/1
f 5248/422/1 5593/95/1 5625/95/1
f 5246/424/1 5591/92/1 5623/92/1
f 5243/426/1 5588/33/1 5621/33/1
f 5274/428/1 5619/147/1 5651/147/1
f 5651/147/3 5652/31/3 5307/408/3
f 5649/89/3 5650/148/3 5305/399/3
f 5647/102/3 5648/273/3 5303/400/3
f 5645/116/3 5646/272/3 5301/401/3
f 5643/129/3 5644/139/3 5299/402/3
f 5641/132/3 5642/135/3 5297/403/3
f 5639/157/3 5640/133/3 5295/404/3
f 5637/122/3 5638/128/3 5293/405/3
f 5635/119/3 5636/123/3 5291/406/3
f 5633/191/3 5634/120/3 5289/407/3
f 5631/271/3 5632/115/3 5287/414/3
f 5629/105/3 5630/109/3 5285/413/3
f 5627/100/3 5628/106/3 5283/412/3
f 5625/95/3 5626/101/3 5281/411/3
f 5623/92/3 5624/96/3 5279/410/3
f 5621/33/3 5622/93/3 5277/409/3
f 5256/445/1 5601/114/1 5633/191/1
f 5258/443/1 5603/119/1 5635/119/1
f 5260/441/1 5605/122/1 5637/122/1
f 5262/548/1 5607/127/1 5639/157/1
f 5618/148/3 5619/147/3 5274/428/3
f 5616/145/3 5617/89/3 5272/429/3
f 5264/437/1 5609/132/1 5641/132/1
f 5614/142/3 5615/102/3 5270/431/3
f 5612/139/3 5613/116/3 5268/433/3
f 5610/135/3 5611/129/3 5266/435/3
f 5608/133/3 5609/132/3 5264/437/3
f 5266/435/1 5611/129/1 5643/129/1
f 5606/128/3 5607/127/3 5262/548/3
f 5604/123/3 5605/122/3 5260/441/3
f 5602/120/3 5603/119/3 5258/443/3
f 5268/433/1 5613/116/1 5645/116/1
f 5600/115/3 5601/114/3 5256/445/3
f 5598/109/3 5599/108/3 5254/416/3
f 5596/106/3 5597/105/3 5252/418/3
f 5270/431/1 5615/102/1 5647/102/1
f 5594/101/3 5595/100/3 5250/420/3
f 5592/96/3 5593/95/3 5248/422/3
f 5590/93/3 5591/92/3 5246/424/3
f 5272/429/1 5617/89/1 5649/89/1
f 5240/426/14 5585/22/14 5588/33/14
f 5620/31/3 2412/30/3 2062/549/3
f 5589/1079/2 5659/1079/2 5657/1080/2
f 5586/1078/10 5584/1077/10 5239/1102/10
f 5584/23/3 5585/22/3 5240/426/3
f 5655/1094/10 5656/1095/10 5662/1083/10
f 5653/1093/10 5654/1075/10 4072/1076/10
f 5657/1080/10 5659/1079/10 5660/1101/10
f 5244/1101/11 5660/1101/11 5659/1079/11
f 5381/1075/2 5654/1075/2 5653/1093/2
f 5449/1099/12 5661/1099/12 5662/1083/12
f 5242/1087/12 5658/1087/12 5660/1101/12
f 5451/1083/11 5662/1083/11 5656/1095/11
f 5667/1070/10 5663/1677/10 5665/1071/10
f 5665/944/12 5663/1676/12 5664/945/12
f 5668/552/11 5664/555/11 5663/553/11
f 5666/946/9 5672/946/9 5673/944/9
f 5673/1071/7 5674/1072/7 5669/1072/7
f 5670/945/8 5672/946/8 5666/946/8
f 5668/552/5 5671/552/5 5670/555/5
f 5669/1072/6 5674/1072/6 5675/1070/6
f 5675/554/4 5671/552/4 5668/552/4
f 2498/556/11 2496/1675/11 5709/557/11
f 5672/946/12 5670/945/12 5679/947/12
f 5833/558/4 2505/556/4 2498/556/4
f 4875/949/12 5673/944/12 5672/946/12
f 5674/1072/10 5673/1071/10 4875/1073/10
f 6105/1075/7 4101/1076/7 4089/1076/7
f 6307/559/11 5671/552/11 5675/554/11
f 5677/946/8 4884/950/8 4874/950/8
f 6306/1077/10 5675/1070/10 5674/1072/10
f 6166/561/10 4321/562/10 4224/562/10
f 6310/1079/10 5678/1072/10 4883/1074/10
f 3145/563/11 2505/556/11 5833/558/11
f 5740/948/9 5802/1006/9 5677/946/9
f 6307/559/5 6309/684/5 5676/552/5
f 4876/1074/6 4883/1074/6 5678/1072/6
f 2497/951/9 2504/951/9 5772/952/9
f 5710/953/9 5772/952/9 5773/954/9
f 5711/954/9 5773/954/9 5774/955/9
f 5712/956/9 5774/955/9 5775/957/9
f 5713/958/9 5775/957/9 5776/959/9
f 5714/960/9 5776/959/9 5777/961/9
f 5715/962/9 5777/961/9 5778/963/9
f 5716/964/9 5778/963/9 5779/965/9
f 5717/966/9 5779/965/9 5780/967/9
f 5718/968/9 5780/967/9 5781/969/9
f 5719/970/9 5781/969/9 5782/971/9
f 5720/972/9 5782/971/9 5783/973/9
f 5721/974/9 5783/973/9 5784/975/9
f 5722/975/9 5784/975/9 5785/976/9
f 5723/977/9 5785/976/9 5786/978/9
f 5724/979/9 5786/978/9 5787/980/9
f 5725/981/9 5787/980/9 5788/982/9
f 5726/983/9 5788/982/9 5789/984/9
f 5727/984/9 5789/984/9 5790/985/9
f 5728/986/9 5790/985/9 5791/987/9
f 5729/988/9 5791/987/9 5792/989/9
f 5730/990/9 5792/989/9 5793/991/9
f 5731/991/9 5793/991/9 5794/992/9
f 5732/992/9 5794/992/9 5795/993/9
f 5733/993/9 5795/993/9 5796/994/9
f 5734/995/9 5796/994/9 5797/996/9
f 5735/997/9 5797/996/9 5798/998/9
f 5736/999/9 5798/998/9 5799/1000/9
f 5737/1001/9 5799/1000/9 5800/1002/9
f 5738/1003/9 5800/1002/9 5801/1004/9
f 5739/1005/9 5801/1004/9 5802/1006/9
f 6338/565/1 6370/565/1 5894/566/1
f 6312/567/11 5804/638/11 5803/568/11
f 5853/982/9 5854/984/9 5789/984/9
f 6314/570/11 5806/641/11 5805/571/11
f 6164/573/10 4319/574/10 4222/574/10
f 6316/575/11 5808/644/11 5807/576/11
f 6336/578/1 6368/578/1 5892/579/1
f 6318/580/11 5810/646/11 5809/581/11
f 5851/978/9 5852/980/9 5787/980/9
f 6320/583/11 5812/647/11 5811/584/11
f 6162/586/10 4317/587/10 4220/587/10
f 6322/589/11 5814/637/11 5813/590/11
f 6334/592/1 6366/592/1 5890/593/1
f 6324/594/11 5816/634/11 5815/595/11
f 5849/975/9 5850/976/9 5785/976/9
f 6326/597/11 5818/631/11 5817/598/11
f 6160/600/10 4315/601/10 4218/601/10
f 6328/602/11 5820/628/11 5819/603/11
f 6332/605/1 6364/605/1 5888/606/1
f 6330/607/11 5822/619/11 5821/608/11
f 5847/971/9 5848/973/9 5783/973/9
f 6332/605/11 5824/606/11 5823/610/11
f 6158/612/10 4313/613/10 4216/613/10
f 6334/592/11 5826/593/11 5825/614/11
f 5896/616/4 5897/558/4 5833/558/4
f 6336/578/11 5828/579/11 5827/617/11
f 6330/607/1 6362/607/1 5886/619/1
f 6338/565/11 5830/566/11 5829/620/11
f 5845/967/9 5846/969/9 5781/969/9
f 6340/622/11 5832/616/11 5831/623/11
f 6156/625/10 4311/626/10 4214/626/10
f 4981/1007/12 5772/952/12 2504/951/12
f 5894/566/4 5895/623/4 5831/623/4
f 4983/1009/12 5774/955/12 5773/954/12
f 6328/602/1 6360/687/1 5884/628/1
f 4985/1011/12 5776/959/12 5775/957/12
f 5843/963/9 5844/965/9 5779/965/9
f 4987/1013/12 5778/963/12 5777/961/12
f 6154/629/10 4309/630/10 4212/630/10
f 4989/1015/12 5780/967/12 5779/965/12
f 5892/579/4 5893/620/4 5829/620/4
f 4991/1017/12 5782/971/12 5781/969/12
f 6326/597/1 6358/597/1 5882/631/1
f 4993/1019/12 5784/975/12 5783/973/12
f 5841/959/9 5842/961/9 5777/961/9
f 4995/1021/12 5786/978/12 5785/976/12
f 6152/632/10 4307/633/10 4210/633/10
f 4997/1023/12 5788/982/12 5787/980/12
f 5890/593/4 5891/617/4 5827/617/4
f 4999/1025/12 5790/985/12 5789/984/12
f 6324/594/1 6356/594/1 5880/634/1
f 5001/1027/12 5792/989/12 5791/987/12
f 5839/955/9 5840/957/9 5775/957/9
f 5003/1029/12 5794/992/12 5793/991/12
f 6150/635/10 4305/636/10 4208/636/10
f 5005/1031/12 5796/994/12 5795/993/12
f 5888/606/4 5889/614/4 5825/614/4
f 5007/1033/12 5798/998/12 5797/996/12
f 6322/589/1 6354/686/1 5878/637/1
f 5009/1035/12 5800/1002/12 5799/1000/12
f 5837/952/9 5838/954/9 5773/954/9
f 5011/1037/12 5802/1006/12 5801/1004/12
f 5676/552/4 5803/568/4 5741/568/4
f 5803/568/4 5804/638/4 5742/638/4
f 5804/638/4 5805/571/4 5743/639/4
f 5805/571/4 5806/641/4 5744/640/4
f 5806/641/4 5807/576/4 5745/642/4
f 5807/576/4 5808/644/4 5746/643/4
f 5808/644/4 5809/581/4 5747/581/4
f 5809/581/4 5810/646/4 5748/645/4
f 5810/646/4 5811/584/4 5749/584/4
f 5811/584/4 5812/647/4 5750/647/4
f 5812/647/4 5813/590/4 5751/590/4
f 5813/590/4 5814/637/4 5752/637/4
f 5814/637/4 5815/595/4 5753/595/4
f 5815/595/4 5816/634/4 5754/634/4
f 5816/634/4 5817/598/4 5755/598/4
f 5817/598/4 5818/631/4 5756/631/4
f 5818/631/4 5819/603/4 5757/603/4
f 5819/603/4 5820/628/4 5758/648/4
f 5820/628/4 5821/608/4 5759/608/4
f 5821/608/4 5822/619/4 5760/619/4
f 5822/619/4 5823/610/4 5761/610/4
f 5823/610/4 5824/606/4 5762/606/4
f 5824/606/4 5825/614/4 5763/614/4
f 5825/614/4 5826/593/4 5764/593/4
f 5826/593/4 5827/617/4 5765/649/4
f 5827/617/4 5828/579/4 5766/650/4
f 5828/579/4 5829/620/4 5767/651/4
f 5829/620/4 5830/566/4 5768/566/4
f 5830/566/4 5831/623/4 5769/652/4
f 5831/623/4 5832/616/4 5770/616/4
f 5832/616/4 5833/558/4 5771/558/4
f 5710/953/12 5709/1040/12 2496/1039/12
f 5711/954/12 5708/1041/12 5709/1040/12
f 5712/956/12 5707/1042/12 5708/1041/12
f 5713/958/12 5706/1043/12 5707/1042/12
f 5714/960/12 5705/1044/12 5706/1043/12
f 5715/962/12 5704/1045/12 5705/1044/12
f 5716/964/12 5703/1046/12 5704/1045/12
f 5717/966/12 5702/1047/12 5703/1046/12
f 5718/968/12 5701/1048/12 5702/1047/12
f 5719/970/12 5700/1049/12 5701/1048/12
f 5720/972/12 5699/1050/12 5700/1049/12
f 5721/974/12 5698/1051/12 5699/1050/12
f 5722/975/12 5697/1052/12 5698/1051/12
f 5723/977/12 5696/1053/12 5697/1052/12
f 5724/979/12 5695/1054/12 5696/1053/12
f 5725/981/12 5694/1055/12 5695/1054/12
f 5726/983/12 5693/1056/12 5694/1055/12
f 5727/984/12 5692/1057/12 5693/1056/12
f 5728/986/12 5691/1058/12 5692/1057/12
f 5729/988/12 5690/1059/12 5691/1058/12
f 5730/990/12 5689/1060/12 5690/1059/12
f 5731/991/12 5688/1061/12 5689/1060/12
f 5732/992/12 5687/1062/12 5688/1061/12
f 5733/993/12 5686/1063/12 5687/1062/12
f 5734/995/12 5685/1065/12 5686/1063/12
f 5734/995/12 5735/997/12 5684/1064/12
f 5735/997/12 5736/999/12 5683/1066/12
f 5736/999/12 5737/1001/12 5682/1067/12
f 5738/1003/12 5681/1068/12 5682/1067/12
f 5739/1005/12 5680/1069/12 5681/1068/12
f 5740/948/12 5679/947/12 5680/1069/12
f 5741/568/11 5679/654/11 5670/555/11
f 5742/638/11 5680/655/11 5679/654/11
f 5743/639/11 5681/656/11 5680/655/11
f 5744/640/11 5682/657/11 5681/656/11
f 5745/642/11 5683/658/11 5682/657/11
f 5746/643/11 5684/659/11 5683/658/11
f 5747/581/11 5685/660/11 5684/659/11
f 5748/645/11 5686/661/11 5685/660/11
f 5749/584/11 5687/662/11 5686/661/11
f 5750/647/11 5688/663/11 5687/662/11
f 5751/590/11 5689/664/11 5688/663/11
f 5752/637/11 5690/665/11 5689/664/11
f 5753/595/11 5691/666/11 5690/665/11
f 5754/634/11 5692/667/11 5691/666/11
f 5755/598/11 5693/668/11 5692/667/11
f 5756/631/11 5694/669/11 5693/668/11
f 5757/603/11 5695/670/11 5694/669/11
f 5758/648/11 5696/671/11 5695/670/11
f 5759/608/11 5697/672/11 5696/671/11
f 5760/619/11 5698/673/11 5697/672/11
f 5761/610/11 5699/674/11 5698/673/11
f 5762/606/11 5700/675/11 5699/674/11
f 5763/614/11 5701/676/11 5700/675/11
f 5764/593/11 5702/677/11 5701/676/11
f 5765/649/11 5703/678/11 5702/677/11
f 5766/650/11 5704/679/11 5703/678/11
f 5767/651/11 5705/680/11 5704/679/11
f 5768/566/11 5706/681/11 5705/680/11
f 5769/652/11 5707/682/11 5706/681/11
f 5770/616/11 5708/683/11 5707/682/11
f 5771/558/11 5709/557/11 5708/683/11
f 5075/950/12 5835/946/12 5836/1006/12
f 6343/569/11 5867/568/11 5834/552/11
f 6345/572/11 5869/571/11 5868/638/11
f 6347/577/11 5871/576/11 5870/641/11
f 6349/582/11 5873/581/11 5872/644/11
f 6351/585/11 5875/584/11 5874/646/11
f 6353/591/11 5877/590/11 5876/647/11
f 6355/596/11 5879/595/11 5878/637/11
f 6357/599/11 5881/598/11 5880/634/11
f 6359/604/11 5883/603/11 5882/631/11
f 6361/609/11 5885/608/11 5884/628/11
f 6363/611/11 5887/610/11 5886/619/11
f 6365/615/11 5889/614/11 5888/606/11
f 6367/688/11 5891/617/11 5890/593/11
f 6369/689/11 5893/620/11 5892/579/11
f 6371/624/11 5895/623/11 5894/566/11
f 6373/564/11 5897/558/11 5896/616/11
f 5080/1010/12 5838/954/12 5837/952/12
f 5082/1012/12 5840/957/12 5839/955/12
f 5084/1014/12 5842/961/12 5841/959/12
f 5086/1016/12 5844/965/12 5843/963/12
f 5088/1018/12 5846/969/12 5845/967/12
f 5090/1020/12 5848/973/12 5847/971/12
f 5092/1022/12 5850/976/12 5849/975/12
f 5094/1024/12 5852/980/12 5851/978/12
f 5096/1026/12 5854/984/12 5853/982/12
f 5098/1028/12 5856/987/12 5855/985/12
f 5100/1030/12 5858/991/12 5857/989/12
f 5102/1032/12 5860/993/12 5859/992/12
f 5104/1034/12 5862/996/12 5861/994/12
f 5106/1036/12 5864/1000/12 5863/998/12
f 5108/1038/12 5866/1004/12 5865/1002/12
f 5855/985/9 5856/987/9 5791/987/9
f 6340/622/1 6372/622/1 5896/616/1
f 6168/690/10 4323/691/10 4226/691/10
f 5857/989/9 5858/991/9 5793/991/9
f 4981/1007/10 5079/1007/10 5837/952/10
f 5838/954/1 5080/1010/1 4982/1010/1
f 5859/992/9 5860/993/9 5795/993/9
f 4983/1009/10 5081/1009/10 5839/955/10
f 5840/957/1 5082/1012/1 4984/1012/1
f 5861/994/9 5862/996/9 5797/996/9
f 4985/1011/10 5083/1011/10 5841/959/10
f 5842/961/1 5084/1014/1 4986/1014/1
f 5863/998/9 5864/1000/9 5799/1000/9
f 4987/1013/10 5085/1013/10 5843/963/10
f 5844/965/1 5086/1016/1 4988/1016/1
f 5865/1002/9 5866/1004/9 5801/1004/9
f 4989/1015/10 5087/1015/10 5845/967/10
f 5846/969/1 5088/1018/1 4990/1018/1
f 5834/552/4 5867/568/4 5803/568/4
f 4991/1017/10 5089/1017/10 5847/971/10
f 5848/973/1 5090/1020/1 4992/1020/1
f 5868/638/4 5869/571/4 5805/571/4
f 4993/1019/10 5091/1019/10 5849/975/10
f 5850/976/1 5092/1022/1 4994/1022/1
f 5870/641/4 5871/576/4 5807/576/4
f 4995/1021/10 5093/1021/10 5851/978/10
f 5852/980/1 5094/1024/1 4996/1024/1
f 5872/644/4 5873/581/4 5809/581/4
f 4997/1023/10 5095/1023/10 5853/982/10
f 5854/984/1 5096/1026/1 4998/1026/1
f 5874/646/4 5875/584/4 5811/584/4
f 4999/1025/10 5097/1025/10 5855/985/10
f 6309/684/1 6342/684/1 5834/552/1
f 5856/987/1 5098/1028/1 5000/1028/1
f 5835/946/1 5075/950/1 4884/950/1
f 5876/647/4 5877/590/4 5813/590/4
f 5001/1027/10 5099/1027/10 5857/989/10
f 6138/692/10 4293/693/10 4196/693/10
f 5858/991/1 5100/1030/1 5002/1030/1
f 5836/1006/9 5835/946/9 5677/946/9
f 6312/567/1 6344/567/1 5868/638/1
f 5878/637/4 5879/595/4 5815/595/4
f 5003/1029/10 5101/1029/10 5859/992/10
f 6140/694/10 4295/695/10 4198/695/10
f 5860/993/1 5102/1032/1 5004/1032/1
f 6314/570/1 6346/570/1 5870/641/1
f 5880/634/4 5881/598/4 5817/598/4
f 5005/1031/10 5103/1031/10 5861/994/10
f 6142/696/10 4297/697/10 4200/697/10
f 5862/996/1 5104/1034/1 5006/1034/1
f 6316/575/1 6348/575/1 5872/644/1
f 5882/631/4 5883/603/4 5819/603/4
f 5007/1033/10 5105/1033/10 5863/998/10
f 6144/698/10 4299/699/10 4202/699/10
f 5864/1000/1 5106/1036/1 5008/1036/1
f 6318/580/1 6350/580/1 5874/646/1
f 5884/628/4 5885/608/4 5821/608/4
f 5009/1035/10 5107/1035/10 5865/1002/10
f 6146/700/10 4301/701/10 4204/701/10
f 5866/1004/1 5108/1038/1 5010/1038/1
f 6320/583/1 6352/685/1 5876/647/1
f 5886/619/4 5887/610/4 5823/610/4
f 5011/1037/10 5074/1037/10 5836/1006/10
f 6148/702/10 4303/703/10 4206/703/10
f 6284/704/10 5945/705/10 5913/705/10
f 6184/706/1 6216/706/1 5944/707/1
f 6282/708/10 5943/709/10 5911/709/10
f 6182/710/1 6214/763/1 5942/711/1
f 6280/712/10 5941/713/10 5909/713/10
f 6180/714/1 6212/765/1 5940/715/1
f 6278/716/10 5939/717/10 5907/717/10
f 6178/718/1 6210/767/1 5938/719/1
f 6276/720/10 5937/721/10 5905/721/10
f 6176/722/1 6208/769/1 5936/723/1
f 6274/724/10 5935/725/10 5903/725/10
f 6173/726/1 6206/771/1 5934/727/1
f 6304/728/10 5965/729/10 5933/729/10
f 6204/730/1 6236/733/1 5964/731/1
f 6237/732/11 5965/729/11 5964/731/11
f 6235/734/11 5963/783/11 5962/735/11
f 6233/737/11 5961/784/11 5960/738/11
f 6231/740/11 5959/788/11 5958/741/11
f 6229/743/11 5957/791/11 5956/744/11
f 6227/746/11 5955/793/11 5954/747/11
f 6225/749/11 5953/782/11 5952/750/11
f 6223/752/11 5951/780/11 5950/753/11
f 6221/755/11 5949/940/11 5948/756/11
f 6219/758/11 5947/774/11 5946/759/11
f 6217/761/11 5945/705/11 5944/707/11
f 6215/762/11 5943/709/11 5942/711/11
f 6213/764/11 5941/713/11 5940/715/11
f 6211/766/11 5939/717/11 5938/719/11
f 6209/768/11 5937/721/11 5936/723/11
f 6207/770/11 5935/725/11 5934/727/11
f 6186/772/1 6218/760/1 5946/759/1
f 6286/773/10 5947/774/10 5915/774/10
f 6188/775/1 6220/757/1 5948/756/1
f 6288/776/10 5949/940/10 5917/777/10
f 6190/778/1 6222/754/1 5950/753/1
f 6290/779/10 5951/780/10 5919/780/10
f 6192/751/1 6224/751/1 5952/750/1
f 6292/781/10 5953/782/10 5921/782/10
f 6204/730/11 5932/731/11 5931/783/11
f 6202/736/11 5930/735/11 5929/784/11
f 6194/786/1 6226/748/1 5954/747/1
f 6200/787/11 5928/738/11 5927/788/11
f 6198/790/11 5926/741/11 5925/791/11
f 6294/792/10 5955/793/10 5923/793/10
f 6196/794/11 5924/744/11 5923/793/11
f 6194/786/11 5922/747/11 5921/782/11
f 6196/794/1 6228/745/1 5956/744/1
f 6192/751/11 5920/750/11 5919/780/11
f 6296/798/10 5957/791/10 5925/791/10
f 6190/778/11 5918/753/11 5917/777/11
f 6188/775/11 5916/756/11 5915/774/11
f 6198/790/1 6230/742/1 5958/741/1
f 6186/772/11 5914/759/11 5913/705/11
f 6298/802/10 5959/788/10 5927/788/10
f 6184/706/11 5912/707/11 5911/709/11
f 6182/710/11 5910/711/11 5909/713/11
f 6200/787/1 6232/739/1 5960/738/1
f 6180/714/11 5908/715/11 5907/717/11
f 6300/804/10 5961/784/10 5929/784/10
f 6178/718/11 5906/719/11 5905/721/11
f 6176/722/11 5904/723/11 5903/725/11
f 6202/736/1 6234/736/1 5962/735/1
f 6171/726/5 6173/726/5 5901/727/5
f 3007/805/11 2731/942/11 5933/729/11
f 6374/1075/3 4861/1076/3 4101/1076/3
f 6302/806/10 5963/783/10 5931/783/10
f 6170/1081/10 5900/1100/10 5899/1082/10
f 6171/726/11 5898/727/11 5900/807/11
f 6241/1084/7 5902/1095/7 5899/1082/7
f 6310/1079/7 5970/1101/7 5968/1086/7
f 6371/624/10 6031/809/10 5999/809/10
f 6369/689/10 6029/810/10 5997/810/10
f 6367/688/10 6027/811/10 5995/811/10
f 6365/615/10 6025/812/10 5993/812/10
f 6363/611/10 6023/813/10 5991/813/10
f 6361/609/10 6021/814/10 5989/814/10
f 6359/604/10 6019/815/10 5987/815/10
f 6357/599/10 6017/816/10 5985/816/10
f 6355/596/10 6015/817/10 5983/817/10
f 6373/564/10 6033/818/10 6001/818/10
f 6343/569/10 6003/819/10 5971/819/10
f 6345/572/10 6005/820/10 5973/820/10
f 6347/577/10 6007/821/10 5975/821/10
f 6349/582/10 6009/822/10 5977/822/10
f 6351/585/10 6011/823/10 5979/823/10
f 6353/591/10 6013/824/10 5981/824/10
f 6251/825/1 6283/825/1 6012/826/1
f 6249/827/1 6281/827/1 6010/828/1
f 6247/829/1 6279/829/1 6008/830/1
f 6245/831/1 6277/831/1 6006/832/1
f 6243/833/1 6275/833/1 6004/834/1
f 6240/835/1 6273/835/1 6002/836/1
f 6271/837/1 6303/837/1 6032/838/1
f 6304/728/11 6033/818/11 6032/838/11
f 6302/806/11 6031/809/11 6030/839/11
f 6300/804/11 6029/810/11 6028/841/11
f 6298/802/11 6027/811/11 6026/843/11
f 6296/798/11 6025/812/11 6024/845/11
f 6294/792/11 6023/813/11 6022/847/11
f 6292/781/11 6021/814/11 6020/849/11
f 6290/779/11 6019/815/11 6018/851/11
f 6288/776/11 6017/816/11 6016/853/11
f 6286/773/11 6015/817/11 6014/855/11
f 6284/704/11 6013/824/11 6012/826/11
f 6282/708/11 6011/823/11 6010/828/11
f 6280/712/11 6009/822/11 6008/830/11
f 6278/716/11 6007/821/11 6006/832/11
f 6276/720/11 6005/820/11 6004/834/11
f 6274/724/11 6003/819/11 6002/836/11
f 6253/856/1 6285/856/1 6014/855/1
f 6255/854/1 6287/854/1 6016/853/1
f 6257/852/1 6289/852/1 6018/851/1
f 6259/850/1 6291/850/1 6020/849/1
f 6271/837/11 6000/838/11 5999/809/11
f 6269/840/11 5998/839/11 5997/810/11
f 6261/848/1 6293/848/1 6022/847/1
f 6267/842/11 5996/841/11 5995/811/11
f 6265/844/11 5994/843/11 5993/812/11
f 6263/846/11 5992/845/11 5991/813/11
f 6261/848/11 5990/847/11 5989/814/11
f 6263/846/1 6295/846/1 6024/845/1
f 6259/850/11 5988/857/11 5987/815/11
f 6257/852/11 5986/851/11 5985/816/11
f 6255/854/11 5984/853/11 5983/817/11
f 6265/844/1 6297/844/1 6026/843/1
f 6253/856/11 5982/855/11 5981/824/11
f 6251/825/11 5980/826/11 5979/823/11
f 6249/827/11 5978/828/11 5977/822/11
f 6267/842/1 6299/842/1 6028/841/1
f 6247/829/11 5976/830/11 5975/821/11
f 6245/831/11 5974/832/11 5973/820/11
f 6243/833/11 5972/834/11 5971/819/11
f 6269/840/1 6301/840/1 6030/839/1
f 6238/835/5 6240/835/5 5969/836/5
f 3075/858/11 2800/943/11 6001/818/11
f 6241/1084/10 5970/1101/10 5242/1087/10
f 6305/1089/10 5966/1102/10 5968/1086/10
f 6238/835/11 5967/836/11 5966/859/11
f 6102/861/11 6034/866/11 6101/862/11
f 6169/1090/10 6101/1098/10 6035/1091/10
f 6105/1075/10 6037/1097/10 5310/1092/10
f 2937/864/11 2868/941/11 6068/865/11
f 6102/861/5 6104/861/5 6036/866/5
f 6133/867/1 6165/920/1 6097/868/1
f 6107/869/11 6039/906/11 6038/870/11
f 6109/871/11 6041/907/11 6040/872/11
f 6111/873/11 6043/908/11 6042/874/11
f 6131/875/1 6163/919/1 6095/876/1
f 6113/877/11 6045/909/11 6044/878/11
f 6115/879/11 6047/910/11 6046/880/11
f 6117/881/11 6049/905/11 6048/882/11
f 6129/883/1 6161/918/1 6093/884/1
f 6119/885/11 6051/904/11 6050/886/11
f 6121/887/11 6053/903/11 6052/888/11
f 6123/889/11 6055/902/11 6054/890/11
f 6127/891/1 6159/917/1 6091/892/1
f 6125/893/11 6057/898/11 6056/894/11
f 6127/891/11 6059/892/11 6058/895/11
f 6129/883/11 6061/884/11 6060/896/11
f 6131/875/11 6063/876/11 6062/897/11
f 6125/893/1 6157/916/1 6089/898/1
f 6133/867/11 6065/868/11 6064/899/11
f 6135/900/11 6067/921/11 6066/901/11
f 6123/889/1 6155/915/1 6087/902/1
f 6121/887/1 6153/914/1 6085/903/1
f 6119/885/1 6151/913/1 6083/904/1
f 6117/881/1 6149/912/1 6081/905/1
f 6138/692/11 6070/870/11 6069/866/11
f 6140/694/11 6072/872/11 6071/906/11
f 6142/696/11 6074/874/11 6073/907/11
f 6144/698/11 6076/878/11 6075/908/11
f 6146/700/11 6078/880/11 6077/909/11
f 6148/702/11 6080/882/11 6079/910/11
f 6150/635/11 6082/886/11 6081/905/11
f 6152/632/11 6084/888/11 6083/904/11
f 6154/629/11 6086/890/11 6085/903/11
f 6156/625/11 6088/894/11 6087/902/11
f 6158/612/11 6090/895/11 6089/898/11
f 6160/600/11 6092/896/11 6091/892/11
f 6162/586/11 6094/897/11 6093/884/11
f 6164/573/11 6096/899/11 6095/876/11
f 6166/561/11 6098/901/11 6097/868/11
f 6168/690/11 6100/865/11 6099/921/11
f 6135/900/1 6167/900/1 6099/921/1
f 6104/861/1 6137/861/1 6069/866/1
f 6107/869/1 6139/869/1 6071/906/1
f 6109/871/1 6141/871/1 6073/907/1
f 6111/873/1 6143/873/1 6075/908/1
f 6113/877/1 6145/877/1 6077/909/1
f 6115/879/1 6147/911/1 6079/910/1
f 6217/761/10 6080/882/10 6048/882/10
f 6215/762/10 6078/880/10 6046/880/10
f 6213/764/10 6076/878/10 6044/878/10
f 6211/766/10 6074/874/10 6042/874/10
f 6209/768/10 6072/872/10 6040/872/10
f 6207/770/10 6070/870/10 6038/870/10
f 6237/732/10 6100/865/10 6068/865/10
f 6219/758/10 6082/886/10 6050/886/10
f 6221/755/10 6084/888/10 6052/888/10
f 6223/752/10 6086/890/10 6054/890/10
f 6225/749/10 6088/894/10 6056/894/10
f 6227/746/10 6090/895/10 6058/895/10
f 6229/743/10 6092/896/10 6060/896/10
f 6231/740/10 6094/897/10 6062/897/10
f 6233/737/10 6096/899/10 6064/899/10
f 6235/734/10 6098/901/10 6066/901/10
f 6174/1083/7 6037/1097/7 6035/1091/7
f 4205/922/1 4302/922/1 6147/911/1
f 4203/923/1 4300/923/1 6145/877/1
f 4201/924/1 4298/924/1 6143/873/1
f 4199/925/1 4296/925/1 6141/871/1
f 4197/926/1 4294/926/1 6139/869/1
f 4098/927/1 4290/927/1 6137/861/1
f 4225/928/1 4322/928/1 6167/900/1
f 4323/691/11 6168/690/11 6167/900/11
f 4321/562/11 6166/561/11 6165/920/11
f 4319/574/11 6164/573/11 6163/919/11
f 4317/587/11 6162/586/11 6161/918/11
f 4315/601/11 6160/600/11 6159/917/11
f 4313/613/11 6158/612/11 6157/916/11
f 4311/626/11 6156/625/11 6155/915/11
f 4309/630/11 6154/629/11 6153/914/11
f 4307/633/11 6152/632/11 6151/913/11
f 4305/636/11 6150/635/11 6149/912/11
f 4303/703/11 6148/702/11 6147/911/11
f 4301/701/11 6146/700/11 6145/877/11
f 4299/699/11 6144/698/11 6143/873/11
f 4297/697/11 6142/696/11 6141/871/11
f 4295/695/11 6140/694/11 6139/869/11
f 4293/693/11 6138/692/11 6137/861/11
f 4207/937/1 4304/937/1 6149/912/1
f 4209/936/1 4306/936/1 6151/913/1
f 4211/935/1 4308/935/1 6153/914/1
f 4213/934/1 4310/934/1 6155/915/1
f 4225/928/11 6135/900/11 6134/561/11
f 4223/929/11 6133/867/11 6132/573/11
f 4215/933/1 4312/933/1 6157/916/1
f 4221/930/11 6131/875/11 6130/588/11
f 4219/931/11 6129/883/11 6128/600/11
f 4217/932/11 6127/891/11 6126/612/11
f 4215/933/11 6125/893/11 6124/627/11
f 4217/932/1 4314/932/1 6159/917/1
f 4213/934/11 6123/889/11 6122/629/11
f 4211/935/11 6121/887/11 6120/632/11
f 4209/936/11 6119/885/11 6118/635/11
f 4219/931/1 4316/931/1 6161/918/1
f 4207/937/11 6117/881/11 6116/702/11
f 4205/922/11 6115/879/11 6114/700/11
f 4203/923/11 6113/877/11 6112/698/11
f 4221/930/1 4318/930/1 6163/919/1
f 4201/924/11 6111/873/11 6110/696/11
f 4199/925/11 6109/871/11 6108/694/11
f 4197/926/11 6107/869/11 6106/692/11
f 4223/929/1 4320/929/1 6165/920/1
f 4092/927/5 4098/927/5 6104/861/5
f 901/938/11 2937/864/11 6136/690/11
f 5655/1094/2 6375/1095/2 5902/1095/2
f 4090/1096/10 6169/1090/10 6103/1075/10
f 4092/927/11 6102/861/11 6169/863/11
f 6080/882/10 6148/702/10 6116/702/10
f 6078/880/10 6146/700/10 6114/700/10
f 6076/878/10 6144/698/10 6112/698/10
f 6074/874/10 6142/696/10 6110/696/10
f 6072/872/10 6140/694/10 6108/694/10
f 6070/870/10 6138/692/10 6106/692/10
f 6100/865/10 6168/690/10 6136/690/10
f 6082/886/10 6150/635/10 6118/635/10
f 6084/888/10 6152/632/10 6120/632/10
f 6086/890/10 6154/629/10 6122/629/10
f 6088/894/10 6156/625/10 6124/627/10
f 6090/895/10 6158/612/10 6126/612/10
f 6092/896/10 6160/600/10 6128/600/10
f 6094/897/10 6162/586/10 6130/588/10
f 6096/899/10 6164/573/10 6132/573/10
f 6098/901/10 6166/561/10 6134/561/10
f 6037/1097/7 6105/1075/7 6103/1075/7
f 5902/1095/7 6174/1083/7 6172/1083/7
f 5963/783/10 6235/734/10 6203/734/10
f 5961/784/10 6233/737/10 6201/785/10
f 5959/788/10 6231/740/10 6199/789/10
f 5957/791/10 6229/743/10 6197/743/10
f 5955/793/10 6227/746/10 6195/795/10
f 5953/782/10 6225/749/10 6193/796/10
f 5951/780/10 6223/752/10 6191/797/10
f 5949/940/10 6221/755/10 6189/799/10
f 5947/774/10 6219/758/10 6187/800/10
f 5965/729/10 6237/732/10 6205/732/10
f 5935/725/10 6207/770/10 6175/770/10
f 5937/721/10 6209/768/10 6177/768/10
f 5939/717/10 6211/766/10 6179/766/10
f 5941/713/10 6213/764/10 6181/764/10
f 5943/709/10 6215/762/10 6183/803/10
f 5945/705/10 6217/761/10 6185/801/10
f 6034/866/11 6171/726/11 6170/808/11
f 6101/1098/10 6170/1081/10 6172/1083/10
f 6037/1097/10 6174/1083/10 5449/1099/10
f 2868/941/11 3007/805/11 6205/732/11
f 6034/866/5 6036/866/5 6173/726/5
f 6065/868/1 6097/868/1 6234/736/1
f 6039/906/11 6176/722/11 6175/770/11
f 6041/907/11 6178/718/11 6177/768/11
f 6043/908/11 6180/714/11 6179/766/11
f 6063/876/1 6095/876/1 6232/739/1
f 6045/909/11 6182/710/11 6181/764/11
f 6047/910/11 6184/706/11 6183/803/11
f 6049/905/11 6186/772/11 6185/801/11
f 6061/884/1 6093/884/1 6230/742/1
f 6051/904/11 6188/775/11 6187/800/11
f 6053/903/11 6190/778/11 6189/799/11
f 6055/902/11 6192/751/11 6191/797/11
f 6059/892/1 6091/892/1 6228/745/1
f 6057/898/11 6194/786/11 6193/796/11
f 6059/892/11 6196/794/11 6195/795/11
f 6061/884/11 6198/790/11 6197/743/11
f 6063/876/11 6200/787/11 6199/789/11
f 6057/898/1 6089/898/1 6226/748/1
f 6065/868/11 6202/736/11 6201/785/11
f 6067/921/11 6204/730/11 6203/734/11
f 6055/902/1 6087/902/1 6224/751/1
f 6053/903/1 6085/903/1 6222/754/1
f 6051/904/1 6083/904/1 6220/757/1
f 6049/905/1 6081/905/1 6218/760/1
f 6070/870/11 6207/770/11 6206/771/11
f 6072/872/11 6209/768/11 6208/769/11
f 6074/874/11 6211/766/11 6210/767/11
f 6076/878/11 6213/764/11 6212/765/11
f 6078/880/11 6215/762/11 6214/763/11
f 6080/882/11 6217/761/11 6216/706/11
f 6082/886/11 6219/758/11 6218/760/11
f 6084/888/11 6221/755/11 6220/757/11
f 6086/890/11 6223/752/11 6222/754/11
f 6088/894/11 6225/749/11 6224/751/11
f 6090/895/11 6227/746/11 6226/748/11
f 6092/896/11 6229/743/11 6228/745/11
f 6094/897/11 6231/740/11 6230/742/11
f 6096/899/11 6233/737/11 6232/739/11
f 6098/901/11 6235/734/11 6234/736/11
f 6100/865/11 6237/732/11 6236/733/11
f 6067/921/1 6099/921/1 6236/733/1
f 6036/866/1 6069/866/1 6206/771/1
f 6039/906/1 6071/906/1 6208/769/1
f 6041/907/1 6073/907/1 6210/767/1
f 6043/908/1 6075/908/1 6212/765/1
f 6045/909/1 6077/909/1 6214/763/1
f 6047/910/1 6079/910/1 6216/706/1
f 5898/727/11 6238/835/11 6305/860/11
f 5900/1100/10 6305/1089/10 6239/1085/10
f 5902/1095/10 6241/1084/10 5517/1088/10
f 2731/942/11 3075/858/11 6272/728/11
f 5898/727/5 5901/727/5 6240/835/5
f 5930/735/1 5962/735/1 6301/840/1
f 5904/723/11 6243/833/11 6242/724/11
f 5906/719/11 6245/831/11 6244/720/11
f 5908/715/11 6247/829/11 6246/716/11
f 5928/738/1 5960/738/1 6299/842/1
f 5910/711/11 6249/827/11 6248/712/11
f 5912/707/11 6251/825/11 6250/708/11
f 5914/759/11 6253/856/11 6252/704/11
f 5926/741/1 5958/741/1 6297/844/1
f 5916/756/11 6255/854/11 6254/773/11
f 5918/753/11 6257/852/11 6256/776/11
f 5920/750/11 6259/850/11 6258/779/11
f 5924/744/1 5956/744/1 6295/846/1
f 5922/747/11 6261/848/11 6260/781/11
f 5924/744/11 6263/846/11 6262/792/11
f 5926/741/11 6265/844/11 6264/798/11
f 5928/738/11 6267/842/11 6266/802/11
f 5922/747/1 5954/747/1 6293/848/1
f 5930/735/11 6269/840/11 6268/804/11
f 5932/731/11 6271/837/11 6270/806/11
f 5920/750/1 5952/750/1 6291/850/1
f 5918/753/1 5950/753/1 6289/852/1
f 5916/756/1 5948/756/1 6287/854/1
f 5914/759/1 5946/759/1 6285/856/1
f 5935/725/11 6274/724/11 6273/835/11
f 5937/721/11 6276/720/11 6275/833/11
f 5939/717/11 6278/716/11 6277/831/11
f 5941/713/11 6280/712/11 6279/829/11
f 5943/709/11 6282/708/11 6281/827/11
f 5945/705/11 6284/704/11 6283/825/11
f 5947/774/11 6286/773/11 6285/856/11
f 5949/940/11 6288/776/11 6287/854/11
f 5951/780/11 6290/779/11 6289/852/11
f 5953/782/11 6292/781/11 6291/850/11
f 5955/793/11 6294/792/11 6293/848/11
f 5957/791/11 6296/798/11 6295/846/11
f 5959/788/11 6298/802/11 6297/844/11
f 5961/784/11 6300/804/11 6299/842/11
f 5963/783/11 6302/806/11 6301/840/11
f 5965/729/11 6304/728/11 6303/837/11
f 5932/731/1 5964/731/1 6303/837/1
f 5901/727/1 5934/727/1 6273/835/1
f 5904/723/1 5936/723/1 6275/833/1
f 5906/719/1 5938/719/1 6277/831/1
f 5908/715/1 5940/715/1 6279/829/1
f 5910/711/1 5942/711/1 6281/827/1
f 5912/707/1 5944/707/1 6283/825/1
f 5970/1101/7 6241/1084/7 6239/1085/7
f 6031/809/10 6302/806/10 6270/806/10
f 6029/810/10 6300/804/10 6268/804/10
f 6027/811/10 6298/802/10 6266/802/10
f 6025/812/10 6296/798/10 6264/798/10
f 6023/813/10 6294/792/10 6262/792/10
f 6021/814/10 6292/781/10 6260/781/10
f 6019/815/10 6290/779/10 6258/779/10
f 6017/816/10 6288/776/10 6256/776/10
f 6015/817/10 6286/773/10 6254/773/10
f 6033/818/10 6304/728/10 6272/728/10
f 6003/819/10 6274/724/10 6242/724/10
f 6005/820/10 6276/720/10 6244/720/10
f 6007/821/10 6278/716/10 6246/716/10
f 6009/822/10 6280/712/10 6248/712/10
f 6011/823/10 6282/708/10 6250/708/10
f 6013/824/10 6284/704/10 6252/704/10
f 5877/590/10 6353/591/10 6321/591/10
f 5875/584/10 6351/585/10 6319/585/10
f 5873/581/10 6349/582/10 6317/582/10
f 5871/576/10 6347/577/10 6315/577/10
f 5869/571/10 6345/572/10 6313/572/10
f 5867/568/10 6343/569/10 6311/569/10
f 5897/558/10 6373/564/10 6341/564/10
f 5879/595/10 6355/596/10 6323/596/10
f 5881/598/10 6357/599/10 6325/599/10
f 5883/603/10 6359/604/10 6327/604/10
f 5885/608/10 6361/609/10 6329/609/10
f 5887/610/10 6363/611/10 6331/611/10
f 5889/614/10 6365/615/10 6333/615/10
f 5891/617/10 6367/688/10 6335/618/10
f 5893/620/10 6369/689/10 6337/621/10
f 5895/623/10 6371/624/10 6339/624/10
f 5678/1072/7 6310/1079/7 6308/1078/7
f 5980/826/1 6012/826/1 6352/685/1
f 5978/828/1 6010/828/1 6350/580/1
f 5976/830/1 6008/830/1 6348/575/1
f 5974/832/1 6006/832/1 6346/570/1
f 5972/834/1 6004/834/1 6344/567/1
f 5969/836/1 6002/836/1 6342/684/1
f 6000/838/1 6032/838/1 6372/622/1
f 6033/818/11 6373/564/11 6372/622/11
f 6031/809/11 6371/624/11 6370/565/11
f 6029/810/11 6369/689/11 6368/578/11
f 6027/811/11 6367/688/11 6366/592/11
f 6025/812/11 6365/615/11 6364/605/11
f 6023/813/11 6363/611/11 6362/607/11
f 6021/814/11 6361/609/11 6360/687/11
f 6019/815/11 6359/604/11 6358/597/11
f 6017/816/11 6357/599/11 6356/594/11
f 6015/817/11 6355/596/11 6354/686/11
f 6013/824/11 6353/591/11 6352/685/11
f 6011/823/11 6351/585/11 6350/580/11
f 6009/822/11 6349/582/11 6348/575/11
f 6007/821/11 6347/577/11 6346/570/11
f 6005/820/11 6345/572/11 6344/567/11
f 6003/819/11 6343/569/11 6342/684/11
f 5982/855/1 6014/855/1 6354/686/1
f 5984/853/1 6016/853/1 6356/594/1
f 5986/851/1 6018/851/1 6358/597/1
f 5988/857/1 6020/849/1 6360/687/1
f 6000/838/11 6340/622/11 6339/624/11
f 5998/839/11 6338/565/11 6337/621/11
f 5990/847/1 6022/847/1 6362/607/1
f 5996/841/11 6336/578/11 6335/618/11
f 5994/843/11 6334/592/11 6333/615/11
f 5992/845/11 6332/605/11 6331/611/11
f 5990/847/11 6330/607/11 6329/609/11
f 5992/845/1 6024/845/1 6364/605/1
f 5988/857/11 6328/602/11 6327/604/11
f 5986/851/11 6326/597/11 6325/599/11
f 5984/853/11 6324/594/11 6323/596/11
f 5994/843/1 6026/843/1 6366/592/1
f 5982/855/11 6322/589/11 6321/591/11
f 5980/826/11 6320/583/11 6319/585/11
f 5978/828/11 6318/580/11 6317/582/11
f 5996/841/1 6028/841/1 6368/578/1
f 5976/830/11 6316/575/11 6315/577/11
f 5974/832/11 6314/570/11 6313/572/11
f 5972/834/11 6312/567/11 6311/569/11
f 5998/839/1 6030/839/1 6370/565/1
f 5967/836/5 5969/836/5 6309/684/5
f 2800/943/11 3145/563/11 6341/564/11
f 5657/1080/2 6376/1079/2 6310/1079/2
f 5966/1102/10 6306/1077/10 6308/1078/10
f 5967/836/11 6307/559/11 6306/560/11
f 6378/1083/10 6375/1095/10 5655/1094/10
f 4861/1076/10 6374/1075/10 5653/1093/10
f 6377/1101/10 6376/1079/10 5657/1080/10
f 6376/1079/3 6377/1101/3 5970/1101/3
f 5653/1093/2 6374/1075/2 6105/1075/2
f 6378/1083/12 5661/1099/12 5449/1099/12
f 6377/1101/12 5658/1087/12 5242/1087/12
f 6375/1095/3 6378/1083/3 6174/1083/3
f 6380/1104/19 6382/1107/19 6381/1105/19
f 6382/1107/20 6384/1109/20 6383/1108/20
f 6384/1109/21 6386/1111/21 6385/1110/21
f 6386/1111/22 6388/1113/22 6387/1112/22
f 6388/1113/23 6390/1115/23 6389/1114/23
f 6390/1115/24 6392/1117/24 6391/1116/24
f 6392/1117/25 6394/1119/25 6393/1118/25
f 6394/1119/26 6396/1121/26 6395/1120/26
f 6396/1121/27 6398/1123/27 6397/1122/27
f 6398/1123/28 6400/1125/28 6399/1124/28
f 6400/1125/29 6402/1127/29 6401/1126/29
f 6402/1127/30 6404/1129/30 6403/1128/30
f 6404/1129/31 6406/1131/31 6405/1130/31
f 6406/1131/32 6408/1133/32 6407/1132/32
f 6408/1133/33 6410/1135/33 6409/1134/33
f 6410/1135/34 6412/1137/34 6411/1136/34
f 6412/1137/35 6414/1139/35 6413/1138/35
f 6414/1139/36 6416/1141/36 6415/1140/36
f 6416/1141/37 6418/1143/37 6417/1142/37
f 6418/1143/38 6420/1145/38 6419/1144/38
f 6420/1145/39 6422/1147/39 6421/1146/39
f 6422/1147/40 6424/1149/40 6423/1148/40
f 6424/1149/41 6426/1151/41 6425/1150/41
f 6426/1151/42 6428/1153/42 6427/1152/42
f 6428/1153/43 6430/1155/43 6429/1154/43
f 6430/1155/44 6432/1157/44 6431/1156/44
f 6432/1157/45 6434/1159/45 6433/1158/45
f 6434/1159/46 6436/1161/46 6435/1160/46
f 6436/1161/47 6438/1163/47 6437/1162/47
f 6438/1163/48 6440/1168/48 6439/1164/48
f 6384/1678/2 6382/1679/2 6410/1680/2
f 6382/1679/2 6380/1681/2 6412/1682/2
f 6380/1681/2 6442/1683/2 6414/1684/2
f 6442/1683/2 6440/1685/2 6416/1686/2
f 6440/1685/2 6438/1687/2 6416/1686/2
f 6438/1687/2 6436/1688/2 6418/1689/2
f 6416/1686/2 6438/1687/2 6418/1689/2
f 6436/1688/2 6434/1690/2 6420/1691/2
f 6434/1690/2 6432/1692/2 6422/1693/2
f 6420/1691/2 6434/1690/2 6422/1693/2
f 6432/1692/2 6430/1694/2 6424/1695/2
f 6430/1694/2 6428/1696/2 6426/1697/2
f 6424/1695/2 6430/1694/2 6426/1697/2
f 6424/1695/2 6422/1693/2 6432/1692/2
f 6420/1691/2 6418/1689/2 6436/1688/2
f 6416/1686/2 6414/1684/2 6442/1683/2
f 6414/1684/2 6412/1682/2 6380/1681/2
f 6412/1682/2 6410/1680/2 6382/1679/2
f 6410/1680/2 6408/1698/2 6384/1678/2
f 6408/1698/2 6406/1699/2 6384/1678/2
f 6406/1699/2 6404/1167/2 6386/1166/2
f 6384/1678/2 6406/1699/2 6386/1166/2
f 6404/1167/2 6402/1700/2 6388/1165/2
f 6402/1700/2 6400/1701/2 6390/1702/2
f 6388/1165/2 6402/1700/2 6390/1702/2
f 6400/1701/2 6398/1703/2 6394/1704/2
f 6398/1703/2 6396/1705/2 6394/1704/2
f 6394/1704/2 6392/1706/2 6400/1701/2
f 6392/1706/2 6390/1702/2 6400/1701/2
f 6440/1168/49 6442/1170/49 6441/1169/49
f 6442/1170/50 6380/1707/50 6379/1171/50
f 6441/1708/12 6379/1709/12 6411/1710/12
f 6379/1709/12 6381/1711/12 6409/1712/12
f 6381/1711/12 6383/1713/12 6409/1712/12
f 6383/1713/12 6385/1714/12 6407/1715/12
f 6409/1712/12 6383/1713/12 6407/1715/12
f 6385/1714/12 6387/1716/12 6403/1717/12
f 6387/1716/12 6389/1718/12 6401/1719/12
f 6389/1718/12 6391/1720/12 6401/1719/12
f 6391/1720/12 6393/1721/12 6399/1722/12
f 6401/1719/12 6391/1720/12 6399/1722/12
f 6393/1721/12 6395/1723/12 6397/1724/12
f 6397/1724/12 6399/1722/12 6393/1721/12
f 6401/1719/12 6403/1717/12 6387/1716/12
f 6403/1717/12 6405/1725/12 6385/1714/12
f 6405/1725/12 6407/1715/12 6385/1714/12
f 6409/1712/12 6411/1710/12 6379/1709/12
f 6411/1710/12 6413/1726/12 6441/1708/12
f 6413/1726/12 6415/1727/12 6441/1708/12
f 6415/1727/12 6417/1174/12 6439/1173/12
f 6441/1708/12 6415/1727/12 6439/1173/12
f 6417/1174/12 6419/1728/12 6435/1729/12
f 6419/1728/12 6421/1730/12 6433/1731/12
f 6421/1730/12 6423/1732/12 6433/1731/12
f 6423/1732/12 6425/1733/12 6431/1734/12
f 6433/1731/12 6423/1732/12 6431/1734/12
f 6425/1733/12 6427/1735/12 6429/1736/12
f 6429/1736/12 6431/1734/12 6425/1733/12
f 6433/1731/12 6435/1729/12 6419/1728/12
f 6435/1729/12 6437/1172/12 6417/1174/12
f 6444/1175/19 6446/1178/19 6445/1176/19
f 6446/1178/20 6448/1180/20 6447/1179/20
f 6448/1180/21 6450/1182/21 6449/1181/21
f 6450/1182/22 6452/1184/22 6451/1183/22
f 6452/1184/23 6454/1186/23 6453/1185/23
f 6454/1186/24 6456/1188/24 6455/1187/24
f 6456/1188/25 6458/1190/25 6457/1189/25
f 6458/1190/26 6460/1192/26 6459/1191/26
f 6460/1192/27 6462/1194/27 6461/1193/27
f 6462/1194/28 6464/1196/28 6463/1195/28
f 6464/1196/29 6466/1198/29 6465/1197/29
f 6466/1198/30 6468/1200/30 6467/1199/30
f 6468/1200/31 6470/1202/31 6469/1201/31
f 6470/1202/32 6472/1204/32 6471/1203/32
f 6472/1204/33 6474/1206/33 6473/1205/33
f 6474/1206/34 6476/1208/34 6475/1207/34
f 6476/1208/35 6478/1210/35 6477/1209/35
f 6478/1210/36 6480/1212/36 6479/1211/36
f 6480/1212/37 6482/1214/37 6481/1213/37
f 6482/1214/38 6484/1216/38 6483/1215/38
f 6484/1216/39 6486/1218/39 6485/1217/39
f 6486/1218/40 6488/1220/40 6487/1219/40
f 6488/1220/41 6490/1222/41 6489/1221/41
f 6490/1222/42 6492/1224/42 6491/1223/42
f 6492/1224/43 6494/1226/43 6493/1225/43
f 6494/1226/44 6496/1228/44 6495/1227/44
f 6496/1228/45 6498/1230/45 6497/1229/45
f 6498/1230/46 6500/1232/46 6499/1231/46
f 6500/1232/47 6502/1234/47 6501/1233/47
f 6502/1234/48 6504/1239/48 6503/1235/48
f 6448/1737/2 6446/1738/2 6474/1739/2
f 6446/1738/2 6444/1740/2 6476/1741/2
f 6444/1740/2 6506/1742/2 6478/1743/2
f 6506/1742/2 6504/1744/2 6480/1745/2
f 6504/1744/2 6502/1746/2 6480/1745/2
f 6502/1746/2 6500/1747/2 6482/1748/2
f 6480/1745/2 6502/1746/2 6482/1748/2
f 6500/1747/2 6498/1749/2 6484/1750/2
f 6498/1749/2 6496/1751/2 6486/1752/2
f 6484/1750/2 6498/1749/2 6486/1752/2
f 6496/1751/2 6494/1753/2 6490/1754/2
f 6494/1753/2 6492/1755/2 6490/1754/2
f 6490/1754/2 6488/1756/2 6496/1751/2
f 6488/1756/2 6486/1752/2 6496/1751/2
f 6484/1750/2 6482/1748/2 6500/1747/2
f 6480/1745/2 6478/1743/2 6506/1742/2
f 6478/1743/2 6476/1741/2 6444/1740/2
f 6476/1741/2 6474/1739/2 6446/1738/2
f 6474/1739/2 6472/1757/2 6448/1737/2
f 6472/1757/2 6470/1758/2 6448/1737/2
f 6470/1758/2 6468/1238/2 6450/1237/2
f 6448/1737/2 6470/1758/2 6450/1237/2
f 6468/1238/2 6466/1759/2 6452/1236/2
f 6466/1759/2 6464/1760/2 6454/1761/2
f 6452/1236/2 6466/1759/2 6454/1761/2
f 6464/1760/2 6462/1762/2 6456/1763/2
f 6462/1762/2 6460/1764/2 6458/1765/2
f 6456/1763/2 6462/1762/2 6458/1765/2
f 6456/1763/2 6454/1761/2 6464/1760/2
f 6504/1239/49 6506/1241/49 6505/1240/49
f 6506/1241/50 6444/1766/50 6443/1242/50
f 6505/1767/12 6443/1768/12 6475/1769/12
f 6443/1768/12 6445/1770/12 6473/1771/12
f 6445/1770/12 6447/1772/12 6473/1771/12
f 6447/1772/12 6449/1773/12 6471/1774/12
f 6473/1771/12 6447/1772/12 6471/1774/12
f 6449/1773/12 6451/1775/12 6467/1776/12
f 6451/1775/12 6453/1777/12 6465/1778/12
f 6453/1777/12 6455/1779/12 6465/1778/12
f 6455/1779/12 6457/1780/12 6463/1781/12
f 6465/1778/12 6455/1779/12 6463/1781/12
f 6457/1780/12 6459/1782/12 6461/1783/12
f 6461/1783/12 6463/1781/12 6457/1780/12
f 6465/1778/12 6467/1776/12 6451/1775/12
f 6467/1776/12 6469/1784/12 6449/1773/12
f 6469/1784/12 6471/1774/12 6449/1773/12
f 6473/1771/12 6475/1769/12 6443/1768/12
f 6475/1769/12 6477/1785/12 6505/1767/12
f 6477/1785/12 6479/1786/12 6505/1767/12
f 6479/1786/12 6481/1245/12 6503/1244/12
f 6505/1767/12 6479/1786/12 6503/1244/12
f 6481/1245/12 6483/1787/12 6499/1788/12
f 6483/1787/12 6485/1789/12 6497/1790/12
f 6485/1789/12 6487/1791/12 6497/1790/12
f 6487/1791/12 6489/1792/12 6495/1793/12
f 6497/1790/12 6487/1791/12 6495/1793/12
f 6489/1792/12 6491/1794/12 6493/1795/12
f 6493/1795/12 6495/1793/12 6489/1792/12
f 6497/1790/12 6499/1788/12 6483/1787/12
f 6499/1788/12 6501/1243/12 6481/1245/12
f 6508/1246/19 6510/1249/19 6509/1247/19
f 6510/1249/20 6512/1251/20 6511/1250/20
f 6512/1251/21 6514/1253/21 6513/1252/21
f 6514/1253/22 6516/1255/22 6515/1254/22
f 6516/1255/23 6518/1257/23 6517/1256/23
f 6518/1257/24 6520/1259/24 6519/1258/24
f 6520/1259/25 6522/1261/25 6521/1260/25
f 6522/1261/26 6524/1263/26 6523/1262/26
f 6524/1263/27 6526/1265/27 6525/1264/27
f 6526/1265/28 6528/1267/28 6527/1266/28
f 6528/1267/29 6530/1269/29 6529/1268/29
f 6530/1269/30 6532/1271/30 6531/1270/30
f 6532/1271/31 6534/1273/31 6533/1272/31
f 6534/1273/32 6536/1275/32 6535/1274/32
f 6536/1275/33 6538/1277/33 6537/1276/33
f 6538/1277/34 6540/1279/34 6539/1278/34
f 6540/1279/35 6542/1281/35 6541/1280/35
f 6542/1281/36 6544/1283/36 6543/1282/36
f 6544/1283/37 6546/1285/37 6545/1284/37
f 6546/1285/38 6548/1287/38 6547/1286/38
f 6548/1287/39 6550/1289/39 6549/1288/39
f 6550/1289/40 6552/1291/40 6551/1290/40
f 6552/1291/41 6554/1293/41 6553/1292/41
f 6554/1293/42 6556/1295/42 6555/1294/42
f 6556/1295/43 6558/1297/43 6557/1296/43
f 6558/1297/44 6560/1299/44 6559/1298/44
f 6560/1299/45 6562/1301/45 6561/1300/45
f 6562/1301/46 6564/1303/46 6563/1302/46
f 6564/1303/47 6566/1305/47 6565/1304/47
f 6566/1305/48 6568/1310/48 6567/1306/48
f 6512/1796/2 6510/1797/2 6538/1798/2
f 6510/1797/2 6508/1799/2 6540/1800/2
f 6508/1799/2 6570/1801/2 6542/1802/2
f 6570/1801/2 6568/1803/2 6544/1804/2
f 6568/1803/2 6566/1805/2 6544/1804/2
f 6566/1805/2 6564/1806/2 6546/1807/2
f 6544/1804/2 6566/1805/2 6546/1807/2
f 6564/1806/2 6562/1808/2 6548/1809/2
f 6562/1808/2 6560/1810/2 6550/1811/2
f 6548/1809/2 6562/1808/2 6550/1811/2
f 6560/1810/2 6558/1812/2 6554/1813/2
f 6558/1812/2 6556/1814/2 6554/1813/2
f 6554/1813/2 6552/1815/2 6560/1810/2
f 6552/1815/2 6550/1811/2 6560/1810/2
f 6548/1809/2 6546/1807/2 6564/1806/2
f 6544/1804/2 6542/1802/2 6570/1801/2
f 6542/1802/2 6540/1800/2 6508/1799/2
f 6540/1800/2 6538/1798/2 6510/1797/2
f 6538/1798/2 6536/1816/2 6512/1796/2
f 6536/1816/2 6534/1817/2 6512/1796/2
f 6534/1817/2 6532/1309/2 6514/1308/2
f 6512/1796/2 6534/1817/2 6514/1308/2
f 6532/1309/2 6530/1818/2 6516/1307/2
f 6530/1818/2 6528/1819/2 6518/1820/2
f 6516/1307/2 6530/1818/2 6518/1820/2
f 6528/1819/2 6526/1821/2 6520/1822/2
f 6526/1821/2 6524/1823/2 6522/1824/2
f 6520/1822/2 6526/1821/2 6522/1824/2
f 6520/1822/2 6518/1820/2 6528/1819/2
f 6568/1310/49 6570/1312/49 6569/1311/49
f 6570/1312/50 6508/1825/50 6507/1313/50
f 6569/1826/12 6507/1827/12 6539/1828/12
f 6507/1827/12 6509/1829/12 6537/1830/12
f 6509/1829/12 6511/1831/12 6537/1830/12
f 6511/1831/12 6513/1832/12 6535/1833/12
f 6537/1830/12 6511/1831/12 6535/1833/12
f 6513/1832/12 6515/1834/12 6531/1835/12
f 6515/1834/12 6517/1836/12 6529/1837/12
f 6517/1836/12 6519/1838/12 6529/1837/12
f 6519/1838/12 6521/1839/12 6527/1840/12
f 6529/1837/12 6519/1838/12 6527/1840/12
f 6521/1839/12 6523/1841/12 6525/1842/12
f 6525/1842/12 6527/1840/12 6521/1839/12
f 6529/1837/12 6531/1835/12 6515/1834/12
f 6531/1835/12 6533/1843/12 6513/1832/12
f 6533/1843/12 6535/1833/12 6513/1832/12
f 6537/1830/12 6539/1828/12 6507/1827/12
f 6539/1828/12 6541/1844/12 6569/1826/12
f 6541/1844/12 6543/1845/12 6569/1826/12
f 6543/1845/12 6545/1316/12 6567/1315/12
f 6569/1826/12 6543/1845/12 6567/1315/12
f 6545/1316/12 6547/1846/12 6563/1847/12
f 6547/1846/12 6549/1848/12 6561/1849/12
f 6549/1848/12 6551/1850/12 6561/1849/12
f 6551/1850/12 6553/1851/12 6559/1852/12
f 6561/1849/12 6551/1850/12 6559/1852/12
f 6553/1851/12 6555/1853/12 6557/1854/12
f 6557/1854/12 6559/1852/12 6553/1851/12
f 6561/1849/12 6563/1847/12 6547/1846/12
f 6563/1847/12 6565/1314/12 6545/1316/12
f 6572/1317/19 6574/1320/19 6573/1318/19
f 6574/1320/20 6576/1322/20 6575/1321/20
f 6576/1322/21 6578/1324/21 6577/1323/21
f 6578/1324/22 6580/1326/22 6579/1325/22
f 6580/1326/23 6582/1328/23 6581/1327/23
f 6582/1328/24 6584/1330/24 6583/1329/24
f 6584/1330/25 6586/1332/25 6585/1331/25
f 6586/1332/26 6588/1334/26 6587/1333/26
f 6588/1334/27 6590/1336/27 6589/1335/27
f 6590/1336/28 6592/1338/28 6591/1337/28
f 6592/1338/29 6594/1340/29 6593/1339/29
f 6594/1340/30 6596/1342/30 6595/1341/30
f 6596/1342/31 6598/1344/31 6597/1343/31
f 6598/1344/32 6600/1346/32 6599/1345/32
f 6600/1346/33 6602/1348/33 6601/1347/33
f 6602/1348/34 6604/1350/34 6603/1349/34
f 6604/1350/35 6606/1352/35 6605/1351/35
f 6606/1352/36 6608/1354/36 6607/1353/36
f 6608/1354/37 6610/1356/37 6609/1355/37
f 6610/1356/38 6612/1358/38 6611/1357/38
f 6612/1358/39 6614/1360/39 6613/1359/39
f 6614/1360/40 6616/1362/40 6615/1361/40
f 6616/1362/41 6618/1364/41 6617/1363/41
f 6618/1364/42 6620/1366/42 6619/1365/42
f 6620/1366/43 6622/1368/43 6621/1367/43
f 6622/1368/44 6624/1370/44 6623/1369/44
f 6624/1370/45 6626/1372/45 6625/1371/45
f 6626/1372/46 6628/1374/46 6627/1373/46
f 6628/1374/47 6630/1376/47 6629/1375/47
f 6630/1376/48 6632/1381/48 6631/1377/48
f 6576/1855/2 6574/1856/2 6602/1857/2
f 6574/1856/2 6572/1858/2 6604/1859/2
f 6572/1858/2 6634/1860/2 6606/1861/2
f 6634/1860/2 6632/1862/2 6608/1863/2
f 6632/1862/2 6630/1864/2 6608/1863/2
f 6630/1864/2 6628/1865/2 6610/1866/2
f 6608/1863/2 6630/1864/2 6610/1866/2
f 6628/1865/2 6626/1867/2 6612/1868/2
f 6626/1867/2 6624/1869/2 6614/1870/2
f 6612/1868/2 6626/1867/2 6614/1870/2
f 6624/1869/2 6622/1871/2 6618/1872/2
f 6622/1871/2 6620/1873/2 6618/1872/2
f 6618/1872/2 6616/1874/2 6624/1869/2
f 6616/1874/2 6614/1870/2 6624/1869/2
f 6612/1868/2 6610/1866/2 6628/1865/2
f 6608/1863/2 6606/1861/2 6634/1860/2
f 6606/1861/2 6604/1859/2 6572/1858/2
f 6604/1859/2 6602/1857/2 6574/1856/2
f 6602/1857/2 6600/1875/2 6576/1855/2
f 6600/1875/2 6598/1876/2 6576/1855/2
f 6598/1876/2 6596/1380/2 6578/1379/2
f 6576/1855/2 6598/1876/2 6578/1379/2
f 6596/1380/2 6594/1877/2 6580/1378/2
f 6594/1877/2 6592/1878/2 6582/1879/2
f 6580/1378/2 6594/1877/2 6582/1879/2
f 6592/1878/2 6590/1880/2 6584/1881/2
f 6590/1880/2 6588/1882/2 6586/1883/2
f 6584/1881/2 6590/1880/2 6586/1883/2
f 6584/1881/2 6582/1879/2 6592/1878/2
f 6632/1381/49 6634/1383/49 6633/1382/49
f 6634/1383/50 6572/1884/50 6571/1384/50
f 6633/1885/12 6571/1886/12 6603/1887/12
f 6571/1886/12 6573/1888/12 6601/1889/12
f 6573/1888/12 6575/1890/12 6601/1889/12
f 6575/1890/12 6577/1891/12 6599/1892/12
f 6601/1889/12 6575/1890/12 6599/1892/12
f 6577/1891/12 6579/1893/12 6595/1894/12
f 6579/1893/12 6581/1895/12 6593/1896/12
f 6581/1895/12 6583/1897/12 6593/1896/12
f 6583/1897/12 6585/1898/12 6591/1899/12
f 6593/1896/12 6583/1897/12 6591/1899/12
f 6585/1898/12 6587/1900/12 6589/1901/12
f 6589/1901/12 6591/1899/12 6585/1898/12
f 6593/1896/12 6595/1894/12 6579/1893/12
f 6595/1894/12 6597/1902/12 6577/1891/12
f 6597/1902/12 6599/1892/12 6577/1891/12
f 6601/1889/12 6603/1887/12 6571/1886/12
f 6603/1887/12 6605/1903/12 6633/1885/12
f 6605/1903/12 6607/1904/12 6633/1885/12
f 6607/1904/12 6609/1387/12 6631/1386/12
f 6633/1885/12 6607/1904/12 6631/1386/12
f 6609/1387/12 6611/1905/12 6627/1906/12
f 6611/1905/12 6613/1907/12 6625/1908/12
f 6613/1907/12 6615/1909/12 6625/1908/12
f 6615/1909/12 6617/1910/12 6623/1911/12
f 6625/1908/12 6615/1909/12 6623/1911/12
f 6617/1910/12 6619/1912/12 6621/1913/12
f 6621/1913/12 6623/1911/12 6617/1910/12
f 6625/1908/12 6627/1906/12 6611/1905/12
f 6627/1906/12 6629/1385/12 6609/1387/12
f 6636/1388/19 6638/1391/19 6637/1389/19
f 6638/1391/20 6640/1393/20 6639/1392/20
f 6640/1393/21 6642/1395/21 6641/1394/21
f 6642/1395/22 6644/1397/22 6643/1396/22
f 6644/1397/23 6646/1399/23 6645/1398/23
f 6646/1399/24 6648/1401/24 6647/1400/24
f 6648/1401/25 6650/1403/25 6649/1402/25
f 6650/1403/26 6652/1405/26 6651/1404/26
f 6652/1405/27 6654/1407/27 6653/1406/27
f 6654/1407/28 6656/1409/28 6655/1408/28
f 6656/1409/29 6658/1411/29 6657/1410/29
f 6658/1411/30 6660/1413/30 6659/1412/30
f 6660/1413/31 6662/1415/31 6661/1414/31
f 6662/1415/32 6664/1417/32 6663/1416/32
f 6664/1417/33 6666/1419/33 6665/1418/33
f 6666/1419/34 6668/1421/34 6667/1420/34
f 6668/1421/35 6670/1423/35 6669/1422/35
f 6670/1423/36 6672/1425/36 6671/1424/36
f 6672/1425/37 6674/1427/37 6673/1426/37
f 6674/1427/38 6676/1429/38 6675/1428/38
f 6676/1429/39 6678/1431/39 6677/1430/39
f 6678/1431/40 6680/1433/40 6679/1432/40
f 6680/1433/41 6682/1435/41 6681/1434/41
f 6682/1435/42 6684/1437/42 6683/1436/42
f 6684/1437/43 6686/1439/43 6685/1438/43
f 6686/1439/44 6688/1441/44 6687/1440/44
f 6688/1441/45 6690/1443/45 6689/1442/45
f 6690/1443/46 6692/1445/46 6691/1444/46
f 6692/1445/47 6694/1447/47 6693/1446/47
f 6694/1447/48 6696/1452/48 6695/1448/48
f 6640/1914/2 6638/1915/2 6666/1916/2
f 6638/1915/2 6636/1917/2 6668/1918/2
f 6636/1917/2 6698/1919/2 6670/1920/2
f 6698/1919/2 6696/1921/2 6672/1922/2
f 6696/1921/2 6694/1923/2 6672/1922/2
f 6694/1923/2 6692/1924/2 6674/1925/2
f 6672/1922/2 6694/1923/2 6674/1925/2
f 6692/1924/2 6690/1926/2 6676/1927/2
f 6690/1926/2 6688/1928/2 6678/1929/2
f 6676/1927/2 6690/1926/2 6678/1929/2
f 6688/1928/2 6686/1930/2 6682/1931/2
f 6686/1930/2 6684/1932/2 6682/1931/2
f 6682/1931/2 6680/1933/2 6688/1928/2
f 6680/1933/2 6678/1929/2 6688/1928/2
f 6676/1927/2 6674/1925/2 6692/1924/2
f 6672/1922/2 6670/1920/2 6698/1919/2
f 6670/1920/2 6668/1918/2 6636/1917/2
f 6668/1918/2 6666/1916/2 6638/1915/2
f 6666/1916/2 6664/1934/2 6640/1914/2
f 6664/1934/2 6662/1935/2 6640/1914/2
f 6662/1935/2 6660/1451/2 6642/1450/2
f 6640/1914/2 6662/1935/2 6642/1450/2
f 6660/1451/2 6658/1936/2 6644/1449/2
f 6658/1936/2 6656/1937/2 6646/1938/2
f 6644/1449/2 6658/1936/2 6646/1938/2
f 6656/1937/2 6654/1939/2 6648/1940/2
f 6654/1939/2 6652/1941/2 6650/1942/2
f 6648/1940/2 6654/1939/2 6650/1942/2
f 6648/1940/2 6646/1938/2 6656/1937/2
f 6696/1452/49 6698/1454/49 6697/1453/49
f 6698/1454/50 6636/1943/50 6635/1455/50
f 6697/1944/12 6635/1945/12 6667/1946/12
f 6635/1945/12 6637/1947/12 6665/1948/12
f 6637/1947/12 6639/1949/12 6665/1948/12
f 6639/1949/12 6641/1950/12 6663/1951/12
f 6665/1948/12 6639/1949/12 6663/1951/12
f 6641/1950/12 6643/1952/12 6659/1953/12
f 6643/1952/12 6645/1954/12 6657/1955/12
f 6645/1954/12 6647/1956/12 6657/1955/12
f 6647/1956/12 6649/1957/12 6655/1958/12
f 6657/1955/12 6647/1956/12 6655/1958/12
f 6649/1957/12 6651/1959/12 6653/1960/12
f 6653/1960/12 6655/1958/12 6649/1957/12
f 6657/1955/12 6659/1953/12 6643/1952/12
f 6659/1953/12 6661/1961/12 6641/1950/12
f 6661/1961/12 6663/1951/12 6641/1950/12
f 6665/1948/12 6667/1946/12 6635/1945/12
f 6667/1946/12 6669/1962/12 6697/1944/12
f 6669/1962/12 6671/1963/12 6697/1944/12
f 6671/1963/12 6673/1458/12 6695/1457/12
f 6697/1944/12 6671/1963/12 6695/1457/12
f 6673/1458/12 6675/1964/12 6691/1965/12
f 6675/1964/12 6677/1966/12 6689/1967/12
f 6677/1966/12 6679/1968/12 6689/1967/12
f 6679/1968/12 6681/1969/12 6687/1970/12
f 6689/1967/12 6679/1968/12 6687/1970/12
f 6681/1969/12 6683/1971/12 6685/1972/12
f 6685/1972/12 6687/1970/12 6681/1969/12
f 6689/1967/12 6691/1965/12 6675/1964/12
f 6691/1965/12 6693/1456/12 6673/1458/12
f 6700/1459/19 6702/1462/19 6701/1460/19
f 6702/1462/20 6704/1464/20 6703/1463/20
f 6704/1464/21 6706/1466/21 6705/1465/21
f 6706/1466/22 6708/1468/22 6707/1467/22
f 6708/1468/23 6710/1470/23 6709/1469/23
f 6710/1470/24 6712/1472/24 6711/1471/24
f 6712/1472/25 6714/1474/25 6713/1473/25
f 6714/1474/26 6716/1476/26 6715/1475/26
f 6716/1476/27 6718/1478/27 6717/1477/27
f 6718/1478/28 6720/1480/28 6719/1479/28
f 6720/1480/29 6722/1482/29 6721/1481/29
f 6722/1482/30 6724/1484/30 6723/1483/30
f 6724/1484/31 6726/1486/31 6725/1485/31
f 6726/1486/32 6728/1488/32 6727/1487/32
f 6728/1488/33 6730/1490/33 6729/1489/33
f 6730/1490/34 6732/1492/34 6731/1491/34
f 6732/1492/35 6734/1494/35 6733/1493/35
f 6734/1494/36 6736/1496/36 6735/1495/36
f 6736/1496/37 6738/1498/37 6737/1497/37
f 6738/1498/38 6740/1500/38 6739/1499/38
f 6740/1500/39 6742/1502/39 6741/1501/39
f 6742/1502/40 6744/1504/40 6743/1503/40
f 6744/1504/41 6746/1506/41 6745/1505/41
f 6746/1506/42 6748/1508/42 6747/1507/42
f 6748/1508/43 6750/1510/43 6749/1509/43
f 6750/1510/44 6752/1512/44 6751/1511/44
f 6752/1512/45 6754/1514/45 6753/1513/45
f 6754/1514/46 6756/1516/46 6755/1515/46
f 6756/1516/47 6758/1518/47 6757/1517/47
f 6758/1518/48 6760/1523/48 6759/1519/48
f 6704/1973/2 6702/1974/2 6730/1975/2
f 6702/1974/2 6700/1976/2 6732/1977/2
f 6700/1976/2 6762/1978/2 6734/1979/2
f 6762/1978/2 6760/1980/2 6736/1981/2
f 6760/1980/2 6758/1982/2 6736/1981/2
f 6758/1982/2 6756/1983/2 6738/1984/2
f 6736/1981/2 6758/1982/2 6738/1984/2
f 6756/1983/2 6754/1985/2 6740/1986/2
f 6754/1985/2 6752/1987/2 6742/1988/2
f 6740/1986/2 6754/1985/2 6742/1988/2
f 6752/1987/2 6750/1989/2 6746/1990/2
f 6750/1989/2 6748/1991/2 6746/1990/2
f 6746/1990/2 6744/1992/2 6752/1987/2
f 6744/1992/2 6742/1988/2 6752/1987/2
f 6740/1986/2 6738/1984/2 6756/1983/2
f 6736/1981/2 6734/1979/2 6762/1978/2
f 6734/1979/2 6732/1977/2 6700/1976/2
f 6732/1977/2 6730/1975/2 6702/1974/2
f 6730/1975/2 6728/1993/2 6704/1973/2
f 6728/1993/2 6726/1994/2 6704/1973/2
f 6726/1994/2 6724/1522/2 6706/1521/2
f 6704/1973/2 6726/1994/2 6706/1521/2
f 6724/1522/2 6722/1995/2 6708/1520/2
f 6722/1995/2 6720/1996/2 6710/1997/2
f 6708/1520/2 6722/1995/2 6710/1997/2
f 6720/1996/2 6718/1998/2 6712/1999/2
f 6718/1998/2 6716/2000/2 6714/2001/2
f 6712/1999/2 6718/1998/2 6714/2001/2
f 6712/1999/2 6710/1997/2 6720/1996/2
f 6760/1523/49 6762/1525/49 6761/1524/49
f 6762/1525/50 6700/2002/50 6699/1526/50
f 6761/2003/12 6699/2004/12 6731/2005/12
f 6699/2004/12 6701/2006/12 6729/2007/12
f 6701/2006/12 6703/2008/12 6729/2007/12
f 6703/2008/12 6705/2009/12 6727/2010/12
f 6729/2007/12 6703/2008/12 6727/2010/12
f 6705/2009/12 6707/2011/12 6723/2012/12
f 6707/2011/12 6709/2013/12 6721/2014/12
f 6709/2013/12 6711/2015/12 6721/2014/12
f 6711/2015/12 6713/2016/12 6719/2017/12
f 6721/2014/12 6711/2015/12 6719/2017/12
f 6713/2016/12 6715/2018/12 6717/2019/12
f 6717/2019/12 6719/2017/12 6713/2016/12
f 6721/2014/12 6723/2012/12 6707/2011/12
f 6723/2012/12 6725/2020/12 6705/2009/12
f 6725/2020/12 6727/2010/12 6705/2009/12
f 6729/2007/12 6731/2005/12 6699/2004/12
f 6731/2005/12 6733/2021/12 6761/2003/12
f 6733/2021/12 6735/2022/12 6761/2003/12
f 6735/2022/12 6737/1529/12 6759/1528/12
f 6761/2003/12 6735/2022/12 6759/1528/12
f 6737/1529/12 6739/2023/12 6755/2024/12
f 6739/2023/12 6741/2025/12 6753/2026/12
f 6741/2025/12 6743/2027/12 6753/2026/12
f 6743/2027/12 6745/2028/12 6751/2029/12
f 6753/2026/12 6743/2027/12 6751/2029/12
f 6745/2028/12 6747/2030/12 6749/2031/12
f 6749/2031/12 6751/2029/12 6745/2028/12
f 6753/2026/12 6755/2024/12 6739/2023/12
f 6755/2024/12 6757/1527/12 6737/1529/12
f 6764/1530/19 6766/1533/19 6765/1531/19
f 6766/1533/20 6768/1535/20 6767/1534/20
f 6768/1535/21 6770/1537/21 6769/1536/21
f 6770/1537/22 6772/1539/22 6771/1538/22
f 6772/1539/23 6774/1541/23 6773/1540/23
f 6774/1541/24 6776/1543/24 6775/1542/24
f 6776/1543/25 6778/1545/25 6777/1544/25
f 6778/1545/26 6780/1547/26 6779/1546/26
f 6780/1547/27 6782/1549/27 6781/1548/27
f 6782/1549/28 6784/1551/28 6783/1550/28
f 6784/1551/29 6786/1553/29 6785/1552/29
f 6786/1553/30 6788/1555/30 6787/1554/30
f 6788/1555/31 6790/1557/31 6789/1556/31
f 6790/1557/32 6792/1559/32 6791/1558/32
f 6792/1559/33 6794/1561/33 6793/1560/33
f 6794/1561/34 6796/1563/34 6795/1562/34
f 6796/1563/35 6798/1565/35 6797/1564/35
f 6798/1565/36 6800/1567/36 6799/1566/36
f 6800/1567/37 6802/1569/37 6801/1568/37
f 6802/1569/38 6804/1571/38 6803/1570/38
f 6804/1571/39 6806/1573/39 6805/1572/39
f 6806/1573/40 6808/1575/40 6807/1574/40
f 6808/1575/41 6810/1577/41 6809/1576/41
f 6810/1577/42 6812/1579/42 6811/1578/42
f 6812/1579/43 6814/1581/43 6813/1580/43
f 6814/1581/44 6816/1583/44 6815/1582/44
f 6816/1583/45 6818/1585/45 6817/1584/45
f 6818/1585/46 6820/1587/46 6819/1586/46
f 6820/1587/47 6822/1589/47 6821/1588/47
f 6822/1589/48 6824/1594/48 6823/1590/48
f 6768/2032/2 6766/2033/2 6794/2034/2
f 6766/2033/2 6764/2035/2 6796/2036/2
f 6764/2035/2 6826/2037/2 6798/2038/2
f 6826/2037/2 6824/2039/2 6800/2040/2
f 6824/2039/2 6822/2041/2 6800/2040/2
f 6822/2041/2 6820/2042/2 6802/2043/2
f 6800/2040/2 6822/2041/2 6802/2043/2
f 6820/2042/2 6818/2044/2 6804/2045/2
f 6818/2044/2 6816/2046/2 6806/2047/2
f 6804/2045/2 6818/2044/2 6806/2047/2
f 6816/2046/2 6814/2048/2 6808/2049/2
f 6814/2048/2 6812/2050/2 6810/2051/2
f 6808/2049/2 6814/2048/2 6810/2051/2
f 6808/2049/2 6806/2047/2 6816/2046/2
f 6804/2045/2 6802/2043/2 6820/2042/2
f 6800/2040/2 6798/2038/2 6826/2037/2
f 6798/2038/2 6796/2036/2 6764/2035/2
f 6796/2036/2 6794/2034/2 6766/2033/2
f 6794/2034/2 6792/2052/2 6768/2032/2
f 6792/2052/2 6790/2053/2 6768/2032/2
f 6790/2053/2 6788/1593/2 6770/1592/2
f 6768/2032/2 6790/2053/2 6770/1592/2
f 6788/1593/2 6786/2054/2 6772/1591/2
f 6786/2054/2 6784/2055/2 6774/2056/2
f 6772/1591/2 6786/2054/2 6774/2056/2
f 6784/2055/2 6782/2057/2 6776/2058/2
f 6782/2057/2 6780/2059/2 6778/2060/2
f 6776/2058/2 6782/2057/2 6778/2060/2
f 6776/2058/2 6774/2056/2 6784/2055/2
f 6824/1594/49 6826/1596/49 6825/1595/49
f 6826/1596/50 6764/2061/50 6763/1597/50
f 6825/2062/12 6763/2063/12 6795/2064/12
f 6763/2063/12 6765/2065/12 6793/2066/12
f 6765/2065/12 6767/2067/12 6793/2066/12
f 6767/2067/12 6769/2068/12 6791/2069/12
f 6793/2066/12 6767/2067/12 6791/2069/12
f 6769/2068/12 6771/2070/12 6787/2071/12
f 6771/2070/12 6773/2072/12 6785/2073/12
f 6773/2072/12 6775/2074/12 6785/2073/12
f 6775/2074/12 6777/2075/12 6783/2076/12
f 6785/2073/12 6775/2074/12 6783/2076/12
f 6777/2075/12 6779/2077/12 6781/2078/12
f 6781/2078/12 6783/2076/12 6777/2075/12
f 6785/2073/12 6787/2071/12 6771/2070/12
f 6787/2071/12 6789/2079/12 6769/2068/12
f 6789/2079/12 6791/2069/12 6769/2068/12
f 6793/2066/12 6795/2064/12 6763/2063/12
f 6795/2064/12 6797/2080/12 6825/2062/12
f 6797/2080/12 6799/2081/12 6825/2062/12
f 6799/2081/12 6801/1600/12 6823/1599/12
f 6825/2062/12 6799/2081/12 6823/1599/12
f 6801/1600/12 6803/2082/12 6819/2083/12
f 6803/2082/12 6805/2084/12 6817/2085/12
f 6805/2084/12 6807/2086/12 6817/2085/12
f 6807/2086/12 6809/2087/12 6815/2088/12
f 6817/2085/12 6807/2086/12 6815/2088/12
f 6809/2087/12 6811/2089/12 6813/2090/12
f 6813/2090/12 6815/2088/12 6809/2087/12
f 6817/2085/12 6819/2083/12 6803/2082/12
f 6819/2083/12 6821/1598/12 6801/1600/12
f 6828/1601/19 6830/1604/19 6829/1602/19
f 6830/1604/20 6832/1606/20 6831/1605/20
f 6832/1606/21 6834/1608/21 6833/1607/21
f 6834/1608/22 6836/1610/22 6835/1609/22
f 6836/1610/23 6838/1612/23 6837/1611/23
f 6838/1612/24 6840/1614/24 6839/1613/24
f 6840/1614/25 6842/1616/25 6841/1615/25
f 6842/1616/26 6844/1618/26 6843/1617/26
f 6844/1618/27 6846/1620/27 6845/1619/27
f 6846/1620/28 6848/1622/28 6847/1621/28
f 6848/1622/29 6850/1624/29 6849/1623/29
f 6850/1624/30 6852/1626/30 6851/1625/30
f 6852/1626/31 6854/1628/31 6853/1627/31
f 6854/1628/32 6856/1630/32 6855/1629/32
f 6856/1630/33 6858/1632/33 6857/1631/33
f 6858/1632/34 6860/1634/34 6859/1633/34
f 6860/1634/35 6862/1636/35 6861/1635/35
f 6862/1636/36 6864/1638/36 6863/1637/36
f 6864/1638/37 6866/1640/37 6865/1639/37
f 6866/1640/38 6868/1642/38 6867/1641/38
f 6868/1642/39 6870/1644/39 6869/1643/39
f 6870/1644/40 6872/1646/40 6871/1645/40
f 6872/1646/41 6874/1648/41 6873/1647/41
f 6874/1648/42 6876/1650/42 6875/1649/42
f 6876/1650/43 6878/1652/43 6877/1651/43
f 6878/1652/44 6880/1654/44 6879/1653/44
f 6880/1654/45 6882/1656/45 6881/1655/45
f 6882/1656/46 6884/1658/46 6883/1657/46
f 6884/1658/47 6886/1660/47 6885/1659/47
f 6886/1660/48 6888/1665/48 6887/1661/48
f 6832/2091/2 6830/2092/2 6858/2093/2
f 6830/2092/2 6828/2094/2 6860/2095/2
f 6828/2094/2 6890/2096/2 6862/2097/2
f 6890/2096/2 6888/2098/2 6864/2099/2
f 6888/2098/2 6886/2100/2 6864/2099/2
f 6886/2100/2 6884/2101/2 6866/2102/2
f 6864/2099/2 6886/2100/2 6866/2102/2
f 6884/2101/2 6882/2103/2 6868/2104/2
f 6882/2103/2 6880/2105/2 6870/2106/2
f 6868/2104/2 6882/2103/2 6870/2106/2
f 6880/2105/2 6878/2107/2 6872/2108/2
f 6878/2107/2 6876/2109/2 6874/2110/2
f 6872/2108/2 6878/2107/2 6874/2110/2
f 6872/2108/2 6870/2106/2 6880/2105/2
f 6868/2104/2 6866/2102/2 6884/2101/2
f 6864/2099/2 6862/2097/2 6890/2096/2
f 6862/2097/2 6860/2095/2 6828/2094/2
f 6860/2095/2 6858/2093/2 6830/2092/2
f 6858/2093/2 6856/2111/2 6832/2091/2
f 6856/2111/2 6854/2112/2 6832/2091/2
f 6854/2112/2 6852/1664/2 6834/1663/2
f 6832/2091/2 6854/2112/2 6834/1663/2
f 6852/1664/2 6850/2113/2 6836/1662/2
f 6850/2113/2 6848/2114/2 6838/2115/2
f 6836/1662/2 6850/2113/2 6838/2115/2
f 6848/2114/2 6846/2116/2 6842/2117/2
f 6846/2116/2 6844/2118/2 6842/2117/2
f 6842/2117/2 6840/2119/2 6848/2114/2
f 6840/2119/2 6838/2115/2 6848/2114/2
f 6888/1665/49 6890/1667/49 6889/1666/49
f 6890/1667/50 6828/2120/50 6827/1668/50
f 6889/2121/12 6827/2122/12 6859/2123/12
f 6827/2122/12 6829/2124/12 6857/2125/12
f 6829/2124/12 6831/2126/12 6857/2125/12
f 6831/2126/12 6833/2127/12 6855/2128/12
f 6857/2125/12 6831/2126/12 6855/2128/12
f 6833/2127/12 6835/2129/12 6851/2130/12
f 6835/2129/12 6837/2131/12 6849/2132/12
f 6837/2131/12 6839/2133/12 6849/2132/12
f 6839/2133/12 6841/2134/12 6847/2135/12
f 6849/2132/12 6839/2133/12 6847/2135/12
f 6841/2134/12 6843/2136/12 6845/2137/12
f 6845/2137/12 6847/2135/12 6841/2134/12
f 6849/2132/12 6851/2130/12 6835/2129/12
f 6851/2130/12 6853/2138/12 6833/2127/12
f 6853/2138/12 6855/2128/12 6833/2127/12
f 6857/2125/12 6859/2123/12 6827/2122/12
f 6859/2123/12 6861/2139/12 6889/2121/12
f 6861/2139/12 6863/2140/12 6889/2121/12
f 6863/2140/12 6865/1671/12 6887/1670/12
f 6889/2121/12 6863/2140/12 6887/1670/12
f 6865/1671/12 6867/2141/12 6883/2142/12
f 6867/2141/12 6869/2143/12 6881/2144/12
f 6869/2143/12 6871/2145/12 6881/2144/12
f 6871/2145/12 6873/2146/12 6879/2147/12
f 6881/2144/12 6871/2145/12 6879/2147/12
f 6873/2146/12 6875/2148/12 6877/2149/12
f 6877/2149/12 6879/2147/12 6873/2146/12
f 6881/2144/12 6883/2142/12 6867/2141/12
f 6883/2142/12 6885/1669/12 6865/1671/12
