# Blender 4.4.0
# www.blender.org
mtllib waterTank.mtl
o 円柱.003
v 0.000000 1.645000 -0.800000
v 0.000000 1.775000 -0.800000
v 0.156072 1.645000 -0.784628
v 0.156072 1.775000 -0.784628
v 0.306147 1.645000 -0.739104
v 0.306147 1.775000 -0.739104
v 0.444456 1.645000 -0.665176
v 0.444456 1.775000 -0.665176
v 0.565685 1.645000 -0.565685
v 0.565685 1.775000 -0.565685
v 0.665176 1.645000 -0.444456
v 0.665176 1.775000 -0.444456
v 0.739104 1.645000 -0.306147
v 0.739104 1.775000 -0.306147
v 0.784628 1.645000 -0.156072
v 0.784628 1.775000 -0.156072
v 0.800000 1.645000 0.000000
v 0.800000 1.775000 0.000000
v 0.784628 1.645000 0.156072
v 0.784628 1.775000 0.156072
v 0.739104 1.645000 0.306147
v 0.739104 1.775000 0.306147
v 0.665176 1.645000 0.444456
v 0.665176 1.775000 0.444456
v 0.565685 1.645000 0.565685
v 0.565685 1.775000 0.565685
v 0.444456 1.645000 0.665176
v 0.444456 1.775000 0.665176
v 0.306147 1.645000 0.739104
v 0.306147 1.775000 0.739104
v 0.156072 1.645000 0.784628
v 0.156072 1.775000 0.784628
v 0.000000 1.645000 0.800000
v 0.000000 1.775000 0.800000
v -0.156072 1.645000 0.784628
v -0.156072 1.775000 0.784628
v -0.306147 1.645000 0.739104
v -0.306147 1.775000 0.739104
v -0.444456 1.645000 0.665176
v -0.444456 1.775000 0.665176
v -0.565685 1.645000 0.565685
v -0.565685 1.775000 0.565685
v -0.665176 1.645000 0.444456
v -0.665176 1.775000 0.444456
v -0.739104 1.645000 0.306147
v -0.739104 1.775000 0.306147
v -0.784628 1.645000 0.156072
v -0.784628 1.775000 0.156072
v -0.800000 1.645000 0.000000
v -0.800000 1.775000 0.000000
v -0.784628 1.645000 -0.156072
v -0.784628 1.775000 -0.156072
v -0.739104 1.645000 -0.306147
v -0.739104 1.775000 -0.306147
v -0.665176 1.645000 -0.444456
v -0.665176 1.775000 -0.444456
v -0.565685 1.645000 -0.565685
v -0.565685 1.775000 -0.565685
v -0.444456 1.645000 -0.665176
v -0.444456 1.775000 -0.665176
v -0.306147 1.645000 -0.739104
v -0.306147 1.775000 -0.739104
v -0.156072 1.645000 -0.784628
v -0.156072 1.775000 -0.784628
v 0.156072 1.775000 -0.784628
v 0.000000 1.775000 -0.800000
v 0.306147 1.775000 -0.739104
v 0.444456 1.775000 -0.665176
v 0.565685 1.775000 -0.565685
v 0.665176 1.775000 -0.444456
v 0.739104 1.775000 -0.306147
v 0.784628 1.775000 -0.156072
v 0.800000 1.775000 0.000000
v 0.784628 1.775000 0.156072
v 0.739104 1.775000 0.306147
v 0.665176 1.775000 0.444456
v 0.565685 1.775000 0.565685
v 0.444456 1.775000 0.665176
v 0.306147 1.775000 0.739104
v 0.156072 1.775000 0.784628
v 0.000000 1.775000 0.800000
v -0.156072 1.775000 0.784628
v -0.306147 1.775000 0.739104
v -0.444456 1.775000 0.665176
v -0.565685 1.775000 0.565685
v -0.665176 1.775000 0.444456
v -0.739104 1.775000 0.306147
v -0.784628 1.775000 0.156072
v -0.800000 1.775000 0.000000
v -0.784628 1.775000 -0.156072
v -0.739104 1.775000 -0.306147
v -0.665176 1.775000 -0.444456
v -0.565685 1.775000 -0.565685
v -0.444456 1.775000 -0.665176
v -0.306147 1.775000 -0.739104
v -0.156072 1.775000 -0.784628
v 0.156072 1.775000 -0.784628
v 0.000000 1.775000 -0.800000
v 0.306147 1.775000 -0.739104
v 0.444456 1.775000 -0.665176
v 0.565685 1.775000 -0.565685
v 0.665176 1.775000 -0.444456
v 0.739104 1.775000 -0.306147
v 0.784628 1.775000 -0.156072
v 0.800000 1.775000 0.000000
v 0.784628 1.775000 0.156072
v 0.739104 1.775000 0.306147
v 0.665176 1.775000 0.444456
v 0.565685 1.775000 0.565685
v 0.444456 1.775000 0.665176
v 0.306147 1.775000 0.739104
v 0.156072 1.775000 0.784628
v 0.000000 1.775000 0.800000
v -0.156072 1.775000 0.784628
v -0.306147 1.775000 0.739104
v -0.444456 1.775000 0.665176
v -0.565685 1.775000 0.565685
v -0.665176 1.775000 0.444456
v -0.739104 1.775000 0.306147
v -0.784628 1.775000 0.156072
v -0.800000 1.775000 0.000000
v -0.784628 1.775000 -0.156072
v -0.739104 1.775000 -0.306147
v -0.665176 1.775000 -0.444456
v -0.565685 1.775000 -0.565685
v -0.444456 1.775000 -0.665176
v -0.306147 1.775000 -0.739104
v -0.156072 1.775000 -0.784628
v 0.147399 1.775000 -0.741026
v 0.000000 1.775000 -0.755543
v 0.289134 1.775000 -0.698031
v 0.419757 1.775000 -0.628211
v 0.534250 1.775000 -0.534250
v 0.628211 1.775000 -0.419757
v 0.698031 1.775000 -0.289134
v 0.741026 1.775000 -0.147399
v 0.755543 1.775000 0.000000
v 0.741026 1.775000 0.147399
v 0.698031 1.775000 0.289134
v 0.628211 1.775000 0.419757
v 0.534250 1.775000 0.534250
v 0.419757 1.775000 0.628211
v 0.289134 1.775000 0.698031
v 0.147399 1.775000 0.741026
v 0.000000 1.775000 0.755543
v -0.147399 1.775000 0.741026
v -0.289134 1.775000 0.698031
v -0.419757 1.775000 0.628211
v -0.534250 1.775000 0.534250
v -0.628211 1.775000 0.419757
v -0.698031 1.775000 0.289134
v -0.741026 1.775000 0.147399
v -0.755543 1.775000 0.000000
v -0.741026 1.775000 -0.147399
v -0.698031 1.775000 -0.289134
v -0.628211 1.775000 -0.419757
v -0.534250 1.775000 -0.534250
v -0.419757 1.775000 -0.628211
v -0.289134 1.775000 -0.698031
v -0.147399 1.775000 -0.741026
v 0.156072 1.775000 -0.784628
v 0.000000 1.775000 -0.800000
v 0.306147 1.775000 -0.739104
v 0.444456 1.775000 -0.665176
v 0.565685 1.775000 -0.565685
v 0.665176 1.775000 -0.444456
v 0.739104 1.775000 -0.306147
v 0.784628 1.775000 -0.156072
v 0.800000 1.775000 0.000000
v 0.784628 1.775000 0.156072
v 0.739104 1.775000 0.306147
v 0.665176 1.775000 0.444456
v 0.565685 1.775000 0.565685
v 0.444456 1.775000 0.665176
v 0.306147 1.775000 0.739104
v 0.156072 1.775000 0.784628
v 0.000000 1.775000 0.800000
v -0.156072 1.775000 0.784628
v -0.306147 1.775000 0.739104
v -0.444456 1.775000 0.665176
v -0.565685 1.775000 0.565685
v -0.665176 1.775000 0.444456
v -0.739104 1.775000 0.306147
v -0.784628 1.775000 0.156072
v -0.800000 1.775000 0.000000
v -0.784628 1.775000 -0.156072
v -0.739104 1.775000 -0.306147
v -0.665176 1.775000 -0.444456
v -0.565685 1.775000 -0.565685
v -0.444456 1.775000 -0.665176
v -0.306147 1.775000 -0.739104
v -0.156072 1.775000 -0.784628
v 0.117551 1.738864 -0.590969
v 0.000000 1.738864 -0.602547
v 0.230585 1.738864 -0.556681
v 0.334757 1.738864 -0.501000
v 0.426065 1.738864 -0.426065
v 0.501000 1.738864 -0.334757
v 0.556681 1.738864 -0.230585
v 0.590969 1.738864 -0.117551
v 0.602547 1.738864 0.000000
v 0.590969 1.738864 0.117551
v 0.556681 1.738864 0.230585
v 0.501000 1.738864 0.334757
v 0.426065 1.738864 0.426065
v 0.334757 1.738864 0.501000
v 0.230585 1.738864 0.556681
v 0.117551 1.738864 0.590969
v 0.000000 1.738864 0.602547
v -0.117551 1.738864 0.590969
v -0.230585 1.738864 0.556681
v -0.334757 1.738864 0.501000
v -0.426065 1.738864 0.426065
v -0.501000 1.738864 0.334757
v -0.556681 1.738864 0.230585
v -0.590969 1.738864 0.117551
v -0.602547 1.738864 0.000000
v -0.590969 1.738864 -0.117551
v -0.556681 1.738864 -0.230585
v -0.501000 1.738864 -0.334757
v -0.426065 1.738864 -0.426065
v -0.334757 1.738864 -0.501000
v -0.230585 1.738864 -0.556681
v -0.117551 1.738864 -0.590969
v 0.147399 1.738864 -0.741026
v 0.000000 1.738864 -0.755543
v 0.289134 1.738864 -0.698031
v 0.419757 1.738864 -0.628211
v 0.534250 1.738864 -0.534250
v 0.628211 1.738864 -0.419757
v 0.698031 1.738864 -0.289134
v 0.741026 1.738864 -0.147399
v 0.755543 1.738864 0.000000
v 0.741026 1.738864 0.147399
v 0.698031 1.738864 0.289134
v 0.628211 1.738864 0.419757
v 0.534250 1.738864 0.534250
v 0.419757 1.738864 0.628211
v 0.289134 1.738864 0.698031
v 0.147399 1.738864 0.741026
v 0.000000 1.738864 0.755543
v -0.147399 1.738864 0.741026
v -0.289134 1.738864 0.698031
v -0.419757 1.738864 0.628211
v -0.534250 1.738864 0.534250
v -0.628211 1.738864 0.419757
v -0.698031 1.738864 0.289134
v -0.741026 1.738864 0.147399
v -0.755543 1.738864 0.000000
v -0.741026 1.738864 -0.147399
v -0.698031 1.738864 -0.289134
v -0.628211 1.738864 -0.419757
v -0.534250 1.738864 -0.534250
v -0.419757 1.738864 -0.628211
v -0.289134 1.738864 -0.698031
v -0.147399 1.738864 -0.741026
v 0.126994 1.738864 -0.638442
v 0.000000 1.738864 -0.650949
v 0.249108 1.738864 -0.601399
v 0.361648 1.738864 -0.541245
v 0.460291 1.738864 -0.460291
v 0.541245 1.738864 -0.361648
v 0.601399 1.738864 -0.249108
v 0.638442 1.738864 -0.126994
v 0.650949 1.738864 0.000000
v 0.638442 1.738864 0.126994
v 0.601399 1.738864 0.249108
v 0.541245 1.738864 0.361648
v 0.460291 1.738864 0.460291
v 0.361648 1.738864 0.541245
v 0.249108 1.738864 0.601399
v 0.126994 1.738864 0.638442
v 0.000000 1.738864 0.650949
v -0.126994 1.738864 0.638442
v -0.249108 1.738864 0.601399
v -0.361648 1.738864 0.541245
v -0.460291 1.738864 0.460291
v -0.541245 1.738864 0.361648
v -0.601399 1.738864 0.249108
v -0.638442 1.738864 0.126994
v -0.650949 1.738864 0.000000
v -0.638442 1.738864 -0.126994
v -0.601399 1.738864 -0.249108
v -0.541245 1.738864 -0.361648
v -0.460291 1.738864 -0.460291
v -0.361648 1.738864 -0.541245
v -0.249108 1.738864 -0.601399
v -0.126994 1.738864 -0.638442
v 0.126994 1.757111 -0.638442
v 0.000000 1.757111 -0.650949
v 0.249108 1.757111 -0.601399
v 0.361648 1.757111 -0.541245
v 0.460291 1.757111 -0.460291
v 0.541245 1.757111 -0.361648
v 0.601399 1.757111 -0.249108
v 0.638442 1.757111 -0.126994
v 0.650949 1.757111 0.000000
v 0.638442 1.757111 0.126994
v 0.601399 1.757111 0.249108
v 0.541245 1.757111 0.361648
v 0.460291 1.757111 0.460291
v 0.361648 1.757111 0.541245
v 0.249108 1.757111 0.601399
v 0.126994 1.757111 0.638442
v 0.000000 1.757111 0.650949
v -0.126994 1.757111 0.638442
v -0.249108 1.757111 0.601399
v -0.361648 1.757111 0.541245
v -0.460291 1.757111 0.460291
v -0.541245 1.757111 0.361648
v -0.601399 1.757111 0.249108
v -0.638442 1.757111 0.126994
v -0.650949 1.757111 0.000000
v -0.638442 1.757111 -0.126994
v -0.601399 1.757111 -0.249108
v -0.541245 1.757111 -0.361648
v -0.460291 1.757111 -0.460291
v -0.361648 1.757111 -0.541245
v -0.249108 1.757111 -0.601399
v -0.126994 1.757111 -0.638442
v 0.117551 1.757111 -0.590969
v 0.000000 1.757111 -0.602547
v 0.230585 1.757111 -0.556681
v 0.334757 1.757111 -0.501000
v 0.426065 1.757111 -0.426065
v 0.501000 1.757111 -0.334757
v 0.556681 1.757111 -0.230585
v 0.590969 1.757111 -0.117551
v 0.602547 1.757111 0.000000
v 0.590969 1.757111 0.117551
v 0.556681 1.757111 0.230585
v 0.501000 1.757111 0.334757
v 0.426065 1.757111 0.426065
v 0.334757 1.757111 0.501000
v 0.230585 1.757111 0.556681
v 0.117551 1.757111 0.590969
v 0.000000 1.757111 0.602547
v -0.117551 1.757111 0.590969
v -0.230585 1.757111 0.556681
v -0.334757 1.757111 0.501000
v -0.426065 1.757111 0.426065
v -0.501000 1.757111 0.334757
v -0.556681 1.757111 0.230585
v -0.590969 1.757111 0.117551
v -0.602547 1.757111 0.000000
v -0.590969 1.757111 -0.117551
v -0.556681 1.757111 -0.230585
v -0.501000 1.757111 -0.334757
v -0.426065 1.757111 -0.426065
v -0.334757 1.757111 -0.501000
v -0.230585 1.757111 -0.556681
v -0.117551 1.757111 -0.590969
v 0.002035 -2.000000 -0.819587
v 0.162887 -2.000000 -0.803744
v 0.317558 -2.000000 -0.756825
v 0.460103 -2.000000 -0.680633
v 0.585045 -2.000000 -0.578096
v 0.687582 -2.000000 -0.453154
v 0.763774 -2.000000 -0.310609
v 0.810693 -2.000000 -0.155939
v 0.826535 -2.000000 0.004913
v 0.810693 -2.000000 0.165765
v 0.763774 -2.000000 0.320436
v 0.687582 -2.000000 0.462981
v 0.585045 -2.000000 0.587923
v 0.460103 -2.000000 0.690460
v 0.317558 -2.000000 0.766652
v 0.162887 -2.000000 0.813571
v 0.002035 -2.000000 0.829413
v -0.158817 -2.000000 0.813571
v -0.313487 -2.000000 0.766652
v -0.456033 -2.000000 0.690460
v -0.580974 -2.000000 0.587923
v -0.683512 -2.000000 0.462981
v -0.759704 -2.000000 0.320436
v -0.806622 -2.000000 0.165765
v -0.822465 -2.000000 0.004913
v -0.806622 -2.000000 -0.155939
v -0.759704 -2.000000 -0.310609
v -0.683512 -2.000000 -0.453154
v -0.580974 -2.000000 -0.578096
v -0.456033 -2.000000 -0.680633
v -0.313487 -2.000000 -0.756825
v -0.158817 -2.000000 -0.803744
v 0.000058 -0.200000 -0.994860
v 0.194173 -0.200000 -0.975741
v 0.380828 -0.200000 -0.919120
v 0.552850 -0.200000 -0.827172
v 0.703629 -0.200000 -0.703431
v 0.827370 -0.200000 -0.552652
v 0.919318 -0.200000 -0.380630
v 0.975939 -0.200000 -0.193975
v 0.995058 -0.200000 0.000140
v 0.975939 -0.200000 0.194255
v 0.919318 -0.200000 0.380910
v 0.827370 -0.200000 0.552932
v 0.703629 -0.200000 0.703711
v 0.552850 -0.200000 0.827452
v 0.380828 -0.200000 0.919400
v 0.194173 -0.200000 0.976021
v 0.000058 -0.200000 0.995140
v -0.194057 -0.200000 0.976021
v -0.380712 -0.200000 0.919400
v -0.552734 -0.200000 0.827452
v -0.703513 -0.200000 0.703711
v -0.827254 -0.200000 0.552932
v -0.919202 -0.200000 0.380910
v -0.975823 -0.200000 0.194255
v -0.994942 -0.200000 0.000140
v -0.975823 -0.200000 -0.193975
v -0.919202 -0.200000 -0.380630
v -0.827254 -0.200000 -0.552652
v -0.703513 -0.200000 -0.703431
v -0.552734 -0.200000 -0.827172
v -0.380712 -0.200000 -0.919120
v -0.194057 -0.200000 -0.975741
v 0.317558 -2.000000 0.766652
v 0.380828 -0.200000 0.919400
v 0.195090 -1.100000 -0.980785
v 0.382683 -1.100000 -0.923880
v 0.555570 -1.100000 -0.831470
v 0.707107 -1.100000 -0.707107
v 0.831470 -1.100000 -0.555570
v 0.923880 -1.100000 -0.382683
v 0.980785 -1.100000 -0.195090
v 1.000000 -1.100000 0.000000
v 0.980785 -1.100000 0.195090
v 0.923880 -1.100000 0.382683
v 0.831470 -1.100000 0.555570
v 0.707107 -1.100000 0.707107
v 0.555570 -1.100000 0.831470
v 0.382683 -1.100000 0.923880
v 0.195090 -1.100000 0.980785
v 0.000000 -1.100000 1.000000
v -0.195090 -1.100000 0.980785
v -0.382683 -1.100000 0.923880
v -0.555570 -1.100000 0.831470
v -0.707107 -1.100000 0.707107
v -0.831470 -1.100000 0.555570
v -0.923880 -1.100000 0.382683
v -0.980785 -1.100000 0.195090
v -1.000000 -1.100000 0.000000
v -0.980785 -1.100000 -0.195090
v -0.923880 -1.100000 -0.382683
v -0.831470 -1.100000 -0.555570
v -0.707107 -1.100000 -0.707107
v -0.555570 -1.100000 -0.831470
v -0.382683 -1.100000 -0.923880
v -0.195090 -1.100000 -0.980785
v 0.000000 -1.100000 -1.000000
v 0.382683 -1.100000 0.923880
v 0.000058 -1.049909 -0.994860
v 0.194173 -1.049909 -0.975741
v 0.380828 -1.049909 -0.919120
v 0.552850 -1.049909 -0.827172
v 0.703629 -1.049909 -0.703431
v 0.827370 -1.049909 -0.552652
v 0.919318 -1.049909 -0.380630
v 0.975939 -1.049909 -0.193975
v 0.995058 -1.049909 0.000140
v 0.975939 -1.049909 0.194255
v 0.919318 -1.049909 0.380910
v 0.827370 -1.049909 0.552932
v 0.703629 -1.049909 0.703711
v 0.552850 -1.049909 0.827452
v 0.380828 -1.049909 0.919400
v 0.194173 -1.049909 0.976021
v 0.000058 -1.049909 0.995140
v -0.194057 -1.049909 0.976021
v -0.380712 -1.049909 0.919400
v -0.552734 -1.049909 0.827452
v -0.703513 -1.049909 0.703711
v -0.827254 -1.049909 0.552932
v -0.919202 -1.049909 0.380910
v -0.975823 -1.049909 0.194255
v -0.994942 -1.049909 0.000140
v -0.975823 -1.049909 -0.193975
v -0.919202 -1.049909 -0.380630
v -0.827254 -1.049909 -0.552652
v -0.703513 -1.049909 -0.703431
v -0.552734 -1.049909 -0.827172
v -0.380712 -1.049909 -0.919120
v -0.194057 -1.049909 -0.975741
v 0.380828 -1.049909 0.919400
v 0.178520 -1.641820 -0.889689
v 0.349173 -1.641820 -0.837922
v 0.506448 -1.641820 -0.753857
v 0.644300 -1.641820 -0.640725
v 0.757432 -1.641820 -0.502872
v 0.841497 -1.641820 -0.345598
v 0.893264 -1.641820 -0.174945
v 0.910744 -1.641820 0.002528
v 0.893264 -1.641820 0.180001
v 0.841497 -1.641820 0.350654
v 0.757432 -1.641820 0.507928
v 0.644300 -1.641820 0.645781
v 0.506448 -1.641820 0.758913
v 0.349173 -1.641820 0.842978
v 0.178520 -1.641820 0.894745
v 0.001047 -1.641820 0.912225
v -0.176426 -1.641820 0.894745
v -0.347079 -1.641820 0.842978
v -0.504353 -1.641820 0.758913
v -0.642205 -1.641820 0.645781
v -0.755338 -1.641820 0.507928
v -0.839403 -1.641820 0.350654
v -0.891170 -1.641820 0.180001
v -0.908649 -1.641820 0.002528
v -0.891170 -1.641820 -0.174945
v -0.839403 -1.641820 -0.345598
v -0.755338 -1.641820 -0.502872
v -0.642205 -1.641820 -0.640725
v -0.504353 -1.641820 -0.753857
v -0.347079 -1.641820 -0.837922
v -0.176426 -1.641820 -0.889689
v 0.349173 -1.641820 0.842978
v 0.001047 -1.641820 -0.907168
v 0.002035 1.600000 -0.819587
v 0.162887 1.600000 -0.803744
v 0.317558 1.600000 -0.756825
v 0.460103 1.600000 -0.680633
v 0.585045 1.600000 -0.578096
v 0.687582 1.600000 -0.453154
v 0.763774 1.600000 -0.310609
v 0.810693 1.600000 -0.155939
v 0.826535 1.600000 0.004913
v 0.810693 1.600000 0.165765
v 0.763774 1.600000 0.320436
v 0.687582 1.600000 0.462981
v 0.585045 1.600000 0.587923
v 0.460103 1.600000 0.690460
v 0.317558 1.600000 0.766652
v 0.162887 1.600000 0.813571
v 0.002035 1.600000 0.829413
v -0.158817 1.600000 0.813571
v -0.313487 1.600000 0.766652
v -0.456033 1.600000 0.690460
v -0.580974 1.600000 0.587923
v -0.683512 1.600000 0.462981
v -0.759704 1.600000 0.320436
v -0.806622 1.600000 0.165765
v -0.822465 1.600000 0.004913
v -0.806622 1.600000 -0.155939
v -0.759704 1.600000 -0.310609
v -0.683512 1.600000 -0.453154
v -0.580974 1.600000 -0.578096
v -0.456033 1.600000 -0.680633
v -0.313487 1.600000 -0.756825
v -0.158817 1.600000 -0.803744
v 0.317558 1.600000 0.766652
v 0.195090 0.700000 -0.980785
v 0.382683 0.700000 -0.923880
v 0.555570 0.700000 -0.831470
v 0.707107 0.700000 -0.707107
v 0.831470 0.700000 -0.555570
v 0.923880 0.700000 -0.382683
v 0.980785 0.700000 -0.195090
v 1.000000 0.700000 0.000000
v 0.980785 0.700000 0.195090
v 0.923880 0.700000 0.382683
v 0.831470 0.700000 0.555570
v 0.707107 0.700000 0.707107
v 0.555570 0.700000 0.831470
v 0.382683 0.700000 0.923880
v 0.195090 0.700000 0.980785
v 0.000000 0.700000 1.000000
v -0.195090 0.700000 0.980785
v -0.382683 0.700000 0.923880
v -0.555570 0.700000 0.831470
v -0.707107 0.700000 0.707107
v -0.831470 0.700000 0.555570
v -0.923880 0.700000 0.382683
v -0.980785 0.700000 0.195090
v -1.000000 0.700000 0.000000
v -0.980785 0.700000 -0.195090
v -0.923880 0.700000 -0.382683
v -0.831470 0.700000 -0.555570
v -0.707107 0.700000 -0.707107
v -0.555570 0.700000 -0.831470
v -0.382683 0.700000 -0.923880
v -0.195090 0.700000 -0.980785
v 0.000000 0.700000 -1.000000
v 0.382683 0.700000 0.923880
v 0.000058 0.649909 -0.994860
v 0.194173 0.649909 -0.975741
v 0.380828 0.649909 -0.919120
v 0.552850 0.649909 -0.827172
v 0.703629 0.649909 -0.703431
v 0.827370 0.649909 -0.552652
v 0.919318 0.649909 -0.380630
v 0.975939 0.649909 -0.193975
v 0.995058 0.649909 0.000140
v 0.975939 0.649909 0.194255
v 0.919318 0.649909 0.380910
v 0.827370 0.649909 0.552932
v 0.703629 0.649909 0.703711
v 0.552850 0.649909 0.827452
v 0.380828 0.649909 0.919400
v 0.194173 0.649909 0.976021
v 0.000058 0.649909 0.995140
v -0.194057 0.649909 0.976021
v -0.380712 0.649909 0.919400
v -0.552734 0.649909 0.827452
v -0.703513 0.649909 0.703711
v -0.827254 0.649909 0.552932
v -0.919202 0.649909 0.380910
v -0.975823 0.649909 0.194255
v -0.994942 0.649909 0.000140
v -0.975823 0.649909 -0.193975
v -0.919202 0.649909 -0.380630
v -0.827254 0.649909 -0.552652
v -0.703513 0.649909 -0.703431
v -0.552734 0.649909 -0.827172
v -0.380712 0.649909 -0.919120
v -0.194057 0.649909 -0.975741
v 0.380828 0.649909 0.919400
v 0.178520 1.241820 -0.889689
v 0.349173 1.241820 -0.837922
v 0.506448 1.241820 -0.753857
v 0.644300 1.241820 -0.640725
v 0.757432 1.241820 -0.502872
v 0.841497 1.241820 -0.345598
v 0.893264 1.241820 -0.174945
v 0.910744 1.241820 0.002528
v 0.893264 1.241820 0.180001
v 0.841497 1.241820 0.350654
v 0.757432 1.241820 0.507928
v 0.644300 1.241820 0.645781
v 0.506448 1.241820 0.758913
v 0.349173 1.241820 0.842978
v 0.178520 1.241820 0.894745
v 0.001047 1.241820 0.912225
v -0.176426 1.241820 0.894745
v -0.347079 1.241820 0.842978
v -0.504353 1.241820 0.758913
v -0.642205 1.241820 0.645781
v -0.755338 1.241820 0.507928
v -0.839403 1.241820 0.350654
v -0.891170 1.241820 0.180001
v -0.908649 1.241820 0.002528
v -0.891170 1.241820 -0.174945
v -0.839403 1.241820 -0.345598
v -0.755338 1.241820 -0.502872
v -0.642205 1.241820 -0.640725
v -0.504353 1.241820 -0.753857
v -0.347079 1.241820 -0.837922
v -0.176426 1.241820 -0.889689
v 0.349173 1.241820 0.842978
v 0.001047 1.241820 -0.907168
v -0.336761 1.550000 -0.813014
v -0.488902 1.550000 -0.731693
v -0.622254 1.550000 -0.622254
v -0.731693 1.550000 -0.488902
v -0.813014 1.550000 -0.336761
v -0.863091 1.550000 -0.171679
v -0.880000 1.550000 0.000000
v -0.863091 1.550000 0.171679
v -0.813014 1.550000 0.336761
v -0.731693 1.550000 0.488902
v -0.622254 1.550000 0.622254
v -0.488902 1.550000 0.731693
v -0.336761 1.550000 0.813014
v -0.171679 1.550000 0.863091
v 0.000000 1.550000 0.880000
v 0.171679 1.550000 0.863091
v 0.336761 1.550000 0.813014
v 0.488902 1.550000 0.731693
v 0.622254 1.550000 0.622254
v 0.731693 1.550000 0.488902
v 0.813014 1.550000 0.336761
v 0.863091 1.550000 0.171679
v 0.880000 1.550000 0.000000
v 0.863091 1.550000 -0.171679
v 0.813014 1.550000 -0.336761
v 0.731693 1.550000 -0.488902
v 0.622254 1.550000 -0.622254
v 0.488902 1.550000 -0.731693
v 0.336761 1.550000 -0.813014
v 0.000000 1.575000 -0.880000
v 0.171679 1.550000 -0.863091
v 0.000000 1.550000 -0.880000
v 0.000000 1.600000 -0.880000
v 0.171679 1.600000 -0.863091
v 0.336761 1.600000 -0.813014
v 0.488902 1.600000 -0.731693
v 0.622254 1.600000 -0.622254
v 0.731693 1.600000 -0.488902
v 0.813014 1.600000 -0.336761
v 0.863091 1.600000 -0.171679
v 0.880000 1.600000 0.000000
v 0.863091 1.600000 0.171679
v 0.813014 1.600000 0.336761
v 0.731693 1.600000 0.488902
v 0.622254 1.600000 0.622254
v 0.488902 1.600000 0.731693
v 0.336761 1.600000 0.813014
v 0.171679 1.600000 0.863091
v 0.000000 1.600000 0.880000
v -0.171679 1.600000 0.863091
v -0.336761 1.600000 0.813014
v -0.488902 1.600000 0.731693
v -0.622254 1.600000 0.622254
v -0.731693 1.600000 0.488902
v -0.813014 1.600000 0.336761
v -0.863091 1.600000 0.171679
v -0.880000 1.600000 0.000000
v -0.863091 1.600000 -0.171679
v -0.813014 1.600000 -0.336761
v -0.731693 1.600000 -0.488902
v -0.622254 1.600000 -0.622254
v -0.488902 1.600000 -0.731693
v -0.336761 1.600000 -0.813014
v -0.171679 1.600000 -0.863091
v 0.000000 1.575000 -0.880000
v -0.171679 1.575000 -0.863091
v -0.336761 1.575000 -0.813014
v -0.488902 1.575000 -0.731693
v -0.622254 1.575000 -0.622254
v -0.731693 1.575000 -0.488902
v -0.813014 1.575000 -0.336761
v -0.863091 1.575000 -0.171679
v -0.880000 1.575000 0.000000
v -0.863091 1.575000 0.171679
v -0.813014 1.575000 0.336761
v -0.731693 1.575000 0.488902
v -0.622254 1.575000 0.622254
v -0.488902 1.575000 0.731693
v -0.336761 1.575000 0.813014
v -0.171679 1.575000 0.863091
v 0.000000 1.575000 0.880000
v 0.171679 1.575000 0.863091
v 0.336761 1.575000 0.813014
v 0.488902 1.575000 0.731693
v 0.622254 1.575000 0.622254
v 0.731693 1.575000 0.488902
v 0.813014 1.575000 0.336761
v 0.863091 1.575000 0.171679
v 0.880000 1.575000 0.000000
v 0.863091 1.575000 -0.171679
v 0.813014 1.575000 -0.336761
v 0.731693 1.575000 -0.488902
v 0.622254 1.575000 -0.622254
v 0.488902 1.575000 -0.731693
v 0.336761 1.575000 -0.813014
v 0.171679 1.575000 -0.863091
v -0.171679 1.550000 -0.863091
v 0.000000 1.550000 -0.880000
v 0.000000 1.575000 -0.880000
v 0.171679 1.550000 -0.863091
v 0.336761 1.550000 -0.813014
v 0.488902 1.550000 -0.731693
v 0.622254 1.550000 -0.622254
v 0.731693 1.550000 -0.488902
v 0.813014 1.550000 -0.336761
v 0.863091 1.550000 -0.171679
v 0.880000 1.550000 0.000000
v 0.863091 1.550000 0.171679
v 0.813014 1.550000 0.336761
v 0.731693 1.550000 0.488902
v 0.622254 1.550000 0.622254
v 0.488902 1.550000 0.731693
v 0.336761 1.550000 0.813014
v 0.171679 1.550000 0.863091
v 0.000000 1.550000 0.880000
v -0.171679 1.550000 0.863091
v -0.336761 1.550000 0.813014
v -0.488902 1.550000 0.731693
v -0.622254 1.550000 0.622254
v -0.731693 1.550000 0.488902
v -0.813014 1.550000 0.336761
v -0.863091 1.550000 0.171679
v -0.880000 1.550000 0.000000
v -0.863091 1.550000 -0.171679
v -0.813014 1.550000 -0.336761
v -0.731693 1.550000 -0.488902
v -0.622254 1.550000 -0.622254
v -0.488902 1.550000 -0.731693
v -0.336761 1.550000 -0.813014
v 0.171679 1.575000 -0.863091
v 0.336761 1.575000 -0.813014
v 0.488902 1.575000 -0.731693
v 0.622254 1.575000 -0.622254
v 0.731693 1.575000 -0.488902
v 0.813014 1.575000 -0.336761
v 0.863091 1.575000 -0.171679
v 0.880000 1.575000 0.000000
v 0.863091 1.575000 0.171679
v 0.813014 1.575000 0.336761
v 0.731693 1.575000 0.488902
v 0.622254 1.575000 0.622254
v 0.488902 1.575000 0.731693
v 0.336761 1.575000 0.813014
v 0.171679 1.575000 0.863091
v 0.000000 1.575000 0.880000
v -0.171679 1.575000 0.863091
v -0.336761 1.575000 0.813014
v -0.488902 1.575000 0.731693
v -0.622254 1.575000 0.622254
v -0.731693 1.575000 0.488902
v -0.813014 1.575000 0.336761
v -0.863091 1.575000 0.171679
v -0.880000 1.575000 0.000000
v -0.863091 1.575000 -0.171679
v -0.813014 1.575000 -0.336761
v -0.731693 1.575000 -0.488902
v -0.622254 1.575000 -0.622254
v -0.488902 1.575000 -0.731693
v -0.336761 1.575000 -0.813014
v -0.171679 1.575000 -0.863091
v -0.171679 1.550000 -0.863091
v 0.171679 1.575000 -0.863091
v 0.336761 1.575000 -0.813014
v 0.488902 1.575000 -0.731693
v 0.622254 1.575000 -0.622254
v 0.731693 1.575000 -0.488902
v 0.813014 1.575000 -0.336761
v 0.863091 1.575000 -0.171679
v 0.880000 1.575000 0.000000
v 0.863091 1.575000 0.171679
v 0.813014 1.575000 0.336761
v 0.731693 1.575000 0.488902
v 0.622254 1.575000 0.622254
v 0.488902 1.575000 0.731693
v 0.336761 1.575000 0.813014
v 0.171679 1.575000 0.863091
v 0.000000 1.575000 0.880000
v -0.171679 1.575000 0.863091
v -0.336761 1.575000 0.813014
v -0.488902 1.575000 0.731693
v -0.622254 1.575000 0.622254
v -0.731693 1.575000 0.488902
v -0.813014 1.575000 0.336761
v -0.863091 1.575000 0.171679
v -0.880000 1.575000 0.000000
v -0.863091 1.575000 -0.171679
v -0.813014 1.575000 -0.336761
v -0.731693 1.575000 -0.488902
v -0.622254 1.575000 -0.622254
v -0.488902 1.575000 -0.731693
v -0.336761 1.575000 -0.813014
v -0.171679 1.575000 -0.863091
v -0.171679 1.550000 -0.863091
v 0.000000 1.550000 -0.880000
v 0.171679 1.550000 -0.863091
v 0.336761 1.550000 -0.813014
v 0.488902 1.550000 -0.731693
v 0.622254 1.550000 -0.622254
v 0.731693 1.550000 -0.488902
v 0.813014 1.550000 -0.336761
v 0.863091 1.550000 -0.171679
v 0.880000 1.550000 0.000000
v 0.863091 1.550000 0.171679
v 0.813014 1.550000 0.336761
v 0.731693 1.550000 0.488902
v 0.622254 1.550000 0.622254
v 0.488902 1.550000 0.731693
v 0.336761 1.550000 0.813014
v 0.171679 1.550000 0.863091
v 0.000000 1.550000 0.880000
v -0.171679 1.550000 0.863091
v -0.336761 1.550000 0.813014
v -0.488902 1.550000 0.731693
v -0.622254 1.550000 0.622254
v -0.731693 1.550000 0.488902
v -0.813014 1.550000 0.336761
v -0.863091 1.550000 0.171679
v -0.880000 1.550000 0.000000
v -0.863091 1.550000 -0.171679
v -0.813014 1.550000 -0.336761
v -0.731693 1.550000 -0.488902
v -0.622254 1.550000 -0.622254
v -0.488902 1.550000 -0.731693
v -0.336761 1.550000 -0.813014
v -0.336761 1.650000 -0.813014
v -0.488902 1.650000 -0.731693
v -0.622254 1.650000 -0.622254
v -0.731693 1.650000 -0.488902
v -0.813014 1.650000 -0.336761
v -0.863091 1.650000 -0.171679
v -0.880000 1.650000 0.000000
v -0.863091 1.650000 0.171679
v -0.813014 1.650000 0.336761
v -0.731693 1.650000 0.488902
v -0.622254 1.650000 0.622254
v -0.488902 1.650000 0.731693
v -0.336761 1.650000 0.813014
v -0.171679 1.650000 0.863091
v 0.000000 1.650000 0.880000
v 0.171679 1.650000 0.863091
v 0.336761 1.650000 0.813014
v 0.488902 1.650000 0.731693
v 0.622254 1.650000 0.622254
v 0.731693 1.650000 0.488902
v 0.813014 1.650000 0.336761
v 0.863091 1.650000 0.171679
v 0.880000 1.650000 0.000000
v 0.863091 1.650000 -0.171679
v 0.813014 1.650000 -0.336761
v 0.731693 1.650000 -0.488902
v 0.622254 1.650000 -0.622254
v 0.488902 1.650000 -0.731693
v 0.336761 1.650000 -0.813014
v 0.000000 1.625000 -0.880000
v 0.171679 1.650000 -0.863091
v 0.000000 1.650000 -0.880000
v 0.000000 1.625000 -0.880000
v -0.171679 1.625000 -0.863091
v -0.336761 1.625000 -0.813014
v -0.488902 1.625000 -0.731693
v -0.622254 1.625000 -0.622254
v -0.731693 1.625000 -0.488902
v -0.813014 1.625000 -0.336761
v -0.863091 1.625000 -0.171679
v -0.880000 1.625000 0.000000
v -0.863091 1.625000 0.171679
v -0.813014 1.625000 0.336761
v -0.731693 1.625000 0.488902
v -0.622254 1.625000 0.622254
v -0.488902 1.625000 0.731693
v -0.336761 1.625000 0.813014
v -0.171679 1.625000 0.863091
v 0.000000 1.625000 0.880000
v 0.171679 1.625000 0.863091
v 0.336761 1.625000 0.813014
v 0.488902 1.625000 0.731693
v 0.622254 1.625000 0.622254
v 0.731693 1.625000 0.488902
v 0.813014 1.625000 0.336761
v 0.863091 1.625000 0.171679
v 0.880000 1.625000 0.000000
v 0.863091 1.625000 -0.171679
v 0.813014 1.625000 -0.336761
v 0.731693 1.625000 -0.488902
v 0.622254 1.625000 -0.622254
v 0.488902 1.625000 -0.731693
v 0.336761 1.625000 -0.813014
v 0.171679 1.625000 -0.863091
v -0.171679 1.650000 -0.863091
v 0.000000 1.650000 -0.880000
v 0.000000 1.625000 -0.880000
v 0.171679 1.650000 -0.863091
v 0.336761 1.650000 -0.813014
v 0.488902 1.650000 -0.731693
v 0.622254 1.650000 -0.622254
v 0.731693 1.650000 -0.488902
v 0.813014 1.650000 -0.336761
v 0.863091 1.650000 -0.171679
v 0.880000 1.650000 0.000000
v 0.863091 1.650000 0.171679
v 0.813014 1.650000 0.336761
v 0.731693 1.650000 0.488902
v 0.622254 1.650000 0.622254
v 0.488902 1.650000 0.731693
v 0.336761 1.650000 0.813014
v 0.171679 1.650000 0.863091
v 0.000000 1.650000 0.880000
v -0.171679 1.650000 0.863091
v -0.336761 1.650000 0.813014
v -0.488902 1.650000 0.731693
v -0.622254 1.650000 0.622254
v -0.731693 1.650000 0.488902
v -0.813014 1.650000 0.336761
v -0.863091 1.650000 0.171679
v -0.880000 1.650000 0.000000
v -0.863091 1.650000 -0.171679
v -0.813014 1.650000 -0.336761
v -0.731693 1.650000 -0.488902
v -0.622254 1.650000 -0.622254
v -0.488902 1.650000 -0.731693
v -0.336761 1.650000 -0.813014
v 0.171679 1.625000 -0.863091
v 0.336761 1.625000 -0.813014
v 0.488902 1.625000 -0.731693
v 0.622254 1.625000 -0.622254
v 0.731693 1.625000 -0.488902
v 0.813014 1.625000 -0.336761
v 0.863091 1.625000 -0.171679
v 0.880000 1.625000 0.000000
v 0.863091 1.625000 0.171679
v 0.813014 1.625000 0.336761
v 0.731693 1.625000 0.488902
v 0.622254 1.625000 0.622254
v 0.488902 1.625000 0.731693
v 0.336761 1.625000 0.813014
v 0.171679 1.625000 0.863091
v 0.000000 1.625000 0.880000
v -0.171679 1.625000 0.863091
v -0.336761 1.625000 0.813014
v -0.488902 1.625000 0.731693
v -0.622254 1.625000 0.622254
v -0.731693 1.625000 0.488902
v -0.813014 1.625000 0.336761
v -0.863091 1.625000 0.171679
v -0.880000 1.625000 0.000000
v -0.863091 1.625000 -0.171679
v -0.813014 1.625000 -0.336761
v -0.731693 1.625000 -0.488902
v -0.622254 1.625000 -0.622254
v -0.488902 1.625000 -0.731693
v -0.336761 1.625000 -0.813014
v -0.171679 1.625000 -0.863091
v -0.171679 1.650000 -0.863091
v 0.171679 1.625000 -0.863091
v 0.336761 1.625000 -0.813014
v 0.488902 1.625000 -0.731693
v 0.622254 1.625000 -0.622254
v 0.731693 1.625000 -0.488902
v 0.813014 1.625000 -0.336761
v 0.863091 1.625000 -0.171679
v 0.880000 1.625000 0.000000
v 0.863091 1.625000 0.171679
v 0.813014 1.625000 0.336761
v 0.731693 1.625000 0.488902
v 0.622254 1.625000 0.622254
v 0.488902 1.625000 0.731693
v 0.336761 1.625000 0.813014
v 0.171679 1.625000 0.863091
v 0.000000 1.625000 0.880000
v -0.171679 1.625000 0.863091
v -0.336761 1.625000 0.813014
v -0.488902 1.625000 0.731693
v -0.622254 1.625000 0.622254
v -0.731693 1.625000 0.488902
v -0.813014 1.625000 0.336761
v -0.863091 1.625000 0.171679
v -0.880000 1.625000 0.000000
v -0.863091 1.625000 -0.171679
v -0.813014 1.625000 -0.336761
v -0.731693 1.625000 -0.488902
v -0.622254 1.625000 -0.622254
v -0.488902 1.625000 -0.731693
v -0.336761 1.625000 -0.813014
v -0.171679 1.625000 -0.863091
v -0.171679 1.650000 -0.863091
v 0.000000 1.650000 -0.880000
v 0.171679 1.650000 -0.863091
v 0.336761 1.650000 -0.813014
v 0.488902 1.650000 -0.731693
v 0.622254 1.650000 -0.622254
v 0.731693 1.650000 -0.488902
v 0.813014 1.650000 -0.336761
v 0.863091 1.650000 -0.171679
v 0.880000 1.650000 0.000000
v 0.863091 1.650000 0.171679
v 0.813014 1.650000 0.336761
v 0.731693 1.650000 0.488902
v 0.622254 1.650000 0.622254
v 0.488902 1.650000 0.731693
v 0.336761 1.650000 0.813014
v 0.171679 1.650000 0.863091
v 0.000000 1.650000 0.880000
v -0.171679 1.650000 0.863091
v -0.336761 1.650000 0.813014
v -0.488902 1.650000 0.731693
v -0.622254 1.650000 0.622254
v -0.731693 1.650000 0.488902
v -0.813014 1.650000 0.336761
v -0.863091 1.650000 0.171679
v -0.880000 1.650000 0.000000
v -0.863091 1.650000 -0.171679
v -0.813014 1.650000 -0.336761
v -0.731693 1.650000 -0.488902
v -0.622254 1.650000 -0.622254
v -0.488902 1.650000 -0.731693
v -0.336761 1.650000 -0.813014
v -0.344415 1.575000 -0.831492
v -0.500013 1.575000 -0.748323
v -0.636396 1.575000 -0.636396
v -0.748323 1.575000 -0.500013
v -0.831492 1.575000 -0.344415
v -0.882707 1.575000 -0.175581
v -0.900000 1.575000 0.000000
v -0.882707 1.575000 0.175581
v -0.831492 1.575000 0.344415
v -0.748323 1.575000 0.500013
v -0.636396 1.575000 0.636396
v -0.500013 1.575000 0.748323
v -0.344415 1.575000 0.831492
v -0.175581 1.575000 0.882707
v 0.000000 1.575000 0.900000
v 0.175581 1.575000 0.882707
v 0.344415 1.575000 0.831492
v 0.500013 1.575000 0.748323
v 0.636396 1.575000 0.636396
v 0.748323 1.575000 0.500013
v 0.831492 1.575000 0.344415
v 0.882707 1.575000 0.175581
v 0.900000 1.575000 0.000000
v 0.882707 1.575000 -0.175581
v 0.831492 1.575000 -0.344415
v 0.748323 1.575000 -0.500013
v 0.636396 1.575000 -0.636396
v 0.500013 1.575000 -0.748323
v 0.344415 1.575000 -0.831492
v 0.000000 1.587500 -0.900000
v 0.175581 1.575000 -0.882707
v 0.000000 1.575000 -0.900000
v 0.000000 1.600000 -0.900000
v 0.175581 1.600000 -0.882707
v 0.344415 1.600000 -0.831492
v 0.500013 1.600000 -0.748323
v 0.636396 1.600000 -0.636396
v 0.748323 1.600000 -0.500013
v 0.831492 1.600000 -0.344415
v 0.882707 1.600000 -0.175581
v 0.900000 1.600000 0.000000
v 0.882707 1.600000 0.175581
v 0.831492 1.600000 0.344415
v 0.748323 1.600000 0.500013
v 0.636396 1.600000 0.636396
v 0.500013 1.600000 0.748323
v 0.344415 1.600000 0.831492
v 0.175581 1.600000 0.882707
v 0.000000 1.600000 0.900000
v -0.175581 1.600000 0.882707
v -0.344415 1.600000 0.831492
v -0.500013 1.600000 0.748323
v -0.636396 1.600000 0.636396
v -0.748323 1.600000 0.500013
v -0.831492 1.600000 0.344415
v -0.882707 1.600000 0.175581
v -0.900000 1.600000 0.000000
v -0.882707 1.600000 -0.175581
v -0.831492 1.600000 -0.344415
v -0.748323 1.600000 -0.500013
v -0.636396 1.600000 -0.636396
v -0.500013 1.600000 -0.748323
v -0.344415 1.600000 -0.831492
v -0.175581 1.600000 -0.882707
v 0.000000 1.587500 -0.900000
v -0.175581 1.587500 -0.882707
v -0.344415 1.587500 -0.831492
v -0.500013 1.587500 -0.748323
v -0.636396 1.587500 -0.636396
v -0.748323 1.587500 -0.500013
v -0.831492 1.587500 -0.344415
v -0.882707 1.587500 -0.175581
v -0.900000 1.587500 0.000000
v -0.882707 1.587500 0.175581
v -0.831492 1.587500 0.344415
v -0.748323 1.587500 0.500013
v -0.636396 1.587500 0.636396
v -0.500013 1.587500 0.748323
v -0.344415 1.587500 0.831492
v -0.175581 1.587500 0.882707
v 0.000000 1.587500 0.900000
v 0.175581 1.587500 0.882707
v 0.344415 1.587500 0.831492
v 0.500013 1.587500 0.748323
v 0.636396 1.587500 0.636396
v 0.748323 1.587500 0.500013
v 0.831492 1.587500 0.344415
v 0.882707 1.587500 0.175581
v 0.900000 1.587500 0.000000
v 0.882707 1.587500 -0.175581
v 0.831492 1.587500 -0.344415
v 0.748323 1.587500 -0.500013
v 0.636396 1.587500 -0.636396
v 0.500013 1.587500 -0.748323
v 0.344415 1.587500 -0.831492
v 0.175581 1.587500 -0.882707
v -0.175581 1.575000 -0.882707
v 0.000000 1.575000 -0.900000
v 0.000000 1.587500 -0.900000
v 0.175581 1.575000 -0.882707
v 0.344415 1.575000 -0.831492
v 0.500013 1.575000 -0.748323
v 0.636396 1.575000 -0.636396
v 0.748323 1.575000 -0.500013
v 0.831492 1.575000 -0.344415
v 0.882707 1.575000 -0.175581
v 0.900000 1.575000 0.000000
v 0.882707 1.575000 0.175581
v 0.831492 1.575000 0.344415
v 0.748323 1.575000 0.500013
v 0.636396 1.575000 0.636396
v 0.500013 1.575000 0.748323
v 0.344415 1.575000 0.831492
v 0.175581 1.575000 0.882707
v 0.000000 1.575000 0.900000
v -0.175581 1.575000 0.882707
v -0.344415 1.575000 0.831492
v -0.500013 1.575000 0.748323
v -0.636396 1.575000 0.636396
v -0.748323 1.575000 0.500013
v -0.831492 1.575000 0.344415
v -0.882707 1.575000 0.175581
v -0.900000 1.575000 0.000000
v -0.882707 1.575000 -0.175581
v -0.831492 1.575000 -0.344415
v -0.748323 1.575000 -0.500013
v -0.636396 1.575000 -0.636396
v -0.500013 1.575000 -0.748323
v -0.344415 1.575000 -0.831492
v 0.175581 1.587500 -0.882707
v 0.344415 1.587500 -0.831492
v 0.500013 1.587500 -0.748323
v 0.636396 1.587500 -0.636396
v 0.748323 1.587500 -0.500013
v 0.831492 1.587500 -0.344415
v 0.882707 1.587500 -0.175581
v 0.900000 1.587500 0.000000
v 0.882707 1.587500 0.175581
v 0.831492 1.587500 0.344415
v 0.748323 1.587500 0.500013
v 0.636396 1.587500 0.636396
v 0.500013 1.587500 0.748323
v 0.344415 1.587500 0.831492
v 0.175581 1.587500 0.882707
v 0.000000 1.587500 0.900000
v -0.175581 1.587500 0.882707
v -0.344415 1.587500 0.831492
v -0.500013 1.587500 0.748323
v -0.636396 1.587500 0.636396
v -0.748323 1.587500 0.500013
v -0.831492 1.587500 0.344415
v -0.882707 1.587500 0.175581
v -0.900000 1.587500 0.000000
v -0.882707 1.587500 -0.175581
v -0.831492 1.587500 -0.344415
v -0.748323 1.587500 -0.500013
v -0.636396 1.587500 -0.636396
v -0.500013 1.587500 -0.748323
v -0.344415 1.587500 -0.831492
v -0.175581 1.587500 -0.882707
v -0.175581 1.575000 -0.882707
v 0.175581 1.587500 -0.882707
v 0.344415 1.587500 -0.831492
v 0.500013 1.587500 -0.748323
v 0.636396 1.587500 -0.636396
v 0.748323 1.587500 -0.500013
v 0.831492 1.587500 -0.344415
v 0.882707 1.587500 -0.175581
v 0.900000 1.587500 0.000000
v 0.882707 1.587500 0.175581
v 0.831492 1.587500 0.344415
v 0.748323 1.587500 0.500013
v 0.636396 1.587500 0.636396
v 0.500013 1.587500 0.748323
v 0.344415 1.587500 0.831492
v 0.175581 1.587500 0.882707
v 0.000000 1.587500 0.900000
v -0.175581 1.587500 0.882707
v -0.344415 1.587500 0.831492
v -0.500013 1.587500 0.748323
v -0.636396 1.587500 0.636396
v -0.748323 1.587500 0.500013
v -0.831492 1.587500 0.344415
v -0.882707 1.587500 0.175581
v -0.900000 1.587500 0.000000
v -0.882707 1.587500 -0.175581
v -0.831492 1.587500 -0.344415
v -0.748323 1.587500 -0.500013
v -0.636396 1.587500 -0.636396
v -0.500013 1.587500 -0.748323
v -0.344415 1.587500 -0.831492
v -0.175581 1.587500 -0.882707
v -0.175581 1.575000 -0.882707
v 0.000000 1.575000 -0.900000
v 0.175581 1.575000 -0.882707
v 0.344415 1.575000 -0.831492
v 0.500013 1.575000 -0.748323
v 0.636396 1.575000 -0.636396
v 0.748323 1.575000 -0.500013
v 0.831492 1.575000 -0.344415
v 0.882707 1.575000 -0.175581
v 0.900000 1.575000 0.000000
v 0.882707 1.575000 0.175581
v 0.831492 1.575000 0.344415
v 0.748323 1.575000 0.500013
v 0.636396 1.575000 0.636396
v 0.500013 1.575000 0.748323
v 0.344415 1.575000 0.831492
v 0.175581 1.575000 0.882707
v 0.000000 1.575000 0.900000
v -0.175581 1.575000 0.882707
v -0.344415 1.575000 0.831492
v -0.500013 1.575000 0.748323
v -0.636396 1.575000 0.636396
v -0.748323 1.575000 0.500013
v -0.831492 1.575000 0.344415
v -0.882707 1.575000 0.175581
v -0.900000 1.575000 0.000000
v -0.882707 1.575000 -0.175581
v -0.831492 1.575000 -0.344415
v -0.748323 1.575000 -0.500013
v -0.636396 1.575000 -0.636396
v -0.500013 1.575000 -0.748323
v -0.344415 1.575000 -0.831492
v -0.344415 1.625000 -0.831492
v -0.500013 1.625000 -0.748323
v -0.636396 1.625000 -0.636396
v -0.748323 1.625000 -0.500013
v -0.831492 1.625000 -0.344415
v -0.882707 1.625000 -0.175581
v -0.900000 1.625000 0.000000
v -0.882707 1.625000 0.175581
v -0.831492 1.625000 0.344415
v -0.748323 1.625000 0.500013
v -0.636396 1.625000 0.636396
v -0.500013 1.625000 0.748323
v -0.344415 1.625000 0.831492
v -0.175581 1.625000 0.882707
v 0.000000 1.625000 0.900000
v 0.175581 1.625000 0.882707
v 0.344415 1.625000 0.831492
v 0.500013 1.625000 0.748323
v 0.636396 1.625000 0.636396
v 0.748323 1.625000 0.500013
v 0.831492 1.625000 0.344415
v 0.882707 1.625000 0.175581
v 0.900000 1.625000 0.000000
v 0.882707 1.625000 -0.175581
v 0.831492 1.625000 -0.344415
v 0.748323 1.625000 -0.500013
v 0.636396 1.625000 -0.636396
v 0.500013 1.625000 -0.748323
v 0.344415 1.625000 -0.831492
v 0.000000 1.612500 -0.900000
v 0.175581 1.625000 -0.882707
v 0.000000 1.625000 -0.900000
v 0.000000 1.612500 -0.900000
v -0.175581 1.612500 -0.882707
v -0.344415 1.612500 -0.831492
v -0.500013 1.612500 -0.748323
v -0.636396 1.612500 -0.636396
v -0.748323 1.612500 -0.500013
v -0.831492 1.612500 -0.344415
v -0.882707 1.612500 -0.175581
v -0.900000 1.612500 0.000000
v -0.882707 1.612500 0.175581
v -0.831492 1.612500 0.344415
v -0.748323 1.612500 0.500013
v -0.636396 1.612500 0.636396
v -0.500013 1.612500 0.748323
v -0.344415 1.612500 0.831492
v -0.175581 1.612500 0.882707
v 0.000000 1.612500 0.900000
v 0.175581 1.612500 0.882707
v 0.344415 1.612500 0.831492
v 0.500013 1.612500 0.748323
v 0.636396 1.612500 0.636396
v 0.748323 1.612500 0.500013
v 0.831492 1.612500 0.344415
v 0.882707 1.612500 0.175581
v 0.900000 1.612500 0.000000
v 0.882707 1.612500 -0.175581
v 0.831492 1.612500 -0.344415
v 0.748323 1.612500 -0.500013
v 0.636396 1.612500 -0.636396
v 0.500013 1.612500 -0.748323
v 0.344415 1.612500 -0.831492
v 0.175581 1.612500 -0.882707
v -0.175581 1.625000 -0.882707
v 0.000000 1.625000 -0.900000
v 0.000000 1.612500 -0.900000
v 0.175581 1.625000 -0.882707
v 0.344415 1.625000 -0.831492
v 0.500013 1.625000 -0.748323
v 0.636396 1.625000 -0.636396
v 0.748323 1.625000 -0.500013
v 0.831492 1.625000 -0.344415
v 0.882707 1.625000 -0.175581
v 0.900000 1.625000 0.000000
v 0.882707 1.625000 0.175581
v 0.831492 1.625000 0.344415
v 0.748323 1.625000 0.500013
v 0.636396 1.625000 0.636396
v 0.500013 1.625000 0.748323
v 0.344415 1.625000 0.831492
v 0.175581 1.625000 0.882707
v 0.000000 1.625000 0.900000
v -0.175581 1.625000 0.882707
v -0.344415 1.625000 0.831492
v -0.500013 1.625000 0.748323
v -0.636396 1.625000 0.636396
v -0.748323 1.625000 0.500013
v -0.831492 1.625000 0.344415
v -0.882707 1.625000 0.175581
v -0.900000 1.625000 0.000000
v -0.882707 1.625000 -0.175581
v -0.831492 1.625000 -0.344415
v -0.748323 1.625000 -0.500013
v -0.636396 1.625000 -0.636396
v -0.500013 1.625000 -0.748323
v -0.344415 1.625000 -0.831492
v 0.175581 1.612500 -0.882707
v 0.344415 1.612500 -0.831492
v 0.500013 1.612500 -0.748323
v 0.636396 1.612500 -0.636396
v 0.748323 1.612500 -0.500013
v 0.831492 1.612500 -0.344415
v 0.882707 1.612500 -0.175581
v 0.900000 1.612500 0.000000
v 0.882707 1.612500 0.175581
v 0.831492 1.612500 0.344415
v 0.748323 1.612500 0.500013
v 0.636396 1.612500 0.636396
v 0.500013 1.612500 0.748323
v 0.344415 1.612500 0.831492
v 0.175581 1.612500 0.882707
v 0.000000 1.612500 0.900000
v -0.175581 1.612500 0.882707
v -0.344415 1.612500 0.831492
v -0.500013 1.612500 0.748323
v -0.636396 1.612500 0.636396
v -0.748323 1.612500 0.500013
v -0.831492 1.612500 0.344415
v -0.882707 1.612500 0.175581
v -0.900000 1.612500 0.000000
v -0.882707 1.612500 -0.175581
v -0.831492 1.612500 -0.344415
v -0.748323 1.612500 -0.500013
v -0.636396 1.612500 -0.636396
v -0.500013 1.612500 -0.748323
v -0.344415 1.612500 -0.831492
v -0.175581 1.612500 -0.882707
v -0.175581 1.625000 -0.882707
v 0.175581 1.612500 -0.882707
v 0.344415 1.612500 -0.831492
v 0.500013 1.612500 -0.748323
v 0.636396 1.612500 -0.636396
v 0.748323 1.612500 -0.500013
v 0.831492 1.612500 -0.344415
v 0.882707 1.612500 -0.175581
v 0.900000 1.612500 0.000000
v 0.882707 1.612500 0.175581
v 0.831492 1.612500 0.344415
v 0.748323 1.612500 0.500013
v 0.636396 1.612500 0.636396
v 0.500013 1.612500 0.748323
v 0.344415 1.612500 0.831492
v 0.175581 1.612500 0.882707
v 0.000000 1.612500 0.900000
v -0.175581 1.612500 0.882707
v -0.344415 1.612500 0.831492
v -0.500013 1.612500 0.748323
v -0.636396 1.612500 0.636396
v -0.748323 1.612500 0.500013
v -0.831492 1.612500 0.344415
v -0.882707 1.612500 0.175581
v -0.900000 1.612500 0.000000
v -0.882707 1.612500 -0.175581
v -0.831492 1.612500 -0.344415
v -0.748323 1.612500 -0.500013
v -0.636396 1.612500 -0.636396
v -0.500013 1.612500 -0.748323
v -0.344415 1.612500 -0.831492
v -0.175581 1.612500 -0.882707
v -0.175581 1.625000 -0.882707
v 0.000000 1.625000 -0.900000
v 0.175581 1.625000 -0.882707
v 0.344415 1.625000 -0.831492
v 0.500013 1.625000 -0.748323
v 0.636396 1.625000 -0.636396
v 0.748323 1.625000 -0.500013
v 0.831492 1.625000 -0.344415
v 0.882707 1.625000 -0.175581
v 0.900000 1.625000 0.000000
v 0.882707 1.625000 0.175581
v 0.831492 1.625000 0.344415
v 0.748323 1.625000 0.500013
v 0.636396 1.625000 0.636396
v 0.500013 1.625000 0.748323
v 0.344415 1.625000 0.831492
v 0.175581 1.625000 0.882707
v 0.000000 1.625000 0.900000
v -0.175581 1.625000 0.882707
v -0.344415 1.625000 0.831492
v -0.500013 1.625000 0.748323
v -0.636396 1.625000 0.636396
v -0.748323 1.625000 0.500013
v -0.831492 1.625000 0.344415
v -0.882707 1.625000 0.175581
v -0.900000 1.625000 0.000000
v -0.882707 1.625000 -0.175581
v -0.831492 1.625000 -0.344415
v -0.748323 1.625000 -0.500013
v -0.636396 1.625000 -0.636396
v -0.500013 1.625000 -0.748323
v -0.344415 1.625000 -0.831492
vn 0.0980 -0.0000 -0.9952
vn 0.2903 -0.0000 -0.9569
vn 0.4714 -0.0000 -0.8819
vn 0.6344 -0.0000 -0.7730
vn 0.7730 -0.0000 -0.6344
vn 0.8819 -0.0000 -0.4714
vn 0.9569 -0.0000 -0.2903
vn 0.9952 -0.0000 -0.0980
vn 0.9952 -0.0000 0.0980
vn 0.9569 -0.0000 0.2903
vn 0.8819 -0.0000 0.4714
vn 0.7730 -0.0000 0.6344
vn 0.6344 -0.0000 0.7730
vn 0.4714 -0.0000 0.8819
vn 0.2903 -0.0000 0.9569
vn 0.0980 -0.0000 0.9952
vn -0.0980 -0.0000 0.9952
vn -0.2903 -0.0000 0.9569
vn -0.4714 -0.0000 0.8819
vn -0.6344 -0.0000 0.7730
vn -0.7730 -0.0000 0.6344
vn -0.8819 -0.0000 0.4714
vn -0.9569 -0.0000 0.2903
vn -0.9952 -0.0000 0.0980
vn -0.9952 -0.0000 -0.0980
vn -0.9569 -0.0000 -0.2903
vn -0.8819 -0.0000 -0.4714
vn -0.7730 -0.0000 -0.6344
vn -0.6344 -0.0000 -0.7730
vn -0.0000 1.0000 -0.0000
vn -0.4714 -0.0000 -0.8819
vn -0.2903 -0.0000 -0.9569
vn -0.0000 -1.0000 -0.0000
vn -0.0980 -0.0000 -0.9952
vn 0.0966 -0.1679 -0.9811
vn 0.2862 -0.1674 -0.9434
vn 0.4648 -0.1667 -0.8696
vn 0.6256 -0.1659 -0.7623
vn 0.7624 -0.1650 -0.6257
vn 0.8700 -0.1641 -0.4650
vn 0.9441 -0.1632 -0.2864
vn 0.9820 -0.1622 -0.0967
vn 0.9821 -0.1613 0.0967
vn 0.9445 -0.1606 0.2865
vn 0.8706 -0.1599 0.4653
vn 0.7631 -0.1593 0.6263
vn 0.6263 -0.1590 0.7632
vn 0.4654 -0.1588 0.8707
vn 0.2866 -0.1588 0.9448
vn 0.0968 -0.1590 0.9825
vn -0.0968 -0.1593 0.9825
vn -0.2866 -0.1599 0.9446
vn -0.4653 -0.1606 0.8705
vn -0.6261 -0.1613 0.7629
vn -0.7628 -0.1622 0.6260
vn -0.8701 -0.1632 0.4651
vn -0.9440 -0.1641 0.2863
vn -0.9815 -0.1650 0.0967
vn -0.9814 -0.1659 -0.0967
vn -0.9436 -0.1667 -0.2862
vn -0.8695 -0.1674 -0.4647
vn -0.7620 -0.1679 -0.6254
vn -0.6253 -0.1683 -0.7620
vn -0.4647 -0.1684 -0.8693
vn -0.2861 -0.1684 -0.9433
vn -0.0966 -0.1683 -0.9810
vn 0.0975 0.1015 -0.9900
vn 0.2888 0.1012 -0.9520
vn 0.4690 0.1007 -0.8774
vn 0.6312 0.1003 -0.7691
vn 0.7692 0.0997 -0.6312
vn 0.8776 0.0991 -0.4691
vn 0.9523 0.0986 -0.2889
vn 0.9904 0.0980 -0.0975
vn 0.9904 0.0974 0.0976
vn 0.9524 0.0970 0.2889
vn 0.8778 0.0965 0.4692
vn 0.7694 0.0962 0.6314
vn 0.6315 0.0960 0.7694
vn 0.4692 0.0959 0.8779
vn 0.2889 0.0959 0.9525
vn 0.0976 0.0960 0.9906
vn -0.0976 0.0962 0.9906
vn -0.2889 0.0965 0.9525
vn -0.4692 0.0970 0.8778
vn -0.6314 0.0974 0.7693
vn -0.7693 0.0980 0.6313
vn -0.8776 0.0986 0.4691
vn -0.9522 0.0991 0.2889
vn -0.9902 0.0997 0.0975
vn -0.9902 0.1003 -0.0975
vn -0.9521 0.1007 -0.2888
vn -0.8774 0.1012 -0.4690
vn -0.7690 0.1015 -0.6311
vn -0.6311 0.1017 -0.7690
vn -0.4689 0.1018 -0.8773
vn -0.2888 0.1018 -0.9520
vn -0.0975 0.1017 -0.9900
vn -0.0952 -0.2367 -0.9669
vn -0.2820 -0.2369 -0.9297
vn -0.4580 -0.2369 -0.8568
vn -0.6164 -0.2367 -0.7510
vn -0.7511 -0.2362 -0.6164
vn -0.8571 -0.2355 -0.4581
vn -0.9302 -0.2346 -0.2822
vn -0.9677 -0.2335 -0.0953
vn -0.9680 -0.2323 0.0953
vn -0.9311 -0.2310 0.2824
vn -0.8583 -0.2297 0.4588
vn -0.7526 -0.2284 0.6176
vn -0.6178 -0.2272 0.7528
vn -0.4592 -0.2261 0.8591
vn -0.2828 -0.2252 0.9324
vn -0.0955 -0.2245 0.9698
vn 0.0955 -0.2240 0.9699
vn 0.2829 -0.2237 0.9327
vn 0.4594 -0.2237 0.8596
vn 0.6183 -0.2240 0.7534
vn 0.7533 -0.2245 0.6182
vn 0.8593 -0.2252 0.4593
vn 0.9322 -0.2261 0.2828
vn 0.9692 -0.2272 0.0955
vn 0.9689 -0.2284 -0.0954
vn 0.9314 -0.2297 -0.2825
vn 0.8581 -0.2310 -0.4586
vn 0.7519 -0.2323 -0.6170
vn 0.6169 -0.2335 -0.7516
vn 0.4582 -0.2346 -0.8573
vn 0.2821 -0.2355 -0.9300
vn 0.0952 -0.2362 -0.9670
vn 0.0966 0.1679 -0.9811
vn 0.2862 0.1674 -0.9434
vn 0.4648 0.1667 -0.8696
vn 0.6256 0.1659 -0.7623
vn 0.7624 0.1650 -0.6257
vn 0.8700 0.1641 -0.4650
vn 0.9441 0.1632 -0.2864
vn 0.9820 0.1622 -0.0967
vn 0.9821 0.1613 0.0967
vn 0.9445 0.1606 0.2865
vn 0.8706 0.1599 0.4653
vn 0.7631 0.1593 0.6263
vn 0.6263 0.1590 0.7632
vn 0.4654 0.1588 0.8707
vn 0.2866 0.1588 0.9448
vn 0.0968 0.1590 0.9825
vn -0.0968 0.1593 0.9825
vn -0.2866 0.1599 0.9446
vn -0.4653 0.1606 0.8705
vn -0.6261 0.1613 0.7629
vn -0.7628 0.1622 0.6260
vn -0.8701 0.1632 0.4651
vn -0.9440 0.1641 0.2863
vn -0.9815 0.1650 0.0967
vn -0.9814 0.1659 -0.0967
vn -0.9436 0.1667 -0.2862
vn -0.8695 0.1674 -0.4647
vn -0.7620 0.1679 -0.6254
vn -0.6253 0.1683 -0.7620
vn -0.4647 0.1684 -0.8693
vn -0.2861 0.1684 -0.9433
vn -0.0966 0.1683 -0.9810
vn 0.0975 -0.1015 -0.9900
vn 0.2888 -0.1012 -0.9520
vn 0.4690 -0.1007 -0.8774
vn 0.6312 -0.1003 -0.7691
vn 0.7692 -0.0997 -0.6312
vn 0.8776 -0.0991 -0.4691
vn 0.9523 -0.0986 -0.2889
vn 0.9904 -0.0980 -0.0975
vn 0.9904 -0.0974 0.0976
vn 0.9524 -0.0970 0.2889
vn 0.8778 -0.0965 0.4692
vn 0.7694 -0.0962 0.6314
vn 0.6315 -0.0960 0.7694
vn 0.4692 -0.0959 0.8779
vn 0.2889 -0.0959 0.9525
vn 0.0976 -0.0960 0.9906
vn -0.0976 -0.0962 0.9906
vn -0.2889 -0.0965 0.9525
vn -0.4692 -0.0970 0.8778
vn -0.6314 -0.0974 0.7693
vn -0.7693 -0.0980 0.6313
vn -0.8776 -0.0986 0.4691
vn -0.9522 -0.0991 0.2889
vn -0.9902 -0.0997 0.0975
vn -0.9902 -0.1003 -0.0975
vn -0.9521 -0.1007 -0.2888
vn -0.8774 -0.1012 -0.4690
vn -0.7690 -0.1015 -0.6311
vn -0.6311 -0.1017 -0.7690
vn -0.4689 -0.1018 -0.8773
vn -0.2888 -0.1018 -0.9520
vn -0.0975 -0.1017 -0.9900
vn -0.0952 0.2367 -0.9669
vn -0.2820 0.2369 -0.9297
vn -0.4580 0.2369 -0.8568
vn -0.6164 0.2367 -0.7510
vn -0.7511 0.2362 -0.6164
vn -0.8571 0.2355 -0.4581
vn -0.9302 0.2346 -0.2822
vn -0.9677 0.2335 -0.0953
vn -0.9680 0.2323 0.0953
vn -0.9311 0.2310 0.2824
vn -0.8583 0.2297 0.4588
vn -0.7526 0.2284 0.6176
vn -0.6178 0.2272 0.7528
vn -0.4592 0.2261 0.8591
vn -0.2828 0.2252 0.9324
vn -0.0955 0.2245 0.9698
vn 0.0955 0.2240 0.9699
vn 0.2829 0.2237 0.9327
vn 0.4594 0.2237 0.8596
vn 0.6183 0.2240 0.7534
vn 0.7533 0.2245 0.6182
vn 0.8593 0.2252 0.4593
vn 0.9322 0.2261 0.2828
vn 0.9692 0.2272 0.0955
vn 0.9689 0.2284 -0.0954
vn 0.9314 0.2297 -0.2825
vn 0.8581 0.2310 -0.4586
vn 0.7519 0.2323 -0.6170
vn 0.6169 0.2335 -0.7516
vn 0.4582 0.2346 -0.8573
vn 0.2821 0.2355 -0.9300
vn 0.0952 0.2362 -0.9670
vn 0.7694 0.0962 0.6315
vt 0.113042 0.143850
vt 0.096766 0.074394
vt 0.099423 0.072529
vt 0.111046 0.152128
vt 0.093892 0.075706
vt 0.108785 0.161757
vt 0.090884 0.076108
vt 0.106143 0.173082
vt 0.087921 0.075869
vt 0.102909 0.186507
vt 0.084713 0.074415
vt 0.098703 0.202426
vt 0.081564 0.071938
vt 0.092847 0.221053
vt 0.078057 0.067770
vt 0.084048 0.241884
vt 0.070385 0.062242
vt 0.152972 0.038727
vt 0.076479 0.061022
vt 0.153110 0.046966
vt 0.079903 0.059070
vt 0.151641 0.054423
vt 0.082281 0.056991
vt 0.149556 0.060815
vt 0.084833 0.055257
vt 0.147287 0.066216
vt 0.086467 0.053249
vt 0.145012 0.070786
vt 0.087874 0.051236
vt 0.142813 0.074702
vt 0.088438 0.048861
vt 0.140722 0.078128
vt 0.091699 0.049000
vt 0.138765 0.081219
vt 0.094348 0.048538
vt 0.136917 0.084068
vt 0.097030 0.048495
vt 0.135161 0.086763
vt 0.099201 0.047808
vt 0.133478 0.089370
vt 0.101428 0.047367
vt 0.131853 0.091957
vt 0.103215 0.046228
vt 0.130273 0.094582
vt 0.104919 0.044905
vt 0.128727 0.097299
vt 0.106209 0.042816
vt 0.127207 0.100171
vt 0.107994 0.034449
vt 0.125706 0.103271
vt 0.107492 0.044070
vt 0.124201 0.106795
vt 0.107026 0.049782
vt 0.122695 0.110666
vt 0.106701 0.054742
vt 0.121192 0.114896
vt 0.105625 0.059476
vt 0.119675 0.119530
vt 0.104652 0.063509
vt 0.097997 0.201809
vt 0.118129 0.124633
vt 0.103332 0.067077
vt 0.116534 0.130295
vt 0.102050 0.069922
vt 0.114854 0.136644
vt 0.084576 0.243044
vt 0.078340 0.301489
vt 0.074342 0.281494
vt 0.112520 0.143810
vt 0.147406 0.066510
vt 0.133526 0.089614
vt 0.122454 0.110921
vt 0.092520 0.220664
vt 0.145126 0.071059
vt 0.131871 0.092208
vt 0.120911 0.115121
vt 0.142931 0.074959
vt 0.130257 0.094844
vt 0.110455 0.151989
vt 0.119356 0.119720
vt 0.070385 0.261492
vt 0.140841 0.078377
vt 0.128674 0.097573
vt 0.108110 0.161494
vt 0.117766 0.124783
vt 0.153882 0.047150
vt 0.138875 0.081461
vt 0.127111 0.100457
vt 0.105394 0.172676
vt 0.116124 0.130396
vt 0.151963 0.054731
vt 0.137011 0.084308
vt 0.125560 0.103569
vt 0.102125 0.185959
vt 0.114392 0.136683
vt 0.149723 0.061131
vt 0.135235 0.087004
vt 0.124005 0.107074
vt 0.152286 0.055039
vt 0.150056 0.061761
vt 0.149889 0.061446
vt 0.128621 0.097846
vt 0.155113 0.038371
vt 0.154656 0.047335
vt 0.127015 0.100743
vt 0.125413 0.103867
vt 0.123810 0.107352
vt 0.147526 0.066805
vt 0.122214 0.111176
vt 0.145239 0.071333
vt 0.120631 0.115345
vt 0.143049 0.075216
vt 0.109863 0.151850
vt 0.119037 0.119909
vt 0.140960 0.078625
vt 0.107436 0.161231
vt 0.117403 0.124933
vt 0.138985 0.081703
vt 0.104646 0.172270
vt 0.115715 0.130497
vt 0.137105 0.084548
vt 0.101341 0.185411
vt 0.113930 0.136722
vt 0.135308 0.087246
vt 0.097291 0.201193
vt 0.111997 0.143771
vt 0.133574 0.089859
vt 0.092192 0.220274
vt 0.131890 0.092459
vt 0.085101 0.244193
vt 0.130242 0.095106
vt 0.142142 0.079739
vt 0.149427 0.092220
vt 0.140067 0.082773
vt 0.123615 0.107631
vt 0.147645 0.067099
vt 0.121973 0.111431
vt 0.145353 0.071606
vt 0.120351 0.115570
vt 0.143166 0.075473
vt 0.109271 0.151712
vt 0.118719 0.120099
vt 0.141079 0.078874
vt 0.106761 0.160969
vt 0.117040 0.125084
vt 0.139095 0.081945
vt 0.103897 0.171864
vt 0.115306 0.130598
vt 0.137199 0.084787
vt 0.100558 0.184863
vt 0.113468 0.136761
vt 0.135381 0.087487
vt 0.096584 0.200576
vt 0.111475 0.143731
vt 0.133623 0.090103
vt 0.091863 0.219883
vt 0.131908 0.092710
vt 0.085622 0.245346
vt 0.130226 0.095368
vt 0.085481 0.293274
vt 0.128568 0.098120
vt 0.157254 0.038020
vt 0.155430 0.047518
vt 0.126918 0.101029
vt 0.152610 0.055348
vt 0.125267 0.104165
vt 0.111124 0.152207
vt 0.113071 0.144266
vt 0.108971 0.161431
vt 0.106555 0.172284
vt 0.100877 0.201071
vt 0.103842 0.185251
vt 0.097982 0.220898
vt 0.096622 0.246971
vt 0.158800 0.048749
vt 0.159394 0.037672
vt 0.164346 0.039351
vt 0.155001 0.056492
vt 0.151922 0.062853
vt 0.146686 0.072566
vt 0.149195 0.068129
vt 0.144343 0.076381
vt 0.138100 0.085587
vt 0.136225 0.088262
vt 0.134426 0.090873
vt 0.130990 0.096131
vt 0.132686 0.093479
vt 0.129327 0.098889
vt 0.127687 0.101809
vt 0.124452 0.108399
vt 0.126061 0.104955
vt 0.122866 0.112164
vt 0.121299 0.116279
vt 0.118163 0.125725
vt 0.119737 0.120779
vt 0.116550 0.131205
vt 0.114866 0.137333
vt 0.152953 0.106588
vt 0.176664 0.116673
vt 0.156801 0.139808
vt 0.136407 0.166198
vt 0.130288 0.134121
vt 0.146833 0.094313
vt 0.140328 0.175524
vt 0.130460 0.139182
vt 0.144511 0.096416
vt 0.146085 0.186470
vt 0.131011 0.144785
vt 0.142410 0.098579
vt 0.154475 0.199504
vt 0.140495 0.100835
vt 0.166676 0.215423
vt 0.138743 0.103213
vt 0.184350 0.235792
vt 0.103581 0.282024
vt 0.137146 0.105735
vt 0.183816 0.070086
vt 0.135693 0.108427
vt 0.175856 0.075297
vt 0.134380 0.111314
vt 0.169333 0.079349
vt 0.133233 0.114414
vt 0.163942 0.082628
vt 0.132227 0.117765
vt 0.159453 0.085395
vt 0.131424 0.121368
vt 0.155637 0.087842
vt 0.132080 0.151036
vt 0.130822 0.125266
vt 0.152330 0.090088
vt 0.133786 0.158124
vt 0.130425 0.129506
vt 0.135047 0.144027
vt 0.136634 0.149715
vt 0.142394 0.163182
vt 0.138997 0.156081
vt 0.154063 0.180305
vt 0.147207 0.171179
vt 0.163841 0.190658
vt 0.177763 0.202260
vt 0.197520 0.214309
vt 0.199240 0.073392
vt 0.193582 0.062780
vt 0.187945 0.077812
vt 0.172012 0.084292
vt 0.179090 0.081364
vt 0.161600 0.088872
vt 0.166309 0.086749
vt 0.157623 0.090825
vt 0.154192 0.092683
vt 0.151188 0.094503
vt 0.148554 0.096359
vt 0.144101 0.100264
vt 0.146201 0.098253
vt 0.140509 0.104649
vt 0.142214 0.102393
vt 0.138974 0.107066
vt 0.137603 0.109659
vt 0.136396 0.112443
vt 0.135358 0.115442
vt 0.133885 0.122102
vt 0.134515 0.118646
vt 0.133345 0.129816
vt 0.133484 0.125815
vt 0.133508 0.134151
vt 0.134043 0.138861
vt 0.160071 0.106290
vt 0.161660 0.099692
vt 0.163763 0.106645
vt 0.139254 0.120226
vt 0.165412 0.099365
vt 0.165958 0.107292
vt 0.139829 0.117375
vt 0.169876 0.099430
vt 0.169038 0.109124
vt 0.140633 0.114690
vt 0.175330 0.099926
vt 0.172296 0.111946
vt 0.141638 0.112178
vt 0.182310 0.100982
vt 0.142824 0.109848
vt 0.191437 0.102624
vt 0.183435 0.121849
vt 0.144209 0.107703
vt 0.203097 0.105646
vt 0.191230 0.129231
vt 0.145794 0.105740
vt 0.190299 0.162640
vt 0.182914 0.136940
vt 0.147595 0.103965
vt 0.177218 0.161533
vt 0.175284 0.140477
vt 0.149627 0.102389
vt 0.167453 0.158945
vt 0.169317 0.142802
vt 0.150154 0.136069
vt 0.142633 0.136638
vt 0.147973 0.134046
vt 0.151919 0.101047
vt 0.160168 0.155489
vt 0.164607 0.142692
vt 0.141361 0.133224
vt 0.146497 0.132181
vt 0.154549 0.099899
vt 0.154620 0.151688
vt 0.160174 0.141814
vt 0.140559 0.129812
vt 0.145572 0.129191
vt 0.157560 0.098925
vt 0.150384 0.147739
vt 0.140104 0.126547
vt 0.144732 0.126489
vt 0.160998 0.098116
vt 0.147035 0.143891
vt 0.153051 0.138045
vt 0.139973 0.123449
vt 0.144208 0.123873
vt 0.144490 0.140188
vt 0.145398 0.145028
vt 0.142995 0.140948
vt 0.148617 0.149338
vt 0.158397 0.158357
vt 0.152819 0.153832
vt 0.165871 0.162732
vt 0.190003 0.169749
vt 0.176024 0.166636
vt 0.207122 0.160191
vt 0.191835 0.097902
vt 0.204439 0.098000
vt 0.182416 0.097427
vt 0.169500 0.097172
vt 0.175184 0.097143
vt 0.164886 0.097506
vt 0.155188 0.101038
vt 0.158210 0.100268
vt 0.150309 0.103215
vt 0.152580 0.102015
vt 0.148289 0.104710
vt 0.144940 0.108318
vt 0.146501 0.106414
vt 0.143579 0.110406
vt 0.141466 0.115140
vt 0.142435 0.112681
vt 0.140137 0.120544
vt 0.140679 0.117769
vt 0.139042 0.126437
vt 0.138999 0.123234
vt 0.139394 0.129834
vt 0.141268 0.137080
vt 0.140104 0.133398
vt 0.157160 0.106102
vt 0.154813 0.106205
vt 0.151091 0.107869
vt 0.149432 0.109221
vt 0.148091 0.110869
vt 0.146845 0.112647
vt 0.209883 0.172291
vt 0.146024 0.114656
vt 0.145220 0.116873
vt 0.144469 0.119231
vt 0.143754 0.121676
vt 0.319799 0.943215
vt 0.315750 0.952989
vt 0.309873 0.961786
vt 0.294728 0.814954
vt 0.289038 0.812471
vt 0.283695 0.808990
vt 0.355270 0.716893
vt 0.343523 0.749345
vt 0.335606 0.741750
vt 0.341116 0.707592
vt 0.326415 0.735732
vt 0.325421 0.701019
vt 0.316251 0.731489
vt 0.308666 0.697450
vt 0.305451 0.729178
vt 0.291394 0.697109
vt 0.294369 0.728880
vt 0.274223 0.700153
vt 0.283364 0.730587
vt 0.257876 0.706656
vt 0.272786 0.734210
vt 0.243219 0.716562
vt 0.263097 0.739742
vt 0.231240 0.729560
vt 0.256192 0.748508
vt 0.222370 0.744705
vt 0.251026 0.758423
vt 0.216767 0.761146
vt 0.247664 0.769026
vt 0.214444 0.778172
vt 0.246250 0.779994
vt 0.215322 0.795172
vt 0.246844 0.790993
vt 0.219255 0.811612
vt 0.249427 0.801683
vt 0.226044 0.827011
vt 0.253917 0.811736
vt 0.235434 0.840939
vt 0.260186 0.820852
vt 0.247120 0.853017
vt 0.268083 0.828785
vt 0.260729 0.862916
vt 0.277478 0.835471
vt 0.279628 0.870626
vt 0.276983 0.835246
vt 0.287794 0.839387
vt 0.296460 0.873747
vt 0.298890 0.841587
vt 0.313753 0.873747
vt 0.310134 0.841759
vt 0.330911 0.870432
vt 0.321228 0.839925
vt 0.347225 0.863703
vt 0.331849 0.836185
vt 0.361831 0.853592
vt 0.341547 0.830550
vt 0.373731 0.840396
vt 0.348422 0.821684
vt 0.382482 0.825056
vt 0.353518 0.811667
vt 0.387911 0.808428
vt 0.356772 0.800966
vt 0.390000 0.791241
vt 0.358052 0.789923
vt 0.388823 0.774127
vt 0.357304 0.778888
vt 0.384526 0.757650
vt 0.354557 0.768220
vt 0.377319 0.742318
vt 0.349911 0.758264
vt 0.367461 0.728593
vt 0.263762 0.864659
vt 0.278110 0.833965
vt 0.285024 0.820260
vt 0.284952 0.820309
vt 0.331108 0.760114
vt 0.348645 0.758980
vt 0.335689 0.766496
vt 0.353168 0.768671
vt 0.338987 0.773623
vt 0.355846 0.779049
vt 0.340937 0.781229
vt 0.356586 0.789772
vt 0.341464 0.789046
vt 0.355369 0.800490
vt 0.340552 0.796800
vt 0.352268 0.810874
vt 0.338232 0.804270
vt 0.347492 0.820698
vt 0.334559 0.811095
vt 0.341363 0.830348
vt 0.329562 0.816901
vt 0.330992 0.835127
vt 0.323047 0.821054
vt 0.320607 0.838579
vt 0.315787 0.823798
vt 0.309847 0.840307
vt 0.308064 0.825097
vt 0.298933 0.840120
vt 0.300162 0.824937
vt 0.288200 0.837972
vt 0.292353 0.823332
vt 0.277852 0.833768
vt 0.278414 0.815796
vt 0.268953 0.827601
vt 0.272810 0.810218
vt 0.261298 0.819918
vt 0.268320 0.803737
vt 0.255198 0.811039
vt 0.265081 0.796582
vt 0.250824 0.801248
vt 0.263207 0.788989
vt 0.248304 0.790845
vt 0.262755 0.781227
vt 0.247714 0.780155
vt 0.263749 0.773541
vt 0.249066 0.769511
vt 0.266161 0.766195
vt 0.252274 0.759230
vt 0.269881 0.759387
vt 0.257118 0.749504
vt 0.274911 0.753551
vt 0.263273 0.739950
vt 0.281319 0.749398
vt 0.273627 0.735268
vt 0.288531 0.746704
vt 0.283965 0.731931
vt 0.296176 0.745460
vt 0.294629 0.730329
vt 0.303983 0.745675
vt 0.305383 0.730641
vt 0.311655 0.747331
vt 0.315880 0.732899
vt 0.318904 0.750358
vt 0.334715 0.742898
vt 0.325449 0.754666
vt 0.342424 0.750295
vt 0.325768 0.737038
vt 0.320092 0.761463
vt 0.324563 0.765819
vt 0.315043 0.757976
vt 0.309206 0.755682
vt 0.303139 0.754352
vt 0.297004 0.754165
vt 0.291142 0.755138
vt 0.285634 0.757252
vt 0.280923 0.760629
vt 0.277029 0.764970
vt 0.274162 0.770387
vt 0.272174 0.775899
vt 0.271389 0.781868
vt 0.271785 0.787898
vt 0.273274 0.793881
vt 0.275874 0.799502
vt 0.279409 0.804616
vt 0.288921 0.812443
vt 0.300922 0.816204
vt 0.307086 0.816375
vt 0.313066 0.815377
vt 0.318499 0.813144
vt 0.323520 0.810045
vt 0.327379 0.805768
vt 0.330199 0.800529
vt 0.331994 0.794593
vt 0.332735 0.788647
vt 0.332326 0.782508
vt 0.330782 0.776499
vt 0.328277 0.770806
vt 0.107257 0.763151
vt 0.112429 0.759407
vt 0.117987 0.756616
vt 0.170086 0.819932
vt 0.183437 0.851712
vt 0.162580 0.827909
vt 0.169779 0.861699
vt 0.153712 0.834365
vt 0.154447 0.869039
vt 0.143784 0.839095
vt 0.137907 0.873433
vt 0.133124 0.841928
vt 0.120688 0.874633
vt 0.122081 0.842767
vt 0.103398 0.872453
vt 0.111011 0.841601
vt 0.086752 0.866785
vt 0.100265 0.838505
vt 0.071614 0.857638
vt 0.090302 0.833463
vt 0.058984 0.845272
vt 0.082952 0.825060
vt 0.049342 0.830604
vt 0.077273 0.815428
vt 0.042892 0.814467
vt 0.073364 0.805012
vt 0.039688 0.797569
vt 0.071384 0.794124
vt 0.039688 0.780524
vt 0.071412 0.783095
vt 0.042778 0.763877
vt 0.073446 0.772270
vt 0.048786 0.748125
vt 0.077421 0.761985
vt 0.057480 0.733715
vt 0.083225 0.752551
vt 0.068572 0.721050
vt 0.090720 0.744225
vt 0.081702 0.710481
vt 0.099780 0.737081
vt 0.099296 0.737320
vt 0.100236 0.701843
vt 0.109901 0.732660
vt 0.116918 0.697923
vt 0.120884 0.729937
vt 0.134203 0.697109
vt 0.132112 0.729242
vt 0.151503 0.699614
vt 0.143283 0.730562
vt 0.168114 0.705566
vt 0.154071 0.733807
vt 0.183178 0.714964
vt 0.164029 0.738983
vt 0.195693 0.727557
vt 0.171336 0.747500
vt 0.205174 0.742430
vt 0.176927 0.757234
vt 0.211413 0.758745
vt 0.180713 0.767735
vt 0.214352 0.775782
vt 0.182541 0.778683
vt 0.214034 0.792912
vt 0.182342 0.789730
vt 0.210575 0.809568
vt 0.180133 0.800521
vt 0.204156 0.825231
vt 0.176000 0.810700
vt 0.195012 0.839424
vt 0.084654 0.708573
vt 0.108047 0.751868
vt 0.100487 0.738541
vt 0.107984 0.751812
vt 0.157157 0.809860
vt 0.174698 0.810049
vt 0.168943 0.819043
vt 0.161346 0.803201
vt 0.178722 0.800137
vt 0.164292 0.795885
vt 0.180879 0.789639
vt 0.165885 0.788179
vt 0.181087 0.778902
vt 0.166051 0.780353
vt 0.179335 0.768276
vt 0.164754 0.772667
vt 0.175717 0.758091
vt 0.162046 0.765410
vt 0.170452 0.748538
vt 0.157998 0.758837
vt 0.163850 0.739205
vt 0.152674 0.753304
vt 0.153267 0.734911
vt 0.145997 0.749377
vt 0.142731 0.731938
vt 0.138621 0.746939
vt 0.131898 0.730705
vt 0.130847 0.745976
vt 0.120999 0.731397
vt 0.122948 0.746482
vt 0.110375 0.734048
vt 0.115225 0.748435
vt 0.101670 0.756656
vt 0.100234 0.738758
vt 0.096360 0.762520
vt 0.091645 0.745360
vt 0.092212 0.769239
vt 0.084381 0.753426
vt 0.089352 0.776576
vt 0.078734 0.762616
vt 0.087863 0.784271
vt 0.074862 0.772635
vt 0.087813 0.792074
vt 0.072877 0.783171
vt 0.089200 0.799704
vt 0.072839 0.793893
vt 0.091984 0.806915
vt 0.074740 0.804461
vt 0.096102 0.813442
vt 0.078480 0.814562
vt 0.101432 0.819040
vt 0.083832 0.824014
vt 0.108063 0.822868
vt 0.090472 0.833242
vt 0.115389 0.825234
vt 0.101056 0.837401
vt 0.123086 0.826124
vt 0.111545 0.840226
vt 0.130849 0.825538
vt 0.122270 0.841307
vt 0.138412 0.823521
vt 0.132983 0.840471
vt 0.145496 0.820158
vt 0.143342 0.837707
vt 0.161639 0.826814
vt 0.153002 0.833096
vt 0.151852 0.815594
vt 0.146386 0.809280
vt 0.141213 0.812680
vt 0.135542 0.815310
vt 0.129575 0.816924
vt 0.123544 0.817409
vt 0.117573 0.816687
vt 0.112058 0.814718
vt 0.107087 0.811685
vt 0.103036 0.807259
vt 0.099677 0.802485
vt 0.097487 0.796938
vt 0.096422 0.791047
vt 0.096472 0.784911
vt 0.097712 0.778875
vt 0.099965 0.773065
vt 0.103228 0.767757
vt 0.124094 0.755135
vt 0.130307 0.754728
vt 0.136309 0.755465
vt 0.141876 0.757438
vt 0.146781 0.760709
vt 0.151087 0.764642
vt 0.154256 0.769619
vt 0.156393 0.775145
vt 0.157422 0.781160
vt 0.157219 0.787276
vt 0.155910 0.793378
vt 0.153570 0.799228
vt 0.150319 0.804607
vt 0.112324 0.759433
vt 0.823657 0.831393
vt 0.824373 0.830552
vt 0.824383 0.830728
vt 0.836495 0.817742
vt 0.838049 0.817410
vt 0.838077 0.817056
vt 0.830573 0.837104
vt 0.826267 0.835721
vt 0.826931 0.833718
vt 0.830503 0.834006
vt 0.827462 0.831687
vt 0.830344 0.831056
vt 0.827935 0.829675
vt 0.830150 0.828293
vt 0.828410 0.827726
vt 0.829984 0.825774
vt 0.828938 0.825887
vt 0.829935 0.823571
vt 0.829566 0.824200
vt 0.830119 0.821762
vt 0.830334 0.822698
vt 0.830676 0.820409
vt 0.831265 0.821396
vt 0.831719 0.819520
vt 0.832362 0.820284
vt 0.833246 0.818996
vt 0.833605 0.819322
vt 0.835187 0.818711
vt 0.834991 0.818484
vt 0.837444 0.818556
vt 0.839921 0.818449
vt 0.842535 0.818333
vt 0.839689 0.816376
vt 0.845237 0.818163
vt 0.841294 0.815640
vt 0.848022 0.817881
vt 0.842869 0.814775
vt 0.850940 0.817390
vt 0.844401 0.813682
vt 0.854079 0.816537
vt 0.845865 0.812237
vt 0.857551 0.815100
vt 0.847153 0.810249
vt 0.861489 0.812775
vt 0.848130 0.807439
vt 0.866041 0.809148
vt 0.848637 0.803411
vt 0.871355 0.803679
vt 0.848546 0.797620
vt 0.877546 0.795698
vt 0.847950 0.789353
vt 0.884655 0.784458
vt 0.848083 0.777869
vt 0.809359 0.873767
vt 0.788094 0.844212
vt 0.800218 0.843148
vt 0.817248 0.866693
vt 0.809025 0.843183
vt 0.822591 0.860714
vt 0.815148 0.842914
vt 0.826066 0.855626
vt 0.819326 0.842138
vt 0.828225 0.851220
vt 0.822152 0.840925
vt 0.829493 0.847302
vt 0.824063 0.839393
vt 0.830177 0.843713
vt 0.825362 0.837633
vt 0.809128 0.842712
vt 0.836576 0.818132
vt 0.800605 0.842137
vt 0.835181 0.818903
vt 0.844978 0.779522
vt 0.833895 0.819757
vt 0.847038 0.789828
vt 0.832735 0.820719
vt 0.848108 0.797773
vt 0.831679 0.821789
vt 0.848241 0.803485
vt 0.830767 0.823025
vt 0.847712 0.807510
vt 0.829996 0.824440
vt 0.846715 0.810344
vt 0.826472 0.835412
vt 0.829353 0.826034
vt 0.845428 0.812366
vt 0.825513 0.837263
vt 0.828796 0.827774
vt 0.843989 0.813849
vt 0.824161 0.838984
vt 0.828284 0.829625
vt 0.842532 0.814986
vt 0.822204 0.840494
vt 0.827766 0.831541
vt 0.841051 0.815900
vt 0.819349 0.841717
vt 0.827186 0.833483
vt 0.839551 0.816684
vt 0.815174 0.842508
vt 0.830493 0.840334
vt 0.834598 0.819261
vt 0.835282 0.818148
vt 0.835159 0.818046
vt 0.835371 0.819322
vt 0.841875 0.781182
vt 0.834185 0.820193
vt 0.846127 0.790302
vt 0.833108 0.821153
vt 0.847670 0.797925
vt 0.832093 0.822181
vt 0.847845 0.803558
vt 0.831200 0.823352
vt 0.847294 0.807580
vt 0.830426 0.824680
vt 0.846276 0.810439
vt 0.826676 0.835103
vt 0.829768 0.826181
vt 0.844991 0.812496
vt 0.825663 0.836893
vt 0.829182 0.827822
vt 0.843576 0.814016
vt 0.824259 0.838574
vt 0.828633 0.829575
vt 0.842195 0.815197
vt 0.822255 0.840063
vt 0.828071 0.831396
vt 0.840809 0.816160
vt 0.819372 0.841297
vt 0.827442 0.833247
vt 0.839414 0.816993
vt 0.815199 0.842102
vt 0.838021 0.817763
vt 0.809231 0.842241
vt 0.836657 0.818522
vt 0.789470 0.840773
vt 0.800994 0.841126
vt 0.825091 0.829688
vt 0.825903 0.828676
vt 0.826758 0.827556
vt 0.827641 0.826367
vt 0.828657 0.825235
vt 0.829684 0.824093
vt 0.830884 0.823168
vt 0.832017 0.822234
vt 0.833185 0.821528
vt 0.833687 0.820289
vt 0.834349 0.819088
vt 0.835036 0.817944
vt 0.835776 0.816946
vt 0.836350 0.815965
vt 0.836745 0.814991
vt 0.836959 0.813973
vt 0.836947 0.812812
vt 0.837586 0.811774
vt 0.837612 0.810820
vt 0.836924 0.809886
vt 0.834958 0.808844
vt 0.831973 0.807702
vt 0.826807 0.806063
vt 0.819734 0.801572
vt 0.810624 0.811594
vt 0.816375 0.818856
vt 0.818663 0.824721
vt 0.820050 0.828323
vt 0.821165 0.830559
vt 0.822044 0.831441
vt 0.822925 0.831783
vt 0.835885 0.817052
vt 0.836432 0.809792
vt 0.819824 0.827500
vt 0.831186 0.823543
vt 0.836350 0.815991
vt 0.834055 0.808753
vt 0.820977 0.830053
vt 0.832269 0.822533
vt 0.836619 0.814958
vt 0.831301 0.807840
vt 0.821808 0.830823
vt 0.833813 0.822092
vt 0.836729 0.813907
vt 0.826102 0.807325
vt 0.825956 0.828643
vt 0.822820 0.831468
vt 0.833965 0.820483
vt 0.826886 0.827613
vt 0.836153 0.812706
vt 0.825080 0.829460
vt 0.819111 0.805529
vt 0.827771 0.826470
vt 0.823570 0.831026
vt 0.837203 0.811755
vt 0.817700 0.817852
vt 0.828888 0.825460
vt 0.837087 0.810750
vt 0.818706 0.823987
vt 0.829860 0.824299
vt 0.835360 0.812599
vt 0.834442 0.822656
vt 0.825069 0.829231
vt 0.814559 0.810537
vt 0.819027 0.816849
vt 0.834848 0.819434
vt 0.818495 0.809489
vt 0.834243 0.820678
vt 0.825397 0.808585
vt 0.830628 0.807977
vt 0.832521 0.822832
vt 0.833151 0.808663
vt 0.831487 0.823917
vt 0.835940 0.809697
vt 0.830036 0.824505
vt 0.836562 0.810680
vt 0.824364 0.830375
vt 0.829119 0.825685
vt 0.836820 0.811736
vt 0.823483 0.830659
vt 0.827901 0.826573
vt 0.822715 0.831154
vt 0.827014 0.827669
vt 0.836499 0.813841
vt 0.821571 0.830205
vt 0.826010 0.828611
vt 0.836493 0.814925
vt 0.820789 0.829547
vt 0.836350 0.816016
vt 0.819599 0.826677
vt 0.835993 0.817158
vt 0.818750 0.823253
vt 0.839512 0.849218
vt 0.842155 0.853833
vt 0.840541 0.848250
vt 0.841239 0.818807
vt 0.836969 0.819058
vt 0.840865 0.819900
vt 0.836248 0.843977
vt 0.835187 0.839629
vt 0.834130 0.835363
vt 0.832981 0.831224
vt 0.831704 0.827269
vt 0.830273 0.823602
vt 0.828781 0.820380
vt 0.827481 0.817861
vt 0.826930 0.816406
vt 0.827921 0.816378
vt 0.830195 0.817115
vt 0.833328 0.818090
vt 0.844810 0.820646
vt 0.848644 0.821407
vt 0.852310 0.822350
vt 0.856040 0.823455
vt 0.860122 0.824630
vt 0.864922 0.825734
vt 0.870854 0.826577
vt 0.878487 0.826867
vt 0.888457 0.826084
vt 0.901176 0.823249
vt 0.915374 0.816426
vt 0.833896 0.911339
vt 0.839960 0.896301
vt 0.842037 0.883084
vt 0.842181 0.872715
vt 0.841364 0.864682
vt 0.840103 0.858334
vt 0.838713 0.853076
vt 0.837395 0.848424
vt 0.842181 0.883658
vt 0.837101 0.817903
vt 0.840979 0.897136
vt 0.833190 0.816863
vt 0.918594 0.820404
vt 0.829706 0.815845
vt 0.902047 0.824088
vt 0.826980 0.815074
vt 0.888931 0.826114
vt 0.825511 0.815180
vt 0.879048 0.826710
vt 0.826131 0.817194
vt 0.871556 0.826357
vt 0.827572 0.820124
vt 0.865743 0.825445
vt 0.835488 0.844794
vt 0.829171 0.823615
vt 0.861002 0.824235
vt 0.836741 0.849379
vt 0.830685 0.827466
vt 0.856954 0.822909
vt 0.838230 0.854042
vt 0.832018 0.831578
vt 0.853200 0.821622
vt 0.839776 0.859259
vt 0.833228 0.835862
vt 0.849460 0.820489
vt 0.841159 0.865510
vt 0.834341 0.840289
vt 0.845416 0.819630
vt 0.842090 0.873415
vt 0.835659 0.816827
vt 0.828658 0.814327
vt 0.835298 0.818136
vt 0.833052 0.815635
vt 0.921807 0.824388
vt 0.829217 0.814575
vt 0.902918 0.824926
vt 0.826038 0.813771
vt 0.889405 0.826145
vt 0.824092 0.813954
vt 0.879610 0.826553
vt 0.824781 0.816527
vt 0.872259 0.826138
vt 0.826363 0.819867
vt 0.866564 0.825156
vt 0.834727 0.845611
vt 0.828069 0.823629
vt 0.861882 0.823840
vt 0.836088 0.850335
vt 0.829667 0.827664
vt 0.857867 0.822362
vt 0.837748 0.855008
vt 0.831054 0.831932
vt 0.854089 0.820895
vt 0.839449 0.860184
vt 0.832327 0.836362
vt 0.850276 0.819572
vt 0.840953 0.866338
vt 0.833495 0.840948
vt 0.846023 0.818613
vt 0.841999 0.874115
vt 0.841613 0.817714
vt 0.842325 0.884232
vt 0.837233 0.816748
vt 0.841998 0.897970
vt 0.838249 0.914071
vt 0.838695 0.842599
vt 0.837366 0.836496
vt 0.835253 0.830679
vt 0.833272 0.824592
vt 0.830059 0.818636
vt 0.825918 0.812391
vt 0.819266 0.806132
vt 0.808374 0.798577
vt 0.814172 0.807291
vt 0.821041 0.813134
vt 0.828126 0.816442
vt 0.834937 0.819446
vt 0.841952 0.820896
vt 0.848719 0.821809
vt 0.854929 0.821760
vt 0.857337 0.824617
vt 0.860209 0.828140
vt 0.862762 0.832453
vt 0.866513 0.837276
vt 0.870367 0.842922
vt 0.875870 0.849861
vt 0.882937 0.858644
vt 0.894209 0.870207
vt 0.916265 0.884713
vt 0.901903 0.906885
vt 0.888004 0.887323
vt 0.875858 0.876764
vt 0.866416 0.870009
vt 0.858613 0.864038
vt 0.852042 0.859866
vt 0.846516 0.856347
vt 0.842504 0.819219
vt 0.871532 0.843013
vt 0.866802 0.872043
vt 0.818028 0.808281
vt 0.849465 0.820453
vt 0.877357 0.850037
vt 0.858715 0.865387
vt 0.799244 0.790341
vt 0.857673 0.819332
vt 0.883700 0.858662
vt 0.851964 0.861590
vt 0.814593 0.805526
vt 0.858649 0.823930
vt 0.892792 0.869319
vt 0.836358 0.836972
vt 0.846157 0.857765
vt 0.821408 0.811676
vt 0.833739 0.831323
vt 0.861987 0.827648
vt 0.837172 0.843552
vt 0.919047 0.895970
vt 0.832246 0.825006
vt 0.840401 0.856640
vt 0.863908 0.832312
vt 0.888270 0.886415
vt 0.828660 0.819342
vt 0.868235 0.837246
vt 0.876222 0.877779
vt 0.824829 0.813229
vt 0.860416 0.816904
vt 0.891375 0.868430
vt 0.838647 0.859448
vt 0.888537 0.885507
vt 0.911854 0.907069
vt 0.829189 0.812212
vt 0.921807 0.907233
vt 0.821775 0.810218
vt 0.815014 0.803761
vt 0.884462 0.858681
vt 0.790113 0.782105
vt 0.878844 0.850214
vt 0.816790 0.810430
vt 0.872697 0.843104
vt 0.835650 0.844506
vt 0.823740 0.814067
vt 0.869957 0.837215
vt 0.838484 0.850186
vt 0.827260 0.820048
vt 0.865054 0.832170
vt 0.831220 0.825420
vt 0.863765 0.827157
vt 0.845798 0.859183
vt 0.832225 0.831967
vt 0.859961 0.823243
vt 0.851885 0.863314
vt 0.835349 0.837449
vt 0.858816 0.866736
vt 0.850212 0.819097
vt 0.867189 0.874077
vt 0.843057 0.817541
vt 0.876585 0.878793
vt 0.715802 0.876777
vt 0.712298 0.878758
vt 0.712598 0.879366
vt 0.699725 0.894916
vt 0.702550 0.893487
vt 0.701972 0.892880
vt 0.706644 0.880761
vt 0.711161 0.878860
vt 0.709092 0.881765
vt 0.704930 0.883868
vt 0.707317 0.884886
vt 0.703216 0.887097
vt 0.705559 0.888248
vt 0.701406 0.890470
vt 0.703570 0.891838
vt 0.699432 0.894013
vt 0.701126 0.895830
vt 0.697287 0.897684
vt 0.697860 0.900618
vt 0.695183 0.901098
vt 0.693330 0.906183
vt 0.693909 0.903219
vt 0.688539 0.911213
vt 0.694920 0.902230
vt 0.691495 0.905886
vt 0.696831 0.900077
vt 0.694707 0.900940
vt 0.698896 0.897810
vt 0.697386 0.897458
vt 0.700899 0.895758
vt 0.702849 0.893944
vt 0.704798 0.892322
vt 0.704239 0.891101
vt 0.706802 0.890866
vt 0.706622 0.889557
vt 0.708850 0.889542
vt 0.709074 0.888262
vt 0.710818 0.888283
vt 0.711392 0.887098
vt 0.712611 0.887065
vt 0.713430 0.885785
vt 0.714284 0.886041
vt 0.715590 0.884454
vt 0.715914 0.885533
vt 0.718251 0.883475
vt 0.717504 0.886060
vt 0.721672 0.883350
vt 0.718994 0.888427
vt 0.726108 0.884795
vt 0.720281 0.893867
vt 0.731964 0.889209
vt 0.721175 0.903942
vt 0.738165 0.898358
vt 0.716299 0.824737
vt 0.757759 0.789659
vt 0.745604 0.822429
vt 0.717485 0.842119
vt 0.733995 0.843594
vt 0.716675 0.853596
vt 0.726660 0.855759
vt 0.715287 0.861286
vt 0.722043 0.863177
vt 0.713706 0.866757
vt 0.718731 0.868322
vt 0.712017 0.870990
vt 0.715986 0.872382
vt 0.710244 0.874533
vt 0.713485 0.875819
vt 0.731044 0.842287
vt 0.700407 0.895550
vt 0.743780 0.819253
vt 0.698365 0.898257
vt 0.741404 0.896458
vt 0.696090 0.902269
vt 0.733124 0.888878
vt 0.692576 0.908708
vt 0.727030 0.884975
vt 0.684148 0.917049
vt 0.722671 0.883724
vt 0.690106 0.906059
vt 0.719202 0.883890
vt 0.695951 0.899629
vt 0.716510 0.884901
vt 0.710707 0.878281
vt 0.699902 0.894906
vt 0.714356 0.886313
vt 0.713124 0.875266
vt 0.702711 0.891170
vt 0.712304 0.887741
vt 0.715642 0.871837
vt 0.704854 0.887714
vt 0.709799 0.888884
vt 0.718285 0.867786
vt 0.706669 0.884349
vt 0.707221 0.890147
vt 0.721232 0.862675
vt 0.708495 0.881154
vt 0.704793 0.891685
vt 0.724976 0.855133
vt 0.708427 0.877709
vt 0.698115 0.897949
vt 0.700400 0.895676
vt 0.699958 0.895257
vt 0.699343 0.899057
vt 0.744640 0.894552
vt 0.697473 0.903600
vt 0.734283 0.888549
vt 0.693653 0.911532
vt 0.727952 0.885155
vt 0.679756 0.922882
vt 0.723670 0.884099
vt 0.686885 0.905931
vt 0.720153 0.884306
vt 0.694043 0.898638
vt 0.717430 0.885347
vt 0.710253 0.877701
vt 0.698680 0.893983
vt 0.715282 0.886841
vt 0.712762 0.874712
vt 0.701852 0.890502
vt 0.713215 0.888384
vt 0.715297 0.871293
vt 0.704149 0.887180
vt 0.710525 0.889506
vt 0.717839 0.867251
vt 0.706021 0.883811
vt 0.707819 0.890737
vt 0.720421 0.862172
vt 0.707898 0.880543
vt 0.705347 0.892268
vt 0.723290 0.854507
vt 0.703129 0.894094
vt 0.728093 0.840978
vt 0.701088 0.896184
vt 0.772893 0.783747
vt 0.741967 0.816074
vt 0.709797 0.881288
vt 0.708490 0.884696
vt 0.706838 0.888453
vt 0.704567 0.892080
vt 0.701751 0.895575
vt 0.698556 0.901406
vt 0.693706 0.907001
vt 0.689198 0.910685
vt 0.692250 0.905057
vt 0.694762 0.900817
vt 0.697331 0.897549
vt 0.699516 0.894838
vt 0.702034 0.892784
vt 0.704481 0.890610
vt 0.707451 0.888788
vt 0.710929 0.887649
vt 0.714375 0.887394
vt 0.715699 0.885525
vt 0.717761 0.883105
vt 0.721192 0.880837
vt 0.726162 0.879221
vt 0.731492 0.877198
vt 0.739973 0.875303
vt 0.752997 0.875710
vt 0.788042 0.850663
vt 0.751548 0.855636
vt 0.737401 0.858125
vt 0.730658 0.862254
vt 0.726049 0.866301
vt 0.722337 0.869884
vt 0.719051 0.873548
vt 0.702656 0.893519
vt 0.722073 0.881327
vt 0.730905 0.862544
vt 0.694014 0.905721
vt 0.704953 0.891174
vt 0.727911 0.879946
vt 0.726123 0.866030
vt 0.691067 0.908390
vt 0.707872 0.889389
vt 0.732869 0.877410
vt 0.722206 0.869184
vt 0.694266 0.903457
vt 0.711434 0.888339
vt 0.741174 0.874658
vt 0.707817 0.884214
vt 0.718832 0.872969
vt 0.695510 0.900672
vt 0.706281 0.888034
vt 0.715991 0.888661
vt 0.708789 0.880124
vt 0.754788 0.870843
vt 0.704064 0.891498
vt 0.715563 0.876207
vt 0.716681 0.886004
vt 0.746692 0.859544
vt 0.700798 0.894019
vt 0.718614 0.883520
vt 0.737186 0.859249
vt 0.698045 0.900600
vt 0.717607 0.889927
vt 0.696284 0.901856
vt 0.707781 0.878961
vt 0.772311 0.858335
vt 0.741827 0.863456
vt 0.698900 0.898348
vt 0.756571 0.865971
vt 0.696260 0.900525
vt 0.742375 0.874016
vt 0.734247 0.877622
vt 0.692936 0.906095
vt 0.729659 0.880671
vt 0.694321 0.904441
vt 0.722954 0.881817
vt 0.697533 0.899793
vt 0.719468 0.883935
vt 0.711997 0.878149
vt 0.699845 0.892464
vt 0.717663 0.886483
vt 0.715324 0.875637
vt 0.703561 0.890916
vt 0.718613 0.872391
vt 0.705724 0.887614
vt 0.711939 0.889029
vt 0.722075 0.868484
vt 0.707144 0.883731
vt 0.708293 0.889990
vt 0.726197 0.865759
vt 0.705426 0.891738
vt 0.731152 0.862835
vt 0.703278 0.894254
vt 0.736968 0.860375
vt 0.704107 0.876887
vt 0.705211 0.874402
vt 0.703879 0.876655
vt 0.703357 0.894219
vt 0.702158 0.896230
vt 0.703725 0.894708
vt 0.705642 0.876752
vt 0.704089 0.879672
vt 0.702542 0.882662
vt 0.701022 0.885722
vt 0.699495 0.888836
vt 0.698006 0.891996
vt 0.696650 0.895148
vt 0.695747 0.898023
vt 0.695727 0.900063
vt 0.696949 0.900383
vt 0.698712 0.899393
vt 0.700502 0.897828
vt 0.705272 0.893283
vt 0.706915 0.891972
vt 0.708750 0.890721
vt 0.710515 0.889401
vt 0.711978 0.888046
vt 0.713043 0.886824
vt 0.713641 0.885984
vt 0.713490 0.885909
vt 0.712197 0.887281
vt 0.709208 0.891319
vt 0.705212 0.899765
vt 0.681720 0.824263
vt 0.696186 0.839690
vt 0.704081 0.849823
vt 0.707589 0.857322
vt 0.708830 0.862846
vt 0.708849 0.867117
vt 0.708178 0.870671
vt 0.707069 0.873818
vt 0.704463 0.850864
vt 0.701918 0.895607
vt 0.696537 0.841707
vt 0.700402 0.897006
vt 0.702686 0.897422
vt 0.698818 0.898435
vt 0.708220 0.890681
vt 0.697415 0.899332
vt 0.711371 0.887064
vt 0.696634 0.899058
vt 0.712582 0.885762
vt 0.696897 0.897299
vt 0.712756 0.885819
vt 0.697729 0.894789
vt 0.712198 0.886609
vt 0.706016 0.877107
vt 0.698945 0.891903
vt 0.711224 0.887774
vt 0.707404 0.874220
vt 0.700263 0.888917
vt 0.709838 0.889064
vt 0.708440 0.871104
vt 0.701669 0.885909
vt 0.708106 0.890326
vt 0.709065 0.867634
vt 0.703072 0.882916
vt 0.706277 0.891540
vt 0.709060 0.863530
vt 0.704526 0.879979
vt 0.704763 0.892849
vt 0.707894 0.858224
vt 0.702625 0.894400
vt 0.701755 0.894790
vt 0.702634 0.894753
vt 0.700301 0.896184
vt 0.700166 0.895075
vt 0.698924 0.897476
vt 0.707232 0.890044
vt 0.697881 0.898281
vt 0.710545 0.886847
vt 0.697542 0.898053
vt 0.711674 0.885614
vt 0.698047 0.896575
vt 0.711870 0.885655
vt 0.698809 0.894430
vt 0.711353 0.886395
vt 0.706389 0.877462
vt 0.699884 0.891809
vt 0.710470 0.887502
vt 0.707740 0.874623
vt 0.701031 0.888998
vt 0.709160 0.888726
vt 0.708703 0.871537
vt 0.702316 0.886097
vt 0.707462 0.889931
vt 0.709280 0.868152
vt 0.703603 0.883170
vt 0.705639 0.891107
vt 0.709290 0.864215
vt 0.704963 0.880286
vt 0.704253 0.892414
vt 0.708199 0.859127
vt 0.702989 0.893730
vt 0.704845 0.851904
vt 0.701678 0.894984
vt 0.696889 0.843725
vt 0.681901 0.831041
vt 0.702478 0.879291
vt 0.701285 0.882137
vt 0.700343 0.884997
vt 0.699333 0.887760
vt 0.698846 0.890336
vt 0.698361 0.892741
vt 0.698529 0.894454
vt 0.698144 0.896354
vt 0.698884 0.897257
vt 0.700239 0.896913
vt 0.701595 0.895727
vt 0.702643 0.895106
vt 0.703683 0.894129
vt 0.704487 0.892945
vt 0.705212 0.891898
vt 0.707397 0.891137
vt 0.709242 0.889750
vt 0.710327 0.888081
vt 0.710626 0.886431
vt 0.710651 0.884889
vt 0.709336 0.883421
vt 0.707375 0.882003
vt 0.702506 0.880531
vt 0.694300 0.880787
vt 0.683373 0.862770
vt 0.694340 0.861266
vt 0.699817 0.862344
vt 0.703079 0.865857
vt 0.705118 0.867531
vt 0.705715 0.869538
vt 0.705647 0.871918
vt 0.703500 0.893900
vt 0.709848 0.884881
vt 0.702710 0.867761
vt 0.699766 0.893620
vt 0.704059 0.892739
vt 0.707915 0.883345
vt 0.704820 0.868086
vt 0.698720 0.895905
vt 0.704160 0.891411
vt 0.706315 0.881786
vt 0.705590 0.869838
vt 0.699225 0.896726
vt 0.706951 0.890818
vt 0.701376 0.879466
vt 0.701692 0.882249
vt 0.705748 0.872158
vt 0.700380 0.896288
vt 0.700960 0.885071
vt 0.708760 0.889523
vt 0.702777 0.879469
vt 0.694113 0.876485
vt 0.699810 0.887697
vt 0.705648 0.874817
vt 0.709703 0.887964
vt 0.694908 0.863342
vt 0.699651 0.890049
vt 0.709647 0.886334
vt 0.699641 0.863560
vt 0.698990 0.892368
vt 0.703109 0.890925
vt 0.700246 0.878401
vt 0.706084 0.875232
vt 0.695477 0.865418
vt 0.688649 0.867481
vt 0.701915 0.893854
vt 0.693934 0.872182
vt 0.700522 0.895663
vt 0.699566 0.896196
vt 0.705255 0.881570
vt 0.699297 0.895457
vt 0.706495 0.883269
vt 0.701003 0.892786
vt 0.709045 0.884874
vt 0.703076 0.879647
vt 0.699618 0.891994
vt 0.708669 0.886237
vt 0.704336 0.877120
vt 0.700457 0.889761
vt 0.709078 0.887847
vt 0.700286 0.887633
vt 0.708279 0.889296
vt 0.705848 0.872398
vt 0.701577 0.885145
vt 0.706506 0.890499
vt 0.705465 0.870139
vt 0.702098 0.882360
vt 0.704522 0.868641
vt 0.703631 0.892533
vt 0.702341 0.869664
vt 0.703317 0.893671
vt 0.699465 0.864777
vt 0.216508 0.911882
vt 0.220557 0.902107
vt 0.226435 0.893310
vt 0.233916 0.885829
vt 0.242713 0.879951
vt 0.252487 0.875902
vt 0.262864 0.873838
vt 0.273444 0.873838
vt 0.283820 0.875903
vt 0.293595 0.879951
vt 0.302392 0.885829
vt 0.309873 0.893310
vt 0.315750 0.902107
vt 0.319799 0.911882
vt 0.321863 0.922258
vt 0.321863 0.932838
vt 0.214444 0.932838
vt 0.214444 0.922258
vt 0.220557 0.952989
vt 0.216508 0.943215
vt 0.233916 0.969267
vt 0.226435 0.961786
vt 0.252487 0.979194
vt 0.242713 0.975145
vt 0.273444 0.981258
vt 0.262864 0.981258
vt 0.293595 0.975145
vt 0.283820 0.979194
vt 0.302391 0.969267
vt 0.315760 0.952993
vt 0.798171 0.882084
vt 0.790853 0.837338
vt 0.842607 0.916795
vt 0.709201 0.799223
vt 0.788042 0.777869
vt 0.682096 0.837820
s 0
usemtl マテリアル
f 2/1/1 3/2/1 1/3/1
f 4/4/2 5/5/2 3/2/2
f 6/6/3 7/7/3 5/5/3
f 8/8/4 9/9/4 7/7/4
f 10/10/5 11/11/5 9/9/5
f 12/12/6 13/13/6 11/11/6
f 14/14/7 15/15/7 13/13/7
f 16/16/8 17/17/8 15/15/8
f 18/18/9 19/19/9 17/17/9
f 20/20/10 21/21/10 19/19/10
f 22/22/11 23/23/11 21/21/11
f 24/24/12 25/25/12 23/23/12
f 26/26/13 27/27/13 25/25/13
f 28/28/14 29/29/14 27/27/14
f 30/30/15 31/31/15 29/29/15
f 32/32/16 33/33/16 31/31/16
f 34/34/17 35/35/17 33/33/17
f 36/36/18 37/37/18 35/35/18
f 38/38/19 39/39/19 37/37/19
f 40/40/20 41/41/20 39/39/20
f 42/42/21 43/43/21 41/41/21
f 44/44/22 45/45/22 43/43/22
f 46/46/23 47/47/23 45/45/23
f 48/48/24 49/49/24 47/47/24
f 50/50/25 51/51/25 49/49/25
f 52/52/26 53/53/26 51/51/26
f 54/54/27 55/55/27 53/53/27
f 56/56/28 57/57/28 55/55/28
f 58/58/29 59/59/29 57/57/29
f 10/10/30 70/60/30 12/12/30
f 60/61/31 61/62/31 59/59/31
f 62/63/32 63/64/32 61/62/32
f 31/31/33 47/47/33 63/64/33
f 64/65/34 1/3/34 63/64/34
f 72/66/30 105/67/30 73/68/30
f 64/65/30 66/69/30 2/1/30
f 24/24/30 77/70/30 26/26/30
f 38/38/30 84/71/30 40/40/30
f 52/52/30 91/72/30 54/54/30
f 12/12/30 71/73/30 14/14/30
f 26/26/30 78/74/30 28/28/30
f 40/40/30 85/75/30 42/42/30
f 54/54/30 92/76/30 56/56/30
f 14/14/30 72/66/30 16/16/30
f 28/28/30 79/77/30 30/30/30
f 42/42/30 86/78/30 44/44/30
f 2/1/30 65/79/30 4/4/30
f 56/56/30 93/80/30 58/58/30
f 16/16/30 73/68/30 18/81/30
f 30/30/30 80/82/30 32/32/30
f 44/44/30 87/83/30 46/46/30
f 4/4/30 67/84/30 6/6/30
f 58/58/30 94/85/30 60/61/30
f 18/18/30 74/86/30 20/20/30
f 32/32/30 81/87/30 34/34/30
f 46/46/30 88/88/30 48/48/30
f 6/6/30 68/89/30 8/8/30
f 60/61/30 95/90/30 62/63/30
f 20/20/30 75/91/30 22/22/30
f 34/34/30 82/92/30 36/36/30
f 48/48/30 89/93/30 50/50/30
f 8/8/30 69/94/30 10/10/30
f 62/63/30 96/95/30 64/65/30
f 22/22/30 76/96/30 24/24/30
f 36/36/30 83/97/30 38/38/30
f 50/50/30 90/98/30 52/52/30
f 107/99/30 172/100/30 108/101/30
f 86/78/30 119/102/30 87/83/30
f 73/103/30 106/104/30 74/86/30
f 87/83/30 120/105/30 88/88/30
f 74/86/30 107/99/30 75/91/30
f 88/88/30 121/106/30 89/93/30
f 75/91/30 108/101/30 76/96/30
f 89/93/30 122/107/30 90/98/30
f 76/96/30 109/108/30 77/70/30
f 90/98/30 123/109/30 91/72/30
f 77/70/30 110/110/30 78/74/30
f 91/72/30 124/111/30 92/76/30
f 78/74/30 111/112/30 79/77/30
f 66/69/30 97/113/30 65/79/30
f 92/76/30 125/114/30 93/80/30
f 79/77/30 112/115/30 80/82/30
f 65/79/30 99/116/30 67/84/30
f 93/80/30 126/117/30 94/85/30
f 80/82/30 113/118/30 81/87/30
f 67/84/30 100/119/30 68/89/30
f 94/85/30 127/120/30 95/90/30
f 81/87/30 114/121/30 82/92/30
f 68/89/30 101/122/30 69/94/30
f 95/90/30 128/123/30 96/95/30
f 82/92/30 115/124/30 83/97/30
f 69/94/30 102/125/30 70/60/30
f 96/95/30 98/126/30 66/69/30
f 83/97/30 116/127/30 84/71/30
f 70/60/30 103/128/30 71/73/30
f 84/71/30 117/129/30 85/75/30
f 71/73/30 104/130/30 72/66/30
f 85/75/30 118/131/30 86/78/30
f 144/132/34 241/133/34 145/134/34
f 121/106/30 186/135/30 122/107/30
f 108/101/30 173/136/30 109/108/30
f 122/107/30 187/137/30 123/109/30
f 109/108/30 174/138/30 110/110/30
f 123/109/30 188/139/30 124/111/30
f 110/110/30 175/140/30 111/112/30
f 98/126/30 161/141/30 97/113/30
f 124/111/30 189/142/30 125/114/30
f 111/112/30 176/143/30 112/115/30
f 97/113/30 163/144/30 99/116/30
f 125/114/30 190/145/30 126/117/30
f 112/115/30 177/146/30 113/118/30
f 99/116/30 164/147/30 100/119/30
f 126/117/30 191/148/30 127/120/30
f 113/118/30 178/149/30 114/121/30
f 100/119/30 165/150/30 101/122/30
f 127/120/30 192/151/30 128/123/30
f 114/121/30 179/152/30 115/124/30
f 101/122/30 166/153/30 102/125/30
f 128/123/30 162/154/30 98/126/30
f 115/124/30 180/155/30 116/127/30
f 102/125/30 167/156/30 103/128/30
f 116/127/30 181/157/30 117/129/30
f 103/128/30 168/158/30 104/130/30
f 117/129/30 182/159/30 118/131/30
f 104/130/30 169/160/30 105/67/30
f 118/131/30 183/161/30 119/102/30
f 105/162/30 170/163/30 106/104/30
f 119/102/30 184/164/30 120/105/30
f 106/104/30 171/165/30 107/99/30
f 120/105/30 185/166/30 121/106/30
f 129/167/30 162/154/30 130/168/30
f 131/169/30 161/141/30 129/167/30
f 131/169/30 164/147/30 163/144/30
f 132/170/30 165/150/30 164/147/30
f 134/171/30 165/150/30 133/172/30
f 135/173/30 166/153/30 134/171/30
f 135/173/30 168/158/30 167/156/30
f 136/174/30 169/160/30 168/158/30
f 138/175/30 169/176/30 137/177/30
f 139/178/30 170/163/30 138/175/30
f 139/178/30 172/100/30 171/165/30
f 140/179/30 173/136/30 172/100/30
f 142/180/30 173/136/30 141/181/30
f 143/182/30 174/138/30 142/180/30
f 143/182/30 176/143/30 175/140/30
f 144/132/30 177/146/30 176/143/30
f 146/183/30 177/146/30 145/134/30
f 147/184/30 178/149/30 146/183/30
f 147/184/30 180/155/30 179/152/30
f 148/185/30 181/157/30 180/155/30
f 150/186/30 181/157/30 149/187/30
f 151/188/30 182/159/30 150/186/30
f 151/188/30 184/164/30 183/161/30
f 152/189/30 185/166/30 184/164/30
f 154/190/30 185/166/30 153/191/30
f 155/192/30 186/135/30 154/190/30
f 155/192/30 188/139/30 187/137/30
f 156/193/30 189/142/30 188/139/30
f 158/194/30 189/142/30 157/195/30
f 159/196/30 190/145/30 158/194/30
f 159/196/30 192/151/30 191/148/30
f 160/197/30 162/154/30 192/151/30
f 211/198/30 203/199/30 195/200/30
f 131/169/19 228/201/19 132/170/19
f 158/194/14 255/202/14 159/196/14
f 145/134/1 242/203/1 146/183/1
f 132/170/20 229/204/20 133/172/20
f 159/196/15 256/205/15 160/197/15
f 146/183/2 243/206/2 147/184/2
f 133/172/21 230/207/21 134/171/21
f 160/197/16 226/208/16 130/168/16
f 147/184/3 244/209/3 148/185/3
f 134/171/22 231/210/22 135/173/22
f 148/185/4 245/211/4 149/187/4
f 135/173/23 232/212/23 136/174/23
f 149/187/5 246/213/5 150/186/5
f 136/174/24 233/214/24 137/215/24
f 150/186/6 247/216/6 151/188/6
f 137/177/25 234/217/25 138/175/25
f 151/188/7 248/218/7 152/189/7
f 138/175/26 235/219/26 139/178/26
f 152/189/8 249/220/8 153/191/8
f 139/178/27 236/221/27 140/179/27
f 153/191/9 250/222/9 154/190/9
f 140/179/28 237/223/28 141/181/28
f 154/190/10 251/224/10 155/192/10
f 141/181/29 238/225/29 142/180/29
f 155/192/11 252/226/11 156/193/11
f 142/180/31 239/227/31 143/182/31
f 130/168/17 225/228/17 129/167/17
f 156/193/12 253/229/12 157/195/12
f 143/182/32 240/230/32 144/132/32
f 129/167/18 227/231/18 131/169/18
f 157/195/13 254/232/13 158/194/13
f 258/233/30 225/228/30 226/208/30
f 257/234/30 227/231/30 225/228/30
f 260/235/30 227/231/30 259/236/30
f 260/235/30 229/204/30 228/201/30
f 262/237/30 229/204/30 261/238/30
f 263/239/30 230/207/30 262/237/30
f 264/240/30 231/210/30 263/239/30
f 265/241/30 232/212/30 264/240/30
f 265/242/30 234/217/30 233/243/30
f 266/244/30 235/219/30 234/217/30
f 268/245/30 235/219/30 267/246/30
f 268/245/30 237/223/30 236/221/30
f 270/247/30 237/223/30 269/248/30
f 271/249/30 238/225/30 270/247/30
f 272/250/30 239/227/30 271/249/30
f 273/251/30 240/230/30 272/250/30
f 273/251/30 242/203/30 241/133/30
f 274/252/30 243/206/30 242/203/30
f 276/253/30 243/206/30 275/254/30
f 276/253/30 245/211/30 244/209/30
f 278/255/30 245/211/30 277/256/30
f 279/257/30 246/213/30 278/255/30
f 280/258/30 247/216/30 279/257/30
f 281/259/30 248/218/30 280/258/30
f 281/259/30 250/222/30 249/220/30
f 282/260/30 251/224/30 250/222/30
f 284/261/30 251/224/30 283/262/30
f 284/261/30 253/229/30 252/226/30
f 286/263/30 253/229/30 285/264/30
f 287/265/30 254/232/30 286/263/30
f 288/266/30 255/202/30 287/265/30
f 258/233/30 256/205/30 288/266/30
f 208/267/32 335/268/32 207/269/32
f 282/260/26 315/270/26 283/262/26
f 207/269/31 334/271/31 206/272/31
f 281/259/25 314/273/25 282/260/25
f 206/272/29 333/274/29 205/275/29
f 280/258/24 313/276/24 281/259/24
f 205/275/28 332/277/28 204/278/28
f 279/257/23 312/279/23 280/258/23
f 204/278/27 331/280/27 203/199/27
f 278/255/22 311/281/22 279/257/22
f 203/199/26 330/282/26 202/283/26
f 277/256/21 310/284/21 278/255/21
f 202/283/25 329/285/25 201/286/25
f 276/253/20 309/287/20 277/256/20
f 201/286/24 328/288/24 200/289/24
f 275/254/19 308/290/19 276/253/19
f 200/289/23 327/291/23 199/292/23
f 274/252/18 307/293/18 275/254/18
f 199/292/22 326/294/22 198/295/22
f 194/296/16 352/297/16 224/298/16
f 273/251/17 306/299/17 274/252/17
f 198/295/21 325/300/21 197/301/21
f 224/298/15 351/302/15 223/303/15
f 272/250/16 305/304/16 273/251/16
f 197/301/20 324/305/20 196/306/20
f 223/303/14 350/307/14 222/308/14
f 271/249/15 304/309/15 272/250/15
f 196/306/19 323/310/19 195/200/19
f 222/308/13 349/311/13 221/312/13
f 270/247/14 303/313/14 271/249/14
f 195/200/18 321/314/18 193/315/18
f 221/312/12 348/316/12 220/317/12
f 322/318/30 289/319/30 290/320/30
f 323/310/30 289/319/30 321/314/30
f 324/305/30 291/321/30 323/310/30
f 324/305/30 293/322/30 292/323/30
f 326/294/30 293/322/30 325/300/30
f 327/291/30 294/324/30 326/294/30
f 327/291/30 296/325/30 295/326/30
f 329/327/30 296/325/30 328/288/30
f 329/285/30 298/328/30 297/329/30
f 331/280/30 298/328/30 330/282/30
f 332/277/30 299/330/30 331/280/30
f 332/277/30 301/331/30 300/332/30
f 334/271/30 301/331/30 333/274/30
f 335/268/30 302/333/30 334/271/30
f 335/268/30 304/309/30 303/313/30
f 337/334/30 304/309/30 336/335/30
f 337/334/30 306/299/30 305/304/30
f 339/336/30 306/299/30 338/337/30
f 340/338/30 307/293/30 339/336/30
f 340/338/30 309/287/30 308/290/30
f 342/339/30 309/287/30 341/340/30
f 343/341/30 310/284/30 342/339/30
f 343/341/30 312/279/30 311/281/30
f 345/342/30 312/279/30 344/343/30
f 345/342/30 314/273/30 313/276/30
f 347/344/30 314/273/30 346/345/30
f 348/316/30 315/270/30 347/344/30
f 348/316/30 317/346/30 316/347/30
f 350/307/30 317/346/30 349/311/30
f 351/302/30 318/348/30 350/307/30
f 351/302/30 320/349/30 319/350/30
f 322/318/30 320/349/30 352/297/30
f 283/262/27 316/347/27 284/261/27
f 258/233/1 289/319/1 257/234/1
f 209/351/34 336/335/34 208/267/34
f 284/261/28 317/346/28 285/264/28
f 257/234/2 291/321/2 259/236/2
f 210/352/1 337/334/1 209/351/1
f 285/264/29 318/348/29 286/263/29
f 259/236/3 292/323/3 260/235/3
f 211/198/2 338/337/2 210/352/2
f 286/263/31 319/350/31 287/265/31
f 260/235/4 293/322/4 261/238/4
f 212/353/3 339/336/3 211/198/3
f 287/265/32 320/349/32 288/266/32
f 261/238/5 294/324/5 262/237/5
f 213/354/4 340/338/4 212/353/4
f 288/266/34 290/320/34 258/233/34
f 262/237/6 295/326/6 263/239/6
f 214/355/5 341/340/5 213/354/5
f 263/239/7 296/325/7 264/240/7
f 215/356/6 342/339/6 214/355/6
f 264/240/8 297/357/8 265/241/8
f 216/358/7 343/341/7 215/356/7
f 265/242/9 298/328/9 266/244/9
f 217/359/8 344/343/8 216/358/8
f 266/244/10 299/330/10 267/246/10
f 218/360/9 345/342/9 217/359/9
f 267/246/11 300/332/11 268/245/11
f 219/361/10 346/345/10 218/360/10
f 268/245/12 301/331/12 269/248/12
f 220/317/11 347/344/11 219/361/11
f 193/315/17 322/318/17 194/296/17
f 269/248/13 302/333/13 270/247/13
f 400/362/30 399/363/30 398/364/30
f 366/365/33 417/366/33 368/367/33
f 416/368/34 452/369/34 483/370/34
f 415/371/32 483/370/32 482/372/32
f 414/373/31 482/372/31 481/374/31
f 413/375/29 481/374/29 480/376/29
f 412/377/28 480/376/28 479/378/28
f 411/379/27 479/378/27 478/380/27
f 410/381/26 478/380/26 477/382/26
f 409/383/25 477/382/25 476/384/25
f 408/385/24 476/384/24 475/386/24
f 407/387/23 475/386/23 474/388/23
f 406/389/22 474/388/22 473/390/22
f 405/391/21 473/390/21 472/392/21
f 404/393/20 472/392/20 471/394/20
f 403/395/19 471/394/19 470/396/19
f 402/397/18 470/396/18 469/398/18
f 401/399/17 469/398/17 468/400/17
f 400/401/16 468/400/16 467/402/16
f 418/403/15 467/402/15 484/404/15
f 398/405/14 466/406/14 465/407/14
f 397/408/13 465/407/13 464/409/13
f 396/410/12 464/409/12 463/411/12
f 395/412/11 463/411/11 462/413/11
f 394/414/10 462/413/10 461/415/10
f 393/416/9 461/415/9 460/417/9
f 392/418/8 460/417/8 459/419/8
f 391/420/7 459/419/7 458/421/7
f 390/422/6 458/421/6 457/423/6
f 389/424/5 457/423/5 456/425/5
f 388/426/4 456/425/4 455/427/4
f 387/428/3 455/427/3 454/429/3
f 386/430/2 454/429/2 453/431/2
f 385/432/1 453/431/1 452/369/1
f 399/433/30 484/404/30 466/406/30
f 432/434/30 516/435/30 498/436/30
f 517/437/35 419/438/35 485/439/35
f 485/439/36 420/440/36 486/441/36
f 486/441/37 421/442/37 487/443/37
f 487/443/38 422/444/38 488/445/38
f 488/445/39 423/446/39 489/447/39
f 489/447/40 424/448/40 490/449/40
f 490/449/41 425/450/41 491/451/41
f 491/451/42 426/452/42 492/453/42
f 492/453/43 427/454/43 493/455/43
f 493/455/44 428/456/44 494/457/44
f 494/457/45 429/458/45 495/459/45
f 495/459/46 430/460/46 496/461/46
f 496/461/47 431/462/47 497/463/47
f 497/463/48 432/434/48 498/436/48
f 451/464/49 499/465/49 516/435/49
f 433/466/50 500/467/50 499/465/50
f 434/468/51 501/469/51 500/467/51
f 435/470/52 502/471/52 501/469/52
f 436/472/53 503/473/53 502/471/53
f 437/474/54 504/475/54 503/473/54
f 438/476/55 505/477/55 504/475/55
f 439/478/56 506/479/56 505/477/56
f 440/480/57 507/481/57 506/479/57
f 441/482/58 508/483/58 507/481/58
f 442/484/59 509/485/59 508/483/59
f 443/486/60 510/487/60 509/485/60
f 444/488/61 511/489/61 510/487/61
f 445/490/62 512/491/62 511/489/62
f 446/492/63 513/493/63 512/491/63
f 447/494/64 514/495/64 513/493/64
f 514/495/65 449/496/65 515/497/65
f 515/497/66 450/498/66 517/437/66
f 466/406/30 451/464/30 432/434/30
f 452/369/67 419/438/67 450/498/67
f 453/431/68 420/440/68 419/438/68
f 454/429/69 421/442/69 420/440/69
f 455/427/70 422/444/70 421/442/70
f 456/425/71 423/446/71 422/444/71
f 457/423/72 424/448/72 423/446/72
f 458/421/73 425/450/73 424/448/73
f 459/419/74 426/452/74 425/450/74
f 460/417/75 427/454/75 426/452/75
f 461/415/76 428/456/76 427/454/76
f 462/413/77 429/458/77 428/456/77
f 463/411/78 430/460/78 429/458/78
f 464/409/79 431/462/79 430/460/79
f 465/407/80 432/434/80 431/462/80
f 451/464/81 467/402/81 433/466/81
f 433/466/82 468/400/82 434/468/82
f 434/468/83 469/398/83 435/470/83
f 435/470/84 470/396/84 436/472/84
f 436/472/85 471/394/85 437/474/85
f 437/474/86 472/392/86 438/476/86
f 438/476/87 473/390/87 439/478/87
f 439/478/88 474/388/88 440/480/88
f 440/480/89 475/386/89 441/482/89
f 441/482/90 476/384/90 442/484/90
f 442/484/91 477/382/91 443/486/91
f 443/486/92 478/380/92 444/488/92
f 444/488/93 479/378/93 445/490/93
f 445/490/94 480/376/94 446/492/94
f 446/492/95 481/374/95 447/494/95
f 447/494/96 482/372/96 448/499/96
f 482/372/97 449/496/97 448/499/97
f 483/370/98 450/498/98 449/496/98
f 384/500/99 517/437/99 353/501/99
f 383/502/100 515/497/100 384/500/100
f 513/493/101 383/502/101 382/503/101
f 512/491/102 382/503/102 381/504/102
f 511/489/103 381/504/103 380/505/103
f 510/487/104 380/505/104 379/506/104
f 509/485/105 379/506/105 378/507/105
f 508/483/106 378/507/106 377/508/106
f 507/481/107 377/508/107 376/509/107
f 506/479/108 376/509/108 375/510/108
f 505/477/109 375/510/109 374/511/109
f 504/475/110 374/511/110 373/512/110
f 503/473/111 373/512/111 372/513/111
f 502/471/112 372/513/112 371/514/112
f 501/469/113 371/514/113 370/515/113
f 500/467/114 370/515/114 369/516/114
f 499/465/115 369/516/115 368/367/115
f 516/435/116 368/367/116 417/366/116
f 366/365/117 498/436/117 367/517/117
f 365/518/118 497/463/118 366/365/118
f 364/519/119 496/461/119 365/518/119
f 363/520/120 495/459/120 364/519/120
f 362/521/121 494/457/121 363/520/121
f 361/522/122 493/455/122 362/521/122
f 360/523/123 492/453/123 361/522/123
f 359/524/124 491/451/124 360/523/124
f 358/525/125 490/449/125 359/524/125
f 357/526/126 489/447/126 358/525/126
f 356/527/127 488/445/127 357/526/127
f 355/528/128 487/443/128 356/527/128
f 354/529/129 486/441/129 355/528/129
f 353/501/130 485/439/130 354/529/130
f 498/436/30 417/366/30 367/517/30
f 533/530/30 550/531/30 531/532/30
f 584/533/34 416/534/34 615/535/34
f 615/535/32 415/536/32 614/537/32
f 614/537/31 414/538/31 613/539/31
f 613/539/29 413/540/29 612/541/29
f 612/541/28 412/542/28 611/543/28
f 611/543/27 411/544/27 610/545/27
f 610/545/26 410/546/26 609/547/26
f 609/547/25 409/548/25 608/549/25
f 608/549/24 408/550/24 607/551/24
f 607/551/23 407/552/23 606/553/23
f 606/553/22 406/554/22 605/555/22
f 605/555/21 405/556/21 604/557/21
f 604/557/20 404/558/20 603/559/20
f 603/559/19 403/560/19 602/561/19
f 602/561/18 402/562/18 601/563/18
f 601/563/17 401/564/17 600/565/17
f 600/565/16 400/566/16 599/567/16
f 599/567/15 418/568/15 616/569/15
f 598/570/14 398/571/14 597/572/14
f 597/572/13 397/573/13 596/574/13
f 596/574/12 396/575/12 595/576/12
f 595/576/11 395/577/11 594/578/11
f 594/578/10 394/579/10 593/580/10
f 593/580/9 393/581/9 592/582/9
f 592/582/8 392/583/8 591/584/8
f 591/584/7 391/585/7 590/586/7
f 590/586/6 390/587/6 589/588/6
f 589/588/5 389/589/5 588/590/5
f 588/590/4 388/591/4 587/592/4
f 587/592/3 387/593/3 586/594/3
f 586/594/2 386/595/2 585/596/2
f 585/596/1 385/597/1 584/533/1
f 616/569/30 399/598/30 598/570/30
f 648/599/30 564/600/30 630/601/30
f 649/602/131 551/603/131 582/604/131
f 617/605/132 552/606/132 551/603/132
f 618/607/133 553/608/133 552/606/133
f 619/609/134 554/610/134 553/608/134
f 620/611/135 555/612/135 554/610/135
f 621/613/136 556/614/136 555/612/136
f 622/615/137 557/616/137 556/614/137
f 623/617/138 558/618/138 557/616/138
f 624/619/139 559/620/139 558/618/139
f 625/621/140 560/622/140 559/620/140
f 626/623/141 561/624/141 560/622/141
f 627/625/142 562/626/142 561/624/142
f 628/627/143 563/628/143 562/626/143
f 629/629/144 564/600/144 563/628/144
f 631/630/145 583/631/145 648/599/145
f 632/632/146 565/633/146 631/630/146
f 633/634/147 566/635/147 632/632/147
f 634/636/148 567/637/148 633/634/148
f 635/638/149 568/639/149 634/636/149
f 636/640/150 569/641/150 635/638/150
f 637/642/151 570/643/151 636/640/151
f 638/644/152 571/645/152 637/642/152
f 639/646/153 572/647/153 638/644/153
f 640/648/154 573/649/154 639/646/154
f 641/650/155 574/651/155 640/648/155
f 642/652/156 575/653/156 641/650/156
f 643/654/157 576/655/157 642/652/157
f 644/656/158 577/657/158 643/654/158
f 645/658/159 578/659/159 644/656/159
f 646/660/160 579/661/160 645/658/160
f 646/660/161 581/662/161 580/663/161
f 647/664/162 582/604/162 581/662/162
f 583/631/30 598/570/30 564/600/30
f 551/603/163 584/533/163 582/604/163
f 552/606/164 585/596/164 551/603/164
f 553/608/165 586/594/165 552/606/165
f 554/610/166 587/592/166 553/608/166
f 555/612/167 588/590/167 554/610/167
f 556/614/168 589/588/168 555/612/168
f 557/616/169 590/586/169 556/614/169
f 558/618/170 591/584/170 557/616/170
f 559/620/171 592/582/171 558/618/171
f 560/622/172 593/580/172 559/620/172
f 561/624/173 594/578/173 560/622/173
f 562/626/174 595/576/174 561/624/174
f 563/628/175 596/574/175 562/626/175
f 564/600/176 597/572/176 563/628/176
f 583/631/177 599/567/177 616/569/177
f 565/633/178 600/565/178 599/567/178
f 566/635/179 601/563/179 600/565/179
f 567/637/180 602/561/180 601/563/180
f 568/639/181 603/559/181 602/561/181
f 569/641/182 604/557/182 603/559/182
f 570/643/183 605/555/183 604/557/183
f 571/645/184 606/553/184 605/555/184
f 572/647/185 607/551/185 606/553/185
f 573/649/186 608/549/186 607/551/186
f 574/651/187 609/547/187 608/549/187
f 575/653/188 610/545/188 609/547/188
f 576/655/189 611/543/189 610/545/189
f 577/657/190 612/541/190 611/543/190
f 578/659/191 613/539/191 612/541/191
f 579/661/192 614/537/192 613/539/192
f 581/662/193 614/537/193 580/663/193
f 582/604/194 615/535/194 581/662/194
f 549/665/195 649/602/195 647/664/195
f 548/666/196 647/664/196 646/660/196
f 548/666/197 645/658/197 547/667/197
f 547/667/198 644/656/198 546/668/198
f 546/668/199 643/654/199 545/669/199
f 545/669/200 642/652/200 544/670/200
f 544/670/201 641/650/201 543/671/201
f 543/671/202 640/648/202 542/672/202
f 542/672/203 639/646/203 541/673/203
f 541/673/204 638/644/204 540/674/204
f 540/674/205 637/642/205 539/675/205
f 539/675/206 636/640/206 538/676/206
f 538/676/207 635/638/207 537/677/207
f 537/677/208 634/636/208 536/678/208
f 536/678/209 633/634/209 535/679/209
f 535/679/210 632/632/210 534/680/210
f 534/680/211 631/630/211 533/530/211
f 533/530/212 648/599/212 550/531/212
f 531/532/213 630/601/213 629/629/213
f 530/681/214 629/629/214 628/627/214
f 529/682/215 628/627/215 627/625/215
f 528/683/216 627/625/216 626/623/216
f 527/684/217 626/623/217 625/621/217
f 526/685/218 625/621/218 624/619/218
f 525/686/219 624/619/219 623/617/219
f 524/687/220 623/617/220 622/615/220
f 523/688/221 622/615/221 621/613/221
f 522/689/222 621/613/222 620/611/222
f 521/690/223 620/611/223 619/609/223
f 520/691/224 619/609/224 618/607/224
f 519/692/225 618/607/225 617/605/225
f 518/693/226 617/605/226 649/602/226
f 550/531/30 630/601/30 532/694/30
f 680/695/30 747/696/30 681/697/30
f 726/698/30 797/699/30 727/700/30
f 713/701/34 714/702/34 715/703/34
f 712/704/32 715/703/32 716/705/32
f 711/706/31 716/705/31 717/707/31
f 710/708/29 717/707/29 718/709/29
f 709/710/28 718/709/28 719/711/28
f 708/712/27 719/711/27 720/713/27
f 707/714/26 720/713/26 721/715/26
f 706/716/25 721/715/25 722/717/25
f 705/718/24 722/717/24 723/719/24
f 704/720/23 723/719/23 724/721/23
f 703/722/22 724/721/22 725/723/22
f 702/724/21 725/723/21 726/698/21
f 701/725/20 726/698/20 727/700/20
f 700/726/19 727/700/19 728/727/19
f 699/728/18 728/727/18 729/729/18
f 698/730/17 729/729/17 730/731/17
f 697/732/16 730/731/16 731/733/16
f 696/734/15 731/733/15 732/735/15
f 695/736/14 732/735/14 733/737/14
f 694/738/13 733/737/13 734/739/13
f 693/740/12 734/739/12 735/741/12
f 692/742/11 735/741/11 736/743/11
f 691/744/10 736/743/10 737/745/10
f 690/746/9 737/745/9 738/747/9
f 689/748/8 738/749/8 739/750/8
f 688/751/7 739/750/7 740/752/7
f 687/753/6 740/752/6 741/754/6
f 686/755/5 741/754/5 742/756/5
f 685/757/4 742/756/4 743/758/4
f 684/759/3 743/758/3 744/760/3
f 683/761/2 744/760/2 745/762/2
f 739/750/30 784/763/30 740/752/30
f 725/723/30 798/764/30 726/698/30
f 738/749/30 785/765/30 739/750/30
f 724/721/30 799/766/30 725/723/30
f 737/745/30 786/767/30 738/747/30
f 723/719/30 800/768/30 724/721/30
f 736/743/30 787/769/30 737/745/30
f 722/717/30 801/770/30 723/719/30
f 735/741/30 788/771/30 736/743/30
f 721/715/30 802/772/30 722/717/30
f 734/739/30 789/773/30 735/741/30
f 720/713/30 803/774/30 721/715/30
f 733/737/30 790/775/30 734/739/30
f 719/711/30 804/776/30 720/713/30
f 732/735/30 791/777/30 733/737/30
f 745/762/30 748/778/30 714/702/30
f 718/709/30 805/779/30 719/711/30
f 731/733/30 792/780/30 732/735/30
f 744/760/30 779/781/30 745/762/30
f 717/707/30 806/782/30 718/709/30
f 730/731/30 793/783/30 731/733/30
f 743/758/30 780/784/30 744/760/30
f 716/705/30 807/785/30 717/707/30
f 729/729/30 794/786/30 730/731/30
f 742/756/30 781/787/30 743/758/30
f 715/703/30 808/788/30 716/705/30
f 728/727/30 795/789/30 729/729/30
f 741/754/30 782/790/30 742/756/30
f 714/702/30 809/791/30 715/703/30
f 727/700/30 796/792/30 728/727/30
f 740/752/30 783/793/30 741/754/30
f 682/794/1 745/762/1 714/702/1
f 769/795/30 863/796/30 768/797/30
f 800/768/30 831/798/30 799/766/30
f 787/769/30 818/799/30 786/767/30
f 801/770/30 832/800/30 800/768/30
f 788/771/30 819/801/30 787/769/30
f 802/772/30 833/802/30 801/770/30
f 789/773/30 820/803/30 788/771/30
f 803/774/30 834/804/30 802/772/30
f 790/775/30 821/805/30 789/773/30
f 804/776/30 835/806/30 803/774/30
f 791/777/30 822/807/30 790/775/30
f 805/779/30 836/808/30 804/776/30
f 792/780/30 823/809/30 791/777/30
f 779/781/30 679/810/30 748/778/30
f 806/782/30 837/811/30 805/779/30
f 793/783/30 824/812/30 792/780/30
f 780/784/30 811/813/30 779/781/30
f 807/785/30 838/814/30 806/782/30
f 794/786/30 825/815/30 793/783/30
f 781/787/30 812/816/30 780/784/30
f 808/788/30 839/817/30 807/785/30
f 795/789/30 826/818/30 794/786/30
f 782/790/30 813/819/30 781/787/30
f 809/791/30 840/820/30 808/788/30
f 796/792/30 827/821/30 795/789/30
f 783/793/30 814/822/30 782/790/30
f 748/778/30 841/823/30 809/791/30
f 797/699/30 828/824/30 796/792/30
f 784/763/30 815/825/30 783/793/30
f 798/764/30 829/826/30 797/699/30
f 785/765/30 816/827/30 784/763/30
f 799/766/30 830/828/30 798/764/30
f 786/829/30 817/830/30 785/765/30
f 679/810/1 680/695/1 681/697/1
f 841/823/34 681/697/34 810/831/34
f 840/820/32 810/831/32 650/832/32
f 839/817/31 650/832/31 651/833/31
f 838/814/29 651/833/29 652/834/29
f 837/811/28 652/834/28 653/835/28
f 836/808/27 653/835/27 654/836/27
f 835/806/26 654/836/26 655/837/26
f 834/804/25 655/837/25 656/838/25
f 833/802/24 656/838/24 657/839/24
f 832/800/23 657/839/23 658/840/23
f 831/798/22 658/840/22 659/841/22
f 830/828/21 659/841/21 660/842/21
f 829/826/20 660/842/20 661/843/20
f 828/824/19 661/843/19 662/844/19
f 827/821/18 662/844/18 663/845/18
f 826/818/17 663/845/17 664/846/17
f 825/815/16 664/846/16 665/847/16
f 824/812/15 665/847/15 666/848/15
f 823/809/14 666/848/14 667/849/14
f 822/807/13 667/849/13 668/850/13
f 821/805/12 668/850/12 669/851/12
f 820/803/11 669/851/11 670/852/11
f 819/801/10 670/852/10 671/853/10
f 818/799/9 671/853/9 672/854/9
f 817/830/8 672/855/8 673/856/8
f 816/827/7 673/856/7 674/857/7
f 815/825/6 674/857/6 675/858/6
f 814/822/5 675/858/5 676/859/5
f 813/819/4 676/859/4 677/860/4
f 812/816/3 677/860/3 678/861/3
f 811/813/2 678/861/2 680/695/2
f 660/842/30 767/862/30 661/843/30
f 667/849/30 760/863/30 668/850/30
f 674/857/30 753/864/30 675/858/30
f 654/836/30 773/865/30 655/837/30
f 661/843/30 766/866/30 662/844/30
f 668/850/30 759/867/30 669/851/30
f 675/858/30 752/868/30 676/859/30
f 655/837/30 772/869/30 656/838/30
f 662/844/30 765/870/30 663/845/30
f 669/851/30 758/871/30 670/852/30
f 676/859/30 751/872/30 677/860/30
f 656/838/30 771/873/30 657/839/30
f 663/845/30 764/874/30 664/846/30
f 670/852/30 757/875/30 671/853/30
f 810/831/30 778/876/30 650/832/30
f 677/860/30 750/877/30 678/861/30
f 657/839/30 770/878/30 658/840/30
f 650/832/30 777/879/30 651/833/30
f 664/846/30 763/880/30 665/847/30
f 681/697/30 746/881/30 810/831/30
f 671/853/30 756/882/30 672/854/30
f 651/833/30 776/883/30 652/834/30
f 678/861/30 749/884/30 680/695/30
f 658/840/30 769/795/30 659/841/30
f 665/847/30 762/885/30 666/848/30
f 672/855/30 755/886/30 673/856/30
f 652/834/30 775/887/30 653/835/30
f 659/841/30 768/797/30 660/842/30
f 666/848/30 761/888/30 667/849/30
f 673/856/30 754/889/30 674/857/30
f 653/835/30 774/890/30 654/836/30
f 858/891/33 866/892/33 842/893/33
f 756/894/30 850/895/30 755/886/30
f 770/878/30 864/896/30 769/795/30
f 757/875/30 851/897/30 756/882/30
f 771/873/30 865/898/30 770/878/30
f 758/871/30 852/899/30 757/875/30
f 772/869/30 866/892/30 771/873/30
f 759/867/30 853/900/30 758/871/30
f 773/865/30 867/901/30 772/869/30
f 760/863/30 854/902/30 759/867/30
f 774/890/30 868/903/30 773/865/30
f 761/888/30 855/904/30 760/863/30
f 747/696/30 842/893/30 746/881/30
f 775/887/30 869/905/30 774/890/30
f 762/885/30 856/906/30 761/888/30
f 749/884/30 843/907/30 747/696/30
f 776/883/30 870/908/30 775/887/30
f 763/880/30 857/909/30 762/885/30
f 750/877/30 844/910/30 749/884/30
f 777/879/30 871/911/30 776/883/30
f 764/874/30 858/891/30 763/880/30
f 751/872/30 845/912/30 750/877/30
f 778/876/30 872/913/30 777/879/30
f 765/870/30 859/914/30 764/874/30
f 752/868/30 846/915/30 751/872/30
f 746/881/30 873/916/30 778/876/30
f 766/866/30 860/917/30 765/870/30
f 753/864/30 847/918/30 752/868/30
f 767/862/30 861/919/30 766/866/30
f 754/889/30 848/920/30 753/864/30
f 768/797/30 862/921/30 767/862/30
f 755/886/30 849/922/30 754/889/30
f 939/923/30 904/924/30 905/925/30
f 989/926/30 918/927/30 919/928/30
f 906/929/34 713/701/34 907/930/34
f 907/930/32 712/704/32 908/931/32
f 908/931/31 711/706/31 909/932/31
f 909/932/29 710/708/29 910/933/29
f 910/933/28 709/710/28 911/934/28
f 911/934/27 708/712/27 912/935/27
f 912/935/26 707/714/26 913/936/26
f 913/936/25 706/716/25 914/937/25
f 914/937/24 705/718/24 915/938/24
f 915/938/23 704/720/23 916/939/23
f 916/939/22 703/722/22 917/940/22
f 917/940/21 702/724/21 918/927/21
f 918/927/20 701/725/20 919/928/20
f 919/928/19 700/726/19 920/941/19
f 920/941/18 699/728/18 921/942/18
f 921/942/17 698/730/17 922/943/17
f 922/943/16 697/732/16 923/944/16
f 923/944/15 696/734/15 924/945/15
f 924/945/14 695/736/14 925/946/14
f 925/946/13 694/738/13 926/947/13
f 926/947/12 693/740/12 927/948/12
f 927/948/11 692/742/11 928/949/11
f 928/949/10 691/744/10 929/950/10
f 929/950/9 690/746/9 930/951/9
f 930/952/8 689/748/8 931/953/8
f 931/953/7 688/751/7 932/954/7
f 932/954/6 687/753/6 933/955/6
f 933/955/5 686/755/5 934/956/5
f 934/956/4 685/757/4 935/957/4
f 935/957/3 684/759/3 936/958/3
f 936/958/2 683/761/2 937/959/2
f 976/960/30 931/953/30 932/954/30
f 990/961/30 917/940/30 918/927/30
f 977/962/30 930/952/30 931/953/30
f 991/963/30 916/939/30 917/940/30
f 978/964/30 929/950/30 930/951/30
f 992/965/30 915/938/30 916/939/30
f 979/966/30 928/949/30 929/950/30
f 993/967/30 914/937/30 915/938/30
f 980/968/30 927/948/30 928/949/30
f 994/969/30 913/936/30 914/937/30
f 981/970/30 926/947/30 927/948/30
f 995/971/30 912/935/30 913/936/30
f 982/972/30 925/946/30 926/947/30
f 996/973/30 911/934/30 912/935/30
f 983/974/30 924/945/30 925/946/30
f 940/975/30 937/959/30 906/929/30
f 997/976/30 910/933/30 911/934/30
f 984/977/30 923/944/30 924/945/30
f 971/978/30 936/958/30 937/959/30
f 998/979/30 909/932/30 910/933/30
f 985/980/30 922/943/30 923/944/30
f 972/981/30 935/957/30 936/958/30
f 999/982/30 908/931/30 909/932/30
f 986/983/30 921/942/30 922/943/30
f 973/984/30 934/956/30 935/957/30
f 1000/985/30 907/930/30 908/931/30
f 987/986/30 920/941/30 921/942/30
f 974/987/30 933/955/30 934/956/30
f 1001/988/30 906/929/30 907/930/30
f 988/989/30 919/928/30 920/941/30
f 975/990/30 932/954/30 933/955/30
f 937/959/1 682/794/1 906/929/1
f 1055/991/30 961/992/30 960/993/30
f 1023/994/30 992/965/30 991/963/30
f 1010/995/30 979/966/30 978/964/30
f 1024/996/30 993/967/30 992/965/30
f 1011/997/30 980/968/30 979/966/30
f 1025/998/30 994/969/30 993/967/30
f 1012/999/30 981/970/30 980/968/30
f 1026/1000/30 995/971/30 994/969/30
f 1013/1001/30 982/972/30 981/970/30
f 1027/1002/30 996/973/30 995/971/30
f 1014/1003/30 983/974/30 982/972/30
f 1028/1004/30 997/976/30 996/973/30
f 1015/1005/30 984/977/30 983/974/30
f 903/1006/30 971/978/30 940/975/30
f 1029/1007/30 998/979/30 997/976/30
f 1016/1008/30 985/980/30 984/977/30
f 1003/1009/30 972/981/30 971/978/30
f 1030/1010/30 999/982/30 998/979/30
f 1017/1011/30 986/983/30 985/980/30
f 1004/1012/30 973/984/30 972/981/30
f 1031/1013/30 1000/985/30 999/982/30
f 1018/1014/30 987/986/30 986/983/30
f 1005/1015/30 974/987/30 973/984/30
f 1032/1016/30 1001/988/30 1000/985/30
f 1019/1017/30 988/989/30 987/986/30
f 1006/1018/30 975/990/30 974/987/30
f 1033/1019/30 940/975/30 1001/988/30
f 1020/1020/30 989/926/30 988/989/30
f 1007/1021/30 976/960/30 975/990/30
f 1021/1022/30 990/961/30 989/926/30
f 1008/1023/30 977/962/30 976/960/30
f 1022/1024/30 991/963/30 990/961/30
f 1009/1025/30 978/1026/30 977/962/30
f 904/924/1 903/1006/1 905/925/1
f 905/925/34 1033/1019/34 1002/1027/34
f 1002/1027/32 1032/1016/32 874/1028/32
f 874/1028/31 1031/1013/31 875/1029/31
f 875/1029/29 1030/1010/29 876/1030/29
f 876/1030/28 1029/1007/28 877/1031/28
f 877/1031/27 1028/1004/27 878/1032/27
f 878/1032/26 1027/1002/26 879/1033/26
f 879/1033/25 1026/1000/25 880/1034/25
f 880/1034/24 1025/998/24 881/1035/24
f 881/1035/23 1024/996/23 882/1036/23
f 882/1036/22 1023/994/22 883/1037/22
f 883/1037/21 1022/1024/21 884/1038/21
f 884/1038/20 1021/1022/20 885/1039/20
f 885/1039/19 1020/1020/19 886/1040/19
f 886/1040/18 1019/1017/18 887/1041/18
f 887/1041/17 1018/1014/17 888/1042/17
f 888/1042/16 1017/1011/16 889/1043/16
f 889/1043/15 1016/1008/15 890/1044/15
f 890/1044/14 1015/1005/14 891/1045/14
f 891/1045/13 1014/1003/13 892/1046/13
f 892/1046/12 1013/1001/12 893/1047/12
f 893/1047/11 1012/999/11 894/1048/11
f 894/1048/10 1011/997/10 895/1049/10
f 895/1049/9 1010/995/9 896/1050/9
f 896/1051/8 1009/1025/8 897/1052/8
f 897/1052/7 1008/1023/7 898/1053/7
f 898/1053/6 1007/1021/6 899/1054/6
f 899/1054/5 1006/1018/5 900/1055/5
f 900/1055/4 1005/1015/4 901/1056/4
f 901/1056/3 1004/1012/3 902/1057/3
f 902/1057/2 1003/1009/2 904/924/2
f 959/1058/30 884/1038/30 885/1039/30
f 952/1059/30 891/1045/30 892/1046/30
f 945/1060/30 898/1053/30 899/1054/30
f 965/1061/30 878/1032/30 879/1033/30
f 958/1062/30 885/1039/30 886/1040/30
f 951/1063/30 892/1046/30 893/1047/30
f 944/1064/30 899/1054/30 900/1055/30
f 964/1065/30 879/1033/30 880/1034/30
f 957/1066/30 886/1040/30 887/1041/30
f 950/1067/30 893/1047/30 894/1048/30
f 943/1068/30 900/1055/30 901/1056/30
f 963/1069/30 880/1034/30 881/1035/30
f 956/1070/30 887/1041/30 888/1042/30
f 949/1071/30 894/1048/30 895/1049/30
f 970/1072/30 1002/1027/30 874/1028/30
f 942/1073/30 901/1056/30 902/1057/30
f 962/1074/30 881/1035/30 882/1036/30
f 969/1075/30 874/1028/30 875/1029/30
f 955/1076/30 888/1042/30 889/1043/30
f 938/1077/30 905/925/30 1002/1027/30
f 948/1078/30 895/1049/30 896/1050/30
f 968/1079/30 875/1029/30 876/1030/30
f 941/1080/30 902/1057/30 904/924/30
f 961/992/30 882/1036/30 883/1037/30
f 954/1081/30 889/1043/30 890/1044/30
f 947/1082/30 896/1051/30 897/1052/30
f 967/1083/30 876/1030/30 877/1031/30
f 960/993/30 883/1037/30 884/1038/30
f 953/1084/30 890/1044/30 891/1045/30
f 946/1085/30 897/1052/30 898/1053/30
f 966/1086/30 877/1031/30 878/1032/30
f 1052/1087/30 1044/1088/30 1036/1089/30
f 1042/1090/30 948/1091/30 947/1082/30
f 1056/1092/30 962/1074/30 961/992/30
f 1043/1093/30 949/1071/30 948/1078/30
f 1057/1094/30 963/1069/30 962/1074/30
f 1044/1088/30 950/1067/30 949/1071/30
f 1058/1095/30 964/1065/30 963/1069/30
f 1045/1096/30 951/1063/30 950/1067/30
f 1059/1097/30 965/1061/30 964/1065/30
f 1046/1098/30 952/1059/30 951/1063/30
f 1060/1099/30 966/1086/30 965/1061/30
f 1047/1100/30 953/1084/30 952/1059/30
f 1034/1101/30 939/923/30 938/1077/30
f 1061/1102/30 967/1083/30 966/1086/30
f 1048/1103/30 954/1081/30 953/1084/30
f 1035/1104/30 941/1080/30 939/923/30
f 1062/1105/30 968/1079/30 967/1083/30
f 1049/1106/30 955/1076/30 954/1081/30
f 1036/1089/30 942/1073/30 941/1080/30
f 1063/1107/30 969/1075/30 968/1079/30
f 1050/1108/30 956/1070/30 955/1076/30
f 1037/1109/30 943/1068/30 942/1073/30
f 1064/1110/30 970/1072/30 969/1075/30
f 1051/1111/30 957/1066/30 956/1070/30
f 1038/1112/30 944/1064/30 943/1068/30
f 1065/1113/30 938/1077/30 970/1072/30
f 1052/1087/30 958/1062/30 957/1066/30
f 1039/1114/30 945/1060/30 944/1064/30
f 1053/1115/30 959/1058/30 958/1062/30
f 1040/1116/30 946/1085/30 945/1060/30
f 1054/1117/30 960/993/30 959/1058/30
f 1041/1118/30 947/1082/30 946/1085/30
f 1096/1119/30 1163/1120/30 1097/1121/30
f 1142/1122/30 1213/1123/30 1143/1124/30
f 1129/1125/34 1130/1126/34 1131/1127/34
f 1128/1128/32 1131/1127/32 1132/1129/32
f 1127/1130/31 1132/1129/31 1133/1131/31
f 1126/1132/29 1133/1131/29 1134/1133/29
f 1125/1134/28 1134/1133/28 1135/1135/28
f 1124/1136/27 1135/1135/27 1136/1137/27
f 1123/1138/26 1136/1137/26 1137/1139/26
f 1122/1140/25 1137/1139/25 1138/1141/25
f 1121/1142/24 1138/1141/24 1139/1143/24
f 1120/1144/23 1139/1143/23 1140/1145/23
f 1119/1146/22 1140/1145/22 1141/1147/22
f 1118/1148/21 1141/1147/21 1142/1122/21
f 1117/1149/20 1142/1122/20 1143/1124/20
f 1116/1150/19 1143/1124/19 1144/1151/19
f 1115/1152/18 1144/1151/18 1145/1153/18
f 1114/1154/17 1145/1153/17 1146/1155/17
f 1113/1156/16 1146/1155/16 1147/1157/16
f 1112/1158/15 1147/1157/15 1148/1159/15
f 1111/1160/14 1148/1159/14 1149/1161/14
f 1110/1162/13 1149/1161/13 1150/1163/13
f 1109/1164/12 1150/1163/12 1151/1165/12
f 1108/1166/11 1151/1165/11 1152/1167/11
f 1107/1168/10 1152/1167/10 1153/1169/10
f 1106/1170/9 1153/1169/9 1154/1171/9
f 1105/1172/8 1154/1173/8 1155/1174/8
f 1104/1175/7 1155/1174/7 1156/1176/7
f 1103/1177/6 1156/1176/6 1157/1178/6
f 1102/1179/5 1157/1178/5 1158/1180/5
f 1101/1181/4 1158/1180/4 1159/1182/4
f 1100/1183/3 1159/1182/3 1160/1184/3
f 1099/1185/2 1160/1184/2 1161/1186/2
f 1155/1174/30 1200/1187/30 1156/1176/30
f 1141/1147/30 1214/1188/30 1142/1122/30
f 1154/1173/30 1201/1189/30 1155/1174/30
f 1140/1145/30 1215/1190/30 1141/1147/30
f 1153/1169/30 1202/1191/30 1154/1171/30
f 1139/1143/30 1216/1192/30 1140/1145/30
f 1152/1167/30 1203/1193/30 1153/1169/30
f 1138/1141/30 1217/1194/30 1139/1143/30
f 1151/1165/30 1204/1195/30 1152/1167/30
f 1137/1139/30 1218/1196/30 1138/1141/30
f 1150/1163/30 1205/1197/30 1151/1165/30
f 1136/1137/30 1219/1198/30 1137/1139/30
f 1149/1161/30 1206/1199/30 1150/1163/30
f 1135/1135/30 1220/1200/30 1136/1137/30
f 1148/1159/30 1207/1201/30 1149/1161/30
f 1161/1186/30 1164/1202/30 1130/1126/30
f 1134/1133/30 1221/1203/30 1135/1135/30
f 1147/1157/30 1208/1204/30 1148/1159/30
f 1160/1184/30 1195/1205/30 1161/1186/30
f 1133/1131/30 1222/1206/30 1134/1133/30
f 1146/1155/30 1209/1207/30 1147/1157/30
f 1159/1182/30 1196/1208/30 1160/1184/30
f 1132/1129/30 1223/1209/30 1133/1131/30
f 1145/1153/30 1210/1210/30 1146/1155/30
f 1158/1180/30 1197/1211/30 1159/1182/30
f 1131/1127/30 1224/1212/30 1132/1129/30
f 1144/1151/30 1211/1213/30 1145/1153/30
f 1157/1178/30 1198/1214/30 1158/1180/30
f 1130/1126/30 1225/1215/30 1131/1127/30
f 1143/1124/30 1212/1216/30 1144/1151/30
f 1156/1176/30 1199/1217/30 1157/1178/30
f 1098/1218/1 1161/1186/1 1130/1126/1
f 1185/1219/30 1279/1220/30 1184/1221/30
f 1216/1192/30 1247/1222/30 1215/1190/30
f 1203/1193/30 1234/1223/30 1202/1191/30
f 1217/1194/30 1248/1224/30 1216/1192/30
f 1204/1195/30 1235/1225/30 1203/1193/30
f 1218/1196/30 1249/1226/30 1217/1194/30
f 1205/1197/30 1236/1227/30 1204/1195/30
f 1219/1198/30 1250/1228/30 1218/1196/30
f 1206/1199/30 1237/1229/30 1205/1197/30
f 1220/1200/30 1251/1230/30 1219/1198/30
f 1207/1201/30 1238/1231/30 1206/1199/30
f 1221/1203/30 1252/1232/30 1220/1200/30
f 1208/1204/30 1239/1233/30 1207/1201/30
f 1195/1205/30 1095/1234/30 1164/1202/30
f 1222/1206/30 1253/1235/30 1221/1203/30
f 1209/1207/30 1240/1236/30 1208/1204/30
f 1196/1208/30 1227/1237/30 1195/1205/30
f 1223/1209/30 1254/1238/30 1222/1206/30
f 1210/1210/30 1241/1239/30 1209/1207/30
f 1197/1211/30 1228/1240/30 1196/1208/30
f 1224/1212/30 1255/1241/30 1223/1209/30
f 1211/1213/30 1242/1242/30 1210/1210/30
f 1198/1214/30 1229/1243/30 1197/1211/30
f 1225/1215/30 1256/1244/30 1224/1212/30
f 1212/1216/30 1243/1245/30 1211/1213/30
f 1199/1217/30 1230/1246/30 1198/1214/30
f 1164/1202/30 1257/1247/30 1225/1215/30
f 1213/1123/30 1244/1248/30 1212/1216/30
f 1200/1187/30 1231/1249/30 1199/1217/30
f 1214/1188/30 1245/1250/30 1213/1123/30
f 1201/1189/30 1232/1251/30 1200/1187/30
f 1215/1190/30 1246/1252/30 1214/1188/30
f 1202/1253/30 1233/1254/30 1201/1189/30
f 1095/1234/1 1096/1119/1 1097/1121/1
f 1257/1247/34 1097/1121/34 1226/1255/34
f 1256/1244/32 1226/1255/32 1066/1256/32
f 1255/1241/31 1066/1256/31 1067/1257/31
f 1254/1238/29 1067/1257/29 1068/1258/29
f 1253/1235/28 1068/1258/28 1069/1259/28
f 1252/1232/27 1069/1259/27 1070/1260/27
f 1251/1230/26 1070/1260/26 1071/1261/26
f 1250/1228/25 1071/1261/25 1072/1262/25
f 1249/1226/24 1072/1262/24 1073/1263/24
f 1248/1224/23 1073/1263/23 1074/1264/23
f 1247/1222/22 1074/1264/22 1075/1265/22
f 1246/1252/21 1075/1265/21 1076/1266/21
f 1245/1250/20 1076/1266/20 1077/1267/20
f 1244/1248/19 1077/1267/19 1078/1268/19
f 1243/1245/18 1078/1268/18 1079/1269/18
f 1242/1242/17 1079/1269/17 1080/1270/17
f 1241/1239/16 1080/1270/16 1081/1271/16
f 1240/1236/15 1081/1271/15 1082/1272/15
f 1239/1233/14 1082/1272/14 1083/1273/14
f 1238/1231/13 1083/1273/13 1084/1274/13
f 1237/1229/12 1084/1274/12 1085/1275/12
f 1236/1227/11 1085/1275/11 1086/1276/11
f 1235/1225/10 1086/1276/10 1087/1277/10
f 1234/1223/9 1087/1277/9 1088/1278/9
f 1233/1254/8 1088/1279/8 1089/1280/8
f 1232/1251/7 1089/1280/7 1090/1281/7
f 1231/1249/6 1090/1281/6 1091/1282/6
f 1230/1246/5 1091/1282/5 1092/1283/5
f 1229/1243/4 1092/1283/4 1093/1284/4
f 1228/1240/3 1093/1284/3 1094/1285/3
f 1227/1237/2 1094/1285/2 1096/1119/2
f 1076/1266/30 1183/1286/30 1077/1267/30
f 1083/1273/30 1176/1287/30 1084/1274/30
f 1090/1281/30 1169/1288/30 1091/1282/30
f 1070/1260/30 1189/1289/30 1071/1261/30
f 1077/1267/30 1182/1290/30 1078/1268/30
f 1084/1274/30 1175/1291/30 1085/1275/30
f 1091/1282/30 1168/1292/30 1092/1283/30
f 1071/1261/30 1188/1293/30 1072/1262/30
f 1078/1268/30 1181/1294/30 1079/1269/30
f 1085/1275/30 1174/1295/30 1086/1276/30
f 1092/1283/30 1167/1296/30 1093/1284/30
f 1072/1262/30 1187/1297/30 1073/1263/30
f 1079/1269/30 1180/1298/30 1080/1270/30
f 1086/1276/30 1173/1299/30 1087/1277/30
f 1226/1255/30 1194/1300/30 1066/1256/30
f 1093/1284/30 1166/1301/30 1094/1285/30
f 1073/1263/30 1186/1302/30 1074/1264/30
f 1066/1256/30 1193/1303/30 1067/1257/30
f 1080/1270/30 1179/1304/30 1081/1271/30
f 1097/1121/30 1162/1305/30 1226/1255/30
f 1087/1277/30 1172/1306/30 1088/1278/30
f 1067/1257/30 1192/1307/30 1068/1258/30
f 1094/1285/30 1165/1308/30 1096/1119/30
f 1074/1264/30 1185/1219/30 1075/1265/30
f 1081/1271/30 1178/1309/30 1082/1272/30
f 1088/1279/30 1171/1310/30 1089/1280/30
f 1068/1258/30 1191/1311/30 1069/1259/30
f 1075/1265/30 1184/1221/30 1076/1266/30
f 1082/1272/30 1177/1312/30 1083/1273/30
f 1089/1280/30 1170/1313/30 1090/1281/30
f 1069/1259/30 1190/1314/30 1070/1260/30
f 1274/1315/33 1282/1316/33 1258/1317/33
f 1172/1318/30 1266/1319/30 1171/1310/30
f 1186/1302/30 1280/1320/30 1185/1219/30
f 1173/1299/30 1267/1321/30 1172/1306/30
f 1187/1297/30 1281/1322/30 1186/1302/30
f 1174/1295/30 1268/1323/30 1173/1299/30
f 1188/1293/30 1282/1316/30 1187/1297/30
f 1175/1291/30 1269/1324/30 1174/1295/30
f 1189/1289/30 1283/1325/30 1188/1293/30
f 1176/1287/30 1270/1326/30 1175/1291/30
f 1190/1314/30 1284/1327/30 1189/1289/30
f 1177/1312/30 1271/1328/30 1176/1287/30
f 1163/1120/30 1258/1317/30 1162/1305/30
f 1191/1311/30 1285/1329/30 1190/1314/30
f 1178/1309/30 1272/1330/30 1177/1312/30
f 1165/1308/30 1259/1331/30 1163/1120/30
f 1192/1307/30 1286/1332/30 1191/1311/30
f 1179/1304/30 1273/1333/30 1178/1309/30
f 1166/1301/30 1260/1334/30 1165/1308/30
f 1193/1303/30 1287/1335/30 1192/1307/30
f 1180/1298/30 1274/1315/30 1179/1304/30
f 1167/1296/30 1261/1336/30 1166/1301/30
f 1194/1300/30 1288/1337/30 1193/1303/30
f 1181/1294/30 1275/1338/30 1180/1298/30
f 1168/1292/30 1262/1339/30 1167/1296/30
f 1162/1305/30 1289/1340/30 1194/1300/30
f 1182/1290/30 1276/1341/30 1181/1294/30
f 1169/1288/30 1263/1342/30 1168/1292/30
f 1183/1286/30 1277/1343/30 1182/1290/30
f 1170/1313/30 1264/1344/30 1169/1288/30
f 1184/1221/30 1278/1345/30 1183/1286/30
f 1171/1310/30 1265/1346/30 1170/1313/30
f 1355/1347/30 1320/1348/30 1321/1349/30
f 1405/1350/30 1334/1351/30 1335/1352/30
f 1322/1353/34 1129/1125/34 1323/1354/34
f 1323/1354/32 1128/1128/32 1324/1355/32
f 1324/1355/31 1127/1130/31 1325/1356/31
f 1325/1356/29 1126/1132/29 1326/1357/29
f 1326/1357/28 1125/1134/28 1327/1358/28
f 1327/1358/27 1124/1136/27 1328/1359/27
f 1328/1359/26 1123/1138/26 1329/1360/26
f 1329/1360/25 1122/1140/25 1330/1361/25
f 1330/1361/24 1121/1142/24 1331/1362/24
f 1331/1362/23 1120/1144/23 1332/1363/23
f 1332/1363/22 1119/1146/22 1333/1364/22
f 1333/1364/21 1118/1148/21 1334/1351/21
f 1334/1351/20 1117/1149/20 1335/1352/20
f 1335/1352/19 1116/1150/19 1336/1365/19
f 1336/1365/18 1115/1152/18 1337/1366/18
f 1337/1366/17 1114/1154/17 1338/1367/17
f 1338/1367/16 1113/1156/16 1339/1368/16
f 1339/1368/15 1112/1158/15 1340/1369/15
f 1340/1369/14 1111/1160/14 1341/1370/14
f 1341/1370/13 1110/1162/13 1342/1371/13
f 1342/1371/12 1109/1164/12 1343/1372/12
f 1343/1372/11 1108/1166/11 1344/1373/11
f 1344/1373/10 1107/1168/10 1345/1374/10
f 1345/1374/9 1106/1170/9 1346/1375/9
f 1346/1376/8 1105/1172/8 1347/1377/8
f 1347/1377/7 1104/1175/7 1348/1378/7
f 1348/1378/6 1103/1177/6 1349/1379/6
f 1349/1379/5 1102/1179/5 1350/1380/5
f 1350/1380/4 1101/1181/4 1351/1381/4
f 1351/1381/3 1100/1183/3 1352/1382/3
f 1352/1382/2 1099/1185/2 1353/1383/2
f 1392/1384/30 1347/1377/30 1348/1378/30
f 1406/1385/30 1333/1364/30 1334/1351/30
f 1393/1386/30 1346/1376/30 1347/1377/30
f 1407/1387/30 1332/1363/30 1333/1364/30
f 1394/1388/30 1345/1374/30 1346/1375/30
f 1408/1389/30 1331/1362/30 1332/1363/30
f 1395/1390/30 1344/1373/30 1345/1374/30
f 1409/1391/30 1330/1361/30 1331/1362/30
f 1396/1392/30 1343/1372/30 1344/1373/30
f 1410/1393/30 1329/1360/30 1330/1361/30
f 1397/1394/30 1342/1371/30 1343/1372/30
f 1411/1395/30 1328/1359/30 1329/1360/30
f 1398/1396/30 1341/1370/30 1342/1371/30
f 1412/1397/30 1327/1358/30 1328/1359/30
f 1399/1398/30 1340/1369/30 1341/1370/30
f 1356/1399/30 1353/1383/30 1322/1353/30
f 1413/1400/30 1326/1357/30 1327/1358/30
f 1400/1401/30 1339/1368/30 1340/1369/30
f 1387/1402/30 1352/1382/30 1353/1383/30
f 1414/1403/30 1325/1356/30 1326/1357/30
f 1401/1404/30 1338/1367/30 1339/1368/30
f 1388/1405/30 1351/1381/30 1352/1382/30
f 1415/1406/30 1324/1355/30 1325/1356/30
f 1402/1407/30 1337/1366/30 1338/1367/30
f 1389/1408/30 1350/1380/30 1351/1381/30
f 1416/1409/30 1323/1354/30 1324/1355/30
f 1403/1410/30 1336/1365/30 1337/1366/30
f 1390/1411/30 1349/1379/30 1350/1380/30
f 1417/1412/30 1322/1353/30 1323/1354/30
f 1404/1413/30 1335/1352/30 1336/1365/30
f 1391/1414/30 1348/1378/30 1349/1379/30
f 1353/1383/1 1098/1218/1 1322/1353/1
f 1471/1415/30 1377/1416/30 1376/1417/30
f 1439/1418/30 1408/1389/30 1407/1387/30
f 1426/1419/30 1395/1390/30 1394/1388/30
f 1440/1420/30 1409/1391/30 1408/1389/30
f 1427/1421/30 1396/1392/30 1395/1390/30
f 1441/1422/30 1410/1393/30 1409/1391/30
f 1428/1423/30 1397/1394/30 1396/1392/30
f 1442/1424/30 1411/1395/30 1410/1393/30
f 1429/1425/30 1398/1396/30 1397/1394/30
f 1443/1426/30 1412/1397/30 1411/1395/30
f 1430/1427/30 1399/1398/30 1398/1396/30
f 1444/1428/30 1413/1400/30 1412/1397/30
f 1431/1429/30 1400/1401/30 1399/1398/30
f 1319/1430/30 1387/1402/30 1356/1399/30
f 1445/1431/30 1414/1403/30 1413/1400/30
f 1432/1432/30 1401/1404/30 1400/1401/30
f 1419/1433/30 1388/1405/30 1387/1402/30
f 1446/1434/30 1415/1406/30 1414/1403/30
f 1433/1435/30 1402/1407/30 1401/1404/30
f 1420/1436/30 1389/1408/30 1388/1405/30
f 1447/1437/30 1416/1409/30 1415/1406/30
f 1434/1438/30 1403/1410/30 1402/1407/30
f 1421/1439/30 1390/1411/30 1389/1408/30
f 1448/1440/30 1417/1412/30 1416/1409/30
f 1435/1441/30 1404/1413/30 1403/1410/30
f 1422/1442/30 1391/1414/30 1390/1411/30
f 1449/1443/30 1356/1399/30 1417/1412/30
f 1436/1444/30 1405/1350/30 1404/1413/30
f 1423/1445/30 1392/1384/30 1391/1414/30
f 1437/1446/30 1406/1385/30 1405/1350/30
f 1424/1447/30 1393/1386/30 1392/1384/30
f 1438/1448/30 1407/1387/30 1406/1385/30
f 1425/1449/30 1394/1450/30 1393/1386/30
f 1320/1348/1 1319/1430/1 1321/1349/1
f 1321/1349/34 1449/1443/34 1418/1451/34
f 1418/1451/32 1448/1440/32 1290/1452/32
f 1290/1452/31 1447/1437/31 1291/1453/31
f 1291/1453/29 1446/1434/29 1292/1454/29
f 1292/1454/28 1445/1431/28 1293/1455/28
f 1293/1455/27 1444/1428/27 1294/1456/27
f 1294/1456/26 1443/1426/26 1295/1457/26
f 1295/1457/25 1442/1424/25 1296/1458/25
f 1296/1458/24 1441/1422/24 1297/1459/24
f 1297/1459/23 1440/1420/23 1298/1460/23
f 1298/1460/22 1439/1418/22 1299/1461/22
f 1299/1461/21 1438/1448/21 1300/1462/21
f 1300/1462/20 1437/1446/20 1301/1463/20
f 1301/1463/19 1436/1444/19 1302/1464/19
f 1302/1464/18 1435/1441/18 1303/1465/18
f 1303/1465/17 1434/1438/17 1304/1466/17
f 1304/1466/16 1433/1435/16 1305/1467/16
f 1305/1467/15 1432/1432/15 1306/1468/15
f 1306/1468/14 1431/1429/14 1307/1469/14
f 1307/1469/13 1430/1427/13 1308/1470/13
f 1308/1470/12 1429/1425/12 1309/1471/12
f 1309/1471/11 1428/1423/11 1310/1472/11
f 1310/1472/10 1427/1421/10 1311/1473/10
f 1311/1473/9 1426/1419/9 1312/1474/9
f 1312/1475/8 1425/1449/8 1313/1476/8
f 1313/1476/7 1424/1447/7 1314/1477/7
f 1314/1477/6 1423/1445/6 1315/1478/6
f 1315/1478/5 1422/1442/5 1316/1479/5
f 1316/1479/4 1421/1439/4 1317/1480/4
f 1317/1480/3 1420/1436/3 1318/1481/3
f 1318/1481/2 1419/1433/2 1320/1348/2
f 1375/1482/30 1300/1462/30 1301/1463/30
f 1368/1483/30 1307/1469/30 1308/1470/30
f 1361/1484/30 1314/1477/30 1315/1478/30
f 1381/1485/30 1294/1456/30 1295/1457/30
f 1374/1486/30 1301/1463/30 1302/1464/30
f 1367/1487/30 1308/1470/30 1309/1471/30
f 1360/1488/30 1315/1478/30 1316/1479/30
f 1380/1489/30 1295/1457/30 1296/1458/30
f 1373/1490/30 1302/1464/30 1303/1465/30
f 1366/1491/30 1309/1471/30 1310/1472/30
f 1359/1492/30 1316/1479/30 1317/1480/30
f 1379/1493/30 1296/1458/30 1297/1459/30
f 1372/1494/30 1303/1465/30 1304/1466/30
f 1365/1495/30 1310/1472/30 1311/1473/30
f 1386/1496/30 1418/1451/30 1290/1452/30
f 1358/1497/30 1317/1480/30 1318/1481/30
f 1378/1498/30 1297/1459/30 1298/1460/30
f 1385/1499/30 1290/1452/30 1291/1453/30
f 1371/1500/30 1304/1466/30 1305/1467/30
f 1354/1501/30 1321/1349/30 1418/1451/30
f 1364/1502/30 1311/1473/30 1312/1474/30
f 1384/1503/30 1291/1453/30 1292/1454/30
f 1357/1504/30 1318/1481/30 1320/1348/30
f 1377/1416/30 1298/1460/30 1299/1461/30
f 1370/1505/30 1305/1467/30 1306/1468/30
f 1363/1506/30 1312/1475/30 1313/1476/30
f 1383/1507/30 1292/1454/30 1293/1455/30
f 1376/1417/30 1299/1461/30 1300/1462/30
f 1369/1508/30 1306/1468/30 1307/1469/30
f 1362/1509/30 1313/1476/30 1314/1477/30
f 1382/1510/30 1293/1455/30 1294/1456/30
f 1468/1511/30 1460/1512/30 1452/1513/30
f 1458/1514/30 1364/1515/30 1363/1506/30
f 1472/1516/30 1378/1498/30 1377/1416/30
f 1459/1517/30 1365/1495/30 1364/1502/30
f 1473/1518/30 1379/1493/30 1378/1498/30
f 1460/1512/30 1366/1491/30 1365/1495/30
f 1474/1519/30 1380/1489/30 1379/1493/30
f 1461/1520/30 1367/1487/30 1366/1491/30
f 1475/1521/30 1381/1485/30 1380/1489/30
f 1462/1522/30 1368/1483/30 1367/1487/30
f 1476/1523/30 1382/1510/30 1381/1485/30
f 1463/1524/30 1369/1508/30 1368/1483/30
f 1450/1525/30 1355/1347/30 1354/1501/30
f 1477/1526/30 1383/1507/30 1382/1510/30
f 1464/1527/30 1370/1505/30 1369/1508/30
f 1451/1528/30 1357/1504/30 1355/1347/30
f 1478/1529/30 1384/1503/30 1383/1507/30
f 1465/1530/30 1371/1500/30 1370/1505/30
f 1452/1513/30 1358/1497/30 1357/1504/30
f 1479/1531/30 1385/1499/30 1384/1503/30
f 1466/1532/30 1372/1494/30 1371/1500/30
f 1453/1533/30 1359/1492/30 1358/1497/30
f 1480/1534/30 1386/1496/30 1385/1499/30
f 1467/1535/30 1373/1490/30 1372/1494/30
f 1454/1536/30 1360/1488/30 1359/1492/30
f 1481/1537/30 1354/1501/30 1386/1496/30
f 1468/1511/30 1374/1486/30 1373/1490/30
f 1455/1538/30 1361/1484/30 1360/1488/30
f 1469/1539/30 1375/1482/30 1374/1486/30
f 1456/1540/30 1362/1509/30 1361/1484/30
f 1470/1541/30 1376/1417/30 1375/1482/30
f 1457/1542/30 1363/1506/30 1362/1509/30
f 2/1/1 4/4/1 3/2/1
f 4/4/2 6/6/2 5/5/2
f 6/6/3 8/8/3 7/7/3
f 8/8/4 10/10/4 9/9/4
f 10/10/5 12/12/5 11/11/5
f 12/12/6 14/14/6 13/13/6
f 14/14/7 16/16/7 15/15/7
f 16/16/8 18/81/8 17/17/8
f 18/18/9 20/20/9 19/19/9
f 20/20/10 22/22/10 21/21/10
f 22/22/11 24/24/11 23/23/11
f 24/24/12 26/26/12 25/25/12
f 26/26/13 28/28/13 27/27/13
f 28/28/14 30/30/14 29/29/14
f 30/30/15 32/32/15 31/31/15
f 32/32/16 34/34/16 33/33/16
f 34/34/17 36/36/17 35/35/17
f 36/36/18 38/38/18 37/37/18
f 38/38/19 40/40/19 39/39/19
f 40/40/20 42/42/20 41/41/20
f 42/42/21 44/44/21 43/43/21
f 44/44/22 46/46/22 45/45/22
f 46/46/23 48/48/23 47/47/23
f 48/48/24 50/50/24 49/49/24
f 50/50/25 52/52/25 51/51/25
f 52/52/26 54/54/26 53/53/26
f 54/54/27 56/56/27 55/55/27
f 56/56/28 58/58/28 57/57/28
f 58/58/29 60/61/29 59/59/29
f 10/10/30 69/94/30 70/60/30
f 60/61/31 62/63/31 61/62/31
f 62/63/32 64/65/32 63/64/32
f 63/64/33 1/3/33 3/2/33
f 3/2/33 5/5/33 7/7/33
f 7/7/33 9/9/33 15/15/33
f 9/9/33 11/11/33 15/15/33
f 11/11/33 13/13/33 15/15/33
f 15/15/33 17/17/33 19/19/33
f 19/19/33 21/21/33 23/23/33
f 23/23/33 25/25/33 31/31/33
f 25/25/33 27/27/33 31/31/33
f 27/27/33 29/29/33 31/31/33
f 31/31/33 33/33/33 35/35/33
f 35/35/33 37/37/33 39/39/33
f 39/39/33 41/41/33 47/47/33
f 41/41/33 43/43/33 47/47/33
f 43/43/33 45/45/33 47/47/33
f 47/47/33 49/49/33 51/51/33
f 51/51/33 53/53/33 55/55/33
f 55/55/33 57/57/33 63/64/33
f 57/57/33 59/59/33 63/64/33
f 59/59/33 61/62/33 63/64/33
f 63/64/33 3/2/33 7/7/33
f 15/15/33 19/19/33 23/23/33
f 31/31/33 35/35/33 39/39/33
f 47/47/33 51/51/33 55/55/33
f 63/64/33 7/7/33 15/15/33
f 15/15/33 23/23/33 31/31/33
f 31/31/33 39/39/33 47/47/33
f 47/47/33 55/55/33 63/64/33
f 63/64/33 15/15/33 31/31/33
f 64/65/34 2/1/34 1/3/34
f 72/66/30 104/130/30 105/67/30
f 64/65/30 96/95/30 66/69/30
f 24/24/30 76/96/30 77/70/30
f 38/38/30 83/97/30 84/71/30
f 52/52/30 90/98/30 91/72/30
f 12/12/30 70/60/30 71/73/30
f 26/26/30 77/70/30 78/74/30
f 40/40/30 84/71/30 85/75/30
f 54/54/30 91/72/30 92/76/30
f 14/14/30 71/73/30 72/66/30
f 28/28/30 78/74/30 79/77/30
f 42/42/30 85/75/30 86/78/30
f 2/1/30 66/69/30 65/79/30
f 56/56/30 92/76/30 93/80/30
f 16/16/30 72/66/30 73/68/30
f 30/30/30 79/77/30 80/82/30
f 44/44/30 86/78/30 87/83/30
f 4/4/30 65/79/30 67/84/30
f 58/58/30 93/80/30 94/85/30
f 18/18/30 73/103/30 74/86/30
f 32/32/30 80/82/30 81/87/30
f 46/46/30 87/83/30 88/88/30
f 6/6/30 67/84/30 68/89/30
f 60/61/30 94/85/30 95/90/30
f 20/20/30 74/86/30 75/91/30
f 34/34/30 81/87/30 82/92/30
f 48/48/30 88/88/30 89/93/30
f 8/8/30 68/89/30 69/94/30
f 62/63/30 95/90/30 96/95/30
f 22/22/30 75/91/30 76/96/30
f 36/36/30 82/92/30 83/97/30
f 50/50/30 89/93/30 90/98/30
f 107/99/30 171/165/30 172/100/30
f 86/78/30 118/131/30 119/102/30
f 73/103/30 105/162/30 106/104/30
f 87/83/30 119/102/30 120/105/30
f 74/86/30 106/104/30 107/99/30
f 88/88/30 120/105/30 121/106/30
f 75/91/30 107/99/30 108/101/30
f 89/93/30 121/106/30 122/107/30
f 76/96/30 108/101/30 109/108/30
f 90/98/30 122/107/30 123/109/30
f 77/70/30 109/108/30 110/110/30
f 91/72/30 123/109/30 124/111/30
f 78/74/30 110/110/30 111/112/30
f 66/69/30 98/126/30 97/113/30
f 92/76/30 124/111/30 125/114/30
f 79/77/30 111/112/30 112/115/30
f 65/79/30 97/113/30 99/116/30
f 93/80/30 125/114/30 126/117/30
f 80/82/30 112/115/30 113/118/30
f 67/84/30 99/116/30 100/119/30
f 94/85/30 126/117/30 127/120/30
f 81/87/30 113/118/30 114/121/30
f 68/89/30 100/119/30 101/122/30
f 95/90/30 127/120/30 128/123/30
f 82/92/30 114/121/30 115/124/30
f 69/94/30 101/122/30 102/125/30
f 96/95/30 128/123/30 98/126/30
f 83/97/30 115/124/30 116/127/30
f 70/60/30 102/125/30 103/128/30
f 84/71/30 116/127/30 117/129/30
f 71/73/30 103/128/30 104/130/30
f 85/75/30 117/129/30 118/131/30
f 144/132/34 240/230/34 241/133/34
f 121/106/30 185/166/30 186/135/30
f 108/101/30 172/100/30 173/136/30
f 122/107/30 186/135/30 187/137/30
f 109/108/30 173/136/30 174/138/30
f 123/109/30 187/137/30 188/139/30
f 110/110/30 174/138/30 175/140/30
f 98/126/30 162/154/30 161/141/30
f 124/111/30 188/139/30 189/142/30
f 111/112/30 175/140/30 176/143/30
f 97/113/30 161/141/30 163/144/30
f 125/114/30 189/142/30 190/145/30
f 112/115/30 176/143/30 177/146/30
f 99/116/30 163/144/30 164/147/30
f 126/117/30 190/145/30 191/148/30
f 113/118/30 177/146/30 178/149/30
f 100/119/30 164/147/30 165/150/30
f 127/120/30 191/148/30 192/151/30
f 114/121/30 178/149/30 179/152/30
f 101/122/30 165/150/30 166/153/30
f 128/123/30 192/151/30 162/154/30
f 115/124/30 179/152/30 180/155/30
f 102/125/30 166/153/30 167/156/30
f 116/127/30 180/155/30 181/157/30
f 103/128/30 167/156/30 168/158/30
f 117/129/30 181/157/30 182/159/30
f 104/130/30 168/158/30 169/160/30
f 118/131/30 182/159/30 183/161/30
f 105/162/30 169/176/30 170/163/30
f 119/102/30 183/161/30 184/164/30
f 106/104/30 170/163/30 171/165/30
f 120/105/30 184/164/30 185/166/30
f 129/167/30 161/141/30 162/154/30
f 131/169/30 163/144/30 161/141/30
f 131/169/30 132/170/30 164/147/30
f 132/170/30 133/172/30 165/150/30
f 134/171/30 166/153/30 165/150/30
f 135/173/30 167/156/30 166/153/30
f 135/173/30 136/174/30 168/158/30
f 136/174/30 137/215/30 169/160/30
f 138/175/30 170/163/30 169/176/30
f 139/178/30 171/165/30 170/163/30
f 139/178/30 140/179/30 172/100/30
f 140/179/30 141/181/30 173/136/30
f 142/180/30 174/138/30 173/136/30
f 143/182/30 175/140/30 174/138/30
f 143/182/30 144/132/30 176/143/30
f 144/132/30 145/134/30 177/146/30
f 146/183/30 178/149/30 177/146/30
f 147/184/30 179/152/30 178/149/30
f 147/184/30 148/185/30 180/155/30
f 148/185/30 149/187/30 181/157/30
f 150/186/30 182/159/30 181/157/30
f 151/188/30 183/161/30 182/159/30
f 151/188/30 152/189/30 184/164/30
f 152/189/30 153/191/30 185/166/30
f 154/190/30 186/135/30 185/166/30
f 155/192/30 187/137/30 186/135/30
f 155/192/30 156/193/30 188/139/30
f 156/193/30 157/195/30 189/142/30
f 158/194/30 190/145/30 189/142/30
f 159/196/30 191/148/30 190/145/30
f 159/196/30 160/197/30 192/151/30
f 160/197/30 130/168/30 162/154/30
f 195/200/30 193/315/30 223/303/30
f 193/315/30 194/296/30 223/303/30
f 194/296/30 224/298/30 223/303/30
f 223/303/30 222/308/30 221/312/30
f 221/312/30 220/317/30 219/361/30
f 219/361/30 218/360/30 215/356/30
f 218/360/30 217/359/30 215/356/30
f 217/359/30 216/358/30 215/356/30
f 215/356/30 214/355/30 213/354/30
f 213/354/30 212/353/30 211/198/30
f 211/198/30 210/352/30 207/269/30
f 210/352/30 209/351/30 207/269/30
f 209/351/30 208/267/30 207/269/30
f 207/269/30 206/272/30 205/275/30
f 205/275/30 204/278/30 203/199/30
f 203/199/30 202/283/30 199/292/30
f 202/283/30 201/286/30 199/292/30
f 201/286/30 200/289/30 199/292/30
f 199/292/30 198/295/30 197/301/30
f 197/301/30 196/306/30 195/200/30
f 223/303/30 221/312/30 219/361/30
f 215/356/30 213/354/30 211/198/30
f 207/269/30 205/275/30 203/199/30
f 199/292/30 197/301/30 195/200/30
f 195/200/30 223/303/30 219/361/30
f 219/361/30 215/356/30 211/198/30
f 211/198/30 207/269/30 203/199/30
f 203/199/30 199/292/30 195/200/30
f 195/200/30 219/361/30 211/198/30
f 131/169/19 227/231/19 228/201/19
f 158/194/14 254/232/14 255/202/14
f 145/134/1 241/133/1 242/203/1
f 132/170/20 228/201/20 229/204/20
f 159/196/15 255/202/15 256/205/15
f 146/183/2 242/203/2 243/206/2
f 133/172/21 229/204/21 230/207/21
f 160/197/16 256/205/16 226/208/16
f 147/184/3 243/206/3 244/209/3
f 134/171/22 230/207/22 231/210/22
f 148/185/4 244/209/4 245/211/4
f 135/173/23 231/210/23 232/212/23
f 149/187/5 245/211/5 246/213/5
f 136/174/24 232/212/24 233/214/24
f 150/186/6 246/213/6 247/216/6
f 137/177/25 233/243/25 234/217/25
f 151/188/7 247/216/7 248/218/7
f 138/175/26 234/217/26 235/219/26
f 152/189/8 248/218/8 249/220/8
f 139/178/27 235/219/27 236/221/27
f 153/191/9 249/220/9 250/222/9
f 140/179/28 236/221/28 237/223/28
f 154/190/10 250/222/10 251/224/10
f 141/181/29 237/223/29 238/225/29
f 155/192/11 251/224/11 252/226/11
f 142/180/31 238/225/31 239/227/31
f 130/168/17 226/208/17 225/228/17
f 156/193/12 252/226/12 253/229/12
f 143/182/32 239/227/32 240/230/32
f 129/167/18 225/228/18 227/231/18
f 157/195/13 253/229/13 254/232/13
f 258/233/30 257/234/30 225/228/30
f 257/234/30 259/236/30 227/231/30
f 260/235/30 228/201/30 227/231/30
f 260/235/30 261/238/30 229/204/30
f 262/237/30 230/207/30 229/204/30
f 263/239/30 231/210/30 230/207/30
f 264/240/30 232/212/30 231/210/30
f 265/241/30 233/214/30 232/212/30
f 265/242/30 266/244/30 234/217/30
f 266/244/30 267/246/30 235/219/30
f 268/245/30 236/221/30 235/219/30
f 268/245/30 269/248/30 237/223/30
f 270/247/30 238/225/30 237/223/30
f 271/249/30 239/227/30 238/225/30
f 272/250/30 240/230/30 239/227/30
f 273/251/30 241/133/30 240/230/30
f 273/251/30 274/252/30 242/203/30
f 274/252/30 275/254/30 243/206/30
f 276/253/30 244/209/30 243/206/30
f 276/253/30 277/256/30 245/211/30
f 278/255/30 246/213/30 245/211/30
f 279/257/30 247/216/30 246/213/30
f 280/258/30 248/218/30 247/216/30
f 281/259/30 249/220/30 248/218/30
f 281/259/30 282/260/30 250/222/30
f 282/260/30 283/262/30 251/224/30
f 284/261/30 252/226/30 251/224/30
f 284/261/30 285/264/30 253/229/30
f 286/263/30 254/232/30 253/229/30
f 287/265/30 255/202/30 254/232/30
f 288/266/30 256/205/30 255/202/30
f 258/233/30 226/208/30 256/205/30
f 208/267/32 336/335/32 335/268/32
f 282/260/26 314/273/26 315/270/26
f 207/269/31 335/268/31 334/271/31
f 281/259/25 313/276/25 314/273/25
f 206/272/29 334/271/29 333/274/29
f 280/258/24 312/279/24 313/276/24
f 205/275/28 333/274/28 332/277/28
f 279/257/23 311/281/23 312/279/23
f 204/278/27 332/277/27 331/280/27
f 278/255/22 310/284/22 311/281/22
f 203/199/26 331/280/26 330/282/26
f 277/256/21 309/287/21 310/284/21
f 202/283/25 330/282/25 329/285/25
f 276/253/20 308/290/20 309/287/20
f 201/286/24 329/327/24 328/288/24
f 275/254/19 307/293/19 308/290/19
f 200/289/23 328/288/23 327/291/23
f 274/252/18 306/299/18 307/293/18
f 199/292/22 327/291/22 326/294/22
f 194/296/16 322/318/16 352/297/16
f 273/251/17 305/304/17 306/299/17
f 198/295/21 326/294/21 325/300/21
f 224/298/15 352/297/15 351/302/15
f 272/250/16 304/309/16 305/304/16
f 197/301/20 325/300/20 324/305/20
f 223/303/14 351/302/14 350/307/14
f 271/249/15 303/313/15 304/309/15
f 196/306/19 324/305/19 323/310/19
f 222/308/13 350/307/13 349/311/13
f 270/247/14 302/333/14 303/313/14
f 195/200/18 323/310/18 321/314/18
f 221/312/12 349/311/12 348/316/12
f 322/318/30 321/314/30 289/319/30
f 323/310/30 291/321/30 289/319/30
f 324/305/30 292/323/30 291/321/30
f 324/305/30 325/300/30 293/322/30
f 326/294/30 294/324/30 293/322/30
f 327/291/30 295/326/30 294/324/30
f 327/291/30 328/288/30 296/325/30
f 329/327/30 297/357/30 296/325/30
f 329/285/30 330/282/30 298/328/30
f 331/280/30 299/330/30 298/328/30
f 332/277/30 300/332/30 299/330/30
f 332/277/30 333/274/30 301/331/30
f 334/271/30 302/333/30 301/331/30
f 335/268/30 303/313/30 302/333/30
f 335/268/30 336/335/30 304/309/30
f 337/334/30 305/304/30 304/309/30
f 337/334/30 338/337/30 306/299/30
f 339/336/30 307/293/30 306/299/30
f 340/338/30 308/290/30 307/293/30
f 340/338/30 341/340/30 309/287/30
f 342/339/30 310/284/30 309/287/30
f 343/341/30 311/281/30 310/284/30
f 343/341/30 344/343/30 312/279/30
f 345/342/30 313/276/30 312/279/30
f 345/342/30 346/345/30 314/273/30
f 347/344/30 315/270/30 314/273/30
f 348/316/30 316/347/30 315/270/30
f 348/316/30 349/311/30 317/346/30
f 350/307/30 318/348/30 317/346/30
f 351/302/30 319/350/30 318/348/30
f 351/302/30 352/297/30 320/349/30
f 322/318/30 290/320/30 320/349/30
f 283/262/27 315/270/27 316/347/27
f 258/233/1 290/320/1 289/319/1
f 209/351/34 337/334/34 336/335/34
f 284/261/28 316/347/28 317/346/28
f 257/234/2 289/319/2 291/321/2
f 210/352/1 338/337/1 337/334/1
f 285/264/29 317/346/29 318/348/29
f 259/236/3 291/321/3 292/323/3
f 211/198/2 339/336/2 338/337/2
f 286/263/31 318/348/31 319/350/31
f 260/235/4 292/323/4 293/322/4
f 212/353/3 340/338/3 339/336/3
f 287/265/32 319/350/32 320/349/32
f 261/238/5 293/322/5 294/324/5
f 213/354/4 341/340/4 340/338/4
f 288/266/34 320/349/34 290/320/34
f 262/237/6 294/324/6 295/326/6
f 214/355/5 342/339/5 341/340/5
f 263/239/7 295/326/7 296/325/7
f 215/356/6 343/341/6 342/339/6
f 264/240/8 296/325/8 297/357/8
f 216/358/7 344/343/7 343/341/7
f 265/242/9 297/329/9 298/328/9
f 217/359/8 345/342/8 344/343/8
f 266/244/10 298/328/10 299/330/10
f 218/360/9 346/345/9 345/342/9
f 267/246/11 299/330/11 300/332/11
f 219/361/10 347/344/10 346/345/10
f 268/245/12 300/332/12 301/331/12
f 220/317/11 348/316/11 347/344/11
f 193/315/17 321/314/17 322/318/17
f 269/248/13 301/331/13 302/333/13
f 416/1543/30 415/1544/30 414/1545/30
f 414/1545/30 413/1546/30 416/1543/30
f 413/1546/30 412/1547/30 416/1543/30
f 412/1547/30 411/1548/30 410/1549/30
f 410/1549/30 409/1550/30 408/1551/30
f 408/1551/30 407/1552/30 406/1553/30
f 406/1553/30 405/1554/30 408/1551/30
f 405/1554/30 404/1555/30 408/1551/30
f 404/1555/30 403/1556/30 402/1557/30
f 402/1557/30 401/1558/30 400/362/30
f 404/1555/30 402/1557/30 400/362/30
f 412/1547/30 410/1549/30 408/1551/30
f 386/1559/30 385/1560/30 416/1543/30
f 388/1561/30 387/1562/30 386/1559/30
f 390/1563/30 389/1564/30 386/1559/30
f 389/1564/30 388/1561/30 386/1559/30
f 392/1565/30 391/1566/30 390/1563/30
f 394/1567/30 393/1568/30 390/1563/30
f 393/1568/30 392/1565/30 390/1563/30
f 396/1569/30 395/1570/30 394/1567/30
f 398/364/30 397/1571/30 394/1567/30
f 397/1571/30 396/1569/30 394/1567/30
f 386/1559/30 416/1543/30 412/1547/30
f 412/1547/30 408/1551/30 400/362/30
f 408/1551/30 404/1555/30 400/362/30
f 398/364/30 394/1567/30 390/1563/30
f 390/1563/30 386/1559/30 412/1547/30
f 390/1563/30 412/1547/30 400/362/30
f 398/364/30 390/1563/30 400/362/30
f 400/362/30 418/1572/30 399/363/30
f 384/500/33 353/501/33 354/529/33
f 354/529/33 355/528/33 356/527/33
f 356/527/33 357/526/33 358/525/33
f 358/525/33 359/524/33 360/523/33
f 360/523/33 361/522/33 362/521/33
f 362/521/33 363/520/33 364/519/33
f 364/519/33 365/518/33 366/365/33
f 362/521/33 364/519/33 366/365/33
f 358/525/33 360/523/33 366/365/33
f 360/523/33 362/521/33 366/365/33
f 354/529/33 356/527/33 358/525/33
f 383/502/33 384/500/33 354/529/33
f 381/504/33 382/503/33 383/502/33
f 379/506/33 380/505/33 381/504/33
f 377/508/33 378/507/33 379/506/33
f 375/510/33 376/509/33 379/506/33
f 376/509/33 377/508/33 379/506/33
f 373/512/33 374/511/33 375/510/33
f 371/514/33 372/513/33 373/512/33
f 369/516/33 370/515/33 368/367/33
f 370/515/33 371/514/33 368/367/33
f 383/502/33 354/529/33 366/365/33
f 354/529/33 358/525/33 366/365/33
f 379/506/33 381/504/33 375/510/33
f 381/504/33 383/502/33 375/510/33
f 371/514/33 373/512/33 368/367/33
f 373/512/33 375/510/33 368/367/33
f 375/510/33 383/502/33 368/367/33
f 383/502/33 366/365/33 368/367/33
f 366/365/30 367/517/30 417/366/30
f 416/368/34 385/432/34 452/369/34
f 415/371/32 416/368/32 483/370/32
f 414/373/31 415/371/31 482/372/31
f 413/375/29 414/373/29 481/374/29
f 412/377/28 413/375/28 480/376/28
f 411/379/27 412/377/27 479/378/27
f 410/381/26 411/379/26 478/380/26
f 409/383/25 410/381/25 477/382/25
f 408/385/24 409/383/24 476/384/24
f 407/387/23 408/385/23 475/386/23
f 406/389/22 407/387/22 474/388/22
f 405/391/21 406/389/21 473/390/21
f 404/393/20 405/391/20 472/392/20
f 403/395/19 404/393/19 471/394/19
f 402/397/18 403/395/18 470/396/18
f 401/399/17 402/397/17 469/398/17
f 400/401/16 401/399/16 468/400/16
f 418/403/15 400/401/15 467/402/15
f 398/405/14 399/433/14 466/406/14
f 397/408/13 398/405/13 465/407/13
f 396/410/12 397/408/12 464/409/12
f 395/412/11 396/410/11 463/411/11
f 394/414/10 395/412/10 462/413/10
f 393/416/9 394/414/9 461/415/9
f 392/418/8 393/416/8 460/417/8
f 391/420/7 392/418/7 459/419/7
f 390/422/6 391/420/6 458/421/6
f 389/424/5 390/422/5 457/423/5
f 388/426/4 389/424/4 456/425/4
f 387/428/3 388/426/3 455/427/3
f 386/430/2 387/428/2 454/429/2
f 385/432/1 386/430/1 453/431/1
f 399/433/30 418/403/30 484/404/30
f 432/434/30 451/464/30 516/435/30
f 517/437/35 450/498/35 419/438/35
f 485/439/36 419/438/36 420/440/36
f 486/441/37 420/440/37 421/442/37
f 487/443/38 421/442/38 422/444/38
f 488/445/39 422/444/39 423/446/39
f 489/447/40 423/446/40 424/448/40
f 490/449/41 424/448/41 425/450/41
f 491/451/42 425/450/42 426/452/42
f 492/453/43 426/452/43 427/454/43
f 493/455/44 427/454/44 428/456/44
f 494/457/45 428/456/45 429/458/45
f 495/459/46 429/458/46 430/460/46
f 496/461/47 430/460/47 431/462/47
f 497/463/48 431/462/48 432/434/48
f 451/464/49 433/466/49 499/465/49
f 433/466/50 434/468/50 500/467/50
f 434/468/51 435/470/51 501/469/51
f 435/470/52 436/472/52 502/471/52
f 436/472/53 437/474/53 503/473/53
f 437/474/54 438/476/54 504/475/54
f 438/476/55 439/478/55 505/477/55
f 439/478/56 440/480/56 506/479/56
f 440/480/57 441/482/57 507/481/57
f 441/482/58 442/484/58 508/483/58
f 442/484/59 443/486/59 509/485/59
f 443/486/60 444/488/60 510/487/60
f 444/488/61 445/490/61 511/489/61
f 445/490/62 446/492/62 512/491/62
f 446/492/63 447/494/63 513/493/63
f 447/494/64 448/499/64 514/495/64
f 514/495/65 448/499/65 449/496/65
f 515/497/66 449/496/66 450/498/66
f 466/406/30 484/404/30 451/464/30
f 452/369/67 453/431/67 419/438/67
f 453/431/68 454/429/68 420/440/68
f 454/429/69 455/427/69 421/442/69
f 455/427/70 456/425/70 422/444/70
f 456/425/71 457/423/71 423/446/71
f 457/423/72 458/421/72 424/448/72
f 458/421/73 459/419/73 425/450/73
f 459/419/74 460/417/74 426/452/74
f 460/417/75 461/415/75 427/454/75
f 461/415/76 462/413/76 428/456/76
f 462/413/77 463/411/77 429/458/77
f 463/411/227 464/409/227 430/460/227
f 464/409/79 465/407/79 431/462/79
f 465/407/80 466/406/80 432/434/80
f 451/464/81 484/404/81 467/402/81
f 433/466/82 467/402/82 468/400/82
f 434/468/83 468/400/83 469/398/83
f 435/470/84 469/398/84 470/396/84
f 436/472/85 470/396/85 471/394/85
f 437/474/86 471/394/86 472/392/86
f 438/476/87 472/392/87 473/390/87
f 439/478/88 473/390/88 474/388/88
f 440/480/89 474/388/89 475/386/89
f 441/482/90 475/386/90 476/384/90
f 442/484/91 476/384/91 477/382/91
f 443/486/92 477/382/92 478/380/92
f 444/488/93 478/380/93 479/378/93
f 445/490/94 479/378/94 480/376/94
f 446/492/95 480/376/95 481/374/95
f 447/494/96 481/374/96 482/372/96
f 482/372/97 483/370/97 449/496/97
f 483/370/98 452/369/98 450/498/98
f 384/500/99 515/497/99 517/437/99
f 383/502/100 514/495/100 515/497/100
f 513/493/101 514/495/101 383/502/101
f 512/491/102 513/493/102 382/503/102
f 511/489/103 512/491/103 381/504/103
f 510/487/104 511/489/104 380/505/104
f 509/485/105 510/487/105 379/506/105
f 508/483/106 509/485/106 378/507/106
f 507/481/107 508/483/107 377/508/107
f 506/479/108 507/481/108 376/509/108
f 505/477/109 506/479/109 375/510/109
f 504/475/110 505/477/110 374/511/110
f 503/473/111 504/475/111 373/512/111
f 502/471/112 503/473/112 372/513/112
f 501/469/113 502/471/113 371/514/113
f 500/467/114 501/469/114 370/515/114
f 499/465/115 500/467/115 369/516/115
f 516/435/116 499/465/116 368/367/116
f 366/365/117 497/463/117 498/436/117
f 365/518/118 496/461/118 497/463/118
f 364/519/119 495/459/119 496/461/119
f 363/520/120 494/457/120 495/459/120
f 362/521/121 493/455/121 494/457/121
f 361/522/122 492/453/122 493/455/122
f 360/523/123 491/451/123 492/453/123
f 359/524/124 490/449/124 491/451/124
f 358/525/125 489/447/125 490/449/125
f 357/526/126 488/445/126 489/447/126
f 356/527/127 487/443/127 488/445/127
f 355/528/128 486/441/128 487/443/128
f 354/529/129 485/439/129 486/441/129
f 353/501/130 517/437/130 485/439/130
f 498/436/30 516/435/30 417/366/30
f 519/692/30 518/693/30 549/665/30
f 549/665/30 548/666/30 547/667/30
f 547/667/30 546/668/30 549/665/30
f 546/668/30 545/669/30 549/665/30
f 545/669/30 544/670/30 543/671/30
f 543/671/30 542/672/30 541/673/30
f 541/673/30 540/674/30 539/675/30
f 539/675/30 538/676/30 541/673/30
f 538/676/30 537/677/30 541/673/30
f 537/677/30 536/678/30 535/679/30
f 535/679/30 534/680/30 533/530/30
f 537/677/30 535/679/30 541/673/30
f 535/679/30 533/530/30 541/673/30
f 545/669/30 543/671/30 549/665/30
f 543/671/30 541/673/30 549/665/30
f 520/691/30 519/692/30 549/665/30
f 522/689/30 521/690/30 549/665/30
f 521/690/30 520/691/30 549/665/30
f 524/687/30 523/688/30 522/689/30
f 526/685/30 525/686/30 522/689/30
f 525/686/30 524/687/30 522/689/30
f 528/683/30 527/684/30 530/681/30
f 527/684/30 526/685/30 530/681/30
f 530/681/30 529/682/30 528/683/30
f 549/665/30 541/673/30 531/532/30
f 541/673/30 533/530/30 531/532/30
f 526/685/30 522/689/30 531/532/30
f 522/689/30 549/665/30 531/532/30
f 531/532/30 530/681/30 526/685/30
f 550/531/30 532/694/30 531/532/30
f 584/533/34 385/597/34 416/534/34
f 615/535/32 416/534/32 415/536/32
f 614/537/31 415/536/31 414/538/31
f 613/539/29 414/538/29 413/540/29
f 612/541/28 413/540/28 412/542/28
f 611/543/27 412/542/27 411/544/27
f 610/545/26 411/544/26 410/546/26
f 609/547/25 410/546/25 409/548/25
f 608/549/24 409/548/24 408/550/24
f 607/551/23 408/550/23 407/552/23
f 606/553/22 407/552/22 406/554/22
f 605/555/21 406/554/21 405/556/21
f 604/557/20 405/556/20 404/558/20
f 603/559/19 404/558/19 403/560/19
f 602/561/18 403/560/18 402/562/18
f 601/563/17 402/562/17 401/564/17
f 600/565/16 401/564/16 400/566/16
f 599/567/15 400/566/15 418/568/15
f 598/570/14 399/598/14 398/571/14
f 597/572/13 398/571/13 397/573/13
f 596/574/12 397/573/12 396/575/12
f 595/576/11 396/575/11 395/577/11
f 594/578/10 395/577/10 394/579/10
f 593/580/9 394/579/9 393/581/9
f 592/582/8 393/581/8 392/583/8
f 591/584/7 392/583/7 391/585/7
f 590/586/6 391/585/6 390/587/6
f 589/588/5 390/587/5 389/589/5
f 588/590/4 389/589/4 388/591/4
f 587/592/3 388/591/3 387/593/3
f 586/594/2 387/593/2 386/595/2
f 585/596/1 386/595/1 385/597/1
f 616/569/30 418/568/30 399/598/30
f 648/599/30 583/631/30 564/600/30
f 649/602/131 617/605/131 551/603/131
f 617/605/132 618/607/132 552/606/132
f 618/607/133 619/609/133 553/608/133
f 619/609/134 620/611/134 554/610/134
f 620/611/135 621/613/135 555/612/135
f 621/613/136 622/615/136 556/614/136
f 622/615/137 623/617/137 557/616/137
f 623/617/138 624/619/138 558/618/138
f 624/619/139 625/621/139 559/620/139
f 625/621/140 626/623/140 560/622/140
f 626/623/141 627/625/141 561/624/141
f 627/625/142 628/627/142 562/626/142
f 628/627/143 629/629/143 563/628/143
f 629/629/144 630/601/144 564/600/144
f 631/630/145 565/633/145 583/631/145
f 632/632/146 566/635/146 565/633/146
f 633/634/147 567/637/147 566/635/147
f 634/636/148 568/639/148 567/637/148
f 635/638/149 569/641/149 568/639/149
f 636/640/150 570/643/150 569/641/150
f 637/642/151 571/645/151 570/643/151
f 638/644/152 572/647/152 571/645/152
f 639/646/153 573/649/153 572/647/153
f 640/648/154 574/651/154 573/649/154
f 641/650/155 575/653/155 574/651/155
f 642/652/156 576/655/156 575/653/156
f 643/654/157 577/657/157 576/655/157
f 644/656/158 578/659/158 577/657/158
f 645/658/159 579/661/159 578/659/159
f 646/660/160 580/663/160 579/661/160
f 646/660/161 647/664/161 581/662/161
f 647/664/162 649/602/162 582/604/162
f 583/631/30 616/569/30 598/570/30
f 551/603/163 585/596/163 584/533/163
f 552/606/164 586/594/164 585/596/164
f 553/608/165 587/592/165 586/594/165
f 554/610/166 588/590/166 587/592/166
f 555/612/167 589/588/167 588/590/167
f 556/614/168 590/586/168 589/588/168
f 557/616/169 591/584/169 590/586/169
f 558/618/170 592/582/170 591/584/170
f 559/620/171 593/580/171 592/582/171
f 560/622/172 594/578/172 593/580/172
f 561/624/173 595/576/173 594/578/173
f 562/626/174 596/574/174 595/576/174
f 563/628/175 597/572/175 596/574/175
f 564/600/176 598/570/176 597/572/176
f 583/631/177 565/633/177 599/567/177
f 565/633/178 566/635/178 600/565/178
f 566/635/179 567/637/179 601/563/179
f 567/637/180 568/639/180 602/561/180
f 568/639/181 569/641/181 603/559/181
f 569/641/182 570/643/182 604/557/182
f 570/643/183 571/645/183 605/555/183
f 571/645/184 572/647/184 606/553/184
f 572/647/185 573/649/185 607/551/185
f 573/649/186 574/651/186 608/549/186
f 574/651/187 575/653/187 609/547/187
f 575/653/188 576/655/188 610/545/188
f 576/655/189 577/657/189 611/543/189
f 577/657/190 578/659/190 612/541/190
f 578/659/191 579/661/191 613/539/191
f 579/661/192 580/663/192 614/537/192
f 581/662/193 615/535/193 614/537/193
f 582/604/194 584/533/194 615/535/194
f 549/665/195 518/693/195 649/602/195
f 548/666/196 549/665/196 647/664/196
f 548/666/197 646/660/197 645/658/197
f 547/667/198 645/658/198 644/656/198
f 546/668/199 644/656/199 643/654/199
f 545/669/200 643/654/200 642/652/200
f 544/670/201 642/652/201 641/650/201
f 543/671/202 641/650/202 640/648/202
f 542/672/203 640/648/203 639/646/203
f 541/673/204 639/646/204 638/644/204
f 540/674/205 638/644/205 637/642/205
f 539/675/206 637/642/206 636/640/206
f 538/676/207 636/640/207 635/638/207
f 537/677/208 635/638/208 634/636/208
f 536/678/209 634/636/209 633/634/209
f 535/679/210 633/634/210 632/632/210
f 534/680/211 632/632/211 631/630/211
f 533/530/212 631/630/212 648/599/212
f 531/532/213 532/694/213 630/601/213
f 530/681/214 531/532/214 629/629/214
f 529/682/215 530/681/215 628/627/215
f 528/683/216 529/682/216 627/625/216
f 527/684/217 528/683/217 626/623/217
f 526/685/218 527/684/218 625/621/218
f 525/686/219 526/685/219 624/619/219
f 524/687/220 525/686/220 623/617/220
f 523/688/221 524/687/221 622/615/221
f 522/689/222 523/688/222 621/613/222
f 521/690/223 522/689/223 620/611/223
f 520/691/224 521/690/224 619/609/224
f 519/692/225 520/691/225 618/607/225
f 518/693/226 519/692/226 617/605/226
f 550/531/30 648/599/30 630/601/30
f 680/695/30 749/884/30 747/696/30
f 726/698/30 798/764/30 797/699/30
f 713/701/34 682/794/34 714/702/34
f 712/704/32 713/701/32 715/703/32
f 711/706/31 712/704/31 716/705/31
f 710/708/29 711/706/29 717/707/29
f 709/710/28 710/708/28 718/709/28
f 708/712/27 709/710/27 719/711/27
f 707/714/26 708/712/26 720/713/26
f 706/716/25 707/714/25 721/715/25
f 705/718/24 706/716/24 722/717/24
f 704/720/23 705/718/23 723/719/23
f 703/722/22 704/720/22 724/721/22
f 702/724/21 703/722/21 725/723/21
f 701/725/20 702/724/20 726/698/20
f 700/726/19 701/725/19 727/700/19
f 699/728/18 700/726/18 728/727/18
f 698/730/17 699/728/17 729/729/17
f 697/732/16 698/730/16 730/731/16
f 696/734/15 697/732/15 731/733/15
f 695/736/14 696/734/14 732/735/14
f 694/738/13 695/736/13 733/737/13
f 693/740/12 694/738/12 734/739/12
f 692/742/11 693/740/11 735/741/11
f 691/744/10 692/742/10 736/743/10
f 690/746/9 691/744/9 737/745/9
f 689/748/8 690/1573/8 738/749/8
f 688/751/7 689/748/7 739/750/7
f 687/753/6 688/751/6 740/752/6
f 686/755/5 687/753/5 741/754/5
f 685/757/4 686/755/4 742/756/4
f 684/759/3 685/757/3 743/758/3
f 683/761/2 684/759/2 744/760/2
f 739/750/30 785/765/30 784/763/30
f 725/723/30 799/766/30 798/764/30
f 738/749/30 786/829/30 785/765/30
f 724/721/30 800/768/30 799/766/30
f 737/745/30 787/769/30 786/767/30
f 723/719/30 801/770/30 800/768/30
f 736/743/30 788/771/30 787/769/30
f 722/717/30 802/772/30 801/770/30
f 735/741/30 789/773/30 788/771/30
f 721/715/30 803/774/30 802/772/30
f 734/739/30 790/775/30 789/773/30
f 720/713/30 804/776/30 803/774/30
f 733/737/30 791/777/30 790/775/30
f 719/711/30 805/779/30 804/776/30
f 732/735/30 792/780/30 791/777/30
f 745/762/30 779/781/30 748/778/30
f 718/709/30 806/782/30 805/779/30
f 731/733/30 793/783/30 792/780/30
f 744/760/30 780/784/30 779/781/30
f 717/707/30 807/785/30 806/782/30
f 730/731/30 794/786/30 793/783/30
f 743/758/30 781/787/30 780/784/30
f 716/705/30 808/788/30 807/785/30
f 729/729/30 795/789/30 794/786/30
f 742/756/30 782/790/30 781/787/30
f 715/703/30 809/791/30 808/788/30
f 728/727/30 796/792/30 795/789/30
f 741/754/30 783/793/30 782/790/30
f 714/702/30 748/778/30 809/791/30
f 727/700/30 797/699/30 796/792/30
f 740/752/30 784/763/30 783/793/30
f 682/794/1 683/761/1 745/762/1
f 769/795/30 864/896/30 863/796/30
f 800/768/30 832/800/30 831/798/30
f 787/769/30 819/801/30 818/799/30
f 801/770/30 833/802/30 832/800/30
f 788/771/30 820/803/30 819/801/30
f 802/772/30 834/804/30 833/802/30
f 789/773/30 821/805/30 820/803/30
f 803/774/30 835/806/30 834/804/30
f 790/775/30 822/807/30 821/805/30
f 804/776/30 836/808/30 835/806/30
f 791/777/30 823/809/30 822/807/30
f 805/779/30 837/811/30 836/808/30
f 792/780/30 824/812/30 823/809/30
f 779/781/30 811/813/30 679/810/30
f 806/782/30 838/814/30 837/811/30
f 793/783/30 825/815/30 824/812/30
f 780/784/30 812/816/30 811/813/30
f 807/785/30 839/817/30 838/814/30
f 794/786/30 826/818/30 825/815/30
f 781/787/30 813/819/30 812/816/30
f 808/788/30 840/820/30 839/817/30
f 795/789/30 827/821/30 826/818/30
f 782/790/30 814/822/30 813/819/30
f 809/791/30 841/823/30 840/820/30
f 796/792/30 828/824/30 827/821/30
f 783/793/30 815/825/30 814/822/30
f 748/778/30 679/810/30 841/823/30
f 797/699/30 829/826/30 828/824/30
f 784/763/30 816/827/30 815/825/30
f 798/764/30 830/828/30 829/826/30
f 785/765/30 817/830/30 816/827/30
f 799/766/30 831/798/30 830/828/30
f 786/829/30 818/1574/30 817/830/30
f 679/810/1 811/813/1 680/695/1
f 841/823/34 679/810/34 681/697/34
f 840/820/32 841/823/32 810/831/32
f 839/817/31 840/820/31 650/832/31
f 838/814/29 839/817/29 651/833/29
f 837/811/28 838/814/28 652/834/28
f 836/808/27 837/811/27 653/835/27
f 835/806/26 836/808/26 654/836/26
f 834/804/25 835/806/25 655/837/25
f 833/802/24 834/804/24 656/838/24
f 832/800/23 833/802/23 657/839/23
f 831/798/22 832/800/22 658/840/22
f 830/828/21 831/798/21 659/841/21
f 829/826/20 830/828/20 660/842/20
f 828/824/19 829/826/19 661/843/19
f 827/821/18 828/824/18 662/844/18
f 826/818/17 827/821/17 663/845/17
f 825/815/16 826/818/16 664/846/16
f 824/812/15 825/815/15 665/847/15
f 823/809/14 824/812/14 666/848/14
f 822/807/13 823/809/13 667/849/13
f 821/805/12 822/807/12 668/850/12
f 820/803/11 821/805/11 669/851/11
f 819/801/10 820/803/10 670/852/10
f 818/799/9 819/801/9 671/853/9
f 817/830/8 818/1574/8 672/855/8
f 816/827/7 817/830/7 673/856/7
f 815/825/6 816/827/6 674/857/6
f 814/822/5 815/825/5 675/858/5
f 813/819/4 814/822/4 676/859/4
f 812/816/3 813/819/3 677/860/3
f 811/813/2 812/816/2 678/861/2
f 660/842/30 768/797/30 767/862/30
f 667/849/30 761/888/30 760/863/30
f 674/857/30 754/889/30 753/864/30
f 654/836/30 774/890/30 773/865/30
f 661/843/30 767/862/30 766/866/30
f 668/850/30 760/863/30 759/867/30
f 675/858/30 753/864/30 752/868/30
f 655/837/30 773/865/30 772/869/30
f 662/844/30 766/866/30 765/870/30
f 669/851/30 759/867/30 758/871/30
f 676/859/30 752/868/30 751/872/30
f 656/838/30 772/869/30 771/873/30
f 663/845/30 765/870/30 764/874/30
f 670/852/30 758/871/30 757/875/30
f 810/831/30 746/881/30 778/876/30
f 677/860/30 751/872/30 750/877/30
f 657/839/30 771/873/30 770/878/30
f 650/832/30 778/876/30 777/879/30
f 664/846/30 764/874/30 763/880/30
f 681/697/30 747/696/30 746/881/30
f 671/853/30 757/875/30 756/882/30
f 651/833/30 777/879/30 776/883/30
f 678/861/30 750/877/30 749/884/30
f 658/840/30 770/878/30 769/795/30
f 665/847/30 763/880/30 762/885/30
f 672/855/30 756/894/30 755/886/30
f 652/834/30 776/883/30 775/887/30
f 659/841/30 769/795/30 768/797/30
f 666/848/30 762/885/30 761/888/30
f 673/856/30 755/886/30 754/889/30
f 653/835/30 775/887/30 774/890/30
f 842/893/33 843/907/33 846/915/33
f 843/907/33 844/910/33 846/915/33
f 844/910/33 845/912/33 846/915/33
f 846/915/33 847/918/33 848/920/33
f 848/920/33 849/922/33 850/895/33
f 850/895/33 851/897/33 854/902/33
f 851/897/33 852/899/33 854/902/33
f 852/899/33 853/900/33 854/902/33
f 854/902/33 855/904/33 856/906/33
f 856/906/33 857/909/33 858/891/33
f 858/891/33 859/914/33 862/921/33
f 859/914/33 860/917/33 862/921/33
f 860/917/33 861/919/33 862/921/33
f 862/921/33 863/796/33 864/896/33
f 864/896/33 865/898/33 866/892/33
f 866/892/33 867/901/33 870/908/33
f 867/901/33 868/903/33 870/908/33
f 868/903/33 869/905/33 870/908/33
f 870/908/33 871/911/33 872/913/33
f 872/913/33 873/916/33 842/893/33
f 846/915/33 848/920/33 842/893/33
f 848/920/33 850/895/33 842/893/33
f 854/902/33 856/906/33 850/895/33
f 856/906/33 858/891/33 850/895/33
f 862/921/33 864/896/33 858/891/33
f 864/896/33 866/892/33 858/891/33
f 870/908/33 872/913/33 866/892/33
f 872/913/33 842/893/33 866/892/33
f 842/893/33 850/895/33 858/891/33
f 756/894/30 851/897/30 850/895/30
f 770/878/30 865/898/30 864/896/30
f 757/875/30 852/899/30 851/897/30
f 771/873/30 866/892/30 865/898/30
f 758/871/30 853/900/30 852/899/30
f 772/869/30 867/901/30 866/892/30
f 759/867/30 854/902/30 853/900/30
f 773/865/30 868/903/30 867/901/30
f 760/863/30 855/904/30 854/902/30
f 774/890/30 869/905/30 868/903/30
f 761/888/30 856/906/30 855/904/30
f 747/696/30 843/907/30 842/893/30
f 775/887/30 870/908/30 869/905/30
f 762/885/30 857/909/30 856/906/30
f 749/884/30 844/910/30 843/907/30
f 776/883/30 871/911/30 870/908/30
f 763/880/30 858/891/30 857/909/30
f 750/877/30 845/912/30 844/910/30
f 777/879/30 872/913/30 871/911/30
f 764/874/30 859/914/30 858/891/30
f 751/872/30 846/915/30 845/912/30
f 778/876/30 873/916/30 872/913/30
f 765/870/30 860/917/30 859/914/30
f 752/868/30 847/918/30 846/915/30
f 746/881/30 842/893/30 873/916/30
f 766/866/30 861/919/30 860/917/30
f 753/864/30 848/920/30 847/918/30
f 767/862/30 862/921/30 861/919/30
f 754/889/30 849/922/30 848/920/30
f 768/797/30 863/796/30 862/921/30
f 755/886/30 850/895/30 849/922/30
f 939/923/30 941/1080/30 904/924/30
f 989/926/30 990/961/30 918/927/30
f 906/929/34 682/794/34 713/701/34
f 907/930/32 713/701/32 712/704/32
f 908/931/31 712/704/31 711/706/31
f 909/932/29 711/706/29 710/708/29
f 910/933/28 710/708/28 709/710/28
f 911/934/27 709/710/27 708/712/27
f 912/935/26 708/712/26 707/714/26
f 913/936/25 707/714/25 706/716/25
f 914/937/24 706/716/24 705/718/24
f 915/938/23 705/718/23 704/720/23
f 916/939/22 704/720/22 703/722/22
f 917/940/21 703/722/21 702/724/21
f 918/927/20 702/724/20 701/725/20
f 919/928/19 701/725/19 700/726/19
f 920/941/18 700/726/18 699/728/18
f 921/942/17 699/728/17 698/730/17
f 922/943/16 698/730/16 697/732/16
f 923/944/15 697/732/15 696/734/15
f 924/945/14 696/734/14 695/736/14
f 925/946/13 695/736/13 694/738/13
f 926/947/12 694/738/12 693/740/12
f 927/948/11 693/740/11 692/742/11
f 928/949/10 692/742/10 691/744/10
f 929/950/9 691/744/9 690/746/9
f 930/952/8 690/1573/8 689/748/8
f 931/953/7 689/748/7 688/751/7
f 932/954/6 688/751/6 687/753/6
f 933/955/5 687/753/5 686/755/5
f 934/956/4 686/755/4 685/757/4
f 935/957/3 685/757/3 684/759/3
f 936/958/2 684/759/2 683/761/2
f 976/960/30 977/962/30 931/953/30
f 990/961/30 991/963/30 917/940/30
f 977/962/30 978/1026/30 930/952/30
f 991/963/30 992/965/30 916/939/30
f 978/964/30 979/966/30 929/950/30
f 992/965/30 993/967/30 915/938/30
f 979/966/30 980/968/30 928/949/30
f 993/967/30 994/969/30 914/937/30
f 980/968/30 981/970/30 927/948/30
f 994/969/30 995/971/30 913/936/30
f 981/970/30 982/972/30 926/947/30
f 995/971/30 996/973/30 912/935/30
f 982/972/30 983/974/30 925/946/30
f 996/973/30 997/976/30 911/934/30
f 983/974/30 984/977/30 924/945/30
f 940/975/30 971/978/30 937/959/30
f 997/976/30 998/979/30 910/933/30
f 984/977/30 985/980/30 923/944/30
f 971/978/30 972/981/30 936/958/30
f 998/979/30 999/982/30 909/932/30
f 985/980/30 986/983/30 922/943/30
f 972/981/30 973/984/30 935/957/30
f 999/982/30 1000/985/30 908/931/30
f 986/983/30 987/986/30 921/942/30
f 973/984/30 974/987/30 934/956/30
f 1000/985/30 1001/988/30 907/930/30
f 987/986/30 988/989/30 920/941/30
f 974/987/30 975/990/30 933/955/30
f 1001/988/30 940/975/30 906/929/30
f 988/989/30 989/926/30 919/928/30
f 975/990/30 976/960/30 932/954/30
f 937/959/1 683/761/1 682/794/1
f 1055/991/30 1056/1092/30 961/992/30
f 1023/994/30 1024/996/30 992/965/30
f 1010/995/30 1011/997/30 979/966/30
f 1024/996/30 1025/998/30 993/967/30
f 1011/997/30 1012/999/30 980/968/30
f 1025/998/30 1026/1000/30 994/969/30
f 1012/999/30 1013/1001/30 981/970/30
f 1026/1000/30 1027/1002/30 995/971/30
f 1013/1001/30 1014/1003/30 982/972/30
f 1027/1002/30 1028/1004/30 996/973/30
f 1014/1003/30 1015/1005/30 983/974/30
f 1028/1004/30 1029/1007/30 997/976/30
f 1015/1005/30 1016/1008/30 984/977/30
f 903/1006/30 1003/1009/30 971/978/30
f 1029/1007/30 1030/1010/30 998/979/30
f 1016/1008/30 1017/1011/30 985/980/30
f 1003/1009/30 1004/1012/30 972/981/30
f 1030/1010/30 1031/1013/30 999/982/30
f 1017/1011/30 1018/1014/30 986/983/30
f 1004/1012/30 1005/1015/30 973/984/30
f 1031/1013/30 1032/1016/30 1000/985/30
f 1018/1014/30 1019/1017/30 987/986/30
f 1005/1015/30 1006/1018/30 974/987/30
f 1032/1016/30 1033/1019/30 1001/988/30
f 1019/1017/30 1020/1020/30 988/989/30
f 1006/1018/30 1007/1021/30 975/990/30
f 1033/1019/30 903/1006/30 940/975/30
f 1020/1020/30 1021/1022/30 989/926/30
f 1007/1021/30 1008/1023/30 976/960/30
f 1021/1022/30 1022/1024/30 990/961/30
f 1008/1023/30 1009/1025/30 977/962/30
f 1022/1024/30 1023/994/30 991/963/30
f 1009/1025/30 1010/1575/30 978/1026/30
f 904/924/1 1003/1009/1 903/1006/1
f 905/925/34 903/1006/34 1033/1019/34
f 1002/1027/32 1033/1019/32 1032/1016/32
f 874/1028/31 1032/1016/31 1031/1013/31
f 875/1029/29 1031/1013/29 1030/1010/29
f 876/1030/28 1030/1010/28 1029/1007/28
f 877/1031/27 1029/1007/27 1028/1004/27
f 878/1032/26 1028/1004/26 1027/1002/26
f 879/1033/25 1027/1002/25 1026/1000/25
f 880/1034/24 1026/1000/24 1025/998/24
f 881/1035/23 1025/998/23 1024/996/23
f 882/1036/22 1024/996/22 1023/994/22
f 883/1037/21 1023/994/21 1022/1024/21
f 884/1038/20 1022/1024/20 1021/1022/20
f 885/1039/19 1021/1022/19 1020/1020/19
f 886/1040/18 1020/1020/18 1019/1017/18
f 887/1041/17 1019/1017/17 1018/1014/17
f 888/1042/16 1018/1014/16 1017/1011/16
f 889/1043/15 1017/1011/15 1016/1008/15
f 890/1044/14 1016/1008/14 1015/1005/14
f 891/1045/13 1015/1005/13 1014/1003/13
f 892/1046/12 1014/1003/12 1013/1001/12
f 893/1047/11 1013/1001/11 1012/999/11
f 894/1048/10 1012/999/10 1011/997/10
f 895/1049/9 1011/997/9 1010/995/9
f 896/1051/8 1010/1575/8 1009/1025/8
f 897/1052/7 1009/1025/7 1008/1023/7
f 898/1053/6 1008/1023/6 1007/1021/6
f 899/1054/5 1007/1021/5 1006/1018/5
f 900/1055/4 1006/1018/4 1005/1015/4
f 901/1056/3 1005/1015/3 1004/1012/3
f 902/1057/2 1004/1012/2 1003/1009/2
f 959/1058/30 960/993/30 884/1038/30
f 952/1059/30 953/1084/30 891/1045/30
f 945/1060/30 946/1085/30 898/1053/30
f 965/1061/30 966/1086/30 878/1032/30
f 958/1062/30 959/1058/30 885/1039/30
f 951/1063/30 952/1059/30 892/1046/30
f 944/1064/30 945/1060/30 899/1054/30
f 964/1065/30 965/1061/30 879/1033/30
f 957/1066/30 958/1062/30 886/1040/30
f 950/1067/30 951/1063/30 893/1047/30
f 943/1068/30 944/1064/30 900/1055/30
f 963/1069/30 964/1065/30 880/1034/30
f 956/1070/30 957/1066/30 887/1041/30
f 949/1071/30 950/1067/30 894/1048/30
f 970/1072/30 938/1077/30 1002/1027/30
f 942/1073/30 943/1068/30 901/1056/30
f 962/1074/30 963/1069/30 881/1035/30
f 969/1075/30 970/1072/30 874/1028/30
f 955/1076/30 956/1070/30 888/1042/30
f 938/1077/30 939/923/30 905/925/30
f 948/1078/30 949/1071/30 895/1049/30
f 968/1079/30 969/1075/30 875/1029/30
f 941/1080/30 942/1073/30 902/1057/30
f 961/992/30 962/1074/30 882/1036/30
f 954/1081/30 955/1076/30 889/1043/30
f 947/1082/30 948/1091/30 896/1051/30
f 967/1083/30 968/1079/30 876/1030/30
f 960/993/30 961/992/30 883/1037/30
f 953/1084/30 954/1081/30 890/1044/30
f 946/1085/30 947/1082/30 897/1052/30
f 966/1086/30 967/1083/30 877/1031/30
f 1036/1089/30 1035/1104/30 1064/1110/30
f 1035/1104/30 1034/1101/30 1064/1110/30
f 1034/1101/30 1065/1113/30 1064/1110/30
f 1064/1110/30 1063/1107/30 1062/1105/30
f 1062/1105/30 1061/1102/30 1060/1099/30
f 1060/1099/30 1059/1097/30 1056/1092/30
f 1059/1097/30 1058/1095/30 1056/1092/30
f 1058/1095/30 1057/1094/30 1056/1092/30
f 1056/1092/30 1055/991/30 1054/1117/30
f 1054/1117/30 1053/1115/30 1052/1087/30
f 1052/1087/30 1051/1111/30 1048/1103/30
f 1051/1111/30 1050/1108/30 1048/1103/30
f 1050/1108/30 1049/1106/30 1048/1103/30
f 1048/1103/30 1047/1100/30 1046/1098/30
f 1046/1098/30 1045/1096/30 1044/1088/30
f 1044/1088/30 1043/1093/30 1040/1116/30
f 1043/1093/30 1042/1090/30 1040/1116/30
f 1042/1090/30 1041/1118/30 1040/1116/30
f 1040/1116/30 1039/1114/30 1038/1112/30
f 1038/1112/30 1037/1109/30 1036/1089/30
f 1064/1110/30 1062/1105/30 1036/1089/30
f 1062/1105/30 1060/1099/30 1036/1089/30
f 1056/1092/30 1054/1117/30 1060/1099/30
f 1054/1117/30 1052/1087/30 1060/1099/30
f 1048/1103/30 1046/1098/30 1052/1087/30
f 1046/1098/30 1044/1088/30 1052/1087/30
f 1040/1116/30 1038/1112/30 1044/1088/30
f 1038/1112/30 1036/1089/30 1044/1088/30
f 1036/1089/30 1060/1099/30 1052/1087/30
f 1042/1090/30 1043/1093/30 948/1091/30
f 1056/1092/30 1057/1094/30 962/1074/30
f 1043/1093/30 1044/1088/30 949/1071/30
f 1057/1094/30 1058/1095/30 963/1069/30
f 1044/1088/30 1045/1096/30 950/1067/30
f 1058/1095/30 1059/1097/30 964/1065/30
f 1045/1096/30 1046/1098/30 951/1063/30
f 1059/1097/30 1060/1099/30 965/1061/30
f 1046/1098/30 1047/1100/30 952/1059/30
f 1060/1099/30 1061/1102/30 966/1086/30
f 1047/1100/30 1048/1103/30 953/1084/30
f 1034/1101/30 1035/1104/30 939/923/30
f 1061/1102/30 1062/1105/30 967/1083/30
f 1048/1103/30 1049/1106/30 954/1081/30
f 1035/1104/30 1036/1089/30 941/1080/30
f 1062/1105/30 1063/1107/30 968/1079/30
f 1049/1106/30 1050/1108/30 955/1076/30
f 1036/1089/30 1037/1109/30 942/1073/30
f 1063/1107/30 1064/1110/30 969/1075/30
f 1050/1108/30 1051/1111/30 956/1070/30
f 1037/1109/30 1038/1112/30 943/1068/30
f 1064/1110/30 1065/1113/30 970/1072/30
f 1051/1111/30 1052/1087/30 957/1066/30
f 1038/1112/30 1039/1114/30 944/1064/30
f 1065/1113/30 1034/1101/30 938/1077/30
f 1052/1087/30 1053/1115/30 958/1062/30
f 1039/1114/30 1040/1116/30 945/1060/30
f 1053/1115/30 1054/1117/30 959/1058/30
f 1040/1116/30 1041/1118/30 946/1085/30
f 1054/1117/30 1055/991/30 960/993/30
f 1041/1118/30 1042/1090/30 947/1082/30
f 1096/1119/30 1165/1308/30 1163/1120/30
f 1142/1122/30 1214/1188/30 1213/1123/30
f 1129/1125/34 1098/1218/34 1130/1126/34
f 1128/1128/32 1129/1125/32 1131/1127/32
f 1127/1130/31 1128/1128/31 1132/1129/31
f 1126/1132/29 1127/1130/29 1133/1131/29
f 1125/1134/28 1126/1132/28 1134/1133/28
f 1124/1136/27 1125/1134/27 1135/1135/27
f 1123/1138/26 1124/1136/26 1136/1137/26
f 1122/1140/25 1123/1138/25 1137/1139/25
f 1121/1142/24 1122/1140/24 1138/1141/24
f 1120/1144/23 1121/1142/23 1139/1143/23
f 1119/1146/22 1120/1144/22 1140/1145/22
f 1118/1148/21 1119/1146/21 1141/1147/21
f 1117/1149/20 1118/1148/20 1142/1122/20
f 1116/1150/19 1117/1149/19 1143/1124/19
f 1115/1152/18 1116/1150/18 1144/1151/18
f 1114/1154/17 1115/1152/17 1145/1153/17
f 1113/1156/16 1114/1154/16 1146/1155/16
f 1112/1158/15 1113/1156/15 1147/1157/15
f 1111/1160/14 1112/1158/14 1148/1159/14
f 1110/1162/13 1111/1160/13 1149/1161/13
f 1109/1164/12 1110/1162/12 1150/1163/12
f 1108/1166/11 1109/1164/11 1151/1165/11
f 1107/1168/10 1108/1166/10 1152/1167/10
f 1106/1170/9 1107/1168/9 1153/1169/9
f 1105/1172/8 1106/1576/8 1154/1173/8
f 1104/1175/7 1105/1172/7 1155/1174/7
f 1103/1177/6 1104/1175/6 1156/1176/6
f 1102/1179/5 1103/1177/5 1157/1178/5
f 1101/1181/4 1102/1179/4 1158/1180/4
f 1100/1183/3 1101/1181/3 1159/1182/3
f 1099/1185/2 1100/1183/2 1160/1184/2
f 1155/1174/30 1201/1189/30 1200/1187/30
f 1141/1147/30 1215/1190/30 1214/1188/30
f 1154/1173/30 1202/1253/30 1201/1189/30
f 1140/1145/30 1216/1192/30 1215/1190/30
f 1153/1169/30 1203/1193/30 1202/1191/30
f 1139/1143/30 1217/1194/30 1216/1192/30
f 1152/1167/30 1204/1195/30 1203/1193/30
f 1138/1141/30 1218/1196/30 1217/1194/30
f 1151/1165/30 1205/1197/30 1204/1195/30
f 1137/1139/30 1219/1198/30 1218/1196/30
f 1150/1163/30 1206/1199/30 1205/1197/30
f 1136/1137/30 1220/1200/30 1219/1198/30
f 1149/1161/30 1207/1201/30 1206/1199/30
f 1135/1135/30 1221/1203/30 1220/1200/30
f 1148/1159/30 1208/1204/30 1207/1201/30
f 1161/1186/30 1195/1205/30 1164/1202/30
f 1134/1133/30 1222/1206/30 1221/1203/30
f 1147/1157/30 1209/1207/30 1208/1204/30
f 1160/1184/30 1196/1208/30 1195/1205/30
f 1133/1131/30 1223/1209/30 1222/1206/30
f 1146/1155/30 1210/1210/30 1209/1207/30
f 1159/1182/30 1197/1211/30 1196/1208/30
f 1132/1129/30 1224/1212/30 1223/1209/30
f 1145/1153/30 1211/1213/30 1210/1210/30
f 1158/1180/30 1198/1214/30 1197/1211/30
f 1131/1127/30 1225/1215/30 1224/1212/30
f 1144/1151/30 1212/1216/30 1211/1213/30
f 1157/1178/30 1199/1217/30 1198/1214/30
f 1130/1126/30 1164/1202/30 1225/1215/30
f 1143/1124/30 1213/1123/30 1212/1216/30
f 1156/1176/30 1200/1187/30 1199/1217/30
f 1098/1218/1 1099/1185/1 1161/1186/1
f 1185/1219/30 1280/1320/30 1279/1220/30
f 1216/1192/30 1248/1224/30 1247/1222/30
f 1203/1193/30 1235/1225/30 1234/1223/30
f 1217/1194/30 1249/1226/30 1248/1224/30
f 1204/1195/30 1236/1227/30 1235/1225/30
f 1218/1196/30 1250/1228/30 1249/1226/30
f 1205/1197/30 1237/1229/30 1236/1227/30
f 1219/1198/30 1251/1230/30 1250/1228/30
f 1206/1199/30 1238/1231/30 1237/1229/30
f 1220/1200/30 1252/1232/30 1251/1230/30
f 1207/1201/30 1239/1233/30 1238/1231/30
f 1221/1203/30 1253/1235/30 1252/1232/30
f 1208/1204/30 1240/1236/30 1239/1233/30
f 1195/1205/30 1227/1237/30 1095/1234/30
f 1222/1206/30 1254/1238/30 1253/1235/30
f 1209/1207/30 1241/1239/30 1240/1236/30
f 1196/1208/30 1228/1240/30 1227/1237/30
f 1223/1209/30 1255/1241/30 1254/1238/30
f 1210/1210/30 1242/1242/30 1241/1239/30
f 1197/1211/30 1229/1243/30 1228/1240/30
f 1224/1212/30 1256/1244/30 1255/1241/30
f 1211/1213/30 1243/1245/30 1242/1242/30
f 1198/1214/30 1230/1246/30 1229/1243/30
f 1225/1215/30 1257/1247/30 1256/1244/30
f 1212/1216/30 1244/1248/30 1243/1245/30
f 1199/1217/30 1231/1249/30 1230/1246/30
f 1164/1202/30 1095/1234/30 1257/1247/30
f 1213/1123/30 1245/1250/30 1244/1248/30
f 1200/1187/30 1232/1251/30 1231/1249/30
f 1214/1188/30 1246/1252/30 1245/1250/30
f 1201/1189/30 1233/1254/30 1232/1251/30
f 1215/1190/30 1247/1222/30 1246/1252/30
f 1202/1253/30 1234/1577/30 1233/1254/30
f 1095/1234/1 1227/1237/1 1096/1119/1
f 1257/1247/34 1095/1234/34 1097/1121/34
f 1256/1244/32 1257/1247/32 1226/1255/32
f 1255/1241/31 1256/1244/31 1066/1256/31
f 1254/1238/29 1255/1241/29 1067/1257/29
f 1253/1235/28 1254/1238/28 1068/1258/28
f 1252/1232/27 1253/1235/27 1069/1259/27
f 1251/1230/26 1252/1232/26 1070/1260/26
f 1250/1228/25 1251/1230/25 1071/1261/25
f 1249/1226/24 1250/1228/24 1072/1262/24
f 1248/1224/23 1249/1226/23 1073/1263/23
f 1247/1222/22 1248/1224/22 1074/1264/22
f 1246/1252/21 1247/1222/21 1075/1265/21
f 1245/1250/20 1246/1252/20 1076/1266/20
f 1244/1248/19 1245/1250/19 1077/1267/19
f 1243/1245/18 1244/1248/18 1078/1268/18
f 1242/1242/17 1243/1245/17 1079/1269/17
f 1241/1239/16 1242/1242/16 1080/1270/16
f 1240/1236/15 1241/1239/15 1081/1271/15
f 1239/1233/14 1240/1236/14 1082/1272/14
f 1238/1231/13 1239/1233/13 1083/1273/13
f 1237/1229/12 1238/1231/12 1084/1274/12
f 1236/1227/11 1237/1229/11 1085/1275/11
f 1235/1225/10 1236/1227/10 1086/1276/10
f 1234/1223/9 1235/1225/9 1087/1277/9
f 1233/1254/8 1234/1577/8 1088/1279/8
f 1232/1251/7 1233/1254/7 1089/1280/7
f 1231/1249/6 1232/1251/6 1090/1281/6
f 1230/1246/5 1231/1249/5 1091/1282/5
f 1229/1243/4 1230/1246/4 1092/1283/4
f 1228/1240/3 1229/1243/3 1093/1284/3
f 1227/1237/2 1228/1240/2 1094/1285/2
f 1076/1266/30 1184/1221/30 1183/1286/30
f 1083/1273/30 1177/1312/30 1176/1287/30
f 1090/1281/30 1170/1313/30 1169/1288/30
f 1070/1260/30 1190/1314/30 1189/1289/30
f 1077/1267/30 1183/1286/30 1182/1290/30
f 1084/1274/30 1176/1287/30 1175/1291/30
f 1091/1282/30 1169/1288/30 1168/1292/30
f 1071/1261/30 1189/1289/30 1188/1293/30
f 1078/1268/30 1182/1290/30 1181/1294/30
f 1085/1275/30 1175/1291/30 1174/1295/30
f 1092/1283/30 1168/1292/30 1167/1296/30
f 1072/1262/30 1188/1293/30 1187/1297/30
f 1079/1269/30 1181/1294/30 1180/1298/30
f 1086/1276/30 1174/1295/30 1173/1299/30
f 1226/1255/30 1162/1305/30 1194/1300/30
f 1093/1284/30 1167/1296/30 1166/1301/30
f 1073/1263/30 1187/1297/30 1186/1302/30
f 1066/1256/30 1194/1300/30 1193/1303/30
f 1080/1270/30 1180/1298/30 1179/1304/30
f 1097/1121/30 1163/1120/30 1162/1305/30
f 1087/1277/30 1173/1299/30 1172/1306/30
f 1067/1257/30 1193/1303/30 1192/1307/30
f 1094/1285/30 1166/1301/30 1165/1308/30
f 1074/1264/30 1186/1302/30 1185/1219/30
f 1081/1271/30 1179/1304/30 1178/1309/30
f 1088/1279/30 1172/1318/30 1171/1310/30
f 1068/1258/30 1192/1307/30 1191/1311/30
f 1075/1265/30 1185/1219/30 1184/1221/30
f 1082/1272/30 1178/1309/30 1177/1312/30
f 1089/1280/30 1171/1310/30 1170/1313/30
f 1069/1259/30 1191/1311/30 1190/1314/30
f 1258/1317/33 1259/1331/33 1260/1334/33
f 1260/1334/33 1261/1336/33 1258/1317/33
f 1261/1336/33 1262/1339/33 1258/1317/33
f 1262/1339/33 1263/1342/33 1264/1344/33
f 1264/1344/33 1265/1346/33 1262/1339/33
f 1265/1346/33 1266/1319/33 1262/1339/33
f 1266/1319/33 1267/1321/33 1268/1323/33
f 1268/1323/33 1269/1324/33 1266/1319/33
f 1269/1324/33 1270/1326/33 1266/1319/33
f 1270/1326/33 1271/1328/33 1272/1330/33
f 1272/1330/33 1273/1333/33 1270/1326/33
f 1273/1333/33 1274/1315/33 1270/1326/33
f 1274/1315/33 1275/1338/33 1276/1341/33
f 1276/1341/33 1277/1343/33 1274/1315/33
f 1277/1343/33 1278/1345/33 1274/1315/33
f 1278/1345/33 1279/1220/33 1280/1320/33
f 1280/1320/33 1281/1322/33 1278/1345/33
f 1281/1322/33 1282/1316/33 1278/1345/33
f 1282/1316/33 1283/1325/33 1284/1327/33
f 1284/1327/33 1285/1329/33 1282/1316/33
f 1285/1329/33 1286/1332/33 1282/1316/33
f 1286/1332/33 1287/1335/33 1288/1337/33
f 1288/1337/33 1289/1340/33 1286/1332/33
f 1289/1340/33 1258/1317/33 1286/1332/33
f 1258/1317/33 1262/1339/33 1266/1319/33
f 1266/1319/33 1270/1326/33 1274/1315/33
f 1274/1315/33 1278/1345/33 1282/1316/33
f 1282/1316/33 1286/1332/33 1258/1317/33
f 1258/1317/33 1266/1319/33 1274/1315/33
f 1172/1318/30 1267/1321/30 1266/1319/30
f 1186/1302/30 1281/1322/30 1280/1320/30
f 1173/1299/30 1268/1323/30 1267/1321/30
f 1187/1297/30 1282/1316/30 1281/1322/30
f 1174/1295/30 1269/1324/30 1268/1323/30
f 1188/1293/30 1283/1325/30 1282/1316/30
f 1175/1291/30 1270/1326/30 1269/1324/30
f 1189/1289/30 1284/1327/30 1283/1325/30
f 1176/1287/30 1271/1328/30 1270/1326/30
f 1190/1314/30 1285/1329/30 1284/1327/30
f 1177/1312/30 1272/1330/30 1271/1328/30
f 1163/1120/30 1259/1331/30 1258/1317/30
f 1191/1311/30 1286/1332/30 1285/1329/30
f 1178/1309/30 1273/1333/30 1272/1330/30
f 1165/1308/30 1260/1334/30 1259/1331/30
f 1192/1307/30 1287/1335/30 1286/1332/30
f 1179/1304/30 1274/1315/30 1273/1333/30
f 1166/1301/30 1261/1336/30 1260/1334/30
f 1193/1303/30 1288/1337/30 1287/1335/30
f 1180/1298/30 1275/1338/30 1274/1315/30
f 1167/1296/30 1262/1339/30 1261/1336/30
f 1194/1300/30 1289/1340/30 1288/1337/30
f 1181/1294/30 1276/1341/30 1275/1338/30
f 1168/1292/30 1263/1342/30 1262/1339/30
f 1162/1305/30 1258/1317/30 1289/1340/30
f 1182/1290/30 1277/1343/30 1276/1341/30
f 1169/1288/30 1264/1344/30 1263/1342/30
f 1183/1286/30 1278/1345/30 1277/1343/30
f 1170/1313/30 1265/1346/30 1264/1344/30
f 1184/1221/30 1279/1220/30 1278/1345/30
f 1171/1310/30 1266/1319/30 1265/1346/30
f 1355/1347/30 1357/1504/30 1320/1348/30
f 1405/1350/30 1406/1385/30 1334/1351/30
f 1322/1353/34 1098/1218/34 1129/1125/34
f 1323/1354/32 1129/1125/32 1128/1128/32
f 1324/1355/31 1128/1128/31 1127/1130/31
f 1325/1356/29 1127/1130/29 1126/1132/29
f 1326/1357/28 1126/1132/28 1125/1134/28
f 1327/1358/27 1125/1134/27 1124/1136/27
f 1328/1359/26 1124/1136/26 1123/1138/26
f 1329/1360/25 1123/1138/25 1122/1140/25
f 1330/1361/24 1122/1140/24 1121/1142/24
f 1331/1362/23 1121/1142/23 1120/1144/23
f 1332/1363/22 1120/1144/22 1119/1146/22
f 1333/1364/21 1119/1146/21 1118/1148/21
f 1334/1351/20 1118/1148/20 1117/1149/20
f 1335/1352/19 1117/1149/19 1116/1150/19
f 1336/1365/18 1116/1150/18 1115/1152/18
f 1337/1366/17 1115/1152/17 1114/1154/17
f 1338/1367/16 1114/1154/16 1113/1156/16
f 1339/1368/15 1113/1156/15 1112/1158/15
f 1340/1369/14 1112/1158/14 1111/1160/14
f 1341/1370/13 1111/1160/13 1110/1162/13
f 1342/1371/12 1110/1162/12 1109/1164/12
f 1343/1372/11 1109/1164/11 1108/1166/11
f 1344/1373/10 1108/1166/10 1107/1168/10
f 1345/1374/9 1107/1168/9 1106/1170/9
f 1346/1376/8 1106/1576/8 1105/1172/8
f 1347/1377/7 1105/1172/7 1104/1175/7
f 1348/1378/6 1104/1175/6 1103/1177/6
f 1349/1379/5 1103/1177/5 1102/1179/5
f 1350/1380/4 1102/1179/4 1101/1181/4
f 1351/1381/3 1101/1181/3 1100/1183/3
f 1352/1382/2 1100/1183/2 1099/1185/2
f 1392/1384/30 1393/1386/30 1347/1377/30
f 1406/1385/30 1407/1387/30 1333/1364/30
f 1393/1386/30 1394/1450/30 1346/1376/30
f 1407/1387/30 1408/1389/30 1332/1363/30
f 1394/1388/30 1395/1390/30 1345/1374/30
f 1408/1389/30 1409/1391/30 1331/1362/30
f 1395/1390/30 1396/1392/30 1344/1373/30
f 1409/1391/30 1410/1393/30 1330/1361/30
f 1396/1392/30 1397/1394/30 1343/1372/30
f 1410/1393/30 1411/1395/30 1329/1360/30
f 1397/1394/30 1398/1396/30 1342/1371/30
f 1411/1395/30 1412/1397/30 1328/1359/30
f 1398/1396/30 1399/1398/30 1341/1370/30
f 1412/1397/30 1413/1400/30 1327/1358/30
f 1399/1398/30 1400/1401/30 1340/1369/30
f 1356/1399/30 1387/1402/30 1353/1383/30
f 1413/1400/30 1414/1403/30 1326/1357/30
f 1400/1401/30 1401/1404/30 1339/1368/30
f 1387/1402/30 1388/1405/30 1352/1382/30
f 1414/1403/30 1415/1406/30 1325/1356/30
f 1401/1404/30 1402/1407/30 1338/1367/30
f 1388/1405/30 1389/1408/30 1351/1381/30
f 1415/1406/30 1416/1409/30 1324/1355/30
f 1402/1407/30 1403/1410/30 1337/1366/30
f 1389/1408/30 1390/1411/30 1350/1380/30
f 1416/1409/30 1417/1412/30 1323/1354/30
f 1403/1410/30 1404/1413/30 1336/1365/30
f 1390/1411/30 1391/1414/30 1349/1379/30
f 1417/1412/30 1356/1399/30 1322/1353/30
f 1404/1413/30 1405/1350/30 1335/1352/30
f 1391/1414/30 1392/1384/30 1348/1378/30
f 1353/1383/1 1099/1185/1 1098/1218/1
f 1471/1415/30 1472/1516/30 1377/1416/30
f 1439/1418/30 1440/1420/30 1408/1389/30
f 1426/1419/30 1427/1421/30 1395/1390/30
f 1440/1420/30 1441/1422/30 1409/1391/30
f 1427/1421/30 1428/1423/30 1396/1392/30
f 1441/1422/30 1442/1424/30 1410/1393/30
f 1428/1423/30 1429/1425/30 1397/1394/30
f 1442/1424/30 1443/1426/30 1411/1395/30
f 1429/1425/30 1430/1427/30 1398/1396/30
f 1443/1426/30 1444/1428/30 1412/1397/30
f 1430/1427/30 1431/1429/30 1399/1398/30
f 1444/1428/30 1445/1431/30 1413/1400/30
f 1431/1429/30 1432/1432/30 1400/1401/30
f 1319/1430/30 1419/1433/30 1387/1402/30
f 1445/1431/30 1446/1434/30 1414/1403/30
f 1432/1432/30 1433/1435/30 1401/1404/30
f 1419/1433/30 1420/1436/30 1388/1405/30
f 1446/1434/30 1447/1437/30 1415/1406/30
f 1433/1435/30 1434/1438/30 1402/1407/30
f 1420/1436/30 1421/1439/30 1389/1408/30
f 1447/1437/30 1448/1440/30 1416/1409/30
f 1434/1438/30 1435/1441/30 1403/1410/30
f 1421/1439/30 1422/1442/30 1390/1411/30
f 1448/1440/30 1449/1443/30 1417/1412/30
f 1435/1441/30 1436/1444/30 1404/1413/30
f 1422/1442/30 1423/1445/30 1391/1414/30
f 1449/1443/30 1319/1430/30 1356/1399/30
f 1436/1444/30 1437/1446/30 1405/1350/30
f 1423/1445/30 1424/1447/30 1392/1384/30
f 1437/1446/30 1438/1448/30 1406/1385/30
f 1424/1447/30 1425/1449/30 1393/1386/30
f 1438/1448/30 1439/1418/30 1407/1387/30
f 1425/1449/30 1426/1578/30 1394/1450/30
f 1320/1348/1 1419/1433/1 1319/1430/1
f 1321/1349/34 1319/1430/34 1449/1443/34
f 1418/1451/32 1449/1443/32 1448/1440/32
f 1290/1452/31 1448/1440/31 1447/1437/31
f 1291/1453/29 1447/1437/29 1446/1434/29
f 1292/1454/28 1446/1434/28 1445/1431/28
f 1293/1455/27 1445/1431/27 1444/1428/27
f 1294/1456/26 1444/1428/26 1443/1426/26
f 1295/1457/25 1443/1426/25 1442/1424/25
f 1296/1458/24 1442/1424/24 1441/1422/24
f 1297/1459/23 1441/1422/23 1440/1420/23
f 1298/1460/22 1440/1420/22 1439/1418/22
f 1299/1461/21 1439/1418/21 1438/1448/21
f 1300/1462/20 1438/1448/20 1437/1446/20
f 1301/1463/19 1437/1446/19 1436/1444/19
f 1302/1464/18 1436/1444/18 1435/1441/18
f 1303/1465/17 1435/1441/17 1434/1438/17
f 1304/1466/16 1434/1438/16 1433/1435/16
f 1305/1467/15 1433/1435/15 1432/1432/15
f 1306/1468/14 1432/1432/14 1431/1429/14
f 1307/1469/13 1431/1429/13 1430/1427/13
f 1308/1470/12 1430/1427/12 1429/1425/12
f 1309/1471/11 1429/1425/11 1428/1423/11
f 1310/1472/10 1428/1423/10 1427/1421/10
f 1311/1473/9 1427/1421/9 1426/1419/9
f 1312/1475/8 1426/1578/8 1425/1449/8
f 1313/1476/7 1425/1449/7 1424/1447/7
f 1314/1477/6 1424/1447/6 1423/1445/6
f 1315/1478/5 1423/1445/5 1422/1442/5
f 1316/1479/4 1422/1442/4 1421/1439/4
f 1317/1480/3 1421/1439/3 1420/1436/3
f 1318/1481/2 1420/1436/2 1419/1433/2
f 1375/1482/30 1376/1417/30 1300/1462/30
f 1368/1483/30 1369/1508/30 1307/1469/30
f 1361/1484/30 1362/1509/30 1314/1477/30
f 1381/1485/30 1382/1510/30 1294/1456/30
f 1374/1486/30 1375/1482/30 1301/1463/30
f 1367/1487/30 1368/1483/30 1308/1470/30
f 1360/1488/30 1361/1484/30 1315/1478/30
f 1380/1489/30 1381/1485/30 1295/1457/30
f 1373/1490/30 1374/1486/30 1302/1464/30
f 1366/1491/30 1367/1487/30 1309/1471/30
f 1359/1492/30 1360/1488/30 1316/1479/30
f 1379/1493/30 1380/1489/30 1296/1458/30
f 1372/1494/30 1373/1490/30 1303/1465/30
f 1365/1495/30 1366/1491/30 1310/1472/30
f 1386/1496/30 1354/1501/30 1418/1451/30
f 1358/1497/30 1359/1492/30 1317/1480/30
f 1378/1498/30 1379/1493/30 1297/1459/30
f 1385/1499/30 1386/1496/30 1290/1452/30
f 1371/1500/30 1372/1494/30 1304/1466/30
f 1354/1501/30 1355/1347/30 1321/1349/30
f 1364/1502/30 1365/1495/30 1311/1473/30
f 1384/1503/30 1385/1499/30 1291/1453/30
f 1357/1504/30 1358/1497/30 1318/1481/30
f 1377/1416/30 1378/1498/30 1298/1460/30
f 1370/1505/30 1371/1500/30 1305/1467/30
f 1363/1506/30 1364/1515/30 1312/1475/30
f 1383/1507/30 1384/1503/30 1292/1454/30
f 1376/1417/30 1377/1416/30 1299/1461/30
f 1369/1508/30 1370/1505/30 1306/1468/30
f 1362/1509/30 1363/1506/30 1313/1476/30
f 1382/1510/30 1383/1507/30 1293/1455/30
f 1452/1513/30 1451/1528/30 1450/1525/30
f 1450/1525/30 1481/1537/30 1452/1513/30
f 1481/1537/30 1480/1534/30 1452/1513/30
f 1480/1534/30 1479/1531/30 1478/1529/30
f 1478/1529/30 1477/1526/30 1480/1534/30
f 1477/1526/30 1476/1523/30 1480/1534/30
f 1476/1523/30 1475/1521/30 1474/1519/30
f 1474/1519/30 1473/1518/30 1476/1523/30
f 1473/1518/30 1472/1516/30 1476/1523/30
f 1472/1516/30 1471/1415/30 1470/1541/30
f 1470/1541/30 1469/1539/30 1472/1516/30
f 1469/1539/30 1468/1511/30 1472/1516/30
f 1468/1511/30 1467/1535/30 1466/1532/30
f 1466/1532/30 1465/1530/30 1468/1511/30
f 1465/1530/30 1464/1527/30 1468/1511/30
f 1464/1527/30 1463/1524/30 1462/1522/30
f 1462/1522/30 1461/1520/30 1464/1527/30
f 1461/1520/30 1460/1512/30 1464/1527/30
f 1460/1512/30 1459/1517/30 1458/1514/30
f 1458/1514/30 1457/1542/30 1460/1512/30
f 1457/1542/30 1456/1540/30 1460/1512/30
f 1456/1540/30 1455/1538/30 1454/1536/30
f 1454/1536/30 1453/1533/30 1456/1540/30
f 1453/1533/30 1452/1513/30 1456/1540/30
f 1452/1513/30 1480/1534/30 1476/1523/30
f 1476/1523/30 1472/1516/30 1468/1511/30
f 1468/1511/30 1464/1527/30 1460/1512/30
f 1460/1512/30 1456/1540/30 1452/1513/30
f 1452/1513/30 1476/1523/30 1468/1511/30
f 1458/1514/30 1459/1517/30 1364/1515/30
f 1472/1516/30 1473/1518/30 1378/1498/30
f 1459/1517/30 1460/1512/30 1365/1495/30
f 1473/1518/30 1474/1519/30 1379/1493/30
f 1460/1512/30 1461/1520/30 1366/1491/30
f 1474/1519/30 1475/1521/30 1380/1489/30
f 1461/1520/30 1462/1522/30 1367/1487/30
f 1475/1521/30 1476/1523/30 1381/1485/30
f 1462/1522/30 1463/1524/30 1368/1483/30
f 1476/1523/30 1477/1526/30 1382/1510/30
f 1463/1524/30 1464/1527/30 1369/1508/30
f 1450/1525/30 1451/1528/30 1355/1347/30
f 1477/1526/30 1478/1529/30 1383/1507/30
f 1464/1527/30 1465/1530/30 1370/1505/30
f 1451/1528/30 1452/1513/30 1357/1504/30
f 1478/1529/30 1479/1531/30 1384/1503/30
f 1465/1530/30 1466/1532/30 1371/1500/30
f 1452/1513/30 1453/1533/30 1358/1497/30
f 1479/1531/30 1480/1534/30 1385/1499/30
f 1466/1532/30 1467/1535/30 1372/1494/30
f 1453/1533/30 1454/1536/30 1359/1492/30
f 1480/1534/30 1481/1537/30 1386/1496/30
f 1467/1535/30 1468/1511/30 1373/1490/30
f 1454/1536/30 1455/1538/30 1360/1488/30
f 1481/1537/30 1450/1525/30 1354/1501/30
f 1468/1511/30 1469/1539/30 1374/1486/30
f 1455/1538/30 1456/1540/30 1361/1484/30
f 1469/1539/30 1470/1541/30 1375/1482/30
f 1456/1540/30 1457/1542/30 1362/1509/30
f 1470/1541/30 1471/1415/30 1376/1417/30
f 1457/1542/30 1458/1514/30 1363/1506/30
